[2025-02-14 13:59:20,254] {manager.py:480} INFO - Processing files using up to 1 processes at a time 
[2025-02-14 13:59:20,254] {manager.py:481} INFO - Process each file at most once every 30 seconds
[2025-02-14 13:59:20,254] {manager.py:482} INFO - Checking for new files in /home/airflow/dags every 300 seconds
[2025-02-14 13:59:20,255] {manager.py:690} INFO - Searching for files in /home/airflow/dags
[2025-02-14 13:59:20,278] {manager.py:693} INFO - There are 37 files in /home/airflow/dags
[2025-02-14 13:59:20,432] {manager.py:809} INFO - 
================================================================================
DAG File Processing Stats

File Path                                                                                               PID    Runtime      # DAGs    # Errors  Last Runtime    Last Run
------------------------------------------------------------------------------------------------------  -----  ---------  --------  ----------  --------------  -------------------
/home/airflow/dags/Lead_scoring_data_pipeline/constants.py                                                                       0           0  0.11s           2025-02-14T13:59:20
/home/airflow/dags/Lead_scoring_data_pipeline/lead_scoring_data_pipeline.py                                                      0           0
/home/airflow/dags/Lead_scoring_data_pipeline/.ipynb_checkpoints/constants-checkpoint.py                                         0           0
/opt/conda/lib/python3.8/site-packages/airflow/example_dags/tutorial.py                                                          0           0
/opt/conda/lib/python3.8/site-packages/airflow/example_dags/example_time_delta_sensor_async.py                                   0           0
/opt/conda/lib/python3.8/site-packages/airflow/example_dags/example_kubernetes_executor.py                                       0           0
/opt/conda/lib/python3.8/site-packages/airflow/example_dags/example_dag_decorator.py                                             0           0
/opt/conda/lib/python3.8/site-packages/airflow/example_dags/example_local_kubernetes_executor.py                                 0           0
/opt/conda/lib/python3.8/site-packages/airflow/example_dags/example_branch_labels.py                                             0           0
/opt/conda/lib/python3.8/site-packages/airflow/example_dags/example_branch_day_of_week_operator.py                               0           0
/opt/conda/lib/python3.8/site-packages/airflow/example_dags/tutorial_etl_dag.py                                                  0           0
/opt/conda/lib/python3.8/site-packages/airflow/example_dags/tutorial_taskflow_api_etl_virtualenv.py                              0           0
/opt/conda/lib/python3.8/site-packages/airflow/example_dags/example_branch_operator_decorator.py                                 0           0
/opt/conda/lib/python3.8/site-packages/airflow/example_dags/example_task_group_decorator.py                                      0           0
/opt/conda/lib/python3.8/site-packages/airflow/example_dags/example_bash_operator.py                                             0           0
/opt/conda/lib/python3.8/site-packages/airflow/example_dags/example_latest_only.py                                               0           0
/opt/conda/lib/python3.8/site-packages/airflow/example_dags/example_xcom.py                                                      0           0
/opt/conda/lib/python3.8/site-packages/airflow/example_dags/example_python_operator.py                                           0           0
/opt/conda/lib/python3.8/site-packages/airflow/example_dags/example_branch_python_dop_operator_3.py                              0           0
/opt/conda/lib/python3.8/site-packages/airflow/example_dags/example_trigger_controller_dag.py                                    0           0
/opt/conda/lib/python3.8/site-packages/airflow/example_dags/example_skip_dag.py                                                  0           0
/opt/conda/lib/python3.8/site-packages/airflow/example_dags/example_short_circuit_operator.py                                    0           0
/opt/conda/lib/python3.8/site-packages/airflow/example_dags/example_trigger_target_dag.py                                        0           0
/opt/conda/lib/python3.8/site-packages/airflow/example_dags/example_nested_branch_dag.py                                         0           0
/opt/conda/lib/python3.8/site-packages/airflow/example_dags/example_latest_only_with_trigger.py                                  0           0
/opt/conda/lib/python3.8/site-packages/airflow/example_dags/example_branch_datetime_operator.py                                  0           0
/opt/conda/lib/python3.8/site-packages/airflow/example_dags/example_task_group.py                                                0           0
/opt/conda/lib/python3.8/site-packages/airflow/example_dags/example_xcomargs.py                                                  0           0
/opt/conda/lib/python3.8/site-packages/airflow/example_dags/example_external_task_marker_dag.py                                  0           0
/opt/conda/lib/python3.8/site-packages/airflow/example_dags/example_sla_dag.py                                                   0           0
/opt/conda/lib/python3.8/site-packages/airflow/example_dags/example_passing_params_via_test_command.py                           0           0
/opt/conda/lib/python3.8/site-packages/airflow/example_dags/example_subdag_operator.py                                           0           0
/opt/conda/lib/python3.8/site-packages/airflow/example_dags/example_complex.py                                                   0           0
/opt/conda/lib/python3.8/site-packages/airflow/example_dags/tutorial_taskflow_api_etl.py                                         0           0
/opt/conda/lib/python3.8/site-packages/airflow/example_dags/example_branch_operator.py                                           0           0
/opt/conda/lib/python3.8/site-packages/airflow/example_dags/plugins/workday.py                                                   0           0
/opt/conda/lib/python3.8/site-packages/airflow/example_dags/subdags/subdag.py                                                    0           0
================================================================================
[2025-02-14 13:59:50,605] {manager.py:809} INFO - 
================================================================================
DAG File Processing Stats

File Path                                                                                               PID    Runtime      # DAGs    # Errors  Last Runtime    Last Run
------------------------------------------------------------------------------------------------------  -----  ---------  --------  ----------  --------------  -------------------
/home/airflow/dags/Lead_scoring_data_pipeline/constants.py                                                                       0           0  0.11s           2025-02-14T13:59:20
/home/airflow/dags/Lead_scoring_data_pipeline/lead_scoring_data_pipeline.py                                                      0           1  0.21s           2025-02-14T13:59:23
/home/airflow/dags/Lead_scoring_data_pipeline/.ipynb_checkpoints/constants-checkpoint.py                                         0           0  0.11s           2025-02-14T13:59:21
/opt/conda/lib/python3.8/site-packages/airflow/example_dags/example_kubernetes_executor.py                                       0           0  0.21s           2025-02-14T13:59:26
/opt/conda/lib/python3.8/site-packages/airflow/example_dags/example_local_kubernetes_executor.py                                 0           0  0.21s           2025-02-14T13:59:29
/opt/conda/lib/python3.8/site-packages/airflow/example_dags/tutorial_taskflow_api_etl_virtualenv.py                              0           0  0.21s           2025-02-14T13:59:33
/opt/conda/lib/python3.8/site-packages/airflow/example_dags/example_branch_datetime_operator.py                                  0           0
/opt/conda/lib/python3.8/site-packages/airflow/example_dags/example_task_group.py                                                0           0
/opt/conda/lib/python3.8/site-packages/airflow/example_dags/example_xcomargs.py                                                  0           0
/opt/conda/lib/python3.8/site-packages/airflow/example_dags/example_external_task_marker_dag.py                                  0           0
/opt/conda/lib/python3.8/site-packages/airflow/example_dags/example_sla_dag.py                                                   0           0
/opt/conda/lib/python3.8/site-packages/airflow/example_dags/example_passing_params_via_test_command.py                           0           0
/opt/conda/lib/python3.8/site-packages/airflow/example_dags/example_subdag_operator.py                                           0           0
/opt/conda/lib/python3.8/site-packages/airflow/example_dags/example_complex.py                                                   0           0
/opt/conda/lib/python3.8/site-packages/airflow/example_dags/tutorial_taskflow_api_etl.py                                         0           0
/opt/conda/lib/python3.8/site-packages/airflow/example_dags/example_branch_operator.py                                           0           0
/opt/conda/lib/python3.8/site-packages/airflow/example_dags/plugins/workday.py                                                   0           0
/opt/conda/lib/python3.8/site-packages/airflow/example_dags/subdags/subdag.py                                                    0           0
/opt/conda/lib/python3.8/site-packages/airflow/example_dags/tutorial.py                                                          1           0  0.31s           2025-02-14T13:59:24
/opt/conda/lib/python3.8/site-packages/airflow/example_dags/example_time_delta_sensor_async.py                                   1           0  0.41s           2025-02-14T13:59:25
/opt/conda/lib/python3.8/site-packages/airflow/example_dags/example_dag_decorator.py                                             1           0  0.31s           2025-02-14T13:59:28
/opt/conda/lib/python3.8/site-packages/airflow/example_dags/example_branch_labels.py                                             1           0  0.31s           2025-02-14T13:59:30
/opt/conda/lib/python3.8/site-packages/airflow/example_dags/example_branch_day_of_week_operator.py                               1           0  0.31s           2025-02-14T13:59:31
/opt/conda/lib/python3.8/site-packages/airflow/example_dags/tutorial_etl_dag.py                                                  1           0  0.41s           2025-02-14T13:59:32
/opt/conda/lib/python3.8/site-packages/airflow/example_dags/example_branch_operator_decorator.py                                 1           0  0.31s           2025-02-14T13:59:35
/opt/conda/lib/python3.8/site-packages/airflow/example_dags/example_task_group_decorator.py                                      1           0  0.32s           2025-02-14T13:59:35
/opt/conda/lib/python3.8/site-packages/airflow/example_dags/example_bash_operator.py                                             1           0  0.31s           2025-02-14T13:59:36
/opt/conda/lib/python3.8/site-packages/airflow/example_dags/example_latest_only.py                                               1           0  0.51s           2025-02-14T13:59:37
/opt/conda/lib/python3.8/site-packages/airflow/example_dags/example_xcom.py                                                      1           0  0.41s           2025-02-14T13:59:39
/opt/conda/lib/python3.8/site-packages/airflow/example_dags/example_python_operator.py                                           1           0  0.51s           2025-02-14T13:59:40
/opt/conda/lib/python3.8/site-packages/airflow/example_dags/example_branch_python_dop_operator_3.py                              1           0  1.01s           2025-02-14T13:59:42
/opt/conda/lib/python3.8/site-packages/airflow/example_dags/example_trigger_controller_dag.py                                    1           0  0.51s           2025-02-14T13:59:44
/opt/conda/lib/python3.8/site-packages/airflow/example_dags/example_skip_dag.py                                                  1           0  0.61s           2025-02-14T13:59:45
/opt/conda/lib/python3.8/site-packages/airflow/example_dags/example_short_circuit_operator.py                                    1           0  0.31s           2025-02-14T13:59:47
/opt/conda/lib/python3.8/site-packages/airflow/example_dags/example_trigger_target_dag.py                                        1           0  0.31s           2025-02-14T13:59:47
/opt/conda/lib/python3.8/site-packages/airflow/example_dags/example_nested_branch_dag.py                                         1           0  0.31s           2025-02-14T13:59:49
/opt/conda/lib/python3.8/site-packages/airflow/example_dags/example_latest_only_with_trigger.py                                  1           0  0.31s           2025-02-14T13:59:50
================================================================================
[2025-02-14 14:00:21,096] {manager.py:809} INFO - 
================================================================================
DAG File Processing Stats

File Path                                                                                               PID    Runtime      # DAGs    # Errors  Last Runtime    Last Run
------------------------------------------------------------------------------------------------------  -----  ---------  --------  ----------  --------------  -------------------
/home/airflow/dags/Lead_scoring_data_pipeline/constants.py                                                                       0           0  0.11s           2025-02-14T14:00:05
/home/airflow/dags/Lead_scoring_data_pipeline/lead_scoring_data_pipeline.py                                                      0           1  0.21s           2025-02-14T14:00:08
/home/airflow/dags/Lead_scoring_data_pipeline/.ipynb_checkpoints/constants-checkpoint.py                                         0           0  0.11s           2025-02-14T14:00:06
/opt/conda/lib/python3.8/site-packages/airflow/example_dags/example_kubernetes_executor.py                                       0           0  0.21s           2025-02-14T14:00:11
/opt/conda/lib/python3.8/site-packages/airflow/example_dags/example_local_kubernetes_executor.py                                 0           0  0.21s           2025-02-14T14:00:14
/opt/conda/lib/python3.8/site-packages/airflow/example_dags/tutorial_taskflow_api_etl_virtualenv.py                              0           0  0.21s           2025-02-14T14:00:19
/opt/conda/lib/python3.8/site-packages/airflow/example_dags/plugins/workday.py                                                   0           0  0.11s           2025-02-14T14:00:04
/opt/conda/lib/python3.8/site-packages/airflow/example_dags/subdags/subdag.py                                                    0           0  0.11s           2025-02-14T14:00:05
/opt/conda/lib/python3.8/site-packages/airflow/example_dags/tutorial.py                                                          1           0  0.21s           2025-02-14T14:00:09
/opt/conda/lib/python3.8/site-packages/airflow/example_dags/example_time_delta_sensor_async.py                                   1           0  0.31s           2025-02-14T14:00:10
/opt/conda/lib/python3.8/site-packages/airflow/example_dags/example_dag_decorator.py                                             1           0  0.31s           2025-02-14T14:00:13
/opt/conda/lib/python3.8/site-packages/airflow/example_dags/example_branch_labels.py                                             1           0  0.22s           2025-02-14T14:00:15
/opt/conda/lib/python3.8/site-packages/airflow/example_dags/example_branch_day_of_week_operator.py                               1           0  0.21s           2025-02-14T14:00:17
/opt/conda/lib/python3.8/site-packages/airflow/example_dags/tutorial_etl_dag.py                                                  1           0  0.21s           2025-02-14T14:00:18
/opt/conda/lib/python3.8/site-packages/airflow/example_dags/example_branch_operator_decorator.py                                 1           0  0.31s           2025-02-14T14:00:21
/opt/conda/lib/python3.8/site-packages/airflow/example_dags/example_task_group_decorator.py                                      1           0  0.32s           2025-02-14T13:59:35
/opt/conda/lib/python3.8/site-packages/airflow/example_dags/example_bash_operator.py                                             1           0  0.31s           2025-02-14T13:59:36
/opt/conda/lib/python3.8/site-packages/airflow/example_dags/example_latest_only.py                                               1           0  0.51s           2025-02-14T13:59:37
/opt/conda/lib/python3.8/site-packages/airflow/example_dags/example_xcom.py                                                      1           0  0.41s           2025-02-14T13:59:39
/opt/conda/lib/python3.8/site-packages/airflow/example_dags/example_python_operator.py                                           1           0  0.51s           2025-02-14T13:59:40
/opt/conda/lib/python3.8/site-packages/airflow/example_dags/example_branch_python_dop_operator_3.py                              1           0  1.01s           2025-02-14T13:59:42
/opt/conda/lib/python3.8/site-packages/airflow/example_dags/example_trigger_controller_dag.py                                    1           0  0.51s           2025-02-14T13:59:44
/opt/conda/lib/python3.8/site-packages/airflow/example_dags/example_skip_dag.py                                                  1           0  0.61s           2025-02-14T13:59:45
/opt/conda/lib/python3.8/site-packages/airflow/example_dags/example_short_circuit_operator.py                                    1           0  0.31s           2025-02-14T13:59:47
/opt/conda/lib/python3.8/site-packages/airflow/example_dags/example_trigger_target_dag.py                                        1           0  0.31s           2025-02-14T13:59:47
/opt/conda/lib/python3.8/site-packages/airflow/example_dags/example_nested_branch_dag.py                                         1           0  0.31s           2025-02-14T13:59:49
/opt/conda/lib/python3.8/site-packages/airflow/example_dags/example_latest_only_with_trigger.py                                  1           0  0.31s           2025-02-14T13:59:50
/opt/conda/lib/python3.8/site-packages/airflow/example_dags/example_task_group.py                                                1           0  0.31s           2025-02-14T13:59:52
/opt/conda/lib/python3.8/site-packages/airflow/example_dags/example_sla_dag.py                                                   1           0  0.31s           2025-02-14T13:59:56
/opt/conda/lib/python3.8/site-packages/airflow/example_dags/example_passing_params_via_test_command.py                           1           0  0.31s           2025-02-14T13:59:57
/opt/conda/lib/python3.8/site-packages/airflow/example_dags/example_complex.py                                                   1           0  0.41s           2025-02-14T14:00:00
/opt/conda/lib/python3.8/site-packages/airflow/example_dags/tutorial_taskflow_api_etl.py                                         1           0  0.31s           2025-02-14T14:00:01
/opt/conda/lib/python3.8/site-packages/airflow/example_dags/example_branch_operator.py                                           1           0  0.31s           2025-02-14T14:00:03
/opt/conda/lib/python3.8/site-packages/airflow/example_dags/example_branch_datetime_operator.py                                  2           0  0.51s           2025-02-14T13:59:51
/opt/conda/lib/python3.8/site-packages/airflow/example_dags/example_xcomargs.py                                                  2           0  0.41s           2025-02-14T13:59:53
/opt/conda/lib/python3.8/site-packages/airflow/example_dags/example_external_task_marker_dag.py                                  2           0  0.41s           2025-02-14T13:59:54
/opt/conda/lib/python3.8/site-packages/airflow/example_dags/example_subdag_operator.py                                           3           0  0.41s           2025-02-14T13:59:58
================================================================================
[2025-02-14 14:00:51,646] {manager.py:809} INFO - 
================================================================================
DAG File Processing Stats

File Path                                                                                               PID    Runtime      # DAGs    # Errors  Last Runtime    Last Run
------------------------------------------------------------------------------------------------------  -----  ---------  --------  ----------  --------------  -------------------
/home/airflow/dags/Lead_scoring_data_pipeline/constants.py                                                                       0           0  0.11s           2025-02-14T14:00:42
/home/airflow/dags/Lead_scoring_data_pipeline/lead_scoring_data_pipeline.py                                                      0           1  0.21s           2025-02-14T14:00:44
/home/airflow/dags/Lead_scoring_data_pipeline/.ipynb_checkpoints/constants-checkpoint.py                                         0           0  0.11s           2025-02-14T14:00:43
/opt/conda/lib/python3.8/site-packages/airflow/example_dags/example_kubernetes_executor.py                                       0           0  0.21s           2025-02-14T14:00:47
/opt/conda/lib/python3.8/site-packages/airflow/example_dags/example_local_kubernetes_executor.py                                 0           0  0.21s           2025-02-14T14:00:14
/opt/conda/lib/python3.8/site-packages/airflow/example_dags/tutorial_taskflow_api_etl_virtualenv.py                              0           0  0.21s           2025-02-14T14:00:19
/opt/conda/lib/python3.8/site-packages/airflow/example_dags/plugins/workday.py                                                   0           0  0.11s           2025-02-14T14:00:04
/opt/conda/lib/python3.8/site-packages/airflow/example_dags/subdags/subdag.py                                                    0           0  0.11s           2025-02-14T14:00:05
/opt/conda/lib/python3.8/site-packages/airflow/example_dags/tutorial.py                                                          1           0  0.21s           2025-02-14T14:00:45
/opt/conda/lib/python3.8/site-packages/airflow/example_dags/example_time_delta_sensor_async.py                                   1           0  0.31s           2025-02-14T14:00:46
/opt/conda/lib/python3.8/site-packages/airflow/example_dags/example_dag_decorator.py                                             1           0  0.31s           2025-02-14T14:00:13
/opt/conda/lib/python3.8/site-packages/airflow/example_dags/example_branch_labels.py                                             1           0  0.22s           2025-02-14T14:00:15
/opt/conda/lib/python3.8/site-packages/airflow/example_dags/example_branch_day_of_week_operator.py                               1           0  0.21s           2025-02-14T14:00:17
/opt/conda/lib/python3.8/site-packages/airflow/example_dags/tutorial_etl_dag.py                                                  1           0  0.21s           2025-02-14T14:00:18
/opt/conda/lib/python3.8/site-packages/airflow/example_dags/example_branch_operator_decorator.py                                 1           0  0.31s           2025-02-14T14:00:21
/opt/conda/lib/python3.8/site-packages/airflow/example_dags/example_task_group_decorator.py                                      1           0  0.31s           2025-02-14T14:00:22
/opt/conda/lib/python3.8/site-packages/airflow/example_dags/example_bash_operator.py                                             1           0  0.21s           2025-02-14T14:00:23
/opt/conda/lib/python3.8/site-packages/airflow/example_dags/example_latest_only.py                                               1           0  0.21s           2025-02-14T14:00:24
/opt/conda/lib/python3.8/site-packages/airflow/example_dags/example_xcom.py                                                      1           0  0.61s           2025-02-14T14:00:26
/opt/conda/lib/python3.8/site-packages/airflow/example_dags/example_python_operator.py                                           1           0  0.21s           2025-02-14T14:00:27
/opt/conda/lib/python3.8/site-packages/airflow/example_dags/example_branch_python_dop_operator_3.py                              1           0  0.31s           2025-02-14T14:00:29
/opt/conda/lib/python3.8/site-packages/airflow/example_dags/example_trigger_controller_dag.py                                    1           0  0.41s           2025-02-14T14:00:30
/opt/conda/lib/python3.8/site-packages/airflow/example_dags/example_skip_dag.py                                                  1           0  0.31s           2025-02-14T14:00:31
/opt/conda/lib/python3.8/site-packages/airflow/example_dags/example_short_circuit_operator.py                                    1           0  0.71s           2025-02-14T14:00:33
/opt/conda/lib/python3.8/site-packages/airflow/example_dags/example_trigger_target_dag.py                                        1           0  0.31s           2025-02-14T14:00:34
/opt/conda/lib/python3.8/site-packages/airflow/example_dags/example_nested_branch_dag.py                                         1           0  0.31s           2025-02-14T14:00:35
/opt/conda/lib/python3.8/site-packages/airflow/example_dags/example_latest_only_with_trigger.py                                  1           0  0.41s           2025-02-14T14:00:36
/opt/conda/lib/python3.8/site-packages/airflow/example_dags/example_task_group.py                                                1           0  0.31s           2025-02-14T14:00:39
/opt/conda/lib/python3.8/site-packages/airflow/example_dags/example_sla_dag.py                                                   1           0  0.31s           2025-02-14T14:00:50
/opt/conda/lib/python3.8/site-packages/airflow/example_dags/example_passing_params_via_test_command.py                           1           0  0.21s           2025-02-14T14:00:51
/opt/conda/lib/python3.8/site-packages/airflow/example_dags/example_complex.py                                                   1           0  0.41s           2025-02-14T14:00:00
/opt/conda/lib/python3.8/site-packages/airflow/example_dags/tutorial_taskflow_api_etl.py                                         1           0  0.31s           2025-02-14T14:00:01
/opt/conda/lib/python3.8/site-packages/airflow/example_dags/example_branch_operator.py                                           1           0  0.31s           2025-02-14T14:00:03
/opt/conda/lib/python3.8/site-packages/airflow/example_dags/example_branch_datetime_operator.py                                  2           0  0.61s           2025-02-14T14:00:38
/opt/conda/lib/python3.8/site-packages/airflow/example_dags/example_xcomargs.py                                                  2           0  0.41s           2025-02-14T14:00:41
/opt/conda/lib/python3.8/site-packages/airflow/example_dags/example_external_task_marker_dag.py                                  2           0  0.21s           2025-02-14T14:00:48
/opt/conda/lib/python3.8/site-packages/airflow/example_dags/example_subdag_operator.py                                           3           0  0.41s           2025-02-14T13:59:58
================================================================================
[2025-02-14 14:01:22,223] {manager.py:809} INFO - 
================================================================================
DAG File Processing Stats

File Path                                                                                               PID    Runtime      # DAGs    # Errors  Last Runtime    Last Run
------------------------------------------------------------------------------------------------------  -----  ---------  --------  ----------  --------------  -------------------
/home/airflow/dags/Lead_scoring_data_pipeline/constants.py                                                                       0           0  0.11s           2025-02-14T14:00:42
/home/airflow/dags/Lead_scoring_data_pipeline/lead_scoring_data_pipeline.py                                                      0           1  0.21s           2025-02-14T14:00:44
/home/airflow/dags/Lead_scoring_data_pipeline/.ipynb_checkpoints/constants-checkpoint.py                                         0           0  0.11s           2025-02-14T14:00:43
/opt/conda/lib/python3.8/site-packages/airflow/example_dags/example_kubernetes_executor.py                                       0           0  0.21s           2025-02-14T14:00:47
/opt/conda/lib/python3.8/site-packages/airflow/example_dags/example_local_kubernetes_executor.py                                 0           0  0.21s           2025-02-14T14:01:00
/opt/conda/lib/python3.8/site-packages/airflow/example_dags/tutorial_taskflow_api_etl_virtualenv.py                              0           0  0.21s           2025-02-14T14:01:03
/opt/conda/lib/python3.8/site-packages/airflow/example_dags/plugins/workday.py                                                   0           0  0.11s           2025-02-14T14:00:56
/opt/conda/lib/python3.8/site-packages/airflow/example_dags/subdags/subdag.py                                                    0           0  0.11s           2025-02-14T14:00:58
/opt/conda/lib/python3.8/site-packages/airflow/example_dags/tutorial.py                                                          1           0  0.21s           2025-02-14T14:00:45
/opt/conda/lib/python3.8/site-packages/airflow/example_dags/example_time_delta_sensor_async.py                                   1           0  0.31s           2025-02-14T14:00:46
/opt/conda/lib/python3.8/site-packages/airflow/example_dags/example_dag_decorator.py                                             1           0  0.22s           2025-02-14T14:00:59
/opt/conda/lib/python3.8/site-packages/airflow/example_dags/example_branch_labels.py                                             1           0  0.21s           2025-02-14T14:01:01
/opt/conda/lib/python3.8/site-packages/airflow/example_dags/example_branch_day_of_week_operator.py                               1           0  0.21s           2025-02-14T14:01:02
/opt/conda/lib/python3.8/site-packages/airflow/example_dags/tutorial_etl_dag.py                                                  1           0  0.31s           2025-02-14T14:01:03
/opt/conda/lib/python3.8/site-packages/airflow/example_dags/example_branch_operator_decorator.py                                 1           0  0.22s           2025-02-14T14:01:05
/opt/conda/lib/python3.8/site-packages/airflow/example_dags/example_task_group_decorator.py                                      1           0  0.31s           2025-02-14T14:01:06
/opt/conda/lib/python3.8/site-packages/airflow/example_dags/example_bash_operator.py                                             1           0  0.21s           2025-02-14T14:01:06
/opt/conda/lib/python3.8/site-packages/airflow/example_dags/example_latest_only.py                                               1           0  0.31s           2025-02-14T14:01:07
/opt/conda/lib/python3.8/site-packages/airflow/example_dags/example_xcom.py                                                      1           0  0.21s           2025-02-14T14:01:08
/opt/conda/lib/python3.8/site-packages/airflow/example_dags/example_python_operator.py                                           1           0  0.21s           2025-02-14T14:01:10
/opt/conda/lib/python3.8/site-packages/airflow/example_dags/example_branch_python_dop_operator_3.py                              1           0  0.22s           2025-02-14T14:01:11
/opt/conda/lib/python3.8/site-packages/airflow/example_dags/example_trigger_controller_dag.py                                    1           0  0.21s           2025-02-14T14:01:12
/opt/conda/lib/python3.8/site-packages/airflow/example_dags/example_skip_dag.py                                                  1           0  0.21s           2025-02-14T14:01:13
/opt/conda/lib/python3.8/site-packages/airflow/example_dags/example_short_circuit_operator.py                                    1           0  0.21s           2025-02-14T14:01:15
/opt/conda/lib/python3.8/site-packages/airflow/example_dags/example_trigger_target_dag.py                                        1           0  0.21s           2025-02-14T14:01:16
/opt/conda/lib/python3.8/site-packages/airflow/example_dags/example_nested_branch_dag.py                                         1           0  0.21s           2025-02-14T14:01:17
/opt/conda/lib/python3.8/site-packages/airflow/example_dags/example_latest_only_with_trigger.py                                  1           0  0.21s           2025-02-14T14:01:18
/opt/conda/lib/python3.8/site-packages/airflow/example_dags/example_task_group.py                                                1           0  0.21s           2025-02-14T14:01:21
/opt/conda/lib/python3.8/site-packages/airflow/example_dags/example_sla_dag.py                                                   1           0  0.31s           2025-02-14T14:00:50
/opt/conda/lib/python3.8/site-packages/airflow/example_dags/example_passing_params_via_test_command.py                           1           0  0.21s           2025-02-14T14:00:51
/opt/conda/lib/python3.8/site-packages/airflow/example_dags/example_complex.py                                                   1           0  0.22s           2025-02-14T14:00:53
/opt/conda/lib/python3.8/site-packages/airflow/example_dags/tutorial_taskflow_api_etl.py                                         1           0  0.21s           2025-02-14T14:00:54
/opt/conda/lib/python3.8/site-packages/airflow/example_dags/example_branch_operator.py                                           1           0  0.21s           2025-02-14T14:00:56
/opt/conda/lib/python3.8/site-packages/airflow/example_dags/example_branch_datetime_operator.py                                  2           0  0.21s           2025-02-14T14:01:20
/opt/conda/lib/python3.8/site-packages/airflow/example_dags/example_xcomargs.py                                                  2           0  0.22s           2025-02-14T14:01:22
/opt/conda/lib/python3.8/site-packages/airflow/example_dags/example_external_task_marker_dag.py                                  2           0  0.21s           2025-02-14T14:00:48
/opt/conda/lib/python3.8/site-packages/airflow/example_dags/example_subdag_operator.py                                           3           0  0.41s           2025-02-14T14:00:53
================================================================================
[2025-02-14 14:01:52,874] {manager.py:809} INFO - 
================================================================================
DAG File Processing Stats

File Path                                                                                               PID    Runtime      # DAGs    # Errors  Last Runtime    Last Run
------------------------------------------------------------------------------------------------------  -----  ---------  --------  ----------  --------------  -------------------
/home/airflow/dags/Lead_scoring_data_pipeline/constants.py                                                                       0           0  0.11s           2025-02-14T14:01:22
/home/airflow/dags/Lead_scoring_data_pipeline/lead_scoring_data_pipeline.py                                                      0           1  0.21s           2025-02-14T14:01:25
/home/airflow/dags/Lead_scoring_data_pipeline/.ipynb_checkpoints/constants-checkpoint.py                                         0           0  0.11s           2025-02-14T14:01:24
/opt/conda/lib/python3.8/site-packages/airflow/example_dags/example_kubernetes_executor.py                                       0           0  0.21s           2025-02-14T14:01:28
/opt/conda/lib/python3.8/site-packages/airflow/example_dags/example_local_kubernetes_executor.py                                 0           0  0.21s           2025-02-14T14:01:34
/opt/conda/lib/python3.8/site-packages/airflow/example_dags/tutorial_taskflow_api_etl_virtualenv.py                              0           0  0.21s           2025-02-14T14:01:44
/opt/conda/lib/python3.8/site-packages/airflow/example_dags/plugins/workday.py                                                   0           0  0.11s           2025-02-14T14:01:42
/opt/conda/lib/python3.8/site-packages/airflow/example_dags/subdags/subdag.py                                                    0           0  0.11s           2025-02-14T14:01:43
/opt/conda/lib/python3.8/site-packages/airflow/example_dags/tutorial.py                                                          1           0  0.21s           2025-02-14T14:01:26
/opt/conda/lib/python3.8/site-packages/airflow/example_dags/example_time_delta_sensor_async.py                                   1           0  0.22s           2025-02-14T14:01:27
/opt/conda/lib/python3.8/site-packages/airflow/example_dags/example_dag_decorator.py                                             1           0  0.21s           2025-02-14T14:01:33
/opt/conda/lib/python3.8/site-packages/airflow/example_dags/example_branch_labels.py                                             1           0  0.21s           2025-02-14T14:01:35
/opt/conda/lib/python3.8/site-packages/airflow/example_dags/example_branch_day_of_week_operator.py                               1           0  0.21s           2025-02-14T14:01:36
/opt/conda/lib/python3.8/site-packages/airflow/example_dags/tutorial_etl_dag.py                                                  1           0  0.21s           2025-02-14T14:01:43
/opt/conda/lib/python3.8/site-packages/airflow/example_dags/example_branch_operator_decorator.py                                 1           0  0.31s           2025-02-14T14:01:45
/opt/conda/lib/python3.8/site-packages/airflow/example_dags/example_task_group_decorator.py                                      1           0  0.21s           2025-02-14T14:01:47
/opt/conda/lib/python3.8/site-packages/airflow/example_dags/example_bash_operator.py                                             1           0  0.21s           2025-02-14T14:01:48
/opt/conda/lib/python3.8/site-packages/airflow/example_dags/example_latest_only.py                                               1           0  0.31s           2025-02-14T14:01:49
/opt/conda/lib/python3.8/site-packages/airflow/example_dags/example_xcom.py                                                      1           0  0.31s           2025-02-14T14:01:50
/opt/conda/lib/python3.8/site-packages/airflow/example_dags/example_python_operator.py                                           1           0  0.31s           2025-02-14T14:01:51
/opt/conda/lib/python3.8/site-packages/airflow/example_dags/example_branch_python_dop_operator_3.py                              1           0  0.22s           2025-02-14T14:01:52
/opt/conda/lib/python3.8/site-packages/airflow/example_dags/example_trigger_controller_dag.py                                    1           0  0.21s           2025-02-14T14:01:12
/opt/conda/lib/python3.8/site-packages/airflow/example_dags/example_skip_dag.py                                                  1           0  0.21s           2025-02-14T14:01:13
/opt/conda/lib/python3.8/site-packages/airflow/example_dags/example_short_circuit_operator.py                                    1           0  0.21s           2025-02-14T14:01:15
/opt/conda/lib/python3.8/site-packages/airflow/example_dags/example_trigger_target_dag.py                                        1           0  0.21s           2025-02-14T14:01:16
/opt/conda/lib/python3.8/site-packages/airflow/example_dags/example_nested_branch_dag.py                                         1           0  0.21s           2025-02-14T14:01:17
/opt/conda/lib/python3.8/site-packages/airflow/example_dags/example_latest_only_with_trigger.py                                  1           0  0.21s           2025-02-14T14:01:18
/opt/conda/lib/python3.8/site-packages/airflow/example_dags/example_task_group.py                                                1           0  0.21s           2025-02-14T14:01:21
/opt/conda/lib/python3.8/site-packages/airflow/example_dags/example_sla_dag.py                                                   1           0  0.21s           2025-02-14T14:01:30
/opt/conda/lib/python3.8/site-packages/airflow/example_dags/example_passing_params_via_test_command.py                           1           0  0.22s           2025-02-14T14:01:31
/opt/conda/lib/python3.8/site-packages/airflow/example_dags/example_complex.py                                                   1           0  0.31s           2025-02-14T14:01:38
/opt/conda/lib/python3.8/site-packages/airflow/example_dags/tutorial_taskflow_api_etl.py                                         1           0  0.31s           2025-02-14T14:01:39
/opt/conda/lib/python3.8/site-packages/airflow/example_dags/example_branch_operator.py                                           1           0  0.21s           2025-02-14T14:01:41
/opt/conda/lib/python3.8/site-packages/airflow/example_dags/example_branch_datetime_operator.py                                  2           0  0.21s           2025-02-14T14:01:20
/opt/conda/lib/python3.8/site-packages/airflow/example_dags/example_xcomargs.py                                                  2           0  0.22s           2025-02-14T14:01:22
/opt/conda/lib/python3.8/site-packages/airflow/example_dags/example_external_task_marker_dag.py                                  2           0  0.22s           2025-02-14T14:01:29
/opt/conda/lib/python3.8/site-packages/airflow/example_dags/example_subdag_operator.py                                           3           0  0.31s           2025-02-14T14:01:37
================================================================================
[2025-02-14 14:02:23,297] {manager.py:809} INFO - 
================================================================================
DAG File Processing Stats

File Path                                                                                               PID    Runtime      # DAGs    # Errors  Last Runtime    Last Run
------------------------------------------------------------------------------------------------------  -----  ---------  --------  ----------  --------------  -------------------
/home/airflow/dags/Lead_scoring_data_pipeline/constants.py                                                                       0           0  0.11s           2025-02-14T14:01:54
/home/airflow/dags/Lead_scoring_data_pipeline/lead_scoring_data_pipeline.py                                                      0           1  0.21s           2025-02-14T14:02:06
/home/airflow/dags/Lead_scoring_data_pipeline/.ipynb_checkpoints/constants-checkpoint.py                                         0           0  0.11s           2025-02-14T14:01:54
/opt/conda/lib/python3.8/site-packages/airflow/example_dags/example_kubernetes_executor.py                                       0           0  0.21s           2025-02-14T14:02:09
/opt/conda/lib/python3.8/site-packages/airflow/example_dags/example_local_kubernetes_executor.py                                 0           0  0.21s           2025-02-14T14:02:11
/opt/conda/lib/python3.8/site-packages/airflow/example_dags/tutorial_taskflow_api_etl_virtualenv.py                              0           0  0.21s           2025-02-14T14:02:19
/opt/conda/lib/python3.8/site-packages/airflow/example_dags/plugins/workday.py                                                   0           0  0.11s           2025-02-14T14:01:42
/opt/conda/lib/python3.8/site-packages/airflow/example_dags/subdags/subdag.py                                                    0           0  0.11s           2025-02-14T14:01:43
/opt/conda/lib/python3.8/site-packages/airflow/example_dags/tutorial.py                                                          1           0  0.21s           2025-02-14T14:02:07
/opt/conda/lib/python3.8/site-packages/airflow/example_dags/example_time_delta_sensor_async.py                                   1           0  0.22s           2025-02-14T14:02:08
/opt/conda/lib/python3.8/site-packages/airflow/example_dags/example_dag_decorator.py                                             1           0  0.21s           2025-02-14T14:02:10
/opt/conda/lib/python3.8/site-packages/airflow/example_dags/example_branch_labels.py                                             1           0  0.21s           2025-02-14T14:02:12
/opt/conda/lib/python3.8/site-packages/airflow/example_dags/example_branch_day_of_week_operator.py                               1           0  0.21s           2025-02-14T14:02:16
/opt/conda/lib/python3.8/site-packages/airflow/example_dags/tutorial_etl_dag.py                                                  1           0  0.21s           2025-02-14T14:02:18
/opt/conda/lib/python3.8/site-packages/airflow/example_dags/example_branch_operator_decorator.py                                 1           0  0.31s           2025-02-14T14:02:20
/opt/conda/lib/python3.8/site-packages/airflow/example_dags/example_task_group_decorator.py                                      1           0  0.21s           2025-02-14T14:01:47
/opt/conda/lib/python3.8/site-packages/airflow/example_dags/example_bash_operator.py                                             1           0  0.21s           2025-02-14T14:01:48
/opt/conda/lib/python3.8/site-packages/airflow/example_dags/example_latest_only.py                                               1           0  0.31s           2025-02-14T14:01:49
/opt/conda/lib/python3.8/site-packages/airflow/example_dags/example_xcom.py                                                      1           0  0.31s           2025-02-14T14:01:50
/opt/conda/lib/python3.8/site-packages/airflow/example_dags/example_python_operator.py                                           1           0  0.31s           2025-02-14T14:01:51
/opt/conda/lib/python3.8/site-packages/airflow/example_dags/example_branch_python_dop_operator_3.py                              1           0  0.22s           2025-02-14T14:01:52
/opt/conda/lib/python3.8/site-packages/airflow/example_dags/example_trigger_controller_dag.py                                    1           0  0.21s           2025-02-14T14:01:54
/opt/conda/lib/python3.8/site-packages/airflow/example_dags/example_skip_dag.py                                                  1           0  0.21s           2025-02-14T14:01:55
/opt/conda/lib/python3.8/site-packages/airflow/example_dags/example_short_circuit_operator.py                                    1           0  0.21s           2025-02-14T14:01:57
/opt/conda/lib/python3.8/site-packages/airflow/example_dags/example_trigger_target_dag.py                                        1           0  0.21s           2025-02-14T14:01:58
/opt/conda/lib/python3.8/site-packages/airflow/example_dags/example_nested_branch_dag.py                                         1           0  0.21s           2025-02-14T14:01:59
/opt/conda/lib/python3.8/site-packages/airflow/example_dags/example_latest_only_with_trigger.py                                  1           0  0.21s           2025-02-14T14:02:01
/opt/conda/lib/python3.8/site-packages/airflow/example_dags/example_task_group.py                                                1           0  0.21s           2025-02-14T14:02:03
/opt/conda/lib/python3.8/site-packages/airflow/example_dags/example_sla_dag.py                                                   1           0  0.21s           2025-02-14T14:02:15
/opt/conda/lib/python3.8/site-packages/airflow/example_dags/example_passing_params_via_test_command.py                           1           0  0.21s           2025-02-14T14:02:15
/opt/conda/lib/python3.8/site-packages/airflow/example_dags/example_complex.py                                                   1           0  0.21s           2025-02-14T14:02:23
/opt/conda/lib/python3.8/site-packages/airflow/example_dags/tutorial_taskflow_api_etl.py                                         1           0  0.31s           2025-02-14T14:01:39
/opt/conda/lib/python3.8/site-packages/airflow/example_dags/example_branch_operator.py                                           1           0  0.21s           2025-02-14T14:01:41
/opt/conda/lib/python3.8/site-packages/airflow/example_dags/example_branch_datetime_operator.py                                  2           0  0.21s           2025-02-14T14:02:02
/opt/conda/lib/python3.8/site-packages/airflow/example_dags/example_xcomargs.py                                                  2           0  0.31s           2025-02-14T14:02:04
/opt/conda/lib/python3.8/site-packages/airflow/example_dags/example_external_task_marker_dag.py                                  2           0  0.21s           2025-02-14T14:02:13
/opt/conda/lib/python3.8/site-packages/airflow/example_dags/example_subdag_operator.py                                           3           0  0.31s           2025-02-14T14:02:22
================================================================================
[2025-02-14 14:02:53,450] {manager.py:809} INFO - 
================================================================================
DAG File Processing Stats

File Path                                                                                               PID    Runtime      # DAGs    # Errors  Last Runtime    Last Run
------------------------------------------------------------------------------------------------------  -----  ---------  --------  ----------  --------------  -------------------
/home/airflow/dags/Lead_scoring_data_pipeline/constants.py                                                                       0           0  0.11s           2025-02-14T14:02:28
/home/airflow/dags/Lead_scoring_data_pipeline/lead_scoring_data_pipeline.py                                                      0           1  0.21s           2025-02-14T14:02:39
/home/airflow/dags/Lead_scoring_data_pipeline/.ipynb_checkpoints/constants-checkpoint.py                                         0           0  0.11s           2025-02-14T14:02:29
/opt/conda/lib/python3.8/site-packages/airflow/example_dags/example_kubernetes_executor.py                                       0           0  0.21s           2025-02-14T14:02:43
/opt/conda/lib/python3.8/site-packages/airflow/example_dags/example_local_kubernetes_executor.py                                 0           0  0.21s           2025-02-14T14:02:52
/opt/conda/lib/python3.8/site-packages/airflow/example_dags/tutorial_taskflow_api_etl_virtualenv.py                              0           0  0.21s           2025-02-14T14:02:19
/opt/conda/lib/python3.8/site-packages/airflow/example_dags/plugins/workday.py                                                   0           0  0.11s           2025-02-14T14:02:25
/opt/conda/lib/python3.8/site-packages/airflow/example_dags/subdags/subdag.py                                                    0           0  0.11s           2025-02-14T14:02:27
/opt/conda/lib/python3.8/site-packages/airflow/example_dags/tutorial.py                                                          1           0  0.21s           2025-02-14T14:02:41
/opt/conda/lib/python3.8/site-packages/airflow/example_dags/example_time_delta_sensor_async.py                                   1           0  0.22s           2025-02-14T14:02:41
/opt/conda/lib/python3.8/site-packages/airflow/example_dags/example_dag_decorator.py                                             1           0  0.22s           2025-02-14T14:02:50
/opt/conda/lib/python3.8/site-packages/airflow/example_dags/example_branch_labels.py                                             1           0  0.21s           2025-02-14T14:02:53
/opt/conda/lib/python3.8/site-packages/airflow/example_dags/example_branch_day_of_week_operator.py                               1           0  0.21s           2025-02-14T14:02:16
/opt/conda/lib/python3.8/site-packages/airflow/example_dags/tutorial_etl_dag.py                                                  1           0  0.21s           2025-02-14T14:02:18
/opt/conda/lib/python3.8/site-packages/airflow/example_dags/example_branch_operator_decorator.py                                 1           0  0.31s           2025-02-14T14:02:20
/opt/conda/lib/python3.8/site-packages/airflow/example_dags/example_task_group_decorator.py                                      1           0  0.31s           2025-02-14T14:02:30
/opt/conda/lib/python3.8/site-packages/airflow/example_dags/example_bash_operator.py                                             1           0  0.21s           2025-02-14T14:02:31
/opt/conda/lib/python3.8/site-packages/airflow/example_dags/example_latest_only.py                                               1           0  0.31s           2025-02-14T14:02:32
/opt/conda/lib/python3.8/site-packages/airflow/example_dags/example_xcom.py                                                      1           0  0.31s           2025-02-14T14:02:33
/opt/conda/lib/python3.8/site-packages/airflow/example_dags/example_python_operator.py                                           1           0  0.31s           2025-02-14T14:02:35
/opt/conda/lib/python3.8/site-packages/airflow/example_dags/example_branch_python_dop_operator_3.py                              1           0  0.22s           2025-02-14T14:02:35
/opt/conda/lib/python3.8/site-packages/airflow/example_dags/example_trigger_controller_dag.py                                    1           0  0.31s           2025-02-14T14:02:36
/opt/conda/lib/python3.8/site-packages/airflow/example_dags/example_skip_dag.py                                                  1           0  0.21s           2025-02-14T14:02:37
/opt/conda/lib/python3.8/site-packages/airflow/example_dags/example_short_circuit_operator.py                                    1           0  0.21s           2025-02-14T14:02:38
/opt/conda/lib/python3.8/site-packages/airflow/example_dags/example_trigger_target_dag.py                                        1           0  0.21s           2025-02-14T14:02:44
/opt/conda/lib/python3.8/site-packages/airflow/example_dags/example_nested_branch_dag.py                                         1           0  0.21s           2025-02-14T14:02:45
/opt/conda/lib/python3.8/site-packages/airflow/example_dags/example_latest_only_with_trigger.py                                  1           0  0.21s           2025-02-14T14:02:45
/opt/conda/lib/python3.8/site-packages/airflow/example_dags/example_task_group.py                                                1           0  0.21s           2025-02-14T14:02:48
/opt/conda/lib/python3.8/site-packages/airflow/example_dags/example_sla_dag.py                                                   1           0  0.21s           2025-02-14T14:02:15
/opt/conda/lib/python3.8/site-packages/airflow/example_dags/example_passing_params_via_test_command.py                           1           0  0.21s           2025-02-14T14:02:15
/opt/conda/lib/python3.8/site-packages/airflow/example_dags/example_complex.py                                                   1           0  0.21s           2025-02-14T14:02:23
/opt/conda/lib/python3.8/site-packages/airflow/example_dags/tutorial_taskflow_api_etl.py                                         1           0  0.21s           2025-02-14T14:02:24
/opt/conda/lib/python3.8/site-packages/airflow/example_dags/example_branch_operator.py                                           1           0  0.21s           2025-02-14T14:02:25
/opt/conda/lib/python3.8/site-packages/airflow/example_dags/example_branch_datetime_operator.py                                  2           0  0.21s           2025-02-14T14:02:47
/opt/conda/lib/python3.8/site-packages/airflow/example_dags/example_xcomargs.py                                                  2           0  0.21s           2025-02-14T14:02:49
/opt/conda/lib/python3.8/site-packages/airflow/example_dags/example_external_task_marker_dag.py                                  2           0  0.21s           2025-02-14T14:02:13
/opt/conda/lib/python3.8/site-packages/airflow/example_dags/example_subdag_operator.py                                           3           0  0.31s           2025-02-14T14:02:22
================================================================================
[2025-02-14 14:03:24,272] {manager.py:809} INFO - 
================================================================================
DAG File Processing Stats

File Path                                                                                               PID    Runtime      # DAGs    # Errors  Last Runtime    Last Run
------------------------------------------------------------------------------------------------------  -----  ---------  --------  ----------  --------------  -------------------
/home/airflow/dags/Lead_scoring_data_pipeline/constants.py                                                                       0           0  0.11s           2025-02-14T14:03:02
/home/airflow/dags/Lead_scoring_data_pipeline/lead_scoring_data_pipeline.py                                                      0           1  0.21s           2025-02-14T14:03:14
/home/airflow/dags/Lead_scoring_data_pipeline/.ipynb_checkpoints/constants-checkpoint.py                                         0           0  0.11s           2025-02-14T14:03:03
/opt/conda/lib/python3.8/site-packages/airflow/example_dags/example_kubernetes_executor.py                                       0           0  0.21s           2025-02-14T14:03:17
/opt/conda/lib/python3.8/site-packages/airflow/example_dags/example_local_kubernetes_executor.py                                 0           0  0.21s           2025-02-14T14:02:52
/opt/conda/lib/python3.8/site-packages/airflow/example_dags/tutorial_taskflow_api_etl_virtualenv.py                              0           0  0.21s           2025-02-14T14:02:56
/opt/conda/lib/python3.8/site-packages/airflow/example_dags/plugins/workday.py                                                   0           0  0.11s           2025-02-14T14:03:12
/opt/conda/lib/python3.8/site-packages/airflow/example_dags/subdags/subdag.py                                                    0           0  0.11s           2025-02-14T14:03:12
/opt/conda/lib/python3.8/site-packages/airflow/example_dags/tutorial.py                                                          1           0  0.21s           2025-02-14T14:03:15
/opt/conda/lib/python3.8/site-packages/airflow/example_dags/example_time_delta_sensor_async.py                                   1           0  0.21s           2025-02-14T14:03:16
/opt/conda/lib/python3.8/site-packages/airflow/example_dags/example_dag_decorator.py                                             1           0  0.22s           2025-02-14T14:02:50
/opt/conda/lib/python3.8/site-packages/airflow/example_dags/example_branch_labels.py                                             1           0  0.21s           2025-02-14T14:02:53
/opt/conda/lib/python3.8/site-packages/airflow/example_dags/example_branch_day_of_week_operator.py                               1           0  0.21s           2025-02-14T14:02:53
/opt/conda/lib/python3.8/site-packages/airflow/example_dags/tutorial_etl_dag.py                                                  1           0  0.21s           2025-02-14T14:02:55
/opt/conda/lib/python3.8/site-packages/airflow/example_dags/example_branch_operator_decorator.py                                 1           0  0.22s           2025-02-14T14:02:57
/opt/conda/lib/python3.8/site-packages/airflow/example_dags/example_task_group_decorator.py                                      1           0  0.31s           2025-02-14T14:03:05
/opt/conda/lib/python3.8/site-packages/airflow/example_dags/example_bash_operator.py                                             1           0  0.21s           2025-02-14T14:03:06
/opt/conda/lib/python3.8/site-packages/airflow/example_dags/example_latest_only.py                                               1           0  0.22s           2025-02-14T14:03:18
/opt/conda/lib/python3.8/site-packages/airflow/example_dags/example_xcom.py                                                      1           0  0.31s           2025-02-14T14:03:19
/opt/conda/lib/python3.8/site-packages/airflow/example_dags/example_python_operator.py                                           1           0  0.22s           2025-02-14T14:03:20
/opt/conda/lib/python3.8/site-packages/airflow/example_dags/example_branch_python_dop_operator_3.py                              1           0  0.22s           2025-02-14T14:03:22
/opt/conda/lib/python3.8/site-packages/airflow/example_dags/example_trigger_controller_dag.py                                    1           0  0.21s           2025-02-14T14:03:23
/opt/conda/lib/python3.8/site-packages/airflow/example_dags/example_skip_dag.py                                                  1           0  0.22s           2025-02-14T14:03:24
/opt/conda/lib/python3.8/site-packages/airflow/example_dags/example_short_circuit_operator.py                                    1           0  0.21s           2025-02-14T14:02:38
/opt/conda/lib/python3.8/site-packages/airflow/example_dags/example_trigger_target_dag.py                                        1           0  0.21s           2025-02-14T14:02:44
/opt/conda/lib/python3.8/site-packages/airflow/example_dags/example_nested_branch_dag.py                                         1           0  0.21s           2025-02-14T14:02:45
/opt/conda/lib/python3.8/site-packages/airflow/example_dags/example_latest_only_with_trigger.py                                  1           0  0.21s           2025-02-14T14:02:45
/opt/conda/lib/python3.8/site-packages/airflow/example_dags/example_task_group.py                                                1           0  0.21s           2025-02-14T14:02:48
/opt/conda/lib/python3.8/site-packages/airflow/example_dags/example_sla_dag.py                                                   1           0  0.21s           2025-02-14T14:03:00
/opt/conda/lib/python3.8/site-packages/airflow/example_dags/example_passing_params_via_test_command.py                           1           0  0.22s           2025-02-14T14:03:01
/opt/conda/lib/python3.8/site-packages/airflow/example_dags/example_complex.py                                                   1           0  0.22s           2025-02-14T14:03:09
/opt/conda/lib/python3.8/site-packages/airflow/example_dags/tutorial_taskflow_api_etl.py                                         1           0  0.21s           2025-02-14T14:03:10
/opt/conda/lib/python3.8/site-packages/airflow/example_dags/example_branch_operator.py                                           1           0  0.22s           2025-02-14T14:03:11
/opt/conda/lib/python3.8/site-packages/airflow/example_dags/example_branch_datetime_operator.py                                  2           0  0.21s           2025-02-14T14:02:47
/opt/conda/lib/python3.8/site-packages/airflow/example_dags/example_xcomargs.py                                                  2           0  0.21s           2025-02-14T14:02:49
/opt/conda/lib/python3.8/site-packages/airflow/example_dags/example_external_task_marker_dag.py                                  2           0  0.31s           2025-02-14T14:02:58
/opt/conda/lib/python3.8/site-packages/airflow/example_dags/example_subdag_operator.py                                           3           0  0.31s           2025-02-14T14:03:07
================================================================================
[2025-02-14 14:03:54,825] {manager.py:809} INFO - 
================================================================================
DAG File Processing Stats

File Path                                                                                               PID    Runtime      # DAGs    # Errors  Last Runtime    Last Run
------------------------------------------------------------------------------------------------------  -----  ---------  --------  ----------  --------------  -------------------
/home/airflow/dags/Lead_scoring_data_pipeline/constants.py                                                                       0           0  0.11s           2025-02-14T14:03:40
/home/airflow/dags/Lead_scoring_data_pipeline/lead_scoring_data_pipeline.py                                                      0           1  0.51s           2025-02-14T14:03:54
/home/airflow/dags/Lead_scoring_data_pipeline/.ipynb_checkpoints/constants-checkpoint.py                                         0           0  0.11s           2025-02-14T14:03:41
/opt/conda/lib/python3.8/site-packages/airflow/example_dags/example_kubernetes_executor.py                                       0           0  0.21s           2025-02-14T14:03:17
/opt/conda/lib/python3.8/site-packages/airflow/example_dags/example_local_kubernetes_executor.py                                 0           0  0.21s           2025-02-14T14:03:28
/opt/conda/lib/python3.8/site-packages/airflow/example_dags/tutorial_taskflow_api_etl_virtualenv.py                              0           0  0.21s           2025-02-14T14:03:33
/opt/conda/lib/python3.8/site-packages/airflow/example_dags/plugins/workday.py                                                   0           0  0.11s           2025-02-14T14:03:12
/opt/conda/lib/python3.8/site-packages/airflow/example_dags/subdags/subdag.py                                                    0           0  0.11s           2025-02-14T14:03:12
/opt/conda/lib/python3.8/site-packages/airflow/example_dags/tutorial.py                                                          1           0  0.22s           2025-02-14T14:03:54
/opt/conda/lib/python3.8/site-packages/airflow/example_dags/example_time_delta_sensor_async.py                                   1           0  0.21s           2025-02-14T14:03:16
/opt/conda/lib/python3.8/site-packages/airflow/example_dags/example_dag_decorator.py                                             1           0  0.21s           2025-02-14T14:03:28
/opt/conda/lib/python3.8/site-packages/airflow/example_dags/example_branch_labels.py                                             1           0  0.22s           2025-02-14T14:03:29
/opt/conda/lib/python3.8/site-packages/airflow/example_dags/example_branch_day_of_week_operator.py                               1           0  0.31s           2025-02-14T14:03:31
/opt/conda/lib/python3.8/site-packages/airflow/example_dags/tutorial_etl_dag.py                                                  1           0  0.21s           2025-02-14T14:03:32
/opt/conda/lib/python3.8/site-packages/airflow/example_dags/example_branch_operator_decorator.py                                 1           0  0.21s           2025-02-14T14:03:43
/opt/conda/lib/python3.8/site-packages/airflow/example_dags/example_task_group_decorator.py                                      1           0  0.31s           2025-02-14T14:03:44
/opt/conda/lib/python3.8/site-packages/airflow/example_dags/example_bash_operator.py                                             1           0  0.22s           2025-02-14T14:03:45
/opt/conda/lib/python3.8/site-packages/airflow/example_dags/example_latest_only.py                                               1           0  0.22s           2025-02-14T14:03:18
/opt/conda/lib/python3.8/site-packages/airflow/example_dags/example_xcom.py                                                      1           0  0.31s           2025-02-14T14:03:19
/opt/conda/lib/python3.8/site-packages/airflow/example_dags/example_python_operator.py                                           1           0  0.22s           2025-02-14T14:03:20
/opt/conda/lib/python3.8/site-packages/airflow/example_dags/example_branch_python_dop_operator_3.py                              1           0  0.22s           2025-02-14T14:03:22
/opt/conda/lib/python3.8/site-packages/airflow/example_dags/example_trigger_controller_dag.py                                    1           0  0.21s           2025-02-14T14:03:23
/opt/conda/lib/python3.8/site-packages/airflow/example_dags/example_skip_dag.py                                                  1           0  0.22s           2025-02-14T14:03:24
/opt/conda/lib/python3.8/site-packages/airflow/example_dags/example_short_circuit_operator.py                                    1           0  0.21s           2025-02-14T14:03:25
/opt/conda/lib/python3.8/site-packages/airflow/example_dags/example_trigger_target_dag.py                                        1           0  0.21s           2025-02-14T14:03:35
/opt/conda/lib/python3.8/site-packages/airflow/example_dags/example_nested_branch_dag.py                                         1           0  0.22s           2025-02-14T14:03:36
/opt/conda/lib/python3.8/site-packages/airflow/example_dags/example_latest_only_with_trigger.py                                  1           0  0.31s           2025-02-14T14:03:37
/opt/conda/lib/python3.8/site-packages/airflow/example_dags/example_task_group.py                                                1           0  0.21s           2025-02-14T14:03:39
/opt/conda/lib/python3.8/site-packages/airflow/example_dags/example_sla_dag.py                                                   1           0  0.21s           2025-02-14T14:03:47
/opt/conda/lib/python3.8/site-packages/airflow/example_dags/example_passing_params_via_test_command.py                           1           0  0.21s           2025-02-14T14:03:48
/opt/conda/lib/python3.8/site-packages/airflow/example_dags/example_complex.py                                                   1           0  0.22s           2025-02-14T14:03:51
/opt/conda/lib/python3.8/site-packages/airflow/example_dags/tutorial_taskflow_api_etl.py                                         1           0  0.21s           2025-02-14T14:03:52
/opt/conda/lib/python3.8/site-packages/airflow/example_dags/example_branch_operator.py                                           1           0  0.22s           2025-02-14T14:03:11
/opt/conda/lib/python3.8/site-packages/airflow/example_dags/example_branch_datetime_operator.py                                  2           0  0.21s           2025-02-14T14:03:38
/opt/conda/lib/python3.8/site-packages/airflow/example_dags/example_xcomargs.py                                                  2           0  0.21s           2025-02-14T14:03:39
/opt/conda/lib/python3.8/site-packages/airflow/example_dags/example_external_task_marker_dag.py                                  2           0  0.31s           2025-02-14T14:03:47
/opt/conda/lib/python3.8/site-packages/airflow/example_dags/example_subdag_operator.py                                           3           0  0.31s           2025-02-14T14:03:49
================================================================================
[2025-02-14 14:04:17,034] {manager.py:462} INFO - Exiting gracefully upon receiving signal 15
[2025-02-14 14:05:05,220] {manager.py:480} INFO - Processing files using up to 1 processes at a time 
[2025-02-14 14:05:05,220] {manager.py:481} INFO - Process each file at most once every 30 seconds
[2025-02-14 14:05:05,220] {manager.py:482} INFO - Checking for new files in /home/airflow/dags every 300 seconds
[2025-02-14 14:05:05,220] {manager.py:690} INFO - Searching for files in /home/airflow/dags
[2025-02-14 14:05:05,228] {manager.py:693} INFO - There are 38 files in /home/airflow/dags
[2025-02-14 14:05:05,772] {manager.py:809} INFO - 
================================================================================
DAG File Processing Stats

File Path                                                                                                  PID    Runtime      # DAGs    # Errors  Last Runtime    Last Run
---------------------------------------------------------------------------------------------------------  -----  ---------  --------  ----------  --------------  -------------------
/home/airflow/dags/Lead_scoring_data_pipeline/constants.py                                                                          0           0
/home/airflow/dags/Lead_scoring_data_pipeline/lead_scoring_data_pipeline.py                                                         0           1  0.51s           2025-02-14T14:05:05
/home/airflow/dags/Lead_scoring_data_pipeline/.ipynb_checkpoints/constants-checkpoint.py                                            0           0
/home/airflow/dags/Lead_scoring_data_pipeline/.ipynb_checkpoints/lead_scoring_data_pipeline-checkpoint.py                           0           0
/opt/conda/lib/python3.8/site-packages/airflow/example_dags/tutorial.py                                                             0           0
/opt/conda/lib/python3.8/site-packages/airflow/example_dags/example_time_delta_sensor_async.py                                      0           0
/opt/conda/lib/python3.8/site-packages/airflow/example_dags/example_kubernetes_executor.py                                          0           0
/opt/conda/lib/python3.8/site-packages/airflow/example_dags/example_dag_decorator.py                                                0           0
/opt/conda/lib/python3.8/site-packages/airflow/example_dags/example_local_kubernetes_executor.py                                    0           0
/opt/conda/lib/python3.8/site-packages/airflow/example_dags/example_branch_labels.py                                                0           0
/opt/conda/lib/python3.8/site-packages/airflow/example_dags/example_branch_day_of_week_operator.py                                  0           0
/opt/conda/lib/python3.8/site-packages/airflow/example_dags/tutorial_etl_dag.py                                                     0           0
/opt/conda/lib/python3.8/site-packages/airflow/example_dags/tutorial_taskflow_api_etl_virtualenv.py                                 0           0
/opt/conda/lib/python3.8/site-packages/airflow/example_dags/example_branch_operator_decorator.py                                    0           0
/opt/conda/lib/python3.8/site-packages/airflow/example_dags/example_task_group_decorator.py                                         0           0
/opt/conda/lib/python3.8/site-packages/airflow/example_dags/example_bash_operator.py                                                0           0
/opt/conda/lib/python3.8/site-packages/airflow/example_dags/example_latest_only.py                                                  0           0
/opt/conda/lib/python3.8/site-packages/airflow/example_dags/example_xcom.py                                                         0           0
/opt/conda/lib/python3.8/site-packages/airflow/example_dags/example_python_operator.py                                              0           0
/opt/conda/lib/python3.8/site-packages/airflow/example_dags/example_branch_python_dop_operator_3.py                                 0           0
/opt/conda/lib/python3.8/site-packages/airflow/example_dags/example_trigger_controller_dag.py                                       0           0
/opt/conda/lib/python3.8/site-packages/airflow/example_dags/example_skip_dag.py                                                     0           0
/opt/conda/lib/python3.8/site-packages/airflow/example_dags/example_short_circuit_operator.py                                       0           0
/opt/conda/lib/python3.8/site-packages/airflow/example_dags/example_trigger_target_dag.py                                           0           0
/opt/conda/lib/python3.8/site-packages/airflow/example_dags/example_nested_branch_dag.py                                            0           0
/opt/conda/lib/python3.8/site-packages/airflow/example_dags/example_latest_only_with_trigger.py                                     0           0
/opt/conda/lib/python3.8/site-packages/airflow/example_dags/example_branch_datetime_operator.py                                     0           0
/opt/conda/lib/python3.8/site-packages/airflow/example_dags/example_task_group.py                                                   0           0
/opt/conda/lib/python3.8/site-packages/airflow/example_dags/example_xcomargs.py                                                     0           0
/opt/conda/lib/python3.8/site-packages/airflow/example_dags/example_external_task_marker_dag.py                                     0           0
/opt/conda/lib/python3.8/site-packages/airflow/example_dags/example_sla_dag.py                                                      0           0
/opt/conda/lib/python3.8/site-packages/airflow/example_dags/example_passing_params_via_test_command.py                              0           0
/opt/conda/lib/python3.8/site-packages/airflow/example_dags/example_subdag_operator.py                                              0           0
/opt/conda/lib/python3.8/site-packages/airflow/example_dags/example_complex.py                                                      0           0
/opt/conda/lib/python3.8/site-packages/airflow/example_dags/tutorial_taskflow_api_etl.py                                            0           0
/opt/conda/lib/python3.8/site-packages/airflow/example_dags/example_branch_operator.py                                              0           0
/opt/conda/lib/python3.8/site-packages/airflow/example_dags/plugins/workday.py                                                      0           0
/opt/conda/lib/python3.8/site-packages/airflow/example_dags/subdags/subdag.py                                                       0           0
================================================================================
[2025-02-14 14:05:36,140] {manager.py:809} INFO - 
================================================================================
DAG File Processing Stats

File Path                                                                                                  PID    Runtime      # DAGs    # Errors  Last Runtime    Last Run
---------------------------------------------------------------------------------------------------------  -----  ---------  --------  ----------  --------------  -------------------
/home/airflow/dags/Lead_scoring_data_pipeline/constants.py                                                                          0           0  0.12s           2025-02-14T14:05:08
/home/airflow/dags/Lead_scoring_data_pipeline/lead_scoring_data_pipeline.py                                                         0           1  0.51s           2025-02-14T14:05:05
/home/airflow/dags/Lead_scoring_data_pipeline/.ipynb_checkpoints/constants-checkpoint.py                                            0           0  0.11s           2025-02-14T14:05:10
/home/airflow/dags/Lead_scoring_data_pipeline/.ipynb_checkpoints/lead_scoring_data_pipeline-checkpoint.py                           0           1  0.81s           2025-02-14T14:05:07
/opt/conda/lib/python3.8/site-packages/airflow/example_dags/example_kubernetes_executor.py                                          0           0  0.21s           2025-02-14T14:05:13
/opt/conda/lib/python3.8/site-packages/airflow/example_dags/example_local_kubernetes_executor.py                                    0           0  0.21s           2025-02-14T14:05:15
/opt/conda/lib/python3.8/site-packages/airflow/example_dags/tutorial_taskflow_api_etl_virtualenv.py                                 0           0  0.21s           2025-02-14T14:05:19
/opt/conda/lib/python3.8/site-packages/airflow/example_dags/example_xcomargs.py                                                     0           0
/opt/conda/lib/python3.8/site-packages/airflow/example_dags/example_external_task_marker_dag.py                                     0           0
/opt/conda/lib/python3.8/site-packages/airflow/example_dags/example_sla_dag.py                                                      0           0
/opt/conda/lib/python3.8/site-packages/airflow/example_dags/example_passing_params_via_test_command.py                              0           0
/opt/conda/lib/python3.8/site-packages/airflow/example_dags/example_subdag_operator.py                                              0           0
/opt/conda/lib/python3.8/site-packages/airflow/example_dags/example_complex.py                                                      0           0
/opt/conda/lib/python3.8/site-packages/airflow/example_dags/tutorial_taskflow_api_etl.py                                            0           0
/opt/conda/lib/python3.8/site-packages/airflow/example_dags/example_branch_operator.py                                              0           0
/opt/conda/lib/python3.8/site-packages/airflow/example_dags/plugins/workday.py                                                      0           0
/opt/conda/lib/python3.8/site-packages/airflow/example_dags/subdags/subdag.py                                                       0           0
/opt/conda/lib/python3.8/site-packages/airflow/example_dags/tutorial.py                                                             1           0  0.31s           2025-02-14T14:05:10
/opt/conda/lib/python3.8/site-packages/airflow/example_dags/example_time_delta_sensor_async.py                                      1           0  0.21s           2025-02-14T14:05:11
/opt/conda/lib/python3.8/site-packages/airflow/example_dags/example_dag_decorator.py                                                1           0  0.31s           2025-02-14T14:05:14
/opt/conda/lib/python3.8/site-packages/airflow/example_dags/example_branch_labels.py                                                1           0  0.21s           2025-02-14T14:05:15
/opt/conda/lib/python3.8/site-packages/airflow/example_dags/example_branch_day_of_week_operator.py                                  1           0  0.21s           2025-02-14T14:05:17
/opt/conda/lib/python3.8/site-packages/airflow/example_dags/tutorial_etl_dag.py                                                     1           0  0.21s           2025-02-14T14:05:18
/opt/conda/lib/python3.8/site-packages/airflow/example_dags/example_branch_operator_decorator.py                                    1           0  0.21s           2025-02-14T14:05:20
/opt/conda/lib/python3.8/site-packages/airflow/example_dags/example_task_group_decorator.py                                         1           0  0.31s           2025-02-14T14:05:21
/opt/conda/lib/python3.8/site-packages/airflow/example_dags/example_bash_operator.py                                                1           0  0.22s           2025-02-14T14:05:22
/opt/conda/lib/python3.8/site-packages/airflow/example_dags/example_latest_only.py                                                  1           0  0.21s           2025-02-14T14:05:23
/opt/conda/lib/python3.8/site-packages/airflow/example_dags/example_xcom.py                                                         1           0  0.31s           2025-02-14T14:05:25
/opt/conda/lib/python3.8/site-packages/airflow/example_dags/example_python_operator.py                                              1           0  0.22s           2025-02-14T14:05:25
/opt/conda/lib/python3.8/site-packages/airflow/example_dags/example_branch_python_dop_operator_3.py                                 1           0  0.21s           2025-02-14T14:05:26
/opt/conda/lib/python3.8/site-packages/airflow/example_dags/example_trigger_controller_dag.py                                       1           0  0.21s           2025-02-14T14:05:27
/opt/conda/lib/python3.8/site-packages/airflow/example_dags/example_skip_dag.py                                                     1           0  0.21s           2025-02-14T14:05:29
/opt/conda/lib/python3.8/site-packages/airflow/example_dags/example_short_circuit_operator.py                                       1           0  0.41s           2025-02-14T14:05:30
/opt/conda/lib/python3.8/site-packages/airflow/example_dags/example_trigger_target_dag.py                                           1           0  0.21s           2025-02-14T14:05:31
/opt/conda/lib/python3.8/site-packages/airflow/example_dags/example_nested_branch_dag.py                                            1           0  0.21s           2025-02-14T14:05:33
/opt/conda/lib/python3.8/site-packages/airflow/example_dags/example_latest_only_with_trigger.py                                     1           0  0.21s           2025-02-14T14:05:34
/opt/conda/lib/python3.8/site-packages/airflow/example_dags/example_task_group.py                                                   1           0  0.31s           2025-02-14T14:05:36
/opt/conda/lib/python3.8/site-packages/airflow/example_dags/example_branch_datetime_operator.py                                     2           0  0.21s           2025-02-14T14:05:35
================================================================================
[2025-02-14 14:06:06,612] {manager.py:809} INFO - 
================================================================================
DAG File Processing Stats

File Path                                                                                                  PID    Runtime      # DAGs    # Errors  Last Runtime    Last Run
---------------------------------------------------------------------------------------------------------  -----  ---------  --------  ----------  --------------  -------------------
/home/airflow/dags/Lead_scoring_data_pipeline/constants.py                                                                          0           0  0.11s           2025-02-14T14:05:52
/home/airflow/dags/Lead_scoring_data_pipeline/lead_scoring_data_pipeline.py                                                         0           1  0.51s           2025-02-14T14:05:50
/home/airflow/dags/Lead_scoring_data_pipeline/.ipynb_checkpoints/constants-checkpoint.py                                            0           0  0.11s           2025-02-14T14:05:52
/home/airflow/dags/Lead_scoring_data_pipeline/.ipynb_checkpoints/lead_scoring_data_pipeline-checkpoint.py                           0           1  0.61s           2025-02-14T14:05:51
/opt/conda/lib/python3.8/site-packages/airflow/example_dags/example_kubernetes_executor.py                                          0           0  0.21s           2025-02-14T14:05:56
/opt/conda/lib/python3.8/site-packages/airflow/example_dags/example_local_kubernetes_executor.py                                    0           0  0.21s           2025-02-14T14:05:59
/opt/conda/lib/python3.8/site-packages/airflow/example_dags/tutorial_taskflow_api_etl_virtualenv.py                                 0           0  0.21s           2025-02-14T14:06:04
/opt/conda/lib/python3.8/site-packages/airflow/example_dags/plugins/workday.py                                                      0           0  0.11s           2025-02-14T14:05:47
/opt/conda/lib/python3.8/site-packages/airflow/example_dags/subdags/subdag.py                                                       0           0  0.11s           2025-02-14T14:05:48
/opt/conda/lib/python3.8/site-packages/airflow/example_dags/tutorial.py                                                             1           0  0.21s           2025-02-14T14:05:54
/opt/conda/lib/python3.8/site-packages/airflow/example_dags/example_time_delta_sensor_async.py                                      1           0  0.31s           2025-02-14T14:05:55
/opt/conda/lib/python3.8/site-packages/airflow/example_dags/example_dag_decorator.py                                                1           0  0.31s           2025-02-14T14:05:58
/opt/conda/lib/python3.8/site-packages/airflow/example_dags/example_branch_labels.py                                                1           0  0.32s           2025-02-14T14:06:00
/opt/conda/lib/python3.8/site-packages/airflow/example_dags/example_branch_day_of_week_operator.py                                  1           0  0.21s           2025-02-14T14:06:01
/opt/conda/lib/python3.8/site-packages/airflow/example_dags/tutorial_etl_dag.py                                                     1           0  0.21s           2025-02-14T14:06:03
/opt/conda/lib/python3.8/site-packages/airflow/example_dags/example_branch_operator_decorator.py                                    1           0  0.21s           2025-02-14T14:06:05
/opt/conda/lib/python3.8/site-packages/airflow/example_dags/example_task_group_decorator.py                                         1           0  0.31s           2025-02-14T14:06:06
/opt/conda/lib/python3.8/site-packages/airflow/example_dags/example_bash_operator.py                                                1           0  0.22s           2025-02-14T14:05:22
/opt/conda/lib/python3.8/site-packages/airflow/example_dags/example_latest_only.py                                                  1           0  0.21s           2025-02-14T14:05:23
/opt/conda/lib/python3.8/site-packages/airflow/example_dags/example_xcom.py                                                         1           0  0.31s           2025-02-14T14:05:25
/opt/conda/lib/python3.8/site-packages/airflow/example_dags/example_python_operator.py                                              1           0  0.22s           2025-02-14T14:05:25
/opt/conda/lib/python3.8/site-packages/airflow/example_dags/example_branch_python_dop_operator_3.py                                 1           0  0.21s           2025-02-14T14:05:26
/opt/conda/lib/python3.8/site-packages/airflow/example_dags/example_trigger_controller_dag.py                                       1           0  0.21s           2025-02-14T14:05:27
/opt/conda/lib/python3.8/site-packages/airflow/example_dags/example_skip_dag.py                                                     1           0  0.21s           2025-02-14T14:05:29
/opt/conda/lib/python3.8/site-packages/airflow/example_dags/example_short_circuit_operator.py                                       1           0  0.41s           2025-02-14T14:05:30
/opt/conda/lib/python3.8/site-packages/airflow/example_dags/example_trigger_target_dag.py                                           1           0  0.21s           2025-02-14T14:05:31
/opt/conda/lib/python3.8/site-packages/airflow/example_dags/example_nested_branch_dag.py                                            1           0  0.21s           2025-02-14T14:05:33
/opt/conda/lib/python3.8/site-packages/airflow/example_dags/example_latest_only_with_trigger.py                                     1           0  0.21s           2025-02-14T14:05:34
/opt/conda/lib/python3.8/site-packages/airflow/example_dags/example_task_group.py                                                   1           0  0.31s           2025-02-14T14:05:36
/opt/conda/lib/python3.8/site-packages/airflow/example_dags/example_sla_dag.py                                                      1           0  0.41s           2025-02-14T14:05:40
/opt/conda/lib/python3.8/site-packages/airflow/example_dags/example_passing_params_via_test_command.py                              1           0  0.21s           2025-02-14T14:05:41
/opt/conda/lib/python3.8/site-packages/airflow/example_dags/example_complex.py                                                      1           0  0.31s           2025-02-14T14:05:43
/opt/conda/lib/python3.8/site-packages/airflow/example_dags/tutorial_taskflow_api_etl.py                                            1           0  0.31s           2025-02-14T14:05:45
/opt/conda/lib/python3.8/site-packages/airflow/example_dags/example_branch_operator.py                                              1           0  0.21s           2025-02-14T14:05:46
/opt/conda/lib/python3.8/site-packages/airflow/example_dags/example_branch_datetime_operator.py                                     2           0  0.21s           2025-02-14T14:05:35
/opt/conda/lib/python3.8/site-packages/airflow/example_dags/example_xcomargs.py                                                     2           0  0.31s           2025-02-14T14:05:37
/opt/conda/lib/python3.8/site-packages/airflow/example_dags/example_external_task_marker_dag.py                                     2           0  0.31s           2025-02-14T14:05:38
/opt/conda/lib/python3.8/site-packages/airflow/example_dags/example_subdag_operator.py                                              3           0  0.31s           2025-02-14T14:05:42
================================================================================
[2025-02-14 14:06:36,845] {manager.py:809} INFO - 
================================================================================
DAG File Processing Stats

File Path                                                                                                  PID    Runtime      # DAGs    # Errors  Last Runtime    Last Run
---------------------------------------------------------------------------------------------------------  -----  ---------  --------  ----------  --------------  -------------------
/home/airflow/dags/Lead_scoring_data_pipeline/constants.py                                                                          0           0  0.11s           2025-02-14T14:06:36
/home/airflow/dags/Lead_scoring_data_pipeline/lead_scoring_data_pipeline.py                                                         0           1  0.81s           2025-02-14T14:06:33
/home/airflow/dags/Lead_scoring_data_pipeline/.ipynb_checkpoints/constants-checkpoint.py                                            0           0  0.11s           2025-02-14T14:06:36
/home/airflow/dags/Lead_scoring_data_pipeline/.ipynb_checkpoints/lead_scoring_data_pipeline-checkpoint.py                           0           1  0.81s           2025-02-14T14:06:35
/opt/conda/lib/python3.8/site-packages/airflow/example_dags/example_kubernetes_executor.py                                          0           0  0.21s           2025-02-14T14:05:56
/opt/conda/lib/python3.8/site-packages/airflow/example_dags/example_local_kubernetes_executor.py                                    0           0  0.21s           2025-02-14T14:05:59
/opt/conda/lib/python3.8/site-packages/airflow/example_dags/tutorial_taskflow_api_etl_virtualenv.py                                 0           0  0.21s           2025-02-14T14:06:04
/opt/conda/lib/python3.8/site-packages/airflow/example_dags/plugins/workday.py                                                      0           0  0.11s           2025-02-14T14:06:30
/opt/conda/lib/python3.8/site-packages/airflow/example_dags/subdags/subdag.py                                                       0           0  0.11s           2025-02-14T14:06:31
/opt/conda/lib/python3.8/site-packages/airflow/example_dags/tutorial.py                                                             1           0  0.21s           2025-02-14T14:05:54
/opt/conda/lib/python3.8/site-packages/airflow/example_dags/example_time_delta_sensor_async.py                                      1           0  0.31s           2025-02-14T14:05:55
/opt/conda/lib/python3.8/site-packages/airflow/example_dags/example_dag_decorator.py                                                1           0  0.31s           2025-02-14T14:05:58
/opt/conda/lib/python3.8/site-packages/airflow/example_dags/example_branch_labels.py                                                1           0  0.32s           2025-02-14T14:06:00
/opt/conda/lib/python3.8/site-packages/airflow/example_dags/example_branch_day_of_week_operator.py                                  1           0  0.21s           2025-02-14T14:06:01
/opt/conda/lib/python3.8/site-packages/airflow/example_dags/tutorial_etl_dag.py                                                     1           0  0.21s           2025-02-14T14:06:03
/opt/conda/lib/python3.8/site-packages/airflow/example_dags/example_branch_operator_decorator.py                                    1           0  0.21s           2025-02-14T14:06:05
/opt/conda/lib/python3.8/site-packages/airflow/example_dags/example_task_group_decorator.py                                         1           0  0.31s           2025-02-14T14:06:06
/opt/conda/lib/python3.8/site-packages/airflow/example_dags/example_bash_operator.py                                                1           0  0.21s           2025-02-14T14:06:06
/opt/conda/lib/python3.8/site-packages/airflow/example_dags/example_latest_only.py                                                  1           0  0.21s           2025-02-14T14:06:08
/opt/conda/lib/python3.8/site-packages/airflow/example_dags/example_xcom.py                                                         1           0  0.31s           2025-02-14T14:06:08
/opt/conda/lib/python3.8/site-packages/airflow/example_dags/example_python_operator.py                                              1           0  0.22s           2025-02-14T14:06:09
/opt/conda/lib/python3.8/site-packages/airflow/example_dags/example_branch_python_dop_operator_3.py                                 1           0  0.21s           2025-02-14T14:06:11
/opt/conda/lib/python3.8/site-packages/airflow/example_dags/example_trigger_controller_dag.py                                       1           0  0.21s           2025-02-14T14:06:12
/opt/conda/lib/python3.8/site-packages/airflow/example_dags/example_skip_dag.py                                                     1           0  0.21s           2025-02-14T14:06:13
/opt/conda/lib/python3.8/site-packages/airflow/example_dags/example_short_circuit_operator.py                                       1           0  0.21s           2025-02-14T14:06:14
/opt/conda/lib/python3.8/site-packages/airflow/example_dags/example_trigger_target_dag.py                                           1           0  0.21s           2025-02-14T14:06:16
/opt/conda/lib/python3.8/site-packages/airflow/example_dags/example_nested_branch_dag.py                                            1           0  0.21s           2025-02-14T14:06:17
/opt/conda/lib/python3.8/site-packages/airflow/example_dags/example_latest_only_with_trigger.py                                     1           0  0.21s           2025-02-14T14:06:18
/opt/conda/lib/python3.8/site-packages/airflow/example_dags/example_task_group.py                                                   1           0  0.22s           2025-02-14T14:06:20
/opt/conda/lib/python3.8/site-packages/airflow/example_dags/example_sla_dag.py                                                      1           0  0.21s           2025-02-14T14:06:24
/opt/conda/lib/python3.8/site-packages/airflow/example_dags/example_passing_params_via_test_command.py                              1           0  0.22s           2025-02-14T14:06:25
/opt/conda/lib/python3.8/site-packages/airflow/example_dags/example_complex.py                                                      1           0  0.21s           2025-02-14T14:06:27
/opt/conda/lib/python3.8/site-packages/airflow/example_dags/tutorial_taskflow_api_etl.py                                            1           0  0.21s           2025-02-14T14:06:28
/opt/conda/lib/python3.8/site-packages/airflow/example_dags/example_branch_operator.py                                              1           0  0.21s           2025-02-14T14:06:29
/opt/conda/lib/python3.8/site-packages/airflow/example_dags/example_branch_datetime_operator.py                                     2           0  0.21s           2025-02-14T14:06:18
/opt/conda/lib/python3.8/site-packages/airflow/example_dags/example_xcomargs.py                                                     2           0  0.31s           2025-02-14T14:06:21
/opt/conda/lib/python3.8/site-packages/airflow/example_dags/example_external_task_marker_dag.py                                     2           0  0.21s           2025-02-14T14:06:22
/opt/conda/lib/python3.8/site-packages/airflow/example_dags/example_subdag_operator.py                                              3           0  0.31s           2025-02-14T14:06:26
================================================================================
[2025-02-14 14:07:07,099] {manager.py:809} INFO - 
================================================================================
DAG File Processing Stats

File Path                                                                                                  PID    Runtime      # DAGs    # Errors  Last Runtime    Last Run
---------------------------------------------------------------------------------------------------------  -----  ---------  --------  ----------  --------------  -------------------
/home/airflow/dags/Lead_scoring_data_pipeline/constants.py                                                                          0           0  0.11s           2025-02-14T14:06:36
/home/airflow/dags/Lead_scoring_data_pipeline/lead_scoring_data_pipeline.py                                                         0           1  0.21s           2025-02-14T14:07:05
/home/airflow/dags/Lead_scoring_data_pipeline/.ipynb_checkpoints/constants-checkpoint.py                                            0           0  0.11s           2025-02-14T14:06:36
/home/airflow/dags/Lead_scoring_data_pipeline/.ipynb_checkpoints/lead_scoring_data_pipeline-checkpoint.py                           0           1  0.21s           2025-02-14T14:07:07
/opt/conda/lib/python3.8/site-packages/airflow/example_dags/example_kubernetes_executor.py                                          0           0  0.21s           2025-02-14T14:06:40
/opt/conda/lib/python3.8/site-packages/airflow/example_dags/example_local_kubernetes_executor.py                                    0           0  0.21s           2025-02-14T14:06:43
/opt/conda/lib/python3.8/site-packages/airflow/example_dags/tutorial_taskflow_api_etl_virtualenv.py                                 0           0  0.21s           2025-02-14T14:06:50
/opt/conda/lib/python3.8/site-packages/airflow/example_dags/plugins/workday.py                                                      0           0  0.11s           2025-02-14T14:06:30
/opt/conda/lib/python3.8/site-packages/airflow/example_dags/subdags/subdag.py                                                       0           0  0.11s           2025-02-14T14:06:31
/opt/conda/lib/python3.8/site-packages/airflow/example_dags/tutorial.py                                                             1           0  0.31s           2025-02-14T14:06:37
/opt/conda/lib/python3.8/site-packages/airflow/example_dags/example_time_delta_sensor_async.py                                      1           0  0.31s           2025-02-14T14:06:39
/opt/conda/lib/python3.8/site-packages/airflow/example_dags/example_dag_decorator.py                                                1           0  0.22s           2025-02-14T14:06:41
/opt/conda/lib/python3.8/site-packages/airflow/example_dags/example_branch_labels.py                                                1           0  0.21s           2025-02-14T14:06:44
/opt/conda/lib/python3.8/site-packages/airflow/example_dags/example_branch_day_of_week_operator.py                                  1           0  0.21s           2025-02-14T14:06:45
/opt/conda/lib/python3.8/site-packages/airflow/example_dags/tutorial_etl_dag.py                                                     1           0  0.21s           2025-02-14T14:06:49
/opt/conda/lib/python3.8/site-packages/airflow/example_dags/example_branch_operator_decorator.py                                    1           0  0.22s           2025-02-14T14:06:51
/opt/conda/lib/python3.8/site-packages/airflow/example_dags/example_task_group_decorator.py                                         1           0  0.22s           2025-02-14T14:06:53
/opt/conda/lib/python3.8/site-packages/airflow/example_dags/example_bash_operator.py                                                1           0  0.21s           2025-02-14T14:06:54
/opt/conda/lib/python3.8/site-packages/airflow/example_dags/example_latest_only.py                                                  1           0  0.21s           2025-02-14T14:06:55
/opt/conda/lib/python3.8/site-packages/airflow/example_dags/example_xcom.py                                                         1           0  0.22s           2025-02-14T14:06:56
/opt/conda/lib/python3.8/site-packages/airflow/example_dags/example_python_operator.py                                              1           0  0.21s           2025-02-14T14:06:58
/opt/conda/lib/python3.8/site-packages/airflow/example_dags/example_branch_python_dop_operator_3.py                                 1           0  0.21s           2025-02-14T14:06:59
/opt/conda/lib/python3.8/site-packages/airflow/example_dags/example_trigger_controller_dag.py                                       1           0  0.21s           2025-02-14T14:07:00
/opt/conda/lib/python3.8/site-packages/airflow/example_dags/example_skip_dag.py                                                     1           0  0.21s           2025-02-14T14:07:02
/opt/conda/lib/python3.8/site-packages/airflow/example_dags/example_short_circuit_operator.py                                       1           0  0.21s           2025-02-14T14:07:03
/opt/conda/lib/python3.8/site-packages/airflow/example_dags/example_trigger_target_dag.py                                           1           0  0.21s           2025-02-14T14:07:04
/opt/conda/lib/python3.8/site-packages/airflow/example_dags/example_nested_branch_dag.py                                            1           0  0.21s           2025-02-14T14:06:17
/opt/conda/lib/python3.8/site-packages/airflow/example_dags/example_latest_only_with_trigger.py                                     1           0  0.21s           2025-02-14T14:06:18
/opt/conda/lib/python3.8/site-packages/airflow/example_dags/example_task_group.py                                                   1           0  0.22s           2025-02-14T14:06:20
/opt/conda/lib/python3.8/site-packages/airflow/example_dags/example_sla_dag.py                                                      1           0  0.21s           2025-02-14T14:06:24
/opt/conda/lib/python3.8/site-packages/airflow/example_dags/example_passing_params_via_test_command.py                              1           0  0.22s           2025-02-14T14:06:25
/opt/conda/lib/python3.8/site-packages/airflow/example_dags/example_complex.py                                                      1           0  0.21s           2025-02-14T14:06:27
/opt/conda/lib/python3.8/site-packages/airflow/example_dags/tutorial_taskflow_api_etl.py                                            1           0  0.21s           2025-02-14T14:06:28
/opt/conda/lib/python3.8/site-packages/airflow/example_dags/example_branch_operator.py                                              1           0  0.21s           2025-02-14T14:06:29
/opt/conda/lib/python3.8/site-packages/airflow/example_dags/example_branch_datetime_operator.py                                     2           0  0.21s           2025-02-14T14:06:18
/opt/conda/lib/python3.8/site-packages/airflow/example_dags/example_xcomargs.py                                                     2           0  0.31s           2025-02-14T14:06:21
/opt/conda/lib/python3.8/site-packages/airflow/example_dags/example_external_task_marker_dag.py                                     2           0  0.21s           2025-02-14T14:06:22
/opt/conda/lib/python3.8/site-packages/airflow/example_dags/example_subdag_operator.py                                              3           0  0.31s           2025-02-14T14:06:26
================================================================================
[2025-02-14 14:07:37,626] {manager.py:809} INFO - 
================================================================================
DAG File Processing Stats

File Path                                                                                                  PID    Runtime      # DAGs    # Errors  Last Runtime    Last Run
---------------------------------------------------------------------------------------------------------  -----  ---------  --------  ----------  --------------  -------------------
/home/airflow/dags/Lead_scoring_data_pipeline/constants.py                                                                          0           0  0.11s           2025-02-14T14:07:25
/home/airflow/dags/Lead_scoring_data_pipeline/lead_scoring_data_pipeline.py                                                         0           1  0.21s           2025-02-14T14:07:05
/home/airflow/dags/Lead_scoring_data_pipeline/.ipynb_checkpoints/constants-checkpoint.py                                            0           0  0.11s           2025-02-14T14:07:26
/home/airflow/dags/Lead_scoring_data_pipeline/.ipynb_checkpoints/lead_scoring_data_pipeline-checkpoint.py                           0           1  0.21s           2025-02-14T14:07:07
/opt/conda/lib/python3.8/site-packages/airflow/example_dags/example_kubernetes_executor.py                                          0           0  0.21s           2025-02-14T14:07:30
/opt/conda/lib/python3.8/site-packages/airflow/example_dags/example_local_kubernetes_executor.py                                    0           0  0.21s           2025-02-14T14:07:32
/opt/conda/lib/python3.8/site-packages/airflow/example_dags/tutorial_taskflow_api_etl_virtualenv.py                                 0           0  0.21s           2025-02-14T14:07:37
/opt/conda/lib/python3.8/site-packages/airflow/example_dags/plugins/workday.py                                                      0           0  0.11s           2025-02-14T14:07:23
/opt/conda/lib/python3.8/site-packages/airflow/example_dags/subdags/subdag.py                                                       0           0  0.11s           2025-02-14T14:07:24
/opt/conda/lib/python3.8/site-packages/airflow/example_dags/tutorial.py                                                             1           0  0.21s           2025-02-14T14:07:27
/opt/conda/lib/python3.8/site-packages/airflow/example_dags/example_time_delta_sensor_async.py                                      1           0  0.22s           2025-02-14T14:07:28
/opt/conda/lib/python3.8/site-packages/airflow/example_dags/example_dag_decorator.py                                                1           0  0.21s           2025-02-14T14:07:31
/opt/conda/lib/python3.8/site-packages/airflow/example_dags/example_branch_labels.py                                                1           0  0.21s           2025-02-14T14:07:34
/opt/conda/lib/python3.8/site-packages/airflow/example_dags/example_branch_day_of_week_operator.py                                  1           0  0.31s           2025-02-14T14:07:35
/opt/conda/lib/python3.8/site-packages/airflow/example_dags/tutorial_etl_dag.py                                                     1           0  0.21s           2025-02-14T14:07:36
/opt/conda/lib/python3.8/site-packages/airflow/example_dags/example_branch_operator_decorator.py                                    1           0  0.22s           2025-02-14T14:06:51
/opt/conda/lib/python3.8/site-packages/airflow/example_dags/example_task_group_decorator.py                                         1           0  0.22s           2025-02-14T14:06:53
/opt/conda/lib/python3.8/site-packages/airflow/example_dags/example_bash_operator.py                                                1           0  0.21s           2025-02-14T14:06:54
/opt/conda/lib/python3.8/site-packages/airflow/example_dags/example_latest_only.py                                                  1           0  0.21s           2025-02-14T14:06:55
/opt/conda/lib/python3.8/site-packages/airflow/example_dags/example_xcom.py                                                         1           0  0.22s           2025-02-14T14:06:56
/opt/conda/lib/python3.8/site-packages/airflow/example_dags/example_python_operator.py                                              1           0  0.21s           2025-02-14T14:06:58
/opt/conda/lib/python3.8/site-packages/airflow/example_dags/example_branch_python_dop_operator_3.py                                 1           0  0.21s           2025-02-14T14:06:59
/opt/conda/lib/python3.8/site-packages/airflow/example_dags/example_trigger_controller_dag.py                                       1           0  0.21s           2025-02-14T14:07:00
/opt/conda/lib/python3.8/site-packages/airflow/example_dags/example_skip_dag.py                                                     1           0  0.21s           2025-02-14T14:07:02
/opt/conda/lib/python3.8/site-packages/airflow/example_dags/example_short_circuit_operator.py                                       1           0  0.21s           2025-02-14T14:07:03
/opt/conda/lib/python3.8/site-packages/airflow/example_dags/example_trigger_target_dag.py                                           1           0  0.21s           2025-02-14T14:07:04
/opt/conda/lib/python3.8/site-packages/airflow/example_dags/example_nested_branch_dag.py                                            1           0  0.21s           2025-02-14T14:07:08
/opt/conda/lib/python3.8/site-packages/airflow/example_dags/example_latest_only_with_trigger.py                                     1           0  0.41s           2025-02-14T14:07:09
/opt/conda/lib/python3.8/site-packages/airflow/example_dags/example_task_group.py                                                   1           0  0.21s           2025-02-14T14:07:12
/opt/conda/lib/python3.8/site-packages/airflow/example_dags/example_sla_dag.py                                                      1           0  0.21s           2025-02-14T14:07:16
/opt/conda/lib/python3.8/site-packages/airflow/example_dags/example_passing_params_via_test_command.py                              1           0  0.21s           2025-02-14T14:07:17
/opt/conda/lib/python3.8/site-packages/airflow/example_dags/example_complex.py                                                      1           0  0.21s           2025-02-14T14:07:19
/opt/conda/lib/python3.8/site-packages/airflow/example_dags/tutorial_taskflow_api_etl.py                                            1           0  0.21s           2025-02-14T14:07:21
/opt/conda/lib/python3.8/site-packages/airflow/example_dags/example_branch_operator.py                                              1           0  0.21s           2025-02-14T14:07:22
/opt/conda/lib/python3.8/site-packages/airflow/example_dags/example_branch_datetime_operator.py                                     2           0  0.21s           2025-02-14T14:07:11
/opt/conda/lib/python3.8/site-packages/airflow/example_dags/example_xcomargs.py                                                     2           0  0.21s           2025-02-14T14:07:13
/opt/conda/lib/python3.8/site-packages/airflow/example_dags/example_external_task_marker_dag.py                                     2           0  0.21s           2025-02-14T14:07:14
/opt/conda/lib/python3.8/site-packages/airflow/example_dags/example_subdag_operator.py                                              3           0  0.31s           2025-02-14T14:07:18
================================================================================
[2025-02-14 14:08:07,729] {manager.py:809} INFO - 
================================================================================
DAG File Processing Stats

File Path                                                                                                  PID    Runtime      # DAGs    # Errors  Last Runtime    Last Run
---------------------------------------------------------------------------------------------------------  -----  ---------  --------  ----------  --------------  -------------------
/home/airflow/dags/Lead_scoring_data_pipeline/constants.py                                                                          0           0  0.11s           2025-02-14T14:07:57
/home/airflow/dags/Lead_scoring_data_pipeline/lead_scoring_data_pipeline.py                                                         0           1  0.21s           2025-02-14T14:07:41
/home/airflow/dags/Lead_scoring_data_pipeline/.ipynb_checkpoints/constants-checkpoint.py                                            0           0  0.11s           2025-02-14T14:07:58
/home/airflow/dags/Lead_scoring_data_pipeline/.ipynb_checkpoints/lead_scoring_data_pipeline-checkpoint.py                           0           1  0.21s           2025-02-14T14:07:43
/opt/conda/lib/python3.8/site-packages/airflow/example_dags/example_kubernetes_executor.py                                          0           0  0.21s           2025-02-14T14:07:30
/opt/conda/lib/python3.8/site-packages/airflow/example_dags/example_local_kubernetes_executor.py                                    0           0  0.21s           2025-02-14T14:07:32
/opt/conda/lib/python3.8/site-packages/airflow/example_dags/tutorial_taskflow_api_etl_virtualenv.py                                 0           0  0.21s           2025-02-14T14:07:37
/opt/conda/lib/python3.8/site-packages/airflow/example_dags/plugins/workday.py                                                      0           0  0.11s           2025-02-14T14:07:23
/opt/conda/lib/python3.8/site-packages/airflow/example_dags/subdags/subdag.py                                                       0           0  0.11s           2025-02-14T14:07:24
/opt/conda/lib/python3.8/site-packages/airflow/example_dags/tutorial.py                                                             1           0  0.21s           2025-02-14T14:07:27
/opt/conda/lib/python3.8/site-packages/airflow/example_dags/example_time_delta_sensor_async.py                                      1           0  0.22s           2025-02-14T14:07:28
/opt/conda/lib/python3.8/site-packages/airflow/example_dags/example_dag_decorator.py                                                1           0  0.21s           2025-02-14T14:07:31
/opt/conda/lib/python3.8/site-packages/airflow/example_dags/example_branch_labels.py                                                1           0  0.21s           2025-02-14T14:07:34
/opt/conda/lib/python3.8/site-packages/airflow/example_dags/example_branch_day_of_week_operator.py                                  1           0  0.31s           2025-02-14T14:07:35
/opt/conda/lib/python3.8/site-packages/airflow/example_dags/tutorial_etl_dag.py                                                     1           0  0.21s           2025-02-14T14:07:36
/opt/conda/lib/python3.8/site-packages/airflow/example_dags/example_branch_operator_decorator.py                                    1           0  0.21s           2025-02-14T14:07:38
/opt/conda/lib/python3.8/site-packages/airflow/example_dags/example_task_group_decorator.py                                         1           0  0.21s           2025-02-14T14:07:39
/opt/conda/lib/python3.8/site-packages/airflow/example_dags/example_bash_operator.py                                                1           0  0.21s           2025-02-14T14:07:40
/opt/conda/lib/python3.8/site-packages/airflow/example_dags/example_latest_only.py                                                  1           0  0.21s           2025-02-14T14:07:44
/opt/conda/lib/python3.8/site-packages/airflow/example_dags/example_xcom.py                                                         1           0  0.22s           2025-02-14T14:07:45
/opt/conda/lib/python3.8/site-packages/airflow/example_dags/example_python_operator.py                                              1           0  0.21s           2025-02-14T14:07:46
/opt/conda/lib/python3.8/site-packages/airflow/example_dags/example_branch_python_dop_operator_3.py                                 1           0  0.21s           2025-02-14T14:07:48
/opt/conda/lib/python3.8/site-packages/airflow/example_dags/example_trigger_controller_dag.py                                       1           0  0.21s           2025-02-14T14:07:49
/opt/conda/lib/python3.8/site-packages/airflow/example_dags/example_skip_dag.py                                                     1           0  0.31s           2025-02-14T14:07:50
/opt/conda/lib/python3.8/site-packages/airflow/example_dags/example_short_circuit_operator.py                                       1           0  0.21s           2025-02-14T14:07:52
/opt/conda/lib/python3.8/site-packages/airflow/example_dags/example_trigger_target_dag.py                                           1           0  0.22s           2025-02-14T14:07:52
/opt/conda/lib/python3.8/site-packages/airflow/example_dags/example_nested_branch_dag.py                                            1           0  0.21s           2025-02-14T14:07:54
/opt/conda/lib/python3.8/site-packages/airflow/example_dags/example_latest_only_with_trigger.py                                     1           0  0.21s           2025-02-14T14:07:55
/opt/conda/lib/python3.8/site-packages/airflow/example_dags/example_task_group.py                                                   1           0  0.21s           2025-02-14T14:07:59
/opt/conda/lib/python3.8/site-packages/airflow/example_dags/example_sla_dag.py                                                      1           0  0.21s           2025-02-14T14:08:02
/opt/conda/lib/python3.8/site-packages/airflow/example_dags/example_passing_params_via_test_command.py                              1           0  0.22s           2025-02-14T14:08:03
/opt/conda/lib/python3.8/site-packages/airflow/example_dags/example_complex.py                                                      1           0  0.21s           2025-02-14T14:08:06
/opt/conda/lib/python3.8/site-packages/airflow/example_dags/tutorial_taskflow_api_etl.py                                            1           0  0.22s           2025-02-14T14:08:07
/opt/conda/lib/python3.8/site-packages/airflow/example_dags/example_branch_operator.py                                              1           0  0.21s           2025-02-14T14:07:22
/opt/conda/lib/python3.8/site-packages/airflow/example_dags/example_branch_datetime_operator.py                                     2           0  0.21s           2025-02-14T14:07:56
/opt/conda/lib/python3.8/site-packages/airflow/example_dags/example_xcomargs.py                                                     2           0  0.21s           2025-02-14T14:08:00
/opt/conda/lib/python3.8/site-packages/airflow/example_dags/example_external_task_marker_dag.py                                     2           0  0.22s           2025-02-14T14:08:02
/opt/conda/lib/python3.8/site-packages/airflow/example_dags/example_subdag_operator.py                                              3           0  0.31s           2025-02-14T14:08:05
================================================================================
[2025-02-14 14:08:29,679] {manager.py:462} INFO - Exiting gracefully upon receiving signal 15
[2025-02-14 14:08:59,833] {manager.py:480} INFO - Processing files using up to 1 processes at a time 
[2025-02-14 14:08:59,833] {manager.py:481} INFO - Process each file at most once every 30 seconds
[2025-02-14 14:08:59,833] {manager.py:482} INFO - Checking for new files in /home/airflow/dags every 300 seconds
[2025-02-14 14:08:59,833] {manager.py:690} INFO - Searching for files in /home/airflow/dags
[2025-02-14 14:08:59,841] {manager.py:693} INFO - There are 38 files in /home/airflow/dags
[2025-02-14 14:09:00,077] {manager.py:809} INFO - 
================================================================================
DAG File Processing Stats

File Path                                                                                                  PID    Runtime      # DAGs    # Errors  Last Runtime    Last Run
---------------------------------------------------------------------------------------------------------  -----  ---------  --------  ----------  --------------  -------------------
/home/airflow/dags/Lead_scoring_data_pipeline/constants.py                                                                          0           0
/home/airflow/dags/Lead_scoring_data_pipeline/lead_scoring_data_pipeline.py                                                         0           1  0.21s           2025-02-14T14:09:00
/home/airflow/dags/Lead_scoring_data_pipeline/.ipynb_checkpoints/constants-checkpoint.py                                            0           0
/home/airflow/dags/Lead_scoring_data_pipeline/.ipynb_checkpoints/lead_scoring_data_pipeline-checkpoint.py                           0           0
/opt/conda/lib/python3.8/site-packages/airflow/example_dags/tutorial.py                                                             0           0
/opt/conda/lib/python3.8/site-packages/airflow/example_dags/example_time_delta_sensor_async.py                                      0           0
/opt/conda/lib/python3.8/site-packages/airflow/example_dags/example_kubernetes_executor.py                                          0           0
/opt/conda/lib/python3.8/site-packages/airflow/example_dags/example_dag_decorator.py                                                0           0
/opt/conda/lib/python3.8/site-packages/airflow/example_dags/example_local_kubernetes_executor.py                                    0           0
/opt/conda/lib/python3.8/site-packages/airflow/example_dags/example_branch_labels.py                                                0           0
/opt/conda/lib/python3.8/site-packages/airflow/example_dags/example_branch_day_of_week_operator.py                                  0           0
/opt/conda/lib/python3.8/site-packages/airflow/example_dags/tutorial_etl_dag.py                                                     0           0
/opt/conda/lib/python3.8/site-packages/airflow/example_dags/tutorial_taskflow_api_etl_virtualenv.py                                 0           0
/opt/conda/lib/python3.8/site-packages/airflow/example_dags/example_branch_operator_decorator.py                                    0           0
/opt/conda/lib/python3.8/site-packages/airflow/example_dags/example_task_group_decorator.py                                         0           0
/opt/conda/lib/python3.8/site-packages/airflow/example_dags/example_bash_operator.py                                                0           0
/opt/conda/lib/python3.8/site-packages/airflow/example_dags/example_latest_only.py                                                  0           0
/opt/conda/lib/python3.8/site-packages/airflow/example_dags/example_xcom.py                                                         0           0
/opt/conda/lib/python3.8/site-packages/airflow/example_dags/example_python_operator.py                                              0           0
/opt/conda/lib/python3.8/site-packages/airflow/example_dags/example_branch_python_dop_operator_3.py                                 0           0
/opt/conda/lib/python3.8/site-packages/airflow/example_dags/example_trigger_controller_dag.py                                       0           0
/opt/conda/lib/python3.8/site-packages/airflow/example_dags/example_skip_dag.py                                                     0           0
/opt/conda/lib/python3.8/site-packages/airflow/example_dags/example_short_circuit_operator.py                                       0           0
/opt/conda/lib/python3.8/site-packages/airflow/example_dags/example_trigger_target_dag.py                                           0           0
/opt/conda/lib/python3.8/site-packages/airflow/example_dags/example_nested_branch_dag.py                                            0           0
/opt/conda/lib/python3.8/site-packages/airflow/example_dags/example_latest_only_with_trigger.py                                     0           0
/opt/conda/lib/python3.8/site-packages/airflow/example_dags/example_branch_datetime_operator.py                                     0           0
/opt/conda/lib/python3.8/site-packages/airflow/example_dags/example_task_group.py                                                   0           0
/opt/conda/lib/python3.8/site-packages/airflow/example_dags/example_xcomargs.py                                                     0           0
/opt/conda/lib/python3.8/site-packages/airflow/example_dags/example_external_task_marker_dag.py                                     0           0
/opt/conda/lib/python3.8/site-packages/airflow/example_dags/example_sla_dag.py                                                      0           0
/opt/conda/lib/python3.8/site-packages/airflow/example_dags/example_passing_params_via_test_command.py                              0           0
/opt/conda/lib/python3.8/site-packages/airflow/example_dags/example_subdag_operator.py                                              0           0
/opt/conda/lib/python3.8/site-packages/airflow/example_dags/example_complex.py                                                      0           0
/opt/conda/lib/python3.8/site-packages/airflow/example_dags/tutorial_taskflow_api_etl.py                                            0           0
/opt/conda/lib/python3.8/site-packages/airflow/example_dags/example_branch_operator.py                                              0           0
/opt/conda/lib/python3.8/site-packages/airflow/example_dags/plugins/workday.py                                                      0           0
/opt/conda/lib/python3.8/site-packages/airflow/example_dags/subdags/subdag.py                                                       0           0
================================================================================
[2025-02-14 14:09:30,347] {manager.py:809} INFO - 
================================================================================
DAG File Processing Stats

File Path                                                                                                  PID    Runtime      # DAGs    # Errors  Last Runtime    Last Run
---------------------------------------------------------------------------------------------------------  -----  ---------  --------  ----------  --------------  -------------------
/home/airflow/dags/Lead_scoring_data_pipeline/constants.py                                                                          0           0  0.11s           2025-02-14T14:09:02
/home/airflow/dags/Lead_scoring_data_pipeline/lead_scoring_data_pipeline.py                                                         0           1  0.21s           2025-02-14T14:09:00
/home/airflow/dags/Lead_scoring_data_pipeline/.ipynb_checkpoints/constants-checkpoint.py                                            0           0  0.11s           2025-02-14T14:09:03
/home/airflow/dags/Lead_scoring_data_pipeline/.ipynb_checkpoints/lead_scoring_data_pipeline-checkpoint.py                           0           1  0.21s           2025-02-14T14:09:01
/opt/conda/lib/python3.8/site-packages/airflow/example_dags/example_kubernetes_executor.py                                          0           0  0.21s           2025-02-14T14:09:07
/opt/conda/lib/python3.8/site-packages/airflow/example_dags/example_local_kubernetes_executor.py                                    0           0  0.21s           2025-02-14T14:09:10
/opt/conda/lib/python3.8/site-packages/airflow/example_dags/tutorial_taskflow_api_etl_virtualenv.py                                 0           0  0.21s           2025-02-14T14:09:15
/opt/conda/lib/python3.8/site-packages/airflow/example_dags/example_task_group.py                                                   0           0
/opt/conda/lib/python3.8/site-packages/airflow/example_dags/example_xcomargs.py                                                     0           0
/opt/conda/lib/python3.8/site-packages/airflow/example_dags/example_external_task_marker_dag.py                                     0           0
/opt/conda/lib/python3.8/site-packages/airflow/example_dags/example_sla_dag.py                                                      0           0
/opt/conda/lib/python3.8/site-packages/airflow/example_dags/example_passing_params_via_test_command.py                              0           0
/opt/conda/lib/python3.8/site-packages/airflow/example_dags/example_subdag_operator.py                                              0           0
/opt/conda/lib/python3.8/site-packages/airflow/example_dags/example_complex.py                                                      0           0
/opt/conda/lib/python3.8/site-packages/airflow/example_dags/tutorial_taskflow_api_etl.py                                            0           0
/opt/conda/lib/python3.8/site-packages/airflow/example_dags/example_branch_operator.py                                              0           0
/opt/conda/lib/python3.8/site-packages/airflow/example_dags/plugins/workday.py                                                      0           0
/opt/conda/lib/python3.8/site-packages/airflow/example_dags/subdags/subdag.py                                                       0           0
/opt/conda/lib/python3.8/site-packages/airflow/example_dags/tutorial.py                                                             1           0  0.22s           2025-02-14T14:09:04
/opt/conda/lib/python3.8/site-packages/airflow/example_dags/example_time_delta_sensor_async.py                                      1           0  0.21s           2025-02-14T14:09:06
/opt/conda/lib/python3.8/site-packages/airflow/example_dags/example_dag_decorator.py                                                1           0  0.31s           2025-02-14T14:09:08
/opt/conda/lib/python3.8/site-packages/airflow/example_dags/example_branch_labels.py                                                1           0  0.21s           2025-02-14T14:09:11
/opt/conda/lib/python3.8/site-packages/airflow/example_dags/example_branch_day_of_week_operator.py                                  1           0  0.21s           2025-02-14T14:09:12
/opt/conda/lib/python3.8/site-packages/airflow/example_dags/tutorial_etl_dag.py                                                     1           0  0.22s           2025-02-14T14:09:13
/opt/conda/lib/python3.8/site-packages/airflow/example_dags/example_branch_operator_decorator.py                                    1           0  0.41s           2025-02-14T14:09:15
/opt/conda/lib/python3.8/site-packages/airflow/example_dags/example_task_group_decorator.py                                         1           0  0.41s           2025-02-14T14:09:17
/opt/conda/lib/python3.8/site-packages/airflow/example_dags/example_bash_operator.py                                                1           0  0.21s           2025-02-14T14:09:18
/opt/conda/lib/python3.8/site-packages/airflow/example_dags/example_latest_only.py                                                  1           0  0.21s           2025-02-14T14:09:19
/opt/conda/lib/python3.8/site-packages/airflow/example_dags/example_xcom.py                                                         1           0  0.31s           2025-02-14T14:09:20
/opt/conda/lib/python3.8/site-packages/airflow/example_dags/example_python_operator.py                                              1           0  0.31s           2025-02-14T14:09:20
/opt/conda/lib/python3.8/site-packages/airflow/example_dags/example_branch_python_dop_operator_3.py                                 1           0  0.22s           2025-02-14T14:09:22
/opt/conda/lib/python3.8/site-packages/airflow/example_dags/example_trigger_controller_dag.py                                       1           0  0.21s           2025-02-14T14:09:23
/opt/conda/lib/python3.8/site-packages/airflow/example_dags/example_skip_dag.py                                                     1           0  0.21s           2025-02-14T14:09:24
/opt/conda/lib/python3.8/site-packages/airflow/example_dags/example_short_circuit_operator.py                                       1           0  0.21s           2025-02-14T14:09:26
/opt/conda/lib/python3.8/site-packages/airflow/example_dags/example_trigger_target_dag.py                                           1           0  0.21s           2025-02-14T14:09:27
/opt/conda/lib/python3.8/site-packages/airflow/example_dags/example_nested_branch_dag.py                                            1           0  0.31s           2025-02-14T14:09:28
/opt/conda/lib/python3.8/site-packages/airflow/example_dags/example_latest_only_with_trigger.py                                     1           0  0.22s           2025-02-14T14:09:30
/opt/conda/lib/python3.8/site-packages/airflow/example_dags/example_branch_datetime_operator.py                                     2           0  0.21s           2025-02-14T14:09:30
================================================================================
[2025-02-14 14:10:00,819] {manager.py:809} INFO - 
================================================================================
DAG File Processing Stats

File Path                                                                                                  PID    Runtime      # DAGs    # Errors  Last Runtime    Last Run
---------------------------------------------------------------------------------------------------------  -----  ---------  --------  ----------  --------------  -------------------
/home/airflow/dags/Lead_scoring_data_pipeline/constants.py                                                                          0           0  0.11s           2025-02-14T14:09:45
/home/airflow/dags/Lead_scoring_data_pipeline/lead_scoring_data_pipeline.py                                                         0           1  0.21s           2025-02-14T14:09:43
/home/airflow/dags/Lead_scoring_data_pipeline/.ipynb_checkpoints/constants-checkpoint.py                                            0           0  0.11s           2025-02-14T14:09:46
/home/airflow/dags/Lead_scoring_data_pipeline/.ipynb_checkpoints/lead_scoring_data_pipeline-checkpoint.py                           0           1  0.21s           2025-02-14T14:09:44
/opt/conda/lib/python3.8/site-packages/airflow/example_dags/example_kubernetes_executor.py                                          0           0  0.21s           2025-02-14T14:09:49
/opt/conda/lib/python3.8/site-packages/airflow/example_dags/example_local_kubernetes_executor.py                                    0           0  0.21s           2025-02-14T14:09:52
/opt/conda/lib/python3.8/site-packages/airflow/example_dags/tutorial_taskflow_api_etl_virtualenv.py                                 0           0  0.21s           2025-02-14T14:09:57
/opt/conda/lib/python3.8/site-packages/airflow/example_dags/plugins/workday.py                                                      0           0  0.11s           2025-02-14T14:09:40
/opt/conda/lib/python3.8/site-packages/airflow/example_dags/subdags/subdag.py                                                       0           0  0.11s           2025-02-14T14:09:41
/opt/conda/lib/python3.8/site-packages/airflow/example_dags/tutorial.py                                                             1           0  0.21s           2025-02-14T14:09:47
/opt/conda/lib/python3.8/site-packages/airflow/example_dags/example_time_delta_sensor_async.py                                      1           0  0.22s           2025-02-14T14:09:48
/opt/conda/lib/python3.8/site-packages/airflow/example_dags/example_dag_decorator.py                                                1           0  0.31s           2025-02-14T14:09:51
/opt/conda/lib/python3.8/site-packages/airflow/example_dags/example_branch_labels.py                                                1           0  0.21s           2025-02-14T14:09:53
/opt/conda/lib/python3.8/site-packages/airflow/example_dags/example_branch_day_of_week_operator.py                                  1           0  0.21s           2025-02-14T14:09:54
/opt/conda/lib/python3.8/site-packages/airflow/example_dags/tutorial_etl_dag.py                                                     1           0  0.21s           2025-02-14T14:09:56
/opt/conda/lib/python3.8/site-packages/airflow/example_dags/example_branch_operator_decorator.py                                    1           0  0.22s           2025-02-14T14:09:58
/opt/conda/lib/python3.8/site-packages/airflow/example_dags/example_task_group_decorator.py                                         1           0  0.31s           2025-02-14T14:10:00
/opt/conda/lib/python3.8/site-packages/airflow/example_dags/example_bash_operator.py                                                1           0  0.22s           2025-02-14T14:10:00
/opt/conda/lib/python3.8/site-packages/airflow/example_dags/example_latest_only.py                                                  1           0  0.21s           2025-02-14T14:09:19
/opt/conda/lib/python3.8/site-packages/airflow/example_dags/example_xcom.py                                                         1           0  0.31s           2025-02-14T14:09:20
/opt/conda/lib/python3.8/site-packages/airflow/example_dags/example_python_operator.py                                              1           0  0.31s           2025-02-14T14:09:20
/opt/conda/lib/python3.8/site-packages/airflow/example_dags/example_branch_python_dop_operator_3.py                                 1           0  0.22s           2025-02-14T14:09:22
/opt/conda/lib/python3.8/site-packages/airflow/example_dags/example_trigger_controller_dag.py                                       1           0  0.21s           2025-02-14T14:09:23
/opt/conda/lib/python3.8/site-packages/airflow/example_dags/example_skip_dag.py                                                     1           0  0.21s           2025-02-14T14:09:24
/opt/conda/lib/python3.8/site-packages/airflow/example_dags/example_short_circuit_operator.py                                       1           0  0.21s           2025-02-14T14:09:26
/opt/conda/lib/python3.8/site-packages/airflow/example_dags/example_trigger_target_dag.py                                           1           0  0.21s           2025-02-14T14:09:27
/opt/conda/lib/python3.8/site-packages/airflow/example_dags/example_nested_branch_dag.py                                            1           0  0.31s           2025-02-14T14:09:28
/opt/conda/lib/python3.8/site-packages/airflow/example_dags/example_latest_only_with_trigger.py                                     1           0  0.22s           2025-02-14T14:09:30
/opt/conda/lib/python3.8/site-packages/airflow/example_dags/example_task_group.py                                                   1           0  0.21s           2025-02-14T14:09:30
/opt/conda/lib/python3.8/site-packages/airflow/example_dags/example_sla_dag.py                                                      1           0  0.21s           2025-02-14T14:09:34
/opt/conda/lib/python3.8/site-packages/airflow/example_dags/example_passing_params_via_test_command.py                              1           0  0.31s           2025-02-14T14:09:35
/opt/conda/lib/python3.8/site-packages/airflow/example_dags/example_complex.py                                                      1           0  0.21s           2025-02-14T14:09:38
/opt/conda/lib/python3.8/site-packages/airflow/example_dags/tutorial_taskflow_api_etl.py                                            1           0  0.31s           2025-02-14T14:09:39
/opt/conda/lib/python3.8/site-packages/airflow/example_dags/example_branch_operator.py                                              1           0  0.21s           2025-02-14T14:09:40
/opt/conda/lib/python3.8/site-packages/airflow/example_dags/example_branch_datetime_operator.py                                     2           0  0.21s           2025-02-14T14:09:30
/opt/conda/lib/python3.8/site-packages/airflow/example_dags/example_xcomargs.py                                                     2           0  0.31s           2025-02-14T14:09:31
/opt/conda/lib/python3.8/site-packages/airflow/example_dags/example_external_task_marker_dag.py                                     2           0  0.21s           2025-02-14T14:09:32
/opt/conda/lib/python3.8/site-packages/airflow/example_dags/example_subdag_operator.py                                              3           0  0.31s           2025-02-14T14:09:36
================================================================================
[2025-02-14 14:10:31,393] {manager.py:809} INFO - 
================================================================================
DAG File Processing Stats

File Path                                                                                                  PID    Runtime      # DAGs    # Errors  Last Runtime    Last Run
---------------------------------------------------------------------------------------------------------  -----  ---------  --------  ----------  --------------  -------------------
/home/airflow/dags/Lead_scoring_data_pipeline/constants.py                                                                          0           0  0.11s           2025-02-14T14:10:26
/home/airflow/dags/Lead_scoring_data_pipeline/lead_scoring_data_pipeline.py                                                         0           1  0.51s           2025-02-14T14:10:23
/home/airflow/dags/Lead_scoring_data_pipeline/.ipynb_checkpoints/constants-checkpoint.py                                            0           0  0.11s           2025-02-14T14:10:27
/home/airflow/dags/Lead_scoring_data_pipeline/.ipynb_checkpoints/lead_scoring_data_pipeline-checkpoint.py                           0           1  0.31s           2025-02-14T14:10:24
/opt/conda/lib/python3.8/site-packages/airflow/example_dags/example_kubernetes_executor.py                                          0           0  0.21s           2025-02-14T14:10:30
/opt/conda/lib/python3.8/site-packages/airflow/example_dags/example_local_kubernetes_executor.py                                    0           0  0.21s           2025-02-14T14:09:52
/opt/conda/lib/python3.8/site-packages/airflow/example_dags/tutorial_taskflow_api_etl_virtualenv.py                                 0           0  0.21s           2025-02-14T14:09:57
/opt/conda/lib/python3.8/site-packages/airflow/example_dags/plugins/workday.py                                                      0           0  0.11s           2025-02-14T14:09:40
/opt/conda/lib/python3.8/site-packages/airflow/example_dags/subdags/subdag.py                                                       0           0  0.11s           2025-02-14T14:09:41
/opt/conda/lib/python3.8/site-packages/airflow/example_dags/tutorial.py                                                             1           0  0.21s           2025-02-14T14:10:28
/opt/conda/lib/python3.8/site-packages/airflow/example_dags/example_time_delta_sensor_async.py                                      1           0  0.21s           2025-02-14T14:10:28
/opt/conda/lib/python3.8/site-packages/airflow/example_dags/example_dag_decorator.py                                                1           0  0.21s           2025-02-14T14:10:31
/opt/conda/lib/python3.8/site-packages/airflow/example_dags/example_branch_labels.py                                                1           0  0.21s           2025-02-14T14:09:53
/opt/conda/lib/python3.8/site-packages/airflow/example_dags/example_branch_day_of_week_operator.py                                  1           0  0.21s           2025-02-14T14:09:54
/opt/conda/lib/python3.8/site-packages/airflow/example_dags/tutorial_etl_dag.py                                                     1           0  0.21s           2025-02-14T14:09:56
/opt/conda/lib/python3.8/site-packages/airflow/example_dags/example_branch_operator_decorator.py                                    1           0  0.22s           2025-02-14T14:09:58
/opt/conda/lib/python3.8/site-packages/airflow/example_dags/example_task_group_decorator.py                                         1           0  0.31s           2025-02-14T14:10:00
/opt/conda/lib/python3.8/site-packages/airflow/example_dags/example_bash_operator.py                                                1           0  0.22s           2025-02-14T14:10:00
/opt/conda/lib/python3.8/site-packages/airflow/example_dags/example_latest_only.py                                                  1           0  0.21s           2025-02-14T14:10:01
/opt/conda/lib/python3.8/site-packages/airflow/example_dags/example_xcom.py                                                         1           0  0.31s           2025-02-14T14:10:02
/opt/conda/lib/python3.8/site-packages/airflow/example_dags/example_python_operator.py                                              1           0  0.21s           2025-02-14T14:10:04
/opt/conda/lib/python3.8/site-packages/airflow/example_dags/example_branch_python_dop_operator_3.py                                 1           0  0.21s           2025-02-14T14:10:05
/opt/conda/lib/python3.8/site-packages/airflow/example_dags/example_trigger_controller_dag.py                                       1           0  0.21s           2025-02-14T14:10:06
/opt/conda/lib/python3.8/site-packages/airflow/example_dags/example_skip_dag.py                                                     1           0  0.21s           2025-02-14T14:10:07
/opt/conda/lib/python3.8/site-packages/airflow/example_dags/example_short_circuit_operator.py                                       1           0  0.21s           2025-02-14T14:10:09
/opt/conda/lib/python3.8/site-packages/airflow/example_dags/example_trigger_target_dag.py                                           1           0  0.21s           2025-02-14T14:10:10
/opt/conda/lib/python3.8/site-packages/airflow/example_dags/example_nested_branch_dag.py                                            1           0  0.21s           2025-02-14T14:10:11
/opt/conda/lib/python3.8/site-packages/airflow/example_dags/example_latest_only_with_trigger.py                                     1           0  0.21s           2025-02-14T14:10:12
/opt/conda/lib/python3.8/site-packages/airflow/example_dags/example_task_group.py                                                   1           0  0.31s           2025-02-14T14:10:15
/opt/conda/lib/python3.8/site-packages/airflow/example_dags/example_sla_dag.py                                                      1           0  0.22s           2025-02-14T14:10:18
/opt/conda/lib/python3.8/site-packages/airflow/example_dags/example_passing_params_via_test_command.py                              1           0  0.32s           2025-02-14T14:10:19
/opt/conda/lib/python3.8/site-packages/airflow/example_dags/example_complex.py                                                      1           0  0.21s           2025-02-14T14:10:21
/opt/conda/lib/python3.8/site-packages/airflow/example_dags/tutorial_taskflow_api_etl.py                                            1           0  0.31s           2025-02-14T14:09:39
/opt/conda/lib/python3.8/site-packages/airflow/example_dags/example_branch_operator.py                                              1           0  0.21s           2025-02-14T14:09:40
/opt/conda/lib/python3.8/site-packages/airflow/example_dags/example_branch_datetime_operator.py                                     2           0  0.21s           2025-02-14T14:10:14
/opt/conda/lib/python3.8/site-packages/airflow/example_dags/example_xcomargs.py                                                     2           0  0.31s           2025-02-14T14:10:16
/opt/conda/lib/python3.8/site-packages/airflow/example_dags/example_external_task_marker_dag.py                                     2           0  0.31s           2025-02-14T14:10:17
/opt/conda/lib/python3.8/site-packages/airflow/example_dags/example_subdag_operator.py                                              3           0  0.22s           2025-02-14T14:10:20
================================================================================
[2025-02-14 14:11:01,959] {manager.py:809} INFO - 
================================================================================
DAG File Processing Stats

File Path                                                                                                  PID    Runtime      # DAGs    # Errors  Last Runtime    Last Run
---------------------------------------------------------------------------------------------------------  -----  ---------  --------  ----------  --------------  -------------------
/home/airflow/dags/Lead_scoring_data_pipeline/constants.py                                                                          0           0  0.11s           2025-02-14T14:10:26
/home/airflow/dags/Lead_scoring_data_pipeline/lead_scoring_data_pipeline.py                                                         0           1  0.21s           2025-02-14T14:10:53
/home/airflow/dags/Lead_scoring_data_pipeline/.ipynb_checkpoints/constants-checkpoint.py                                            0           0  0.11s           2025-02-14T14:10:27
/home/airflow/dags/Lead_scoring_data_pipeline/.ipynb_checkpoints/lead_scoring_data_pipeline-checkpoint.py                           0           1  0.21s           2025-02-14T14:10:55
/opt/conda/lib/python3.8/site-packages/airflow/example_dags/example_kubernetes_executor.py                                          0           0  0.21s           2025-02-14T14:10:30
/opt/conda/lib/python3.8/site-packages/airflow/example_dags/example_local_kubernetes_executor.py                                    0           0  0.21s           2025-02-14T14:10:32
/opt/conda/lib/python3.8/site-packages/airflow/example_dags/tutorial_taskflow_api_etl_virtualenv.py                                 0           0  0.21s           2025-02-14T14:10:43
/opt/conda/lib/python3.8/site-packages/airflow/example_dags/plugins/workday.py                                                      0           0  0.11s           2025-02-14T14:10:35
/opt/conda/lib/python3.8/site-packages/airflow/example_dags/subdags/subdag.py                                                       0           0  0.11s           2025-02-14T14:10:36
/opt/conda/lib/python3.8/site-packages/airflow/example_dags/tutorial.py                                                             1           0  0.21s           2025-02-14T14:10:28
/opt/conda/lib/python3.8/site-packages/airflow/example_dags/example_time_delta_sensor_async.py                                      1           0  0.21s           2025-02-14T14:10:28
/opt/conda/lib/python3.8/site-packages/airflow/example_dags/example_dag_decorator.py                                                1           0  0.21s           2025-02-14T14:10:31
/opt/conda/lib/python3.8/site-packages/airflow/example_dags/example_branch_labels.py                                                1           0  0.21s           2025-02-14T14:10:39
/opt/conda/lib/python3.8/site-packages/airflow/example_dags/example_branch_day_of_week_operator.py                                  1           0  0.31s           2025-02-14T14:10:40
/opt/conda/lib/python3.8/site-packages/airflow/example_dags/tutorial_etl_dag.py                                                     1           0  0.31s           2025-02-14T14:10:42
/opt/conda/lib/python3.8/site-packages/airflow/example_dags/example_branch_operator_decorator.py                                    1           0  0.21s           2025-02-14T14:10:44
/opt/conda/lib/python3.8/site-packages/airflow/example_dags/example_task_group_decorator.py                                         1           0  0.21s           2025-02-14T14:10:46
/opt/conda/lib/python3.8/site-packages/airflow/example_dags/example_bash_operator.py                                                1           0  0.21s           2025-02-14T14:10:46
/opt/conda/lib/python3.8/site-packages/airflow/example_dags/example_latest_only.py                                                  1           0  0.21s           2025-02-14T14:10:47
/opt/conda/lib/python3.8/site-packages/airflow/example_dags/example_xcom.py                                                         1           0  0.21s           2025-02-14T14:10:49
/opt/conda/lib/python3.8/site-packages/airflow/example_dags/example_python_operator.py                                              1           0  0.31s           2025-02-14T14:10:50
/opt/conda/lib/python3.8/site-packages/airflow/example_dags/example_branch_python_dop_operator_3.py                                 1           0  0.31s           2025-02-14T14:10:51
/opt/conda/lib/python3.8/site-packages/airflow/example_dags/example_trigger_controller_dag.py                                       1           0  0.21s           2025-02-14T14:10:52
/opt/conda/lib/python3.8/site-packages/airflow/example_dags/example_skip_dag.py                                                     1           0  0.21s           2025-02-14T14:10:55
/opt/conda/lib/python3.8/site-packages/airflow/example_dags/example_short_circuit_operator.py                                       1           0  0.21s           2025-02-14T14:10:56
/opt/conda/lib/python3.8/site-packages/airflow/example_dags/example_trigger_target_dag.py                                           1           0  0.31s           2025-02-14T14:10:58
/opt/conda/lib/python3.8/site-packages/airflow/example_dags/example_nested_branch_dag.py                                            1           0  0.21s           2025-02-14T14:10:59
/opt/conda/lib/python3.8/site-packages/airflow/example_dags/example_latest_only_with_trigger.py                                     1           0  0.21s           2025-02-14T14:11:00
/opt/conda/lib/python3.8/site-packages/airflow/example_dags/example_task_group.py                                                   1           0  0.31s           2025-02-14T14:10:15
/opt/conda/lib/python3.8/site-packages/airflow/example_dags/example_sla_dag.py                                                      1           0  0.22s           2025-02-14T14:10:18
/opt/conda/lib/python3.8/site-packages/airflow/example_dags/example_passing_params_via_test_command.py                              1           0  0.32s           2025-02-14T14:10:19
/opt/conda/lib/python3.8/site-packages/airflow/example_dags/example_complex.py                                                      1           0  0.21s           2025-02-14T14:10:21
/opt/conda/lib/python3.8/site-packages/airflow/example_dags/tutorial_taskflow_api_etl.py                                            1           0  0.21s           2025-02-14T14:10:33
/opt/conda/lib/python3.8/site-packages/airflow/example_dags/example_branch_operator.py                                              1           0  0.31s           2025-02-14T14:10:34
/opt/conda/lib/python3.8/site-packages/airflow/example_dags/example_branch_datetime_operator.py                                     2           0  0.21s           2025-02-14T14:11:01
/opt/conda/lib/python3.8/site-packages/airflow/example_dags/example_xcomargs.py                                                     2           0  0.31s           2025-02-14T14:10:16
/opt/conda/lib/python3.8/site-packages/airflow/example_dags/example_external_task_marker_dag.py                                     2           0  0.31s           2025-02-14T14:10:17
/opt/conda/lib/python3.8/site-packages/airflow/example_dags/example_subdag_operator.py                                              3           0  0.22s           2025-02-14T14:10:20
================================================================================
[2025-02-14 14:11:32,623] {manager.py:809} INFO - 
================================================================================
DAG File Processing Stats

File Path                                                                                                  PID    Runtime      # DAGs    # Errors  Last Runtime    Last Run
---------------------------------------------------------------------------------------------------------  -----  ---------  --------  ----------  --------------  -------------------
/home/airflow/dags/Lead_scoring_data_pipeline/constants.py                                                                          0           0  0.11s           2025-02-14T14:11:12
/home/airflow/dags/Lead_scoring_data_pipeline/lead_scoring_data_pipeline.py                                                         0           1  0.51s           2025-02-14T14:11:27
/home/airflow/dags/Lead_scoring_data_pipeline/.ipynb_checkpoints/constants-checkpoint.py                                            0           0  0.11s           2025-02-14T14:11:12
/home/airflow/dags/Lead_scoring_data_pipeline/.ipynb_checkpoints/lead_scoring_data_pipeline-checkpoint.py                           0           1  0.61s           2025-02-14T14:11:28
/opt/conda/lib/python3.8/site-packages/airflow/example_dags/example_kubernetes_executor.py                                          0           0  0.31s           2025-02-14T14:11:16
/opt/conda/lib/python3.8/site-packages/airflow/example_dags/example_local_kubernetes_executor.py                                    0           0  0.21s           2025-02-14T14:11:18
/opt/conda/lib/python3.8/site-packages/airflow/example_dags/tutorial_taskflow_api_etl_virtualenv.py                                 0           0  0.21s           2025-02-14T14:11:31
/opt/conda/lib/python3.8/site-packages/airflow/example_dags/plugins/workday.py                                                      0           0  0.11s           2025-02-14T14:11:24
/opt/conda/lib/python3.8/site-packages/airflow/example_dags/subdags/subdag.py                                                       0           0  0.11s           2025-02-14T14:11:25
/opt/conda/lib/python3.8/site-packages/airflow/example_dags/tutorial.py                                                             1           0  0.21s           2025-02-14T14:11:14
/opt/conda/lib/python3.8/site-packages/airflow/example_dags/example_time_delta_sensor_async.py                                      1           0  0.31s           2025-02-14T14:11:15
/opt/conda/lib/python3.8/site-packages/airflow/example_dags/example_dag_decorator.py                                                1           0  0.31s           2025-02-14T14:11:17
/opt/conda/lib/python3.8/site-packages/airflow/example_dags/example_branch_labels.py                                                1           0  0.31s           2025-02-14T14:11:19
/opt/conda/lib/python3.8/site-packages/airflow/example_dags/example_branch_day_of_week_operator.py                                  1           0  0.31s           2025-02-14T14:11:21
/opt/conda/lib/python3.8/site-packages/airflow/example_dags/tutorial_etl_dag.py                                                     1           0  0.21s           2025-02-14T14:11:30
/opt/conda/lib/python3.8/site-packages/airflow/example_dags/example_branch_operator_decorator.py                                    1           0  0.31s           2025-02-14T14:11:32
/opt/conda/lib/python3.8/site-packages/airflow/example_dags/example_task_group_decorator.py                                         1           0  0.21s           2025-02-14T14:10:46
/opt/conda/lib/python3.8/site-packages/airflow/example_dags/example_bash_operator.py                                                1           0  0.21s           2025-02-14T14:10:46
/opt/conda/lib/python3.8/site-packages/airflow/example_dags/example_latest_only.py                                                  1           0  0.21s           2025-02-14T14:10:47
/opt/conda/lib/python3.8/site-packages/airflow/example_dags/example_xcom.py                                                         1           0  0.21s           2025-02-14T14:10:49
/opt/conda/lib/python3.8/site-packages/airflow/example_dags/example_python_operator.py                                              1           0  0.31s           2025-02-14T14:10:50
/opt/conda/lib/python3.8/site-packages/airflow/example_dags/example_branch_python_dop_operator_3.py                                 1           0  0.31s           2025-02-14T14:10:51
/opt/conda/lib/python3.8/site-packages/airflow/example_dags/example_trigger_controller_dag.py                                       1           0  0.21s           2025-02-14T14:10:52
/opt/conda/lib/python3.8/site-packages/airflow/example_dags/example_skip_dag.py                                                     1           0  0.21s           2025-02-14T14:10:55
/opt/conda/lib/python3.8/site-packages/airflow/example_dags/example_short_circuit_operator.py                                       1           0  0.21s           2025-02-14T14:10:56
/opt/conda/lib/python3.8/site-packages/airflow/example_dags/example_trigger_target_dag.py                                           1           0  0.31s           2025-02-14T14:10:58
/opt/conda/lib/python3.8/site-packages/airflow/example_dags/example_nested_branch_dag.py                                            1           0  0.21s           2025-02-14T14:10:59
/opt/conda/lib/python3.8/site-packages/airflow/example_dags/example_latest_only_with_trigger.py                                     1           0  0.21s           2025-02-14T14:11:00
/opt/conda/lib/python3.8/site-packages/airflow/example_dags/example_task_group.py                                                   1           0  0.21s           2025-02-14T14:11:02
/opt/conda/lib/python3.8/site-packages/airflow/example_dags/example_sla_dag.py                                                      1           0  0.21s           2025-02-14T14:11:06
/opt/conda/lib/python3.8/site-packages/airflow/example_dags/example_passing_params_via_test_command.py                              1           0  0.21s           2025-02-14T14:11:07
/opt/conda/lib/python3.8/site-packages/airflow/example_dags/example_complex.py                                                      1           0  0.21s           2025-02-14T14:11:09
/opt/conda/lib/python3.8/site-packages/airflow/example_dags/tutorial_taskflow_api_etl.py                                            1           0  0.31s           2025-02-14T14:11:22
/opt/conda/lib/python3.8/site-packages/airflow/example_dags/example_branch_operator.py                                              1           0  0.31s           2025-02-14T14:11:23
/opt/conda/lib/python3.8/site-packages/airflow/example_dags/example_branch_datetime_operator.py                                     2           0  0.21s           2025-02-14T14:11:01
/opt/conda/lib/python3.8/site-packages/airflow/example_dags/example_xcomargs.py                                                     2           0  0.21s           2025-02-14T14:11:04
/opt/conda/lib/python3.8/site-packages/airflow/example_dags/example_external_task_marker_dag.py                                     2           0  0.22s           2025-02-14T14:11:05
/opt/conda/lib/python3.8/site-packages/airflow/example_dags/example_subdag_operator.py                                              3           0  0.31s           2025-02-14T14:11:08
================================================================================
[2025-02-14 14:12:02,911] {manager.py:809} INFO - 
================================================================================
DAG File Processing Stats

File Path                                                                                                  PID    Runtime      # DAGs    # Errors  Last Runtime    Last Run
---------------------------------------------------------------------------------------------------------  -----  ---------  --------  ----------  --------------  -------------------
/home/airflow/dags/Lead_scoring_data_pipeline/constants.py                                                                          0           0  0.11s           2025-02-14T14:11:42
/home/airflow/dags/Lead_scoring_data_pipeline/lead_scoring_data_pipeline.py                                                         0           1  0.51s           2025-02-14T14:11:27
/home/airflow/dags/Lead_scoring_data_pipeline/.ipynb_checkpoints/constants-checkpoint.py                                            0           0  0.11s           2025-02-14T14:11:56
/home/airflow/dags/Lead_scoring_data_pipeline/.ipynb_checkpoints/lead_scoring_data_pipeline-checkpoint.py                           0           1  0.61s           2025-02-14T14:11:28
/opt/conda/lib/python3.8/site-packages/airflow/example_dags/example_kubernetes_executor.py                                          0           0  0.21s           2025-02-14T14:12:00
/opt/conda/lib/python3.8/site-packages/airflow/example_dags/example_local_kubernetes_executor.py                                    0           0  0.21s           2025-02-14T14:12:02
/opt/conda/lib/python3.8/site-packages/airflow/example_dags/tutorial_taskflow_api_etl_virtualenv.py                                 0           0  0.21s           2025-02-14T14:11:31
/opt/conda/lib/python3.8/site-packages/airflow/example_dags/plugins/workday.py                                                      0           0  0.11s           2025-02-14T14:11:24
/opt/conda/lib/python3.8/site-packages/airflow/example_dags/subdags/subdag.py                                                       0           0  0.11s           2025-02-14T14:11:25
/opt/conda/lib/python3.8/site-packages/airflow/example_dags/tutorial.py                                                             1           0  0.31s           2025-02-14T14:11:58
/opt/conda/lib/python3.8/site-packages/airflow/example_dags/example_time_delta_sensor_async.py                                      1           0  0.21s           2025-02-14T14:11:59
/opt/conda/lib/python3.8/site-packages/airflow/example_dags/example_dag_decorator.py                                                1           0  0.21s           2025-02-14T14:12:01
/opt/conda/lib/python3.8/site-packages/airflow/example_dags/example_branch_labels.py                                                1           0  0.31s           2025-02-14T14:11:19
/opt/conda/lib/python3.8/site-packages/airflow/example_dags/example_branch_day_of_week_operator.py                                  1           0  0.31s           2025-02-14T14:11:21
/opt/conda/lib/python3.8/site-packages/airflow/example_dags/tutorial_etl_dag.py                                                     1           0  0.21s           2025-02-14T14:11:30
/opt/conda/lib/python3.8/site-packages/airflow/example_dags/example_branch_operator_decorator.py                                    1           0  0.31s           2025-02-14T14:11:32
/opt/conda/lib/python3.8/site-packages/airflow/example_dags/example_task_group_decorator.py                                         1           0  0.31s           2025-02-14T14:11:33
/opt/conda/lib/python3.8/site-packages/airflow/example_dags/example_bash_operator.py                                                1           0  0.21s           2025-02-14T14:11:34
/opt/conda/lib/python3.8/site-packages/airflow/example_dags/example_latest_only.py                                                  1           0  0.21s           2025-02-14T14:11:36
/opt/conda/lib/python3.8/site-packages/airflow/example_dags/example_xcom.py                                                         1           0  0.31s           2025-02-14T14:11:37
/opt/conda/lib/python3.8/site-packages/airflow/example_dags/example_python_operator.py                                              1           0  0.21s           2025-02-14T14:11:37
/opt/conda/lib/python3.8/site-packages/airflow/example_dags/example_branch_python_dop_operator_3.py                                 1           0  0.21s           2025-02-14T14:11:39
/opt/conda/lib/python3.8/site-packages/airflow/example_dags/example_trigger_controller_dag.py                                       1           0  0.21s           2025-02-14T14:11:40
/opt/conda/lib/python3.8/site-packages/airflow/example_dags/example_skip_dag.py                                                     1           0  0.21s           2025-02-14T14:11:41
/opt/conda/lib/python3.8/site-packages/airflow/example_dags/example_short_circuit_operator.py                                       1           0  0.21s           2025-02-14T14:11:43
/opt/conda/lib/python3.8/site-packages/airflow/example_dags/example_trigger_target_dag.py                                           1           0  0.31s           2025-02-14T14:11:44
/opt/conda/lib/python3.8/site-packages/airflow/example_dags/example_nested_branch_dag.py                                            1           0  0.22s           2025-02-14T14:11:45
/opt/conda/lib/python3.8/site-packages/airflow/example_dags/example_latest_only_with_trigger.py                                     1           0  0.21s           2025-02-14T14:11:46
/opt/conda/lib/python3.8/site-packages/airflow/example_dags/example_task_group.py                                                   1           0  0.31s           2025-02-14T14:11:48
/opt/conda/lib/python3.8/site-packages/airflow/example_dags/example_sla_dag.py                                                      1           0  0.21s           2025-02-14T14:11:52
/opt/conda/lib/python3.8/site-packages/airflow/example_dags/example_passing_params_via_test_command.py                              1           0  0.21s           2025-02-14T14:11:53
/opt/conda/lib/python3.8/site-packages/airflow/example_dags/example_complex.py                                                      1           0  0.21s           2025-02-14T14:11:55
/opt/conda/lib/python3.8/site-packages/airflow/example_dags/tutorial_taskflow_api_etl.py                                            1           0  0.31s           2025-02-14T14:11:22
/opt/conda/lib/python3.8/site-packages/airflow/example_dags/example_branch_operator.py                                              1           0  0.31s           2025-02-14T14:11:23
/opt/conda/lib/python3.8/site-packages/airflow/example_dags/example_branch_datetime_operator.py                                     2           0  0.21s           2025-02-14T14:11:47
/opt/conda/lib/python3.8/site-packages/airflow/example_dags/example_xcomargs.py                                                     2           0  0.31s           2025-02-14T14:11:49
/opt/conda/lib/python3.8/site-packages/airflow/example_dags/example_external_task_marker_dag.py                                     2           0  0.22s           2025-02-14T14:11:51
/opt/conda/lib/python3.8/site-packages/airflow/example_dags/example_subdag_operator.py                                              3           0  0.31s           2025-02-14T14:11:54
================================================================================
[2025-02-14 14:12:33,014] {manager.py:809} INFO - 
================================================================================
DAG File Processing Stats

File Path                                                                                                  PID    Runtime      # DAGs    # Errors  Last Runtime    Last Run
---------------------------------------------------------------------------------------------------------  -----  ---------  --------  ----------  --------------  -------------------
/home/airflow/dags/Lead_scoring_data_pipeline/constants.py                                                                          0           0  0.11s           2025-02-14T14:12:22
/home/airflow/dags/Lead_scoring_data_pipeline/lead_scoring_data_pipeline.py                                                         0           1  0.51s           2025-02-14T14:12:10
/home/airflow/dags/Lead_scoring_data_pipeline/.ipynb_checkpoints/constants-checkpoint.py                                            0           0  0.11s           2025-02-14T14:11:56
/home/airflow/dags/Lead_scoring_data_pipeline/.ipynb_checkpoints/lead_scoring_data_pipeline-checkpoint.py                           0           1  0.51s           2025-02-14T14:12:12
/opt/conda/lib/python3.8/site-packages/airflow/example_dags/example_kubernetes_executor.py                                          0           0  0.21s           2025-02-14T14:12:00
/opt/conda/lib/python3.8/site-packages/airflow/example_dags/example_local_kubernetes_executor.py                                    0           0  0.21s           2025-02-14T14:12:02
/opt/conda/lib/python3.8/site-packages/airflow/example_dags/tutorial_taskflow_api_etl_virtualenv.py                                 0           0  0.21s           2025-02-14T14:12:14
/opt/conda/lib/python3.8/site-packages/airflow/example_dags/plugins/workday.py                                                      0           0  0.11s           2025-02-14T14:12:08
/opt/conda/lib/python3.8/site-packages/airflow/example_dags/subdags/subdag.py                                                       0           0  0.11s           2025-02-14T14:12:09
/opt/conda/lib/python3.8/site-packages/airflow/example_dags/tutorial.py                                                             1           0  0.31s           2025-02-14T14:11:58
/opt/conda/lib/python3.8/site-packages/airflow/example_dags/example_time_delta_sensor_async.py                                      1           0  0.21s           2025-02-14T14:11:59
/opt/conda/lib/python3.8/site-packages/airflow/example_dags/example_dag_decorator.py                                                1           0  0.21s           2025-02-14T14:12:01
/opt/conda/lib/python3.8/site-packages/airflow/example_dags/example_branch_labels.py                                                1           0  0.21s           2025-02-14T14:12:04
/opt/conda/lib/python3.8/site-packages/airflow/example_dags/example_branch_day_of_week_operator.py                                  1           0  0.21s           2025-02-14T14:12:04
/opt/conda/lib/python3.8/site-packages/airflow/example_dags/tutorial_etl_dag.py                                                     1           0  0.21s           2025-02-14T14:12:13
/opt/conda/lib/python3.8/site-packages/airflow/example_dags/example_branch_operator_decorator.py                                    1           0  0.21s           2025-02-14T14:12:14
/opt/conda/lib/python3.8/site-packages/airflow/example_dags/example_task_group_decorator.py                                         1           0  0.31s           2025-02-14T14:12:16
/opt/conda/lib/python3.8/site-packages/airflow/example_dags/example_bash_operator.py                                                1           0  0.21s           2025-02-14T14:12:17
/opt/conda/lib/python3.8/site-packages/airflow/example_dags/example_latest_only.py                                                  1           0  0.31s           2025-02-14T14:12:18
/opt/conda/lib/python3.8/site-packages/airflow/example_dags/example_xcom.py                                                         1           0  0.31s           2025-02-14T14:12:19
/opt/conda/lib/python3.8/site-packages/airflow/example_dags/example_python_operator.py                                              1           0  0.31s           2025-02-14T14:12:20
/opt/conda/lib/python3.8/site-packages/airflow/example_dags/example_branch_python_dop_operator_3.py                                 1           0  0.21s           2025-02-14T14:12:21
/opt/conda/lib/python3.8/site-packages/airflow/example_dags/example_trigger_controller_dag.py                                       1           0  0.31s           2025-02-14T14:12:23
/opt/conda/lib/python3.8/site-packages/airflow/example_dags/example_skip_dag.py                                                     1           0  0.22s           2025-02-14T14:12:25
/opt/conda/lib/python3.8/site-packages/airflow/example_dags/example_short_circuit_operator.py                                       1           0  0.21s           2025-02-14T14:12:26
/opt/conda/lib/python3.8/site-packages/airflow/example_dags/example_trigger_target_dag.py                                           1           0  0.22s           2025-02-14T14:12:27
/opt/conda/lib/python3.8/site-packages/airflow/example_dags/example_nested_branch_dag.py                                            1           0  0.41s           2025-02-14T14:12:29
/opt/conda/lib/python3.8/site-packages/airflow/example_dags/example_latest_only_with_trigger.py                                     1           0  0.21s           2025-02-14T14:12:30
/opt/conda/lib/python3.8/site-packages/airflow/example_dags/example_task_group.py                                                   1           0  0.21s           2025-02-14T14:12:32
/opt/conda/lib/python3.8/site-packages/airflow/example_dags/example_sla_dag.py                                                      1           0  0.21s           2025-02-14T14:11:52
/opt/conda/lib/python3.8/site-packages/airflow/example_dags/example_passing_params_via_test_command.py                              1           0  0.21s           2025-02-14T14:11:53
/opt/conda/lib/python3.8/site-packages/airflow/example_dags/example_complex.py                                                      1           0  0.21s           2025-02-14T14:11:55
/opt/conda/lib/python3.8/site-packages/airflow/example_dags/tutorial_taskflow_api_etl.py                                            1           0  0.21s           2025-02-14T14:12:05
/opt/conda/lib/python3.8/site-packages/airflow/example_dags/example_branch_operator.py                                              1           0  0.21s           2025-02-14T14:12:07
/opt/conda/lib/python3.8/site-packages/airflow/example_dags/example_branch_datetime_operator.py                                     2           0  0.21s           2025-02-14T14:12:31
/opt/conda/lib/python3.8/site-packages/airflow/example_dags/example_xcomargs.py                                                     2           0  0.31s           2025-02-14T14:11:49
/opt/conda/lib/python3.8/site-packages/airflow/example_dags/example_external_task_marker_dag.py                                     2           0  0.22s           2025-02-14T14:11:51
/opt/conda/lib/python3.8/site-packages/airflow/example_dags/example_subdag_operator.py                                              3           0  0.31s           2025-02-14T14:11:54
================================================================================
[2025-02-14 14:13:03,382] {manager.py:809} INFO - 
================================================================================
DAG File Processing Stats

File Path                                                                                                  PID    Runtime      # DAGs    # Errors  Last Runtime    Last Run
---------------------------------------------------------------------------------------------------------  -----  ---------  --------  ----------  --------------  -------------------
/home/airflow/dags/Lead_scoring_data_pipeline/constants.py                                                                          0           0  0.11s           2025-02-14T14:13:02
/home/airflow/dags/Lead_scoring_data_pipeline/lead_scoring_data_pipeline.py                                                         0           1  0.71s           2025-02-14T14:12:49
/home/airflow/dags/Lead_scoring_data_pipeline/.ipynb_checkpoints/constants-checkpoint.py                                            0           0  0.11s           2025-02-14T14:12:35
/home/airflow/dags/Lead_scoring_data_pipeline/.ipynb_checkpoints/lead_scoring_data_pipeline-checkpoint.py                           0           1  0.51s           2025-02-14T14:12:50
/opt/conda/lib/python3.8/site-packages/airflow/example_dags/example_kubernetes_executor.py                                          0           0  0.21s           2025-02-14T14:12:38
/opt/conda/lib/python3.8/site-packages/airflow/example_dags/example_local_kubernetes_executor.py                                    0           0  0.21s           2025-02-14T14:12:40
/opt/conda/lib/python3.8/site-packages/airflow/example_dags/tutorial_taskflow_api_etl_virtualenv.py                                 0           0  0.31s           2025-02-14T14:12:52
/opt/conda/lib/python3.8/site-packages/airflow/example_dags/plugins/workday.py                                                      0           0  0.11s           2025-02-14T14:13:00
/opt/conda/lib/python3.8/site-packages/airflow/example_dags/subdags/subdag.py                                                       0           0  0.11s           2025-02-14T14:13:01
/opt/conda/lib/python3.8/site-packages/airflow/example_dags/tutorial.py                                                             1           0  0.21s           2025-02-14T14:12:35
/opt/conda/lib/python3.8/site-packages/airflow/example_dags/example_time_delta_sensor_async.py                                      1           0  0.31s           2025-02-14T14:12:37
/opt/conda/lib/python3.8/site-packages/airflow/example_dags/example_dag_decorator.py                                                1           0  0.21s           2025-02-14T14:12:39
/opt/conda/lib/python3.8/site-packages/airflow/example_dags/example_branch_labels.py                                                1           0  0.21s           2025-02-14T14:12:42
/opt/conda/lib/python3.8/site-packages/airflow/example_dags/example_branch_day_of_week_operator.py                                  1           0  0.21s           2025-02-14T14:12:43
/opt/conda/lib/python3.8/site-packages/airflow/example_dags/tutorial_etl_dag.py                                                     1           0  0.21s           2025-02-14T14:12:51
/opt/conda/lib/python3.8/site-packages/airflow/example_dags/example_branch_operator_decorator.py                                    1           0  0.31s           2025-02-14T14:12:54
/opt/conda/lib/python3.8/site-packages/airflow/example_dags/example_task_group_decorator.py                                         1           0  0.21s           2025-02-14T14:12:55
/opt/conda/lib/python3.8/site-packages/airflow/example_dags/example_bash_operator.py                                                1           0  0.21s           2025-02-14T14:12:55
/opt/conda/lib/python3.8/site-packages/airflow/example_dags/example_latest_only.py                                                  1           0  0.21s           2025-02-14T14:12:56
/opt/conda/lib/python3.8/site-packages/airflow/example_dags/example_xcom.py                                                         1           0  0.21s           2025-02-14T14:13:03
/opt/conda/lib/python3.8/site-packages/airflow/example_dags/example_python_operator.py                                              1           0  0.31s           2025-02-14T14:12:20
/opt/conda/lib/python3.8/site-packages/airflow/example_dags/example_branch_python_dop_operator_3.py                                 1           0  0.21s           2025-02-14T14:12:21
/opt/conda/lib/python3.8/site-packages/airflow/example_dags/example_trigger_controller_dag.py                                       1           0  0.31s           2025-02-14T14:12:23
/opt/conda/lib/python3.8/site-packages/airflow/example_dags/example_skip_dag.py                                                     1           0  0.22s           2025-02-14T14:12:25
/opt/conda/lib/python3.8/site-packages/airflow/example_dags/example_short_circuit_operator.py                                       1           0  0.21s           2025-02-14T14:12:26
/opt/conda/lib/python3.8/site-packages/airflow/example_dags/example_trigger_target_dag.py                                           1           0  0.22s           2025-02-14T14:12:27
/opt/conda/lib/python3.8/site-packages/airflow/example_dags/example_nested_branch_dag.py                                            1           0  0.41s           2025-02-14T14:12:29
/opt/conda/lib/python3.8/site-packages/airflow/example_dags/example_latest_only_with_trigger.py                                     1           0  0.21s           2025-02-14T14:12:30
/opt/conda/lib/python3.8/site-packages/airflow/example_dags/example_task_group.py                                                   1           0  0.21s           2025-02-14T14:12:32
/opt/conda/lib/python3.8/site-packages/airflow/example_dags/example_sla_dag.py                                                      1           0  0.21s           2025-02-14T14:12:44
/opt/conda/lib/python3.8/site-packages/airflow/example_dags/example_passing_params_via_test_command.py                              1           0  0.31s           2025-02-14T14:12:45
/opt/conda/lib/python3.8/site-packages/airflow/example_dags/example_complex.py                                                      1           0  0.21s           2025-02-14T14:12:47
/opt/conda/lib/python3.8/site-packages/airflow/example_dags/tutorial_taskflow_api_etl.py                                            1           0  0.21s           2025-02-14T14:12:58
/opt/conda/lib/python3.8/site-packages/airflow/example_dags/example_branch_operator.py                                              1           0  0.21s           2025-02-14T14:12:59
/opt/conda/lib/python3.8/site-packages/airflow/example_dags/example_branch_datetime_operator.py                                     2           0  0.21s           2025-02-14T14:12:31
/opt/conda/lib/python3.8/site-packages/airflow/example_dags/example_xcomargs.py                                                     2           0  0.21s           2025-02-14T14:12:33
/opt/conda/lib/python3.8/site-packages/airflow/example_dags/example_external_task_marker_dag.py                                     2           0  0.21s           2025-02-14T14:12:34
/opt/conda/lib/python3.8/site-packages/airflow/example_dags/example_subdag_operator.py                                              3           0  0.31s           2025-02-14T14:12:46
================================================================================
[2025-02-14 14:13:34,551] {manager.py:809} INFO - 
================================================================================
DAG File Processing Stats

File Path                                                                                                  PID    Runtime      # DAGs    # Errors  Last Runtime    Last Run
---------------------------------------------------------------------------------------------------------  -----  ---------  --------  ----------  --------------  -------------------
/home/airflow/dags/Lead_scoring_data_pipeline/constants.py                                                                          0           0  0.11s           2025-02-14T14:13:02
/home/airflow/dags/Lead_scoring_data_pipeline/lead_scoring_data_pipeline.py                                                         0           1  0.51s           2025-02-14T14:13:15
/home/airflow/dags/Lead_scoring_data_pipeline/.ipynb_checkpoints/constants-checkpoint.py                                            0           0  0.11s           2025-02-14T14:13:17
/home/airflow/dags/Lead_scoring_data_pipeline/.ipynb_checkpoints/lead_scoring_data_pipeline-checkpoint.py                           0           1  0.51s           2025-02-14T14:13:16
/opt/conda/lib/python3.8/site-packages/airflow/example_dags/example_kubernetes_executor.py                                          0           0  0.21s           2025-02-14T14:13:21
/opt/conda/lib/python3.8/site-packages/airflow/example_dags/example_local_kubernetes_executor.py                                    0           0  0.21s           2025-02-14T14:13:22
/opt/conda/lib/python3.8/site-packages/airflow/example_dags/tutorial_taskflow_api_etl_virtualenv.py                                 0           0  0.21s           2025-02-14T14:13:32
/opt/conda/lib/python3.8/site-packages/airflow/example_dags/plugins/workday.py                                                      0           0  0.11s           2025-02-14T14:13:00
/opt/conda/lib/python3.8/site-packages/airflow/example_dags/subdags/subdag.py                                                       0           0  0.11s           2025-02-14T14:13:01
/opt/conda/lib/python3.8/site-packages/airflow/example_dags/tutorial.py                                                             1           0  0.21s           2025-02-14T14:13:18
/opt/conda/lib/python3.8/site-packages/airflow/example_dags/example_time_delta_sensor_async.py                                      1           0  0.31s           2025-02-14T14:13:19
/opt/conda/lib/python3.8/site-packages/airflow/example_dags/example_dag_decorator.py                                                1           0  0.21s           2025-02-14T14:13:22
/opt/conda/lib/python3.8/site-packages/airflow/example_dags/example_branch_labels.py                                                1           0  0.21s           2025-02-14T14:13:24
/opt/conda/lib/python3.8/site-packages/airflow/example_dags/example_branch_day_of_week_operator.py                                  1           0  0.21s           2025-02-14T14:13:25
/opt/conda/lib/python3.8/site-packages/airflow/example_dags/tutorial_etl_dag.py                                                     1           0  0.21s           2025-02-14T14:13:30
/opt/conda/lib/python3.8/site-packages/airflow/example_dags/example_branch_operator_decorator.py                                    1           0  0.21s           2025-02-14T14:13:33
/opt/conda/lib/python3.8/site-packages/airflow/example_dags/example_task_group_decorator.py                                         1           0  0.21s           2025-02-14T14:13:34
/opt/conda/lib/python3.8/site-packages/airflow/example_dags/example_bash_operator.py                                                1           0  0.21s           2025-02-14T14:12:55
/opt/conda/lib/python3.8/site-packages/airflow/example_dags/example_latest_only.py                                                  1           0  0.21s           2025-02-14T14:12:56
/opt/conda/lib/python3.8/site-packages/airflow/example_dags/example_xcom.py                                                         1           0  0.21s           2025-02-14T14:13:03
/opt/conda/lib/python3.8/site-packages/airflow/example_dags/example_python_operator.py                                              1           0  0.21s           2025-02-14T14:13:04
/opt/conda/lib/python3.8/site-packages/airflow/example_dags/example_branch_python_dop_operator_3.py                                 1           0  0.21s           2025-02-14T14:13:05
/opt/conda/lib/python3.8/site-packages/airflow/example_dags/example_trigger_controller_dag.py                                       1           0  0.31s           2025-02-14T14:13:06
/opt/conda/lib/python3.8/site-packages/airflow/example_dags/example_skip_dag.py                                                     1           0  0.21s           2025-02-14T14:13:07
/opt/conda/lib/python3.8/site-packages/airflow/example_dags/example_short_circuit_operator.py                                       1           0  0.21s           2025-02-14T14:13:08
/opt/conda/lib/python3.8/site-packages/airflow/example_dags/example_trigger_target_dag.py                                           1           0  0.21s           2025-02-14T14:13:09
/opt/conda/lib/python3.8/site-packages/airflow/example_dags/example_nested_branch_dag.py                                            1           0  0.21s           2025-02-14T14:13:11
/opt/conda/lib/python3.8/site-packages/airflow/example_dags/example_latest_only_with_trigger.py                                     1           0  0.21s           2025-02-14T14:13:12
/opt/conda/lib/python3.8/site-packages/airflow/example_dags/example_task_group.py                                                   1           0  0.21s           2025-02-14T14:13:26
/opt/conda/lib/python3.8/site-packages/airflow/example_dags/example_sla_dag.py                                                      1           0  0.21s           2025-02-14T14:13:29
/opt/conda/lib/python3.8/site-packages/airflow/example_dags/example_passing_params_via_test_command.py                              1           0  0.31s           2025-02-14T14:12:45
/opt/conda/lib/python3.8/site-packages/airflow/example_dags/example_complex.py                                                      1           0  0.21s           2025-02-14T14:12:47
/opt/conda/lib/python3.8/site-packages/airflow/example_dags/tutorial_taskflow_api_etl.py                                            1           0  0.21s           2025-02-14T14:12:58
/opt/conda/lib/python3.8/site-packages/airflow/example_dags/example_branch_operator.py                                              1           0  0.21s           2025-02-14T14:12:59
/opt/conda/lib/python3.8/site-packages/airflow/example_dags/example_branch_datetime_operator.py                                     2           0  0.21s           2025-02-14T14:13:13
/opt/conda/lib/python3.8/site-packages/airflow/example_dags/example_xcomargs.py                                                     2           0  0.22s           2025-02-14T14:13:27
/opt/conda/lib/python3.8/site-packages/airflow/example_dags/example_external_task_marker_dag.py                                     2           0  0.21s           2025-02-14T14:13:28
/opt/conda/lib/python3.8/site-packages/airflow/example_dags/example_subdag_operator.py                                              3           0  0.31s           2025-02-14T14:12:46
================================================================================
[2025-02-14 14:13:59,842] {manager.py:690} INFO - Searching for files in /home/airflow/dags
[2025-02-14 14:13:59,871] {manager.py:693} INFO - There are 38 files in /home/airflow/dags
[2025-02-14 14:14:04,892] {manager.py:809} INFO - 
================================================================================
DAG File Processing Stats

File Path                                                                                                  PID    Runtime      # DAGs    # Errors  Last Runtime    Last Run
---------------------------------------------------------------------------------------------------------  -----  ---------  --------  ----------  --------------  -------------------
/home/airflow/dags/Lead_scoring_data_pipeline/constants.py                                                                          0           0  0.11s           2025-02-14T14:13:43
/home/airflow/dags/Lead_scoring_data_pipeline/lead_scoring_data_pipeline.py                                                         0           1  0.51s           2025-02-14T14:13:58
/home/airflow/dags/Lead_scoring_data_pipeline/.ipynb_checkpoints/constants-checkpoint.py                                            0           0  0.11s           2025-02-14T14:14:00
/home/airflow/dags/Lead_scoring_data_pipeline/.ipynb_checkpoints/lead_scoring_data_pipeline-checkpoint.py                           0           1  0.51s           2025-02-14T14:13:59
/opt/conda/lib/python3.8/site-packages/airflow/example_dags/example_kubernetes_executor.py                                          0           0  0.11s           2025-02-14T14:14:03
/opt/conda/lib/python3.8/site-packages/airflow/example_dags/example_local_kubernetes_executor.py                                    0           0  0.21s           2025-02-14T14:13:22
/opt/conda/lib/python3.8/site-packages/airflow/example_dags/tutorial_taskflow_api_etl_virtualenv.py                                 0           0  0.21s           2025-02-14T14:13:32
/opt/conda/lib/python3.8/site-packages/airflow/example_dags/plugins/workday.py                                                      0           0  0.11s           2025-02-14T14:13:55
/opt/conda/lib/python3.8/site-packages/airflow/example_dags/subdags/subdag.py                                                       0           0  0.11s           2025-02-14T14:13:56
/opt/conda/lib/python3.8/site-packages/airflow/example_dags/tutorial.py                                                             1           0  0.11s           2025-02-14T14:14:01
/opt/conda/lib/python3.8/site-packages/airflow/example_dags/example_time_delta_sensor_async.py                                      1           0  0.11s           2025-02-14T14:14:02
/opt/conda/lib/python3.8/site-packages/airflow/example_dags/example_dag_decorator.py                                                1           0  0.21s           2025-02-14T14:14:04
/opt/conda/lib/python3.8/site-packages/airflow/example_dags/example_branch_labels.py                                                1           0  0.21s           2025-02-14T14:13:24
/opt/conda/lib/python3.8/site-packages/airflow/example_dags/example_branch_day_of_week_operator.py                                  1           0  0.21s           2025-02-14T14:13:25
/opt/conda/lib/python3.8/site-packages/airflow/example_dags/tutorial_etl_dag.py                                                     1           0  0.21s           2025-02-14T14:13:30
/opt/conda/lib/python3.8/site-packages/airflow/example_dags/example_branch_operator_decorator.py                                    1           0  0.21s           2025-02-14T14:13:33
/opt/conda/lib/python3.8/site-packages/airflow/example_dags/example_task_group_decorator.py                                         1           0  0.21s           2025-02-14T14:13:34
/opt/conda/lib/python3.8/site-packages/airflow/example_dags/example_bash_operator.py                                                1           0  0.21s           2025-02-14T14:13:35
/opt/conda/lib/python3.8/site-packages/airflow/example_dags/example_latest_only.py                                                  1           0  0.21s           2025-02-14T14:13:36
/opt/conda/lib/python3.8/site-packages/airflow/example_dags/example_xcom.py                                                         1           0  0.21s           2025-02-14T14:13:44
/opt/conda/lib/python3.8/site-packages/airflow/example_dags/example_python_operator.py                                              1           0  0.21s           2025-02-14T14:13:46
/opt/conda/lib/python3.8/site-packages/airflow/example_dags/example_branch_python_dop_operator_3.py                                 1           0  0.21s           2025-02-14T14:13:47
/opt/conda/lib/python3.8/site-packages/airflow/example_dags/example_trigger_controller_dag.py                                       1           0  0.21s           2025-02-14T14:13:48
/opt/conda/lib/python3.8/site-packages/airflow/example_dags/example_skip_dag.py                                                     1           0  0.31s           2025-02-14T14:13:50
/opt/conda/lib/python3.8/site-packages/airflow/example_dags/example_short_circuit_operator.py                                       1           0  0.31s           2025-02-14T14:13:50
/opt/conda/lib/python3.8/site-packages/airflow/example_dags/example_trigger_target_dag.py                                           1           0  0.41s           2025-02-14T14:13:52
/opt/conda/lib/python3.8/site-packages/airflow/example_dags/example_nested_branch_dag.py                                            1           0  0.21s           2025-02-14T14:13:53
/opt/conda/lib/python3.8/site-packages/airflow/example_dags/example_latest_only_with_trigger.py                                     1           0  0.31s           2025-02-14T14:13:54
/opt/conda/lib/python3.8/site-packages/airflow/example_dags/example_task_group.py                                                   1           0  0.21s           2025-02-14T14:13:26
/opt/conda/lib/python3.8/site-packages/airflow/example_dags/example_sla_dag.py                                                      1           0  0.21s           2025-02-14T14:13:29
/opt/conda/lib/python3.8/site-packages/airflow/example_dags/example_passing_params_via_test_command.py                              1           0  0.21s           2025-02-14T14:13:37
/opt/conda/lib/python3.8/site-packages/airflow/example_dags/example_complex.py                                                      1           0  0.31s           2025-02-14T14:13:40
/opt/conda/lib/python3.8/site-packages/airflow/example_dags/tutorial_taskflow_api_etl.py                                            1           0  0.21s           2025-02-14T14:13:41
/opt/conda/lib/python3.8/site-packages/airflow/example_dags/example_branch_operator.py                                              1           0  0.21s           2025-02-14T14:13:42
/opt/conda/lib/python3.8/site-packages/airflow/example_dags/example_branch_datetime_operator.py                                     2           0  0.21s           2025-02-14T14:13:13
/opt/conda/lib/python3.8/site-packages/airflow/example_dags/example_xcomargs.py                                                     2           0  0.22s           2025-02-14T14:13:27
/opt/conda/lib/python3.8/site-packages/airflow/example_dags/example_external_task_marker_dag.py                                     2           0  0.21s           2025-02-14T14:13:28
/opt/conda/lib/python3.8/site-packages/airflow/example_dags/example_subdag_operator.py                                              3           0  0.31s           2025-02-14T14:13:38
================================================================================
[2025-02-14 14:14:35,608] {manager.py:809} INFO - 
================================================================================
DAG File Processing Stats

File Path                                                                                                  PID    Runtime      # DAGs    # Errors  Last Runtime    Last Run
---------------------------------------------------------------------------------------------------------  -----  ---------  --------  ----------  --------------  -------------------
/home/airflow/dags/Lead_scoring_data_pipeline/constants.py                                                                          0           0  0.11s           2025-02-14T14:14:24
/home/airflow/dags/Lead_scoring_data_pipeline/lead_scoring_data_pipeline.py                                                         0           1  0.51s           2025-02-14T14:13:58
/home/airflow/dags/Lead_scoring_data_pipeline/.ipynb_checkpoints/constants-checkpoint.py                                            0           0  0.11s           2025-02-14T14:14:00
/home/airflow/dags/Lead_scoring_data_pipeline/.ipynb_checkpoints/lead_scoring_data_pipeline-checkpoint.py                           0           1  0.51s           2025-02-14T14:13:59
/opt/conda/lib/python3.8/site-packages/airflow/example_dags/example_kubernetes_executor.py                                          0           0  0.11s           2025-02-14T14:14:03
/opt/conda/lib/python3.8/site-packages/airflow/example_dags/example_local_kubernetes_executor.py                                    0           0  0.11s           2025-02-14T14:14:05
/opt/conda/lib/python3.8/site-packages/airflow/example_dags/tutorial_taskflow_api_etl_virtualenv.py                                 0           0  0.21s           2025-02-14T14:14:13
/opt/conda/lib/python3.8/site-packages/airflow/example_dags/plugins/workday.py                                                      0           0  0.11s           2025-02-14T14:13:55
/opt/conda/lib/python3.8/site-packages/airflow/example_dags/subdags/subdag.py                                                       0           0  0.11s           2025-02-14T14:13:56
/opt/conda/lib/python3.8/site-packages/airflow/example_dags/tutorial.py                                                             1           0  0.11s           2025-02-14T14:14:01
/opt/conda/lib/python3.8/site-packages/airflow/example_dags/example_time_delta_sensor_async.py                                      1           0  0.11s           2025-02-14T14:14:02
/opt/conda/lib/python3.8/site-packages/airflow/example_dags/example_dag_decorator.py                                                1           0  0.21s           2025-02-14T14:14:04
/opt/conda/lib/python3.8/site-packages/airflow/example_dags/example_branch_labels.py                                                1           0  0.11s           2025-02-14T14:14:06
/opt/conda/lib/python3.8/site-packages/airflow/example_dags/example_branch_day_of_week_operator.py                                  1           0  0.22s           2025-02-14T14:14:08
/opt/conda/lib/python3.8/site-packages/airflow/example_dags/tutorial_etl_dag.py                                                     1           0  0.11s           2025-02-14T14:14:12
/opt/conda/lib/python3.8/site-packages/airflow/example_dags/example_branch_operator_decorator.py                                    1           0  0.21s           2025-02-14T14:14:15
/opt/conda/lib/python3.8/site-packages/airflow/example_dags/example_task_group_decorator.py                                         1           0  0.21s           2025-02-14T14:14:15
/opt/conda/lib/python3.8/site-packages/airflow/example_dags/example_bash_operator.py                                                1           0  0.11s           2025-02-14T14:14:16
/opt/conda/lib/python3.8/site-packages/airflow/example_dags/example_latest_only.py                                                  1           0  0.31s           2025-02-14T14:14:17
/opt/conda/lib/python3.8/site-packages/airflow/example_dags/example_xcom.py                                                         1           0  0.21s           2025-02-14T14:14:25
/opt/conda/lib/python3.8/site-packages/airflow/example_dags/example_python_operator.py                                              1           0  0.11s           2025-02-14T14:14:26
/opt/conda/lib/python3.8/site-packages/airflow/example_dags/example_branch_python_dop_operator_3.py                                 1           0  0.11s           2025-02-14T14:14:28
/opt/conda/lib/python3.8/site-packages/airflow/example_dags/example_trigger_controller_dag.py                                       1           0  0.11s           2025-02-14T14:14:28
/opt/conda/lib/python3.8/site-packages/airflow/example_dags/example_skip_dag.py                                                     1           0  0.31s           2025-02-14T14:14:29
/opt/conda/lib/python3.8/site-packages/airflow/example_dags/example_short_circuit_operator.py                                       1           0  0.11s           2025-02-14T14:14:30
/opt/conda/lib/python3.8/site-packages/airflow/example_dags/example_trigger_target_dag.py                                           1           0  0.11s           2025-02-14T14:14:32
/opt/conda/lib/python3.8/site-packages/airflow/example_dags/example_nested_branch_dag.py                                            1           0  0.11s           2025-02-14T14:14:33
/opt/conda/lib/python3.8/site-packages/airflow/example_dags/example_latest_only_with_trigger.py                                     1           0  0.11s           2025-02-14T14:14:34
/opt/conda/lib/python3.8/site-packages/airflow/example_dags/example_task_group.py                                                   1           0  0.11s           2025-02-14T14:14:10
/opt/conda/lib/python3.8/site-packages/airflow/example_dags/example_sla_dag.py                                                      1           0  0.11s           2025-02-14T14:14:19
/opt/conda/lib/python3.8/site-packages/airflow/example_dags/example_passing_params_via_test_command.py                              1           0  0.21s           2025-02-14T14:14:20
/opt/conda/lib/python3.8/site-packages/airflow/example_dags/example_complex.py                                                      1           0  0.11s           2025-02-14T14:14:22
/opt/conda/lib/python3.8/site-packages/airflow/example_dags/tutorial_taskflow_api_etl.py                                            1           0  0.12s           2025-02-14T14:14:23
/opt/conda/lib/python3.8/site-packages/airflow/example_dags/example_branch_operator.py                                              1           0  0.11s           2025-02-14T14:14:35
/opt/conda/lib/python3.8/site-packages/airflow/example_dags/example_branch_datetime_operator.py                                     2           0  0.11s           2025-02-14T14:14:09
/opt/conda/lib/python3.8/site-packages/airflow/example_dags/example_xcomargs.py                                                     2           0  0.21s           2025-02-14T14:14:11
/opt/conda/lib/python3.8/site-packages/airflow/example_dags/example_external_task_marker_dag.py                                     2           0  0.11s           2025-02-14T14:14:18
/opt/conda/lib/python3.8/site-packages/airflow/example_dags/example_subdag_operator.py                                              3           0  0.11s           2025-02-14T14:14:20
================================================================================
[2025-02-14 14:15:05,846] {manager.py:809} INFO - 
================================================================================
DAG File Processing Stats

File Path                                                                                                  PID    Runtime      # DAGs    # Errors  Last Runtime    Last Run
---------------------------------------------------------------------------------------------------------  -----  ---------  --------  ----------  --------------  -------------------
/home/airflow/dags/Lead_scoring_data_pipeline/constants.py                                                                          0           0  0.11s           2025-02-14T14:14:57
/home/airflow/dags/Lead_scoring_data_pipeline/lead_scoring_data_pipeline.py                                                         0           1  0.41s           2025-02-14T14:14:36
/home/airflow/dags/Lead_scoring_data_pipeline/.ipynb_checkpoints/constants-checkpoint.py                                            0           0  0.11s           2025-02-14T14:14:38
/home/airflow/dags/Lead_scoring_data_pipeline/.ipynb_checkpoints/lead_scoring_data_pipeline-checkpoint.py                           0           1  0.41s           2025-02-14T14:14:37
/opt/conda/lib/python3.8/site-packages/airflow/example_dags/example_kubernetes_executor.py                                          0           0  0.11s           2025-02-14T14:14:41
/opt/conda/lib/python3.8/site-packages/airflow/example_dags/example_local_kubernetes_executor.py                                    0           0  0.11s           2025-02-14T14:14:44
/opt/conda/lib/python3.8/site-packages/airflow/example_dags/tutorial_taskflow_api_etl_virtualenv.py                                 0           0  0.11s           2025-02-14T14:14:50
/opt/conda/lib/python3.8/site-packages/airflow/example_dags/plugins/workday.py                                                      0           0  0.11s           2025-02-14T14:14:45
/opt/conda/lib/python3.8/site-packages/airflow/example_dags/subdags/subdag.py                                                       0           0  0.11s           2025-02-14T14:14:46
/opt/conda/lib/python3.8/site-packages/airflow/example_dags/tutorial.py                                                             1           0  0.11s           2025-02-14T14:14:39
/opt/conda/lib/python3.8/site-packages/airflow/example_dags/example_time_delta_sensor_async.py                                      1           0  0.11s           2025-02-14T14:14:41
/opt/conda/lib/python3.8/site-packages/airflow/example_dags/example_dag_decorator.py                                                1           0  0.21s           2025-02-14T14:14:42
/opt/conda/lib/python3.8/site-packages/airflow/example_dags/example_branch_labels.py                                                1           0  0.11s           2025-02-14T14:14:46
/opt/conda/lib/python3.8/site-packages/airflow/example_dags/example_branch_day_of_week_operator.py                                  1           0  0.11s           2025-02-14T14:14:47
/opt/conda/lib/python3.8/site-packages/airflow/example_dags/tutorial_etl_dag.py                                                     1           0  0.11s           2025-02-14T14:14:48
/opt/conda/lib/python3.8/site-packages/airflow/example_dags/example_branch_operator_decorator.py                                    1           0  0.11s           2025-02-14T14:14:51
/opt/conda/lib/python3.8/site-packages/airflow/example_dags/example_task_group_decorator.py                                         1           0  0.31s           2025-02-14T14:14:51
/opt/conda/lib/python3.8/site-packages/airflow/example_dags/example_bash_operator.py                                                1           0  0.21s           2025-02-14T14:14:53
/opt/conda/lib/python3.8/site-packages/airflow/example_dags/example_latest_only.py                                                  1           0  0.11s           2025-02-14T14:14:58
/opt/conda/lib/python3.8/site-packages/airflow/example_dags/example_xcom.py                                                         1           0  0.21s           2025-02-14T14:14:59
/opt/conda/lib/python3.8/site-packages/airflow/example_dags/example_python_operator.py                                              1           0  0.11s           2025-02-14T14:14:26
/opt/conda/lib/python3.8/site-packages/airflow/example_dags/example_branch_python_dop_operator_3.py                                 1           0  0.11s           2025-02-14T14:14:28
/opt/conda/lib/python3.8/site-packages/airflow/example_dags/example_trigger_controller_dag.py                                       1           0  0.11s           2025-02-14T14:14:28
/opt/conda/lib/python3.8/site-packages/airflow/example_dags/example_skip_dag.py                                                     1           0  0.31s           2025-02-14T14:14:29
/opt/conda/lib/python3.8/site-packages/airflow/example_dags/example_short_circuit_operator.py                                       1           0  0.11s           2025-02-14T14:14:30
/opt/conda/lib/python3.8/site-packages/airflow/example_dags/example_trigger_target_dag.py                                           1           0  0.11s           2025-02-14T14:14:32
/opt/conda/lib/python3.8/site-packages/airflow/example_dags/example_nested_branch_dag.py                                            1           0  0.11s           2025-02-14T14:14:33
/opt/conda/lib/python3.8/site-packages/airflow/example_dags/example_latest_only_with_trigger.py                                     1           0  0.11s           2025-02-14T14:14:34
/opt/conda/lib/python3.8/site-packages/airflow/example_dags/example_task_group.py                                                   1           0  0.11s           2025-02-14T14:14:55
/opt/conda/lib/python3.8/site-packages/airflow/example_dags/example_sla_dag.py                                                      1           0  0.11s           2025-02-14T14:15:01
/opt/conda/lib/python3.8/site-packages/airflow/example_dags/example_passing_params_via_test_command.py                              1           0  0.11s           2025-02-14T14:15:02
/opt/conda/lib/python3.8/site-packages/airflow/example_dags/example_complex.py                                                      1           0  0.11s           2025-02-14T14:15:04
/opt/conda/lib/python3.8/site-packages/airflow/example_dags/tutorial_taskflow_api_etl.py                                            1           0  0.21s           2025-02-14T14:15:05
/opt/conda/lib/python3.8/site-packages/airflow/example_dags/example_branch_operator.py                                              1           0  0.11s           2025-02-14T14:14:35
/opt/conda/lib/python3.8/site-packages/airflow/example_dags/example_branch_datetime_operator.py                                     2           0  0.11s           2025-02-14T14:14:54
/opt/conda/lib/python3.8/site-packages/airflow/example_dags/example_xcomargs.py                                                     2           0  0.21s           2025-02-14T14:14:56
/opt/conda/lib/python3.8/site-packages/airflow/example_dags/example_external_task_marker_dag.py                                     2           0  0.11s           2025-02-14T14:15:00
/opt/conda/lib/python3.8/site-packages/airflow/example_dags/example_subdag_operator.py                                              3           0  0.11s           2025-02-14T14:15:03
================================================================================
[2025-02-14 14:15:37,108] {manager.py:809} INFO - 
================================================================================
DAG File Processing Stats

File Path                                                                                                  PID    Runtime      # DAGs    # Errors  Last Runtime    Last Run
---------------------------------------------------------------------------------------------------------  -----  ---------  --------  ----------  --------------  -------------------
/home/airflow/dags/Lead_scoring_data_pipeline/constants.py                                                                          0           0  0.11s           2025-02-14T14:15:27
/home/airflow/dags/Lead_scoring_data_pipeline/lead_scoring_data_pipeline.py                                                         0           1  0.41s           2025-02-14T14:15:07
/home/airflow/dags/Lead_scoring_data_pipeline/.ipynb_checkpoints/constants-checkpoint.py                                            0           0  0.11s           2025-02-14T14:15:19
/home/airflow/dags/Lead_scoring_data_pipeline/.ipynb_checkpoints/lead_scoring_data_pipeline-checkpoint.py                           0           1  0.41s           2025-02-14T14:15:17
/opt/conda/lib/python3.8/site-packages/airflow/example_dags/example_kubernetes_executor.py                                          0           0  0.11s           2025-02-14T14:15:21
/opt/conda/lib/python3.8/site-packages/airflow/example_dags/example_local_kubernetes_executor.py                                    0           0  0.11s           2025-02-14T14:15:23
/opt/conda/lib/python3.8/site-packages/airflow/example_dags/tutorial_taskflow_api_etl_virtualenv.py                                 0           0  0.21s           2025-02-14T14:15:29
/opt/conda/lib/python3.8/site-packages/airflow/example_dags/plugins/workday.py                                                      0           0  0.11s           2025-02-14T14:15:25
/opt/conda/lib/python3.8/site-packages/airflow/example_dags/subdags/subdag.py                                                       0           0  0.11s           2025-02-14T14:15:26
/opt/conda/lib/python3.8/site-packages/airflow/example_dags/tutorial.py                                                             1           0  0.11s           2025-02-14T14:15:19
/opt/conda/lib/python3.8/site-packages/airflow/example_dags/example_time_delta_sensor_async.py                                      1           0  0.11s           2025-02-14T14:15:20
/opt/conda/lib/python3.8/site-packages/airflow/example_dags/example_dag_decorator.py                                                1           0  0.21s           2025-02-14T14:15:22
/opt/conda/lib/python3.8/site-packages/airflow/example_dags/example_branch_labels.py                                                1           0  0.21s           2025-02-14T14:15:24
/opt/conda/lib/python3.8/site-packages/airflow/example_dags/example_branch_day_of_week_operator.py                                  1           0  0.11s           2025-02-14T14:15:28
/opt/conda/lib/python3.8/site-packages/airflow/example_dags/tutorial_etl_dag.py                                                     1           0  0.11s           2025-02-14T14:15:29
/opt/conda/lib/python3.8/site-packages/airflow/example_dags/example_branch_operator_decorator.py                                    1           0  0.11s           2025-02-14T14:15:31
/opt/conda/lib/python3.8/site-packages/airflow/example_dags/example_task_group_decorator.py                                         1           0  0.21s           2025-02-14T14:15:32
/opt/conda/lib/python3.8/site-packages/airflow/example_dags/example_bash_operator.py                                                1           0  0.11s           2025-02-14T14:15:33
/opt/conda/lib/python3.8/site-packages/airflow/example_dags/example_latest_only.py                                                  1           0  0.11s           2025-02-14T14:14:58
/opt/conda/lib/python3.8/site-packages/airflow/example_dags/example_xcom.py                                                         1           0  0.21s           2025-02-14T14:14:59
/opt/conda/lib/python3.8/site-packages/airflow/example_dags/example_python_operator.py                                              1           0  0.11s           2025-02-14T14:15:08
/opt/conda/lib/python3.8/site-packages/airflow/example_dags/example_branch_python_dop_operator_3.py                                 1           0  0.21s           2025-02-14T14:15:09
/opt/conda/lib/python3.8/site-packages/airflow/example_dags/example_trigger_controller_dag.py                                       1           0  0.11s           2025-02-14T14:15:10
/opt/conda/lib/python3.8/site-packages/airflow/example_dags/example_skip_dag.py                                                     1           0  0.21s           2025-02-14T14:15:11
/opt/conda/lib/python3.8/site-packages/airflow/example_dags/example_short_circuit_operator.py                                       1           0  0.11s           2025-02-14T14:15:12
/opt/conda/lib/python3.8/site-packages/airflow/example_dags/example_trigger_target_dag.py                                           1           0  0.11s           2025-02-14T14:15:13
/opt/conda/lib/python3.8/site-packages/airflow/example_dags/example_nested_branch_dag.py                                            1           0  0.11s           2025-02-14T14:15:14
/opt/conda/lib/python3.8/site-packages/airflow/example_dags/example_latest_only_with_trigger.py                                     1           0  0.11s           2025-02-14T14:15:15
/opt/conda/lib/python3.8/site-packages/airflow/example_dags/example_task_group.py                                                   1           0  0.11s           2025-02-14T14:15:35
/opt/conda/lib/python3.8/site-packages/airflow/example_dags/example_sla_dag.py                                                      1           0  0.11s           2025-02-14T14:15:01
/opt/conda/lib/python3.8/site-packages/airflow/example_dags/example_passing_params_via_test_command.py                              1           0  0.11s           2025-02-14T14:15:02
/opt/conda/lib/python3.8/site-packages/airflow/example_dags/example_complex.py                                                      1           0  0.11s           2025-02-14T14:15:04
/opt/conda/lib/python3.8/site-packages/airflow/example_dags/tutorial_taskflow_api_etl.py                                            1           0  0.21s           2025-02-14T14:15:05
/opt/conda/lib/python3.8/site-packages/airflow/example_dags/example_branch_operator.py                                              1           0  0.11s           2025-02-14T14:15:17
/opt/conda/lib/python3.8/site-packages/airflow/example_dags/example_branch_datetime_operator.py                                     2           0  0.11s           2025-02-14T14:15:34
/opt/conda/lib/python3.8/site-packages/airflow/example_dags/example_xcomargs.py                                                     2           0  0.21s           2025-02-14T14:15:37
/opt/conda/lib/python3.8/site-packages/airflow/example_dags/example_external_task_marker_dag.py                                     2           0  0.11s           2025-02-14T14:15:00
/opt/conda/lib/python3.8/site-packages/airflow/example_dags/example_subdag_operator.py                                              3           0  0.11s           2025-02-14T14:15:03
================================================================================
[2025-02-14 14:16:08,441] {manager.py:462} INFO - Exiting gracefully upon receiving signal 15
[2025-02-14 14:16:22,234] {manager.py:480} INFO - Processing files using up to 1 processes at a time 
[2025-02-14 14:16:22,235] {manager.py:481} INFO - Process each file at most once every 30 seconds
[2025-02-14 14:16:22,235] {manager.py:482} INFO - Checking for new files in /home/airflow/dags every 300 seconds
[2025-02-14 14:16:22,235] {manager.py:690} INFO - Searching for files in /home/airflow/dags
[2025-02-14 14:16:22,244] {manager.py:693} INFO - There are 38 files in /home/airflow/dags
[2025-02-14 14:16:22,996] {manager.py:809} INFO - 
================================================================================
DAG File Processing Stats

File Path                                                                                                  PID    Runtime      # DAGs    # Errors  Last Runtime    Last Run
---------------------------------------------------------------------------------------------------------  -----  ---------  --------  ----------  --------------  -------------------
/home/airflow/dags/Lead_scoring_data_pipeline/constants.py                                                                          0           0
/home/airflow/dags/Lead_scoring_data_pipeline/lead_scoring_data_pipeline.py                                                         0           1  0.71s           2025-02-14T14:16:22
/home/airflow/dags/Lead_scoring_data_pipeline/.ipynb_checkpoints/constants-checkpoint.py                                            0           0
/home/airflow/dags/Lead_scoring_data_pipeline/.ipynb_checkpoints/lead_scoring_data_pipeline-checkpoint.py                           0           0
/opt/conda/lib/python3.8/site-packages/airflow/example_dags/tutorial.py                                                             0           0
/opt/conda/lib/python3.8/site-packages/airflow/example_dags/example_time_delta_sensor_async.py                                      0           0
/opt/conda/lib/python3.8/site-packages/airflow/example_dags/example_kubernetes_executor.py                                          0           0
/opt/conda/lib/python3.8/site-packages/airflow/example_dags/example_dag_decorator.py                                                0           0
/opt/conda/lib/python3.8/site-packages/airflow/example_dags/example_local_kubernetes_executor.py                                    0           0
/opt/conda/lib/python3.8/site-packages/airflow/example_dags/example_branch_labels.py                                                0           0
/opt/conda/lib/python3.8/site-packages/airflow/example_dags/example_branch_day_of_week_operator.py                                  0           0
/opt/conda/lib/python3.8/site-packages/airflow/example_dags/tutorial_etl_dag.py                                                     0           0
/opt/conda/lib/python3.8/site-packages/airflow/example_dags/tutorial_taskflow_api_etl_virtualenv.py                                 0           0
/opt/conda/lib/python3.8/site-packages/airflow/example_dags/example_branch_operator_decorator.py                                    0           0
/opt/conda/lib/python3.8/site-packages/airflow/example_dags/example_task_group_decorator.py                                         0           0
/opt/conda/lib/python3.8/site-packages/airflow/example_dags/example_bash_operator.py                                                0           0
/opt/conda/lib/python3.8/site-packages/airflow/example_dags/example_latest_only.py                                                  0           0
/opt/conda/lib/python3.8/site-packages/airflow/example_dags/example_xcom.py                                                         0           0
/opt/conda/lib/python3.8/site-packages/airflow/example_dags/example_python_operator.py                                              0           0
/opt/conda/lib/python3.8/site-packages/airflow/example_dags/example_branch_python_dop_operator_3.py                                 0           0
/opt/conda/lib/python3.8/site-packages/airflow/example_dags/example_trigger_controller_dag.py                                       0           0
/opt/conda/lib/python3.8/site-packages/airflow/example_dags/example_skip_dag.py                                                     0           0
/opt/conda/lib/python3.8/site-packages/airflow/example_dags/example_short_circuit_operator.py                                       0           0
/opt/conda/lib/python3.8/site-packages/airflow/example_dags/example_trigger_target_dag.py                                           0           0
/opt/conda/lib/python3.8/site-packages/airflow/example_dags/example_nested_branch_dag.py                                            0           0
/opt/conda/lib/python3.8/site-packages/airflow/example_dags/example_latest_only_with_trigger.py                                     0           0
/opt/conda/lib/python3.8/site-packages/airflow/example_dags/example_branch_datetime_operator.py                                     0           0
/opt/conda/lib/python3.8/site-packages/airflow/example_dags/example_task_group.py                                                   0           0
/opt/conda/lib/python3.8/site-packages/airflow/example_dags/example_xcomargs.py                                                     0           0
/opt/conda/lib/python3.8/site-packages/airflow/example_dags/example_external_task_marker_dag.py                                     0           0
/opt/conda/lib/python3.8/site-packages/airflow/example_dags/example_sla_dag.py                                                      0           0
/opt/conda/lib/python3.8/site-packages/airflow/example_dags/example_passing_params_via_test_command.py                              0           0
/opt/conda/lib/python3.8/site-packages/airflow/example_dags/example_subdag_operator.py                                              0           0
/opt/conda/lib/python3.8/site-packages/airflow/example_dags/example_complex.py                                                      0           0
/opt/conda/lib/python3.8/site-packages/airflow/example_dags/tutorial_taskflow_api_etl.py                                            0           0
/opt/conda/lib/python3.8/site-packages/airflow/example_dags/example_branch_operator.py                                              0           0
/opt/conda/lib/python3.8/site-packages/airflow/example_dags/plugins/workday.py                                                      0           0
/opt/conda/lib/python3.8/site-packages/airflow/example_dags/subdags/subdag.py                                                       0           0
================================================================================
[2025-02-14 14:16:53,168] {manager.py:809} INFO - 
================================================================================
DAG File Processing Stats

File Path                                                                                                  PID    Runtime      # DAGs    # Errors  Last Runtime    Last Run
---------------------------------------------------------------------------------------------------------  -----  ---------  --------  ----------  --------------  -------------------
/home/airflow/dags/Lead_scoring_data_pipeline/constants.py                                                                          0           0  0.11s           2025-02-14T14:16:25
/home/airflow/dags/Lead_scoring_data_pipeline/lead_scoring_data_pipeline.py                                                         0           1  0.71s           2025-02-14T14:16:22
/home/airflow/dags/Lead_scoring_data_pipeline/.ipynb_checkpoints/constants-checkpoint.py                                            0           0  0.11s           2025-02-14T14:16:27
/home/airflow/dags/Lead_scoring_data_pipeline/.ipynb_checkpoints/lead_scoring_data_pipeline-checkpoint.py                           0           1  0.61s           2025-02-14T14:16:24
/opt/conda/lib/python3.8/site-packages/airflow/example_dags/example_kubernetes_executor.py                                          0           0  0.21s           2025-02-14T14:16:31
/opt/conda/lib/python3.8/site-packages/airflow/example_dags/example_local_kubernetes_executor.py                                    0           0  0.51s           2025-02-14T14:16:34
/opt/conda/lib/python3.8/site-packages/airflow/example_dags/tutorial_taskflow_api_etl_virtualenv.py                                 0           0  0.21s           2025-02-14T14:16:38
/opt/conda/lib/python3.8/site-packages/airflow/example_dags/example_nested_branch_dag.py                                            0           0
/opt/conda/lib/python3.8/site-packages/airflow/example_dags/example_latest_only_with_trigger.py                                     0           0
/opt/conda/lib/python3.8/site-packages/airflow/example_dags/example_branch_datetime_operator.py                                     0           0
/opt/conda/lib/python3.8/site-packages/airflow/example_dags/example_task_group.py                                                   0           0
/opt/conda/lib/python3.8/site-packages/airflow/example_dags/example_xcomargs.py                                                     0           0
/opt/conda/lib/python3.8/site-packages/airflow/example_dags/example_external_task_marker_dag.py                                     0           0
/opt/conda/lib/python3.8/site-packages/airflow/example_dags/example_sla_dag.py                                                      0           0
/opt/conda/lib/python3.8/site-packages/airflow/example_dags/example_passing_params_via_test_command.py                              0           0
/opt/conda/lib/python3.8/site-packages/airflow/example_dags/example_subdag_operator.py                                              0           0
/opt/conda/lib/python3.8/site-packages/airflow/example_dags/example_complex.py                                                      0           0
/opt/conda/lib/python3.8/site-packages/airflow/example_dags/tutorial_taskflow_api_etl.py                                            0           0
/opt/conda/lib/python3.8/site-packages/airflow/example_dags/example_branch_operator.py                                              0           0
/opt/conda/lib/python3.8/site-packages/airflow/example_dags/plugins/workday.py                                                      0           0
/opt/conda/lib/python3.8/site-packages/airflow/example_dags/subdags/subdag.py                                                       0           0
/opt/conda/lib/python3.8/site-packages/airflow/example_dags/tutorial.py                                                             1           0  0.31s           2025-02-14T14:16:28
/opt/conda/lib/python3.8/site-packages/airflow/example_dags/example_time_delta_sensor_async.py                                      1           0  0.31s           2025-02-14T14:16:30
/opt/conda/lib/python3.8/site-packages/airflow/example_dags/example_dag_decorator.py                                                1           0  0.31s           2025-02-14T14:16:32
/opt/conda/lib/python3.8/site-packages/airflow/example_dags/example_branch_labels.py                                                1           0  0.21s           2025-02-14T14:16:35
/opt/conda/lib/python3.8/site-packages/airflow/example_dags/example_branch_day_of_week_operator.py                                  1           0  0.21s           2025-02-14T14:16:36
/opt/conda/lib/python3.8/site-packages/airflow/example_dags/tutorial_etl_dag.py                                                     1           0  0.41s           2025-02-14T14:16:37
/opt/conda/lib/python3.8/site-packages/airflow/example_dags/example_branch_operator_decorator.py                                    1           0  0.31s           2025-02-14T14:16:40
/opt/conda/lib/python3.8/site-packages/airflow/example_dags/example_task_group_decorator.py                                         1           0  0.51s           2025-02-14T14:16:41
/opt/conda/lib/python3.8/site-packages/airflow/example_dags/example_bash_operator.py                                                1           0  0.21s           2025-02-14T14:16:42
/opt/conda/lib/python3.8/site-packages/airflow/example_dags/example_latest_only.py                                                  1           0  0.21s           2025-02-14T14:16:44
/opt/conda/lib/python3.8/site-packages/airflow/example_dags/example_xcom.py                                                         1           0  0.31s           2025-02-14T14:16:45
/opt/conda/lib/python3.8/site-packages/airflow/example_dags/example_python_operator.py                                              1           0  0.31s           2025-02-14T14:16:46
/opt/conda/lib/python3.8/site-packages/airflow/example_dags/example_branch_python_dop_operator_3.py                                 1           0  0.42s           2025-02-14T14:16:48
/opt/conda/lib/python3.8/site-packages/airflow/example_dags/example_trigger_controller_dag.py                                       1           0  0.41s           2025-02-14T14:16:49
/opt/conda/lib/python3.8/site-packages/airflow/example_dags/example_skip_dag.py                                                     1           0  0.21s           2025-02-14T14:16:51
/opt/conda/lib/python3.8/site-packages/airflow/example_dags/example_short_circuit_operator.py                                       1           0  0.31s           2025-02-14T14:16:52
/opt/conda/lib/python3.8/site-packages/airflow/example_dags/example_trigger_target_dag.py                                           1           0  0.41s           2025-02-14T14:16:53
================================================================================
[2025-02-14 14:17:23,800] {manager.py:809} INFO - 
================================================================================
DAG File Processing Stats

File Path                                                                                                  PID    Runtime      # DAGs    # Errors  Last Runtime    Last Run
---------------------------------------------------------------------------------------------------------  -----  ---------  --------  ----------  --------------  -------------------
/home/airflow/dags/Lead_scoring_data_pipeline/constants.py                                                                          0           0  0.11s           2025-02-14T14:17:14
/home/airflow/dags/Lead_scoring_data_pipeline/lead_scoring_data_pipeline.py                                                         0           1  0.51s           2025-02-14T14:17:12
/home/airflow/dags/Lead_scoring_data_pipeline/.ipynb_checkpoints/constants-checkpoint.py                                            0           0  0.11s           2025-02-14T14:17:16
/home/airflow/dags/Lead_scoring_data_pipeline/.ipynb_checkpoints/lead_scoring_data_pipeline-checkpoint.py                           0           1  0.51s           2025-02-14T14:17:13
/opt/conda/lib/python3.8/site-packages/airflow/example_dags/example_kubernetes_executor.py                                          0           0  0.21s           2025-02-14T14:17:19
/opt/conda/lib/python3.8/site-packages/airflow/example_dags/example_local_kubernetes_executor.py                                    0           0  0.21s           2025-02-14T14:17:21
/opt/conda/lib/python3.8/site-packages/airflow/example_dags/tutorial_taskflow_api_etl_virtualenv.py                                 0           0  0.21s           2025-02-14T14:16:38
/opt/conda/lib/python3.8/site-packages/airflow/example_dags/plugins/workday.py                                                      0           0  0.11s           2025-02-14T14:17:09
/opt/conda/lib/python3.8/site-packages/airflow/example_dags/subdags/subdag.py                                                       0           0  0.11s           2025-02-14T14:17:10
/opt/conda/lib/python3.8/site-packages/airflow/example_dags/tutorial.py                                                             1           0  0.21s           2025-02-14T14:17:17
/opt/conda/lib/python3.8/site-packages/airflow/example_dags/example_time_delta_sensor_async.py                                      1           0  0.21s           2025-02-14T14:17:18
/opt/conda/lib/python3.8/site-packages/airflow/example_dags/example_dag_decorator.py                                                1           0  0.31s           2025-02-14T14:17:20
/opt/conda/lib/python3.8/site-packages/airflow/example_dags/example_branch_labels.py                                                1           0  0.21s           2025-02-14T14:17:22
/opt/conda/lib/python3.8/site-packages/airflow/example_dags/example_branch_day_of_week_operator.py                                  1           0  0.21s           2025-02-14T14:17:23
/opt/conda/lib/python3.8/site-packages/airflow/example_dags/tutorial_etl_dag.py                                                     1           0  0.41s           2025-02-14T14:16:37
/opt/conda/lib/python3.8/site-packages/airflow/example_dags/example_branch_operator_decorator.py                                    1           0  0.31s           2025-02-14T14:16:40
/opt/conda/lib/python3.8/site-packages/airflow/example_dags/example_task_group_decorator.py                                         1           0  0.51s           2025-02-14T14:16:41
/opt/conda/lib/python3.8/site-packages/airflow/example_dags/example_bash_operator.py                                                1           0  0.21s           2025-02-14T14:16:42
/opt/conda/lib/python3.8/site-packages/airflow/example_dags/example_latest_only.py                                                  1           0  0.21s           2025-02-14T14:16:44
/opt/conda/lib/python3.8/site-packages/airflow/example_dags/example_xcom.py                                                         1           0  0.31s           2025-02-14T14:16:45
/opt/conda/lib/python3.8/site-packages/airflow/example_dags/example_python_operator.py                                              1           0  0.31s           2025-02-14T14:16:46
/opt/conda/lib/python3.8/site-packages/airflow/example_dags/example_branch_python_dop_operator_3.py                                 1           0  0.42s           2025-02-14T14:16:48
/opt/conda/lib/python3.8/site-packages/airflow/example_dags/example_trigger_controller_dag.py                                       1           0  0.41s           2025-02-14T14:16:49
/opt/conda/lib/python3.8/site-packages/airflow/example_dags/example_skip_dag.py                                                     1           0  0.21s           2025-02-14T14:16:51
/opt/conda/lib/python3.8/site-packages/airflow/example_dags/example_short_circuit_operator.py                                       1           0  0.31s           2025-02-14T14:16:52
/opt/conda/lib/python3.8/site-packages/airflow/example_dags/example_trigger_target_dag.py                                           1           0  0.41s           2025-02-14T14:16:53
/opt/conda/lib/python3.8/site-packages/airflow/example_dags/example_nested_branch_dag.py                                            1           0  0.31s           2025-02-14T14:16:53
/opt/conda/lib/python3.8/site-packages/airflow/example_dags/example_latest_only_with_trigger.py                                     1           0  0.41s           2025-02-14T14:16:55
/opt/conda/lib/python3.8/site-packages/airflow/example_dags/example_task_group.py                                                   1           0  0.51s           2025-02-14T14:16:58
/opt/conda/lib/python3.8/site-packages/airflow/example_dags/example_sla_dag.py                                                      1           0  0.31s           2025-02-14T14:17:02
/opt/conda/lib/python3.8/site-packages/airflow/example_dags/example_passing_params_via_test_command.py                              1           0  0.41s           2025-02-14T14:17:03
/opt/conda/lib/python3.8/site-packages/airflow/example_dags/example_complex.py                                                      1           0  0.51s           2025-02-14T14:17:06
/opt/conda/lib/python3.8/site-packages/airflow/example_dags/tutorial_taskflow_api_etl.py                                            1           0  0.71s           2025-02-14T14:17:07
/opt/conda/lib/python3.8/site-packages/airflow/example_dags/example_branch_operator.py                                              1           0  0.31s           2025-02-14T14:17:08
/opt/conda/lib/python3.8/site-packages/airflow/example_dags/example_branch_datetime_operator.py                                     2           0  0.31s           2025-02-14T14:16:56
/opt/conda/lib/python3.8/site-packages/airflow/example_dags/example_xcomargs.py                                                     2           0  0.31s           2025-02-14T14:16:59
/opt/conda/lib/python3.8/site-packages/airflow/example_dags/example_external_task_marker_dag.py                                     2           0  0.41s           2025-02-14T14:17:00
/opt/conda/lib/python3.8/site-packages/airflow/example_dags/example_subdag_operator.py                                              3           0  0.31s           2025-02-14T14:17:04
================================================================================
[2025-02-14 14:17:53,917] {manager.py:809} INFO - 
================================================================================
DAG File Processing Stats

File Path                                                                                                  PID    Runtime      # DAGs    # Errors  Last Runtime    Last Run
---------------------------------------------------------------------------------------------------------  -----  ---------  --------  ----------  --------------  -------------------
/home/airflow/dags/Lead_scoring_data_pipeline/constants.py                                                                          0           0  0.11s           2025-02-14T14:17:14
/home/airflow/dags/Lead_scoring_data_pipeline/lead_scoring_data_pipeline.py                                                         0           1  0.61s           2025-02-14T14:17:44
/home/airflow/dags/Lead_scoring_data_pipeline/.ipynb_checkpoints/constants-checkpoint.py                                            0           0  0.11s           2025-02-14T14:17:16
/home/airflow/dags/Lead_scoring_data_pipeline/.ipynb_checkpoints/lead_scoring_data_pipeline-checkpoint.py                           0           1  0.61s           2025-02-14T14:17:46
/opt/conda/lib/python3.8/site-packages/airflow/example_dags/example_kubernetes_executor.py                                          0           0  0.21s           2025-02-14T14:17:19
/opt/conda/lib/python3.8/site-packages/airflow/example_dags/example_local_kubernetes_executor.py                                    0           0  0.21s           2025-02-14T14:17:21
/opt/conda/lib/python3.8/site-packages/airflow/example_dags/tutorial_taskflow_api_etl_virtualenv.py                                 0           0  0.21s           2025-02-14T14:17:25
/opt/conda/lib/python3.8/site-packages/airflow/example_dags/plugins/workday.py                                                      0           0  0.11s           2025-02-14T14:17:09
/opt/conda/lib/python3.8/site-packages/airflow/example_dags/subdags/subdag.py                                                       0           0  0.11s           2025-02-14T14:17:10
/opt/conda/lib/python3.8/site-packages/airflow/example_dags/tutorial.py                                                             1           0  0.21s           2025-02-14T14:17:17
/opt/conda/lib/python3.8/site-packages/airflow/example_dags/example_time_delta_sensor_async.py                                      1           0  0.21s           2025-02-14T14:17:18
/opt/conda/lib/python3.8/site-packages/airflow/example_dags/example_dag_decorator.py                                                1           0  0.31s           2025-02-14T14:17:20
/opt/conda/lib/python3.8/site-packages/airflow/example_dags/example_branch_labels.py                                                1           0  0.21s           2025-02-14T14:17:22
/opt/conda/lib/python3.8/site-packages/airflow/example_dags/example_branch_day_of_week_operator.py                                  1           0  0.21s           2025-02-14T14:17:23
/opt/conda/lib/python3.8/site-packages/airflow/example_dags/tutorial_etl_dag.py                                                     1           0  0.21s           2025-02-14T14:17:24
/opt/conda/lib/python3.8/site-packages/airflow/example_dags/example_branch_operator_decorator.py                                    1           0  0.21s           2025-02-14T14:17:26
/opt/conda/lib/python3.8/site-packages/airflow/example_dags/example_task_group_decorator.py                                         1           0  0.41s           2025-02-14T14:17:28
/opt/conda/lib/python3.8/site-packages/airflow/example_dags/example_bash_operator.py                                                1           0  0.31s           2025-02-14T14:17:29
/opt/conda/lib/python3.8/site-packages/airflow/example_dags/example_latest_only.py                                                  1           0  0.42s           2025-02-14T14:17:30
/opt/conda/lib/python3.8/site-packages/airflow/example_dags/example_xcom.py                                                         1           0  0.31s           2025-02-14T14:17:32
/opt/conda/lib/python3.8/site-packages/airflow/example_dags/example_python_operator.py                                              1           0  0.41s           2025-02-14T14:17:33
/opt/conda/lib/python3.8/site-packages/airflow/example_dags/example_branch_python_dop_operator_3.py                                 1           0  0.41s           2025-02-14T14:17:34
/opt/conda/lib/python3.8/site-packages/airflow/example_dags/example_trigger_controller_dag.py                                       1           0  0.31s           2025-02-14T14:17:35
/opt/conda/lib/python3.8/site-packages/airflow/example_dags/example_skip_dag.py                                                     1           0  0.31s           2025-02-14T14:17:37
/opt/conda/lib/python3.8/site-packages/airflow/example_dags/example_short_circuit_operator.py                                       1           0  0.21s           2025-02-14T14:17:38
/opt/conda/lib/python3.8/site-packages/airflow/example_dags/example_trigger_target_dag.py                                           1           0  0.21s           2025-02-14T14:17:39
/opt/conda/lib/python3.8/site-packages/airflow/example_dags/example_nested_branch_dag.py                                            1           0  0.21s           2025-02-14T14:17:40
/opt/conda/lib/python3.8/site-packages/airflow/example_dags/example_latest_only_with_trigger.py                                     1           0  0.71s           2025-02-14T14:17:41
/opt/conda/lib/python3.8/site-packages/airflow/example_dags/example_task_group.py                                                   1           0  0.51s           2025-02-14T14:17:47
/opt/conda/lib/python3.8/site-packages/airflow/example_dags/example_sla_dag.py                                                      1           0  0.21s           2025-02-14T14:17:51
/opt/conda/lib/python3.8/site-packages/airflow/example_dags/example_passing_params_via_test_command.py                              1           0  0.32s           2025-02-14T14:17:52
/opt/conda/lib/python3.8/site-packages/airflow/example_dags/example_complex.py                                                      1           0  0.51s           2025-02-14T14:17:06
/opt/conda/lib/python3.8/site-packages/airflow/example_dags/tutorial_taskflow_api_etl.py                                            1           0  0.71s           2025-02-14T14:17:07
/opt/conda/lib/python3.8/site-packages/airflow/example_dags/example_branch_operator.py                                              1           0  0.31s           2025-02-14T14:17:08
/opt/conda/lib/python3.8/site-packages/airflow/example_dags/example_branch_datetime_operator.py                                     2           0  0.31s           2025-02-14T14:17:43
/opt/conda/lib/python3.8/site-packages/airflow/example_dags/example_xcomargs.py                                                     2           0  0.31s           2025-02-14T14:17:48
/opt/conda/lib/python3.8/site-packages/airflow/example_dags/example_external_task_marker_dag.py                                     2           0  0.22s           2025-02-14T14:17:49
/opt/conda/lib/python3.8/site-packages/airflow/example_dags/example_subdag_operator.py                                              3           0  0.31s           2025-02-14T14:17:53
================================================================================
[2025-02-14 14:18:16,533] {manager.py:462} INFO - Exiting gracefully upon receiving signal 15
[2025-02-14 14:18:40,454] {manager.py:480} INFO - Processing files using up to 1 processes at a time 
[2025-02-14 14:18:40,454] {manager.py:481} INFO - Process each file at most once every 30 seconds
[2025-02-14 14:18:40,454] {manager.py:482} INFO - Checking for new files in /home/airflow/dags every 300 seconds
[2025-02-14 14:18:40,454] {manager.py:690} INFO - Searching for files in /home/airflow/dags
[2025-02-14 14:18:40,464] {manager.py:693} INFO - There are 38 files in /home/airflow/dags
[2025-02-14 14:18:41,008] {manager.py:809} INFO - 
================================================================================
DAG File Processing Stats

File Path                                                                                                  PID    Runtime      # DAGs    # Errors  Last Runtime    Last Run
---------------------------------------------------------------------------------------------------------  -----  ---------  --------  ----------  --------------  -------------------
/home/airflow/dags/Lead_scoring_data_pipeline/constants.py                                                                          0           0
/home/airflow/dags/Lead_scoring_data_pipeline/lead_scoring_data_pipeline.py                                                         0           1  0.51s           2025-02-14T14:18:40
/home/airflow/dags/Lead_scoring_data_pipeline/.ipynb_checkpoints/constants-checkpoint.py                                            0           0
/home/airflow/dags/Lead_scoring_data_pipeline/.ipynb_checkpoints/lead_scoring_data_pipeline-checkpoint.py                           0           0
/opt/conda/lib/python3.8/site-packages/airflow/example_dags/tutorial.py                                                             0           0
/opt/conda/lib/python3.8/site-packages/airflow/example_dags/example_time_delta_sensor_async.py                                      0           0
/opt/conda/lib/python3.8/site-packages/airflow/example_dags/example_kubernetes_executor.py                                          0           0
/opt/conda/lib/python3.8/site-packages/airflow/example_dags/example_dag_decorator.py                                                0           0
/opt/conda/lib/python3.8/site-packages/airflow/example_dags/example_local_kubernetes_executor.py                                    0           0
/opt/conda/lib/python3.8/site-packages/airflow/example_dags/example_branch_labels.py                                                0           0
/opt/conda/lib/python3.8/site-packages/airflow/example_dags/example_branch_day_of_week_operator.py                                  0           0
/opt/conda/lib/python3.8/site-packages/airflow/example_dags/tutorial_etl_dag.py                                                     0           0
/opt/conda/lib/python3.8/site-packages/airflow/example_dags/tutorial_taskflow_api_etl_virtualenv.py                                 0           0
/opt/conda/lib/python3.8/site-packages/airflow/example_dags/example_branch_operator_decorator.py                                    0           0
/opt/conda/lib/python3.8/site-packages/airflow/example_dags/example_task_group_decorator.py                                         0           0
/opt/conda/lib/python3.8/site-packages/airflow/example_dags/example_bash_operator.py                                                0           0
/opt/conda/lib/python3.8/site-packages/airflow/example_dags/example_latest_only.py                                                  0           0
/opt/conda/lib/python3.8/site-packages/airflow/example_dags/example_xcom.py                                                         0           0
/opt/conda/lib/python3.8/site-packages/airflow/example_dags/example_python_operator.py                                              0           0
/opt/conda/lib/python3.8/site-packages/airflow/example_dags/example_branch_python_dop_operator_3.py                                 0           0
/opt/conda/lib/python3.8/site-packages/airflow/example_dags/example_trigger_controller_dag.py                                       0           0
/opt/conda/lib/python3.8/site-packages/airflow/example_dags/example_skip_dag.py                                                     0           0
/opt/conda/lib/python3.8/site-packages/airflow/example_dags/example_short_circuit_operator.py                                       0           0
/opt/conda/lib/python3.8/site-packages/airflow/example_dags/example_trigger_target_dag.py                                           0           0
/opt/conda/lib/python3.8/site-packages/airflow/example_dags/example_nested_branch_dag.py                                            0           0
/opt/conda/lib/python3.8/site-packages/airflow/example_dags/example_latest_only_with_trigger.py                                     0           0
/opt/conda/lib/python3.8/site-packages/airflow/example_dags/example_branch_datetime_operator.py                                     0           0
/opt/conda/lib/python3.8/site-packages/airflow/example_dags/example_task_group.py                                                   0           0
/opt/conda/lib/python3.8/site-packages/airflow/example_dags/example_xcomargs.py                                                     0           0
/opt/conda/lib/python3.8/site-packages/airflow/example_dags/example_external_task_marker_dag.py                                     0           0
/opt/conda/lib/python3.8/site-packages/airflow/example_dags/example_sla_dag.py                                                      0           0
/opt/conda/lib/python3.8/site-packages/airflow/example_dags/example_passing_params_via_test_command.py                              0           0
/opt/conda/lib/python3.8/site-packages/airflow/example_dags/example_subdag_operator.py                                              0           0
/opt/conda/lib/python3.8/site-packages/airflow/example_dags/example_complex.py                                                      0           0
/opt/conda/lib/python3.8/site-packages/airflow/example_dags/tutorial_taskflow_api_etl.py                                            0           0
/opt/conda/lib/python3.8/site-packages/airflow/example_dags/example_branch_operator.py                                              0           0
/opt/conda/lib/python3.8/site-packages/airflow/example_dags/plugins/workday.py                                                      0           0
/opt/conda/lib/python3.8/site-packages/airflow/example_dags/subdags/subdag.py                                                       0           0
================================================================================
[2025-02-14 14:19:04,565] {manager.py:462} INFO - Exiting gracefully upon receiving signal 15
[2025-02-14 14:20:31,227] {manager.py:480} INFO - Processing files using up to 1 processes at a time 
[2025-02-14 14:20:31,227] {manager.py:481} INFO - Process each file at most once every 30 seconds
[2025-02-14 14:20:31,227] {manager.py:482} INFO - Checking for new files in /home/airflow/dags every 300 seconds
[2025-02-14 14:20:31,227] {manager.py:690} INFO - Searching for files in /home/airflow/dags
[2025-02-14 14:20:31,236] {manager.py:693} INFO - There are 38 files in /home/airflow/dags
[2025-02-14 14:20:31,786] {manager.py:809} INFO - 
================================================================================
DAG File Processing Stats

File Path                                                                                                  PID    Runtime      # DAGs    # Errors  Last Runtime    Last Run
---------------------------------------------------------------------------------------------------------  -----  ---------  --------  ----------  --------------  -------------------
/home/airflow/dags/Lead_scoring_data_pipeline/constants.py                                                                          0           0
/home/airflow/dags/Lead_scoring_data_pipeline/lead_scoring_data_pipeline.py                                                         0           1  0.51s           2025-02-14T14:20:31
/home/airflow/dags/Lead_scoring_data_pipeline/.ipynb_checkpoints/constants-checkpoint.py                                            0           0
/home/airflow/dags/Lead_scoring_data_pipeline/.ipynb_checkpoints/lead_scoring_data_pipeline-checkpoint.py                           0           0
/opt/conda/lib/python3.8/site-packages/airflow/example_dags/tutorial.py                                                             0           0
/opt/conda/lib/python3.8/site-packages/airflow/example_dags/example_time_delta_sensor_async.py                                      0           0
/opt/conda/lib/python3.8/site-packages/airflow/example_dags/example_kubernetes_executor.py                                          0           0
/opt/conda/lib/python3.8/site-packages/airflow/example_dags/example_dag_decorator.py                                                0           0
/opt/conda/lib/python3.8/site-packages/airflow/example_dags/example_local_kubernetes_executor.py                                    0           0
/opt/conda/lib/python3.8/site-packages/airflow/example_dags/example_branch_labels.py                                                0           0
/opt/conda/lib/python3.8/site-packages/airflow/example_dags/example_branch_day_of_week_operator.py                                  0           0
/opt/conda/lib/python3.8/site-packages/airflow/example_dags/tutorial_etl_dag.py                                                     0           0
/opt/conda/lib/python3.8/site-packages/airflow/example_dags/tutorial_taskflow_api_etl_virtualenv.py                                 0           0
/opt/conda/lib/python3.8/site-packages/airflow/example_dags/example_branch_operator_decorator.py                                    0           0
/opt/conda/lib/python3.8/site-packages/airflow/example_dags/example_task_group_decorator.py                                         0           0
/opt/conda/lib/python3.8/site-packages/airflow/example_dags/example_bash_operator.py                                                0           0
/opt/conda/lib/python3.8/site-packages/airflow/example_dags/example_latest_only.py                                                  0           0
/opt/conda/lib/python3.8/site-packages/airflow/example_dags/example_xcom.py                                                         0           0
/opt/conda/lib/python3.8/site-packages/airflow/example_dags/example_python_operator.py                                              0           0
/opt/conda/lib/python3.8/site-packages/airflow/example_dags/example_branch_python_dop_operator_3.py                                 0           0
/opt/conda/lib/python3.8/site-packages/airflow/example_dags/example_trigger_controller_dag.py                                       0           0
/opt/conda/lib/python3.8/site-packages/airflow/example_dags/example_skip_dag.py                                                     0           0
/opt/conda/lib/python3.8/site-packages/airflow/example_dags/example_short_circuit_operator.py                                       0           0
/opt/conda/lib/python3.8/site-packages/airflow/example_dags/example_trigger_target_dag.py                                           0           0
/opt/conda/lib/python3.8/site-packages/airflow/example_dags/example_nested_branch_dag.py                                            0           0
/opt/conda/lib/python3.8/site-packages/airflow/example_dags/example_latest_only_with_trigger.py                                     0           0
/opt/conda/lib/python3.8/site-packages/airflow/example_dags/example_branch_datetime_operator.py                                     0           0
/opt/conda/lib/python3.8/site-packages/airflow/example_dags/example_task_group.py                                                   0           0
/opt/conda/lib/python3.8/site-packages/airflow/example_dags/example_xcomargs.py                                                     0           0
/opt/conda/lib/python3.8/site-packages/airflow/example_dags/example_external_task_marker_dag.py                                     0           0
/opt/conda/lib/python3.8/site-packages/airflow/example_dags/example_sla_dag.py                                                      0           0
/opt/conda/lib/python3.8/site-packages/airflow/example_dags/example_passing_params_via_test_command.py                              0           0
/opt/conda/lib/python3.8/site-packages/airflow/example_dags/example_subdag_operator.py                                              0           0
/opt/conda/lib/python3.8/site-packages/airflow/example_dags/example_complex.py                                                      0           0
/opt/conda/lib/python3.8/site-packages/airflow/example_dags/tutorial_taskflow_api_etl.py                                            0           0
/opt/conda/lib/python3.8/site-packages/airflow/example_dags/example_branch_operator.py                                              0           0
/opt/conda/lib/python3.8/site-packages/airflow/example_dags/plugins/workday.py                                                      0           0
/opt/conda/lib/python3.8/site-packages/airflow/example_dags/subdags/subdag.py                                                       0           0
================================================================================
[2025-02-14 14:21:02,043] {manager.py:809} INFO - 
================================================================================
DAG File Processing Stats

File Path                                                                                                  PID    Runtime      # DAGs    # Errors  Last Runtime    Last Run
---------------------------------------------------------------------------------------------------------  -----  ---------  --------  ----------  --------------  -------------------
/home/airflow/dags/Lead_scoring_data_pipeline/constants.py                                                                          0           0  0.11s           2025-02-14T14:20:34
/home/airflow/dags/Lead_scoring_data_pipeline/lead_scoring_data_pipeline.py                                                         0           1  0.51s           2025-02-14T14:20:31
/home/airflow/dags/Lead_scoring_data_pipeline/.ipynb_checkpoints/constants-checkpoint.py                                            0           0  0.11s           2025-02-14T14:20:35
/home/airflow/dags/Lead_scoring_data_pipeline/.ipynb_checkpoints/lead_scoring_data_pipeline-checkpoint.py                           0           1  0.52s           2025-02-14T14:20:33
/opt/conda/lib/python3.8/site-packages/airflow/example_dags/example_kubernetes_executor.py                                          0           0  0.21s           2025-02-14T14:20:39
/opt/conda/lib/python3.8/site-packages/airflow/example_dags/example_local_kubernetes_executor.py                                    0           0  0.21s           2025-02-14T14:20:41
/opt/conda/lib/python3.8/site-packages/airflow/example_dags/tutorial_taskflow_api_etl_virtualenv.py                                 0           0  0.21s           2025-02-14T14:20:45
/opt/conda/lib/python3.8/site-packages/airflow/example_dags/example_xcomargs.py                                                     0           0
/opt/conda/lib/python3.8/site-packages/airflow/example_dags/example_external_task_marker_dag.py                                     0           0
/opt/conda/lib/python3.8/site-packages/airflow/example_dags/example_sla_dag.py                                                      0           0
/opt/conda/lib/python3.8/site-packages/airflow/example_dags/example_passing_params_via_test_command.py                              0           0
/opt/conda/lib/python3.8/site-packages/airflow/example_dags/example_subdag_operator.py                                              0           0
/opt/conda/lib/python3.8/site-packages/airflow/example_dags/example_complex.py                                                      0           0
/opt/conda/lib/python3.8/site-packages/airflow/example_dags/tutorial_taskflow_api_etl.py                                            0           0
/opt/conda/lib/python3.8/site-packages/airflow/example_dags/example_branch_operator.py                                              0           0
/opt/conda/lib/python3.8/site-packages/airflow/example_dags/plugins/workday.py                                                      0           0
/opt/conda/lib/python3.8/site-packages/airflow/example_dags/subdags/subdag.py                                                       0           0
/opt/conda/lib/python3.8/site-packages/airflow/example_dags/tutorial.py                                                             1           0  0.21s           2025-02-14T14:20:36
/opt/conda/lib/python3.8/site-packages/airflow/example_dags/example_time_delta_sensor_async.py                                      1           0  0.22s           2025-02-14T14:20:37
/opt/conda/lib/python3.8/site-packages/airflow/example_dags/example_dag_decorator.py                                                1           0  0.32s           2025-02-14T14:20:40
/opt/conda/lib/python3.8/site-packages/airflow/example_dags/example_branch_labels.py                                                1           0  0.22s           2025-02-14T14:20:41
/opt/conda/lib/python3.8/site-packages/airflow/example_dags/example_branch_day_of_week_operator.py                                  1           0  0.22s           2025-02-14T14:20:43
/opt/conda/lib/python3.8/site-packages/airflow/example_dags/tutorial_etl_dag.py                                                     1           0  0.22s           2025-02-14T14:20:44
/opt/conda/lib/python3.8/site-packages/airflow/example_dags/example_branch_operator_decorator.py                                    1           0  0.31s           2025-02-14T14:20:46
/opt/conda/lib/python3.8/site-packages/airflow/example_dags/example_task_group_decorator.py                                         1           0  0.31s           2025-02-14T14:20:47
/opt/conda/lib/python3.8/site-packages/airflow/example_dags/example_bash_operator.py                                                1           0  0.22s           2025-02-14T14:20:48
/opt/conda/lib/python3.8/site-packages/airflow/example_dags/example_latest_only.py                                                  1           0  0.31s           2025-02-14T14:20:49
/opt/conda/lib/python3.8/site-packages/airflow/example_dags/example_xcom.py                                                         1           0  0.31s           2025-02-14T14:20:51
/opt/conda/lib/python3.8/site-packages/airflow/example_dags/example_python_operator.py                                              1           0  0.22s           2025-02-14T14:20:51
/opt/conda/lib/python3.8/site-packages/airflow/example_dags/example_branch_python_dop_operator_3.py                                 1           0  0.22s           2025-02-14T14:20:52
/opt/conda/lib/python3.8/site-packages/airflow/example_dags/example_trigger_controller_dag.py                                       1           0  0.22s           2025-02-14T14:20:53
/opt/conda/lib/python3.8/site-packages/airflow/example_dags/example_skip_dag.py                                                     1           0  0.21s           2025-02-14T14:20:55
/opt/conda/lib/python3.8/site-packages/airflow/example_dags/example_short_circuit_operator.py                                       1           0  0.32s           2025-02-14T14:20:56
/opt/conda/lib/python3.8/site-packages/airflow/example_dags/example_trigger_target_dag.py                                           1           0  0.31s           2025-02-14T14:20:57
/opt/conda/lib/python3.8/site-packages/airflow/example_dags/example_nested_branch_dag.py                                            1           0  0.31s           2025-02-14T14:20:59
/opt/conda/lib/python3.8/site-packages/airflow/example_dags/example_latest_only_with_trigger.py                                     1           0  0.31s           2025-02-14T14:21:00
/opt/conda/lib/python3.8/site-packages/airflow/example_dags/example_task_group.py                                                   1           0  0.22s           2025-02-14T14:21:02
/opt/conda/lib/python3.8/site-packages/airflow/example_dags/example_branch_datetime_operator.py                                     2           0  0.22s           2025-02-14T14:21:01
================================================================================
[2025-02-14 14:21:32,984] {manager.py:809} INFO - 
================================================================================
DAG File Processing Stats

File Path                                                                                                  PID    Runtime      # DAGs    # Errors  Last Runtime    Last Run
---------------------------------------------------------------------------------------------------------  -----  ---------  --------  ----------  --------------  -------------------
/home/airflow/dags/Lead_scoring_data_pipeline/constants.py                                                                          0           0  0.11s           2025-02-14T14:21:17
/home/airflow/dags/Lead_scoring_data_pipeline/lead_scoring_data_pipeline.py                                                         0           1  0.51s           2025-02-14T14:21:15
/home/airflow/dags/Lead_scoring_data_pipeline/.ipynb_checkpoints/constants-checkpoint.py                                            0           0  0.11s           2025-02-14T14:21:18
/home/airflow/dags/Lead_scoring_data_pipeline/.ipynb_checkpoints/lead_scoring_data_pipeline-checkpoint.py                           0           1  0.51s           2025-02-14T14:21:16
/opt/conda/lib/python3.8/site-packages/airflow/example_dags/example_kubernetes_executor.py                                          0           0  0.21s           2025-02-14T14:21:22
/opt/conda/lib/python3.8/site-packages/airflow/example_dags/example_local_kubernetes_executor.py                                    0           0  0.21s           2025-02-14T14:21:25
/opt/conda/lib/python3.8/site-packages/airflow/example_dags/tutorial_taskflow_api_etl_virtualenv.py                                 0           0  0.21s           2025-02-14T14:21:30
/opt/conda/lib/python3.8/site-packages/airflow/example_dags/plugins/workday.py                                                      0           0  0.11s           2025-02-14T14:21:13
/opt/conda/lib/python3.8/site-packages/airflow/example_dags/subdags/subdag.py                                                       0           0  0.11s           2025-02-14T14:21:13
/opt/conda/lib/python3.8/site-packages/airflow/example_dags/tutorial.py                                                             1           0  0.22s           2025-02-14T14:21:20
/opt/conda/lib/python3.8/site-packages/airflow/example_dags/example_time_delta_sensor_async.py                                      1           0  0.31s           2025-02-14T14:21:21
/opt/conda/lib/python3.8/site-packages/airflow/example_dags/example_dag_decorator.py                                                1           0  0.31s           2025-02-14T14:21:23
/opt/conda/lib/python3.8/site-packages/airflow/example_dags/example_branch_labels.py                                                1           0  0.22s           2025-02-14T14:21:26
/opt/conda/lib/python3.8/site-packages/airflow/example_dags/example_branch_day_of_week_operator.py                                  1           0  0.31s           2025-02-14T14:21:27
/opt/conda/lib/python3.8/site-packages/airflow/example_dags/tutorial_etl_dag.py                                                     1           0  0.22s           2025-02-14T14:21:29
/opt/conda/lib/python3.8/site-packages/airflow/example_dags/example_branch_operator_decorator.py                                    1           0  0.32s           2025-02-14T14:21:31
/opt/conda/lib/python3.8/site-packages/airflow/example_dags/example_task_group_decorator.py                                         1           0  0.31s           2025-02-14T14:21:32
/opt/conda/lib/python3.8/site-packages/airflow/example_dags/example_bash_operator.py                                                1           0  0.22s           2025-02-14T14:20:48
/opt/conda/lib/python3.8/site-packages/airflow/example_dags/example_latest_only.py                                                  1           0  0.31s           2025-02-14T14:20:49
/opt/conda/lib/python3.8/site-packages/airflow/example_dags/example_xcom.py                                                         1           0  0.31s           2025-02-14T14:20:51
/opt/conda/lib/python3.8/site-packages/airflow/example_dags/example_python_operator.py                                              1           0  0.22s           2025-02-14T14:20:51
/opt/conda/lib/python3.8/site-packages/airflow/example_dags/example_branch_python_dop_operator_3.py                                 1           0  0.22s           2025-02-14T14:20:52
/opt/conda/lib/python3.8/site-packages/airflow/example_dags/example_trigger_controller_dag.py                                       1           0  0.22s           2025-02-14T14:20:53
/opt/conda/lib/python3.8/site-packages/airflow/example_dags/example_skip_dag.py                                                     1           0  0.21s           2025-02-14T14:20:55
/opt/conda/lib/python3.8/site-packages/airflow/example_dags/example_short_circuit_operator.py                                       1           0  0.32s           2025-02-14T14:20:56
/opt/conda/lib/python3.8/site-packages/airflow/example_dags/example_trigger_target_dag.py                                           1           0  0.31s           2025-02-14T14:20:57
/opt/conda/lib/python3.8/site-packages/airflow/example_dags/example_nested_branch_dag.py                                            1           0  0.31s           2025-02-14T14:20:59
/opt/conda/lib/python3.8/site-packages/airflow/example_dags/example_latest_only_with_trigger.py                                     1           0  0.31s           2025-02-14T14:21:00
/opt/conda/lib/python3.8/site-packages/airflow/example_dags/example_task_group.py                                                   1           0  0.22s           2025-02-14T14:21:02
/opt/conda/lib/python3.8/site-packages/airflow/example_dags/example_sla_dag.py                                                      1           0  0.31s           2025-02-14T14:21:05
/opt/conda/lib/python3.8/site-packages/airflow/example_dags/example_passing_params_via_test_command.py                              1           0  0.31s           2025-02-14T14:21:07
/opt/conda/lib/python3.8/site-packages/airflow/example_dags/example_complex.py                                                      1           0  0.22s           2025-02-14T14:21:09
/opt/conda/lib/python3.8/site-packages/airflow/example_dags/tutorial_taskflow_api_etl.py                                            1           0  0.31s           2025-02-14T14:21:11
/opt/conda/lib/python3.8/site-packages/airflow/example_dags/example_branch_operator.py                                              1           0  0.22s           2025-02-14T14:21:12
/opt/conda/lib/python3.8/site-packages/airflow/example_dags/example_branch_datetime_operator.py                                     2           0  0.22s           2025-02-14T14:21:01
/opt/conda/lib/python3.8/site-packages/airflow/example_dags/example_xcomargs.py                                                     2           0  0.31s           2025-02-14T14:21:03
/opt/conda/lib/python3.8/site-packages/airflow/example_dags/example_external_task_marker_dag.py                                     2           0  0.31s           2025-02-14T14:21:04
/opt/conda/lib/python3.8/site-packages/airflow/example_dags/example_subdag_operator.py                                              3           0  0.31s           2025-02-14T14:21:08
================================================================================
[2025-02-14 14:22:03,635] {manager.py:809} INFO - 
================================================================================
DAG File Processing Stats

File Path                                                                                                  PID    Runtime      # DAGs    # Errors  Last Runtime    Last Run
---------------------------------------------------------------------------------------------------------  -----  ---------  --------  ----------  --------------  -------------------
/home/airflow/dags/Lead_scoring_data_pipeline/constants.py                                                                          0           0  0.11s           2025-02-14T14:21:17
/home/airflow/dags/Lead_scoring_data_pipeline/lead_scoring_data_pipeline.py                                                         0           1  0.62s           2025-02-14T14:21:46
/home/airflow/dags/Lead_scoring_data_pipeline/.ipynb_checkpoints/constants-checkpoint.py                                            0           0  0.11s           2025-02-14T14:21:18
/home/airflow/dags/Lead_scoring_data_pipeline/.ipynb_checkpoints/lead_scoring_data_pipeline-checkpoint.py                           0           1  0.51s           2025-02-14T14:22:03
/opt/conda/lib/python3.8/site-packages/airflow/example_dags/example_kubernetes_executor.py                                          0           0  0.21s           2025-02-14T14:21:22
/opt/conda/lib/python3.8/site-packages/airflow/example_dags/example_local_kubernetes_executor.py                                    0           0  0.21s           2025-02-14T14:21:25
/opt/conda/lib/python3.8/site-packages/airflow/example_dags/tutorial_taskflow_api_etl_virtualenv.py                                 0           0  0.21s           2025-02-14T14:21:30
/opt/conda/lib/python3.8/site-packages/airflow/example_dags/plugins/workday.py                                                      0           0  0.11s           2025-02-14T14:22:01
/opt/conda/lib/python3.8/site-packages/airflow/example_dags/subdags/subdag.py                                                       0           0  0.11s           2025-02-14T14:22:02
/opt/conda/lib/python3.8/site-packages/airflow/example_dags/tutorial.py                                                             1           0  0.22s           2025-02-14T14:21:20
/opt/conda/lib/python3.8/site-packages/airflow/example_dags/example_time_delta_sensor_async.py                                      1           0  0.31s           2025-02-14T14:21:21
/opt/conda/lib/python3.8/site-packages/airflow/example_dags/example_dag_decorator.py                                                1           0  0.31s           2025-02-14T14:21:23
/opt/conda/lib/python3.8/site-packages/airflow/example_dags/example_branch_labels.py                                                1           0  0.22s           2025-02-14T14:21:26
/opt/conda/lib/python3.8/site-packages/airflow/example_dags/example_branch_day_of_week_operator.py                                  1           0  0.31s           2025-02-14T14:21:27
/opt/conda/lib/python3.8/site-packages/airflow/example_dags/tutorial_etl_dag.py                                                     1           0  0.22s           2025-02-14T14:21:29
/opt/conda/lib/python3.8/site-packages/airflow/example_dags/example_branch_operator_decorator.py                                    1           0  0.32s           2025-02-14T14:21:31
/opt/conda/lib/python3.8/site-packages/airflow/example_dags/example_task_group_decorator.py                                         1           0  0.31s           2025-02-14T14:21:32
/opt/conda/lib/python3.8/site-packages/airflow/example_dags/example_bash_operator.py                                                1           0  0.31s           2025-02-14T14:21:34
/opt/conda/lib/python3.8/site-packages/airflow/example_dags/example_latest_only.py                                                  1           0  0.31s           2025-02-14T14:21:35
/opt/conda/lib/python3.8/site-packages/airflow/example_dags/example_xcom.py                                                         1           0  0.31s           2025-02-14T14:21:37
/opt/conda/lib/python3.8/site-packages/airflow/example_dags/example_python_operator.py                                              1           0  0.31s           2025-02-14T14:21:38
/opt/conda/lib/python3.8/site-packages/airflow/example_dags/example_branch_python_dop_operator_3.py                                 1           0  0.31s           2025-02-14T14:21:39
/opt/conda/lib/python3.8/site-packages/airflow/example_dags/example_trigger_controller_dag.py                                       1           0  0.31s           2025-02-14T14:21:41
/opt/conda/lib/python3.8/site-packages/airflow/example_dags/example_skip_dag.py                                                     1           0  0.22s           2025-02-14T14:21:42
/opt/conda/lib/python3.8/site-packages/airflow/example_dags/example_short_circuit_operator.py                                       1           0  0.31s           2025-02-14T14:21:43
/opt/conda/lib/python3.8/site-packages/airflow/example_dags/example_trigger_target_dag.py                                           1           0  0.31s           2025-02-14T14:21:44
/opt/conda/lib/python3.8/site-packages/airflow/example_dags/example_nested_branch_dag.py                                            1           0  0.31s           2025-02-14T14:21:45
/opt/conda/lib/python3.8/site-packages/airflow/example_dags/example_latest_only_with_trigger.py                                     1           0  0.31s           2025-02-14T14:21:48
/opt/conda/lib/python3.8/site-packages/airflow/example_dags/example_task_group.py                                                   1           0  0.31s           2025-02-14T14:21:50
/opt/conda/lib/python3.8/site-packages/airflow/example_dags/example_sla_dag.py                                                      1           0  0.51s           2025-02-14T14:21:53
/opt/conda/lib/python3.8/site-packages/airflow/example_dags/example_passing_params_via_test_command.py                              1           0  0.31s           2025-02-14T14:21:55
/opt/conda/lib/python3.8/site-packages/airflow/example_dags/example_complex.py                                                      1           0  0.31s           2025-02-14T14:21:57
/opt/conda/lib/python3.8/site-packages/airflow/example_dags/tutorial_taskflow_api_etl.py                                            1           0  0.31s           2025-02-14T14:21:58
/opt/conda/lib/python3.8/site-packages/airflow/example_dags/example_branch_operator.py                                              1           0  0.23s           2025-02-14T14:22:00
/opt/conda/lib/python3.8/site-packages/airflow/example_dags/example_branch_datetime_operator.py                                     2           0  0.31s           2025-02-14T14:21:49
/opt/conda/lib/python3.8/site-packages/airflow/example_dags/example_xcomargs.py                                                     2           0  0.31s           2025-02-14T14:21:51
/opt/conda/lib/python3.8/site-packages/airflow/example_dags/example_external_task_marker_dag.py                                     2           0  0.31s           2025-02-14T14:21:53
/opt/conda/lib/python3.8/site-packages/airflow/example_dags/example_subdag_operator.py                                              3           0  0.31s           2025-02-14T14:21:55
================================================================================
[2025-02-14 14:22:34,144] {manager.py:809} INFO - 
================================================================================
DAG File Processing Stats

File Path                                                                                                  PID    Runtime      # DAGs    # Errors  Last Runtime    Last Run
---------------------------------------------------------------------------------------------------------  -----  ---------  --------  ----------  --------------  -------------------
/home/airflow/dags/Lead_scoring_data_pipeline/constants.py                                                                          0           0  0.11s           2025-02-14T14:22:04
/home/airflow/dags/Lead_scoring_data_pipeline/lead_scoring_data_pipeline.py                                                         0           1  0.52s           2025-02-14T14:22:20
/home/airflow/dags/Lead_scoring_data_pipeline/.ipynb_checkpoints/constants-checkpoint.py                                            0           0  0.11s           2025-02-14T14:22:05
/home/airflow/dags/Lead_scoring_data_pipeline/.ipynb_checkpoints/lead_scoring_data_pipeline-checkpoint.py                           0           1  0.51s           2025-02-14T14:22:03
/opt/conda/lib/python3.8/site-packages/airflow/example_dags/example_kubernetes_executor.py                                          0           0  0.21s           2025-02-14T14:22:09
/opt/conda/lib/python3.8/site-packages/airflow/example_dags/example_local_kubernetes_executor.py                                    0           0  0.21s           2025-02-14T14:22:11
/opt/conda/lib/python3.8/site-packages/airflow/example_dags/tutorial_taskflow_api_etl_virtualenv.py                                 0           0  0.21s           2025-02-14T14:22:16
/opt/conda/lib/python3.8/site-packages/airflow/example_dags/plugins/workday.py                                                      0           0  0.11s           2025-02-14T14:22:01
/opt/conda/lib/python3.8/site-packages/airflow/example_dags/subdags/subdag.py                                                       0           0  0.11s           2025-02-14T14:22:02
/opt/conda/lib/python3.8/site-packages/airflow/example_dags/tutorial.py                                                             1           0  0.22s           2025-02-14T14:22:06
/opt/conda/lib/python3.8/site-packages/airflow/example_dags/example_time_delta_sensor_async.py                                      1           0  0.31s           2025-02-14T14:22:07
/opt/conda/lib/python3.8/site-packages/airflow/example_dags/example_dag_decorator.py                                                1           0  0.31s           2025-02-14T14:22:10
/opt/conda/lib/python3.8/site-packages/airflow/example_dags/example_branch_labels.py                                                1           0  0.22s           2025-02-14T14:22:13
/opt/conda/lib/python3.8/site-packages/airflow/example_dags/example_branch_day_of_week_operator.py                                  1           0  0.23s           2025-02-14T14:22:14
/opt/conda/lib/python3.8/site-packages/airflow/example_dags/tutorial_etl_dag.py                                                     1           0  0.22s           2025-02-14T14:22:15
/opt/conda/lib/python3.8/site-packages/airflow/example_dags/example_branch_operator_decorator.py                                    1           0  0.31s           2025-02-14T14:22:17
/opt/conda/lib/python3.8/site-packages/airflow/example_dags/example_task_group_decorator.py                                         1           0  0.32s           2025-02-14T14:22:18
/opt/conda/lib/python3.8/site-packages/airflow/example_dags/example_bash_operator.py                                                1           0  0.31s           2025-02-14T14:22:21
/opt/conda/lib/python3.8/site-packages/airflow/example_dags/example_latest_only.py                                                  1           0  0.31s           2025-02-14T14:22:22
/opt/conda/lib/python3.8/site-packages/airflow/example_dags/example_xcom.py                                                         1           0  0.31s           2025-02-14T14:22:23
/opt/conda/lib/python3.8/site-packages/airflow/example_dags/example_python_operator.py                                              1           0  0.23s           2025-02-14T14:22:24
/opt/conda/lib/python3.8/site-packages/airflow/example_dags/example_branch_python_dop_operator_3.py                                 1           0  0.22s           2025-02-14T14:22:25
/opt/conda/lib/python3.8/site-packages/airflow/example_dags/example_trigger_controller_dag.py                                       1           0  0.22s           2025-02-14T14:22:27
/opt/conda/lib/python3.8/site-packages/airflow/example_dags/example_skip_dag.py                                                     1           0  0.22s           2025-02-14T14:22:27
/opt/conda/lib/python3.8/site-packages/airflow/example_dags/example_short_circuit_operator.py                                       1           0  0.22s           2025-02-14T14:22:28
/opt/conda/lib/python3.8/site-packages/airflow/example_dags/example_trigger_target_dag.py                                           1           0  0.32s           2025-02-14T14:22:30
/opt/conda/lib/python3.8/site-packages/airflow/example_dags/example_nested_branch_dag.py                                            1           0  0.31s           2025-02-14T14:22:31
/opt/conda/lib/python3.8/site-packages/airflow/example_dags/example_latest_only_with_trigger.py                                     1           0  0.22s           2025-02-14T14:22:32
/opt/conda/lib/python3.8/site-packages/airflow/example_dags/example_task_group.py                                                   1           0  0.31s           2025-02-14T14:21:50
/opt/conda/lib/python3.8/site-packages/airflow/example_dags/example_sla_dag.py                                                      1           0  0.51s           2025-02-14T14:21:53
/opt/conda/lib/python3.8/site-packages/airflow/example_dags/example_passing_params_via_test_command.py                              1           0  0.31s           2025-02-14T14:21:55
/opt/conda/lib/python3.8/site-packages/airflow/example_dags/example_complex.py                                                      1           0  0.31s           2025-02-14T14:21:57
/opt/conda/lib/python3.8/site-packages/airflow/example_dags/tutorial_taskflow_api_etl.py                                            1           0  0.31s           2025-02-14T14:21:58
/opt/conda/lib/python3.8/site-packages/airflow/example_dags/example_branch_operator.py                                              1           0  0.23s           2025-02-14T14:22:00
/opt/conda/lib/python3.8/site-packages/airflow/example_dags/example_branch_datetime_operator.py                                     2           0  0.31s           2025-02-14T14:22:34
/opt/conda/lib/python3.8/site-packages/airflow/example_dags/example_xcomargs.py                                                     2           0  0.31s           2025-02-14T14:21:51
/opt/conda/lib/python3.8/site-packages/airflow/example_dags/example_external_task_marker_dag.py                                     2           0  0.31s           2025-02-14T14:21:53
/opt/conda/lib/python3.8/site-packages/airflow/example_dags/example_subdag_operator.py                                              3           0  0.31s           2025-02-14T14:21:55
================================================================================
[2025-02-14 14:23:04,857] {manager.py:809} INFO - 
================================================================================
DAG File Processing Stats

File Path                                                                                                  PID    Runtime      # DAGs    # Errors  Last Runtime    Last Run
---------------------------------------------------------------------------------------------------------  -----  ---------  --------  ----------  --------------  -------------------
/home/airflow/dags/Lead_scoring_data_pipeline/constants.py                                                                          0           0  0.11s           2025-02-14T14:22:36
/home/airflow/dags/Lead_scoring_data_pipeline/.ipynb_checkpoints/constants-checkpoint.py                                            0           0  0.11s           2025-02-14T14:22:49
/home/airflow/dags/Lead_scoring_data_pipeline/.ipynb_checkpoints/lead_scoring_data_pipeline-checkpoint.py                           0           1  0.51s           2025-02-14T14:22:35
/opt/conda/lib/python3.8/site-packages/airflow/example_dags/example_kubernetes_executor.py                                          0           0  0.21s           2025-02-14T14:22:53
/opt/conda/lib/python3.8/site-packages/airflow/example_dags/example_local_kubernetes_executor.py                                    0           0  0.21s           2025-02-14T14:22:55
/opt/conda/lib/python3.8/site-packages/airflow/example_dags/tutorial_taskflow_api_etl_virtualenv.py                                 0           0  0.21s           2025-02-14T14:23:00
/opt/conda/lib/python3.8/site-packages/airflow/example_dags/plugins/workday.py                                                      0           0  0.11s           2025-02-14T14:22:47
/opt/conda/lib/python3.8/site-packages/airflow/example_dags/subdags/subdag.py                                                       0           0  0.11s           2025-02-14T14:22:48
/home/airflow/dags/Lead_scoring_data_pipeline/lead_scoring_data_pipeline.py                                                         1           0  0.72s           2025-02-14T14:23:04
/opt/conda/lib/python3.8/site-packages/airflow/example_dags/tutorial.py                                                             1           0  0.22s           2025-02-14T14:22:51
/opt/conda/lib/python3.8/site-packages/airflow/example_dags/example_time_delta_sensor_async.py                                      1           0  0.31s           2025-02-14T14:22:52
/opt/conda/lib/python3.8/site-packages/airflow/example_dags/example_dag_decorator.py                                                1           0  0.31s           2025-02-14T14:22:55
/opt/conda/lib/python3.8/site-packages/airflow/example_dags/example_branch_labels.py                                                1           0  0.31s           2025-02-14T14:22:57
/opt/conda/lib/python3.8/site-packages/airflow/example_dags/example_branch_day_of_week_operator.py                                  1           0  0.31s           2025-02-14T14:22:58
/opt/conda/lib/python3.8/site-packages/airflow/example_dags/tutorial_etl_dag.py                                                     1           0  0.21s           2025-02-14T14:22:59
/opt/conda/lib/python3.8/site-packages/airflow/example_dags/example_branch_operator_decorator.py                                    1           0  0.31s           2025-02-14T14:23:01
/opt/conda/lib/python3.8/site-packages/airflow/example_dags/example_task_group_decorator.py                                         1           0  0.31s           2025-02-14T14:23:03
/opt/conda/lib/python3.8/site-packages/airflow/example_dags/example_bash_operator.py                                                1           0  0.31s           2025-02-14T14:22:21
/opt/conda/lib/python3.8/site-packages/airflow/example_dags/example_latest_only.py                                                  1           0  0.31s           2025-02-14T14:22:22
/opt/conda/lib/python3.8/site-packages/airflow/example_dags/example_xcom.py                                                         1           0  0.31s           2025-02-14T14:22:23
/opt/conda/lib/python3.8/site-packages/airflow/example_dags/example_python_operator.py                                              1           0  0.23s           2025-02-14T14:22:24
/opt/conda/lib/python3.8/site-packages/airflow/example_dags/example_branch_python_dop_operator_3.py                                 1           0  0.22s           2025-02-14T14:22:25
/opt/conda/lib/python3.8/site-packages/airflow/example_dags/example_trigger_controller_dag.py                                       1           0  0.22s           2025-02-14T14:22:27
/opt/conda/lib/python3.8/site-packages/airflow/example_dags/example_skip_dag.py                                                     1           0  0.22s           2025-02-14T14:22:27
/opt/conda/lib/python3.8/site-packages/airflow/example_dags/example_short_circuit_operator.py                                       1           0  0.22s           2025-02-14T14:22:28
/opt/conda/lib/python3.8/site-packages/airflow/example_dags/example_trigger_target_dag.py                                           1           0  0.32s           2025-02-14T14:22:30
/opt/conda/lib/python3.8/site-packages/airflow/example_dags/example_nested_branch_dag.py                                            1           0  0.31s           2025-02-14T14:22:31
/opt/conda/lib/python3.8/site-packages/airflow/example_dags/example_latest_only_with_trigger.py                                     1           0  0.22s           2025-02-14T14:22:32
/opt/conda/lib/python3.8/site-packages/airflow/example_dags/example_task_group.py                                                   1           0  0.22s           2025-02-14T14:22:37
/opt/conda/lib/python3.8/site-packages/airflow/example_dags/example_sla_dag.py                                                      1           0  0.31s           2025-02-14T14:22:40
/opt/conda/lib/python3.8/site-packages/airflow/example_dags/example_passing_params_via_test_command.py                              1           0  0.32s           2025-02-14T14:22:42
/opt/conda/lib/python3.8/site-packages/airflow/example_dags/example_complex.py                                                      1           0  0.31s           2025-02-14T14:22:44
/opt/conda/lib/python3.8/site-packages/airflow/example_dags/tutorial_taskflow_api_etl.py                                            1           0  0.23s           2025-02-14T14:22:45
/opt/conda/lib/python3.8/site-packages/airflow/example_dags/example_branch_operator.py                                              1           0  0.22s           2025-02-14T14:22:46
/opt/conda/lib/python3.8/site-packages/airflow/example_dags/example_branch_datetime_operator.py                                     2           0  0.31s           2025-02-14T14:22:34
/opt/conda/lib/python3.8/site-packages/airflow/example_dags/example_xcomargs.py                                                     2           0  0.31s           2025-02-14T14:22:38
/opt/conda/lib/python3.8/site-packages/airflow/example_dags/example_external_task_marker_dag.py                                     2           0  0.31s           2025-02-14T14:22:39
/opt/conda/lib/python3.8/site-packages/airflow/example_dags/example_subdag_operator.py                                              3           0  0.31s           2025-02-14T14:22:43
================================================================================
[2025-02-14 14:23:07,523] {manager.py:462} INFO - Exiting gracefully upon receiving signal 15
[2025-02-14 14:23:20,108] {manager.py:480} INFO - Processing files using up to 1 processes at a time 
[2025-02-14 14:23:20,108] {manager.py:481} INFO - Process each file at most once every 30 seconds
[2025-02-14 14:23:20,108] {manager.py:482} INFO - Checking for new files in /home/airflow/dags every 300 seconds
[2025-02-14 14:23:20,108] {manager.py:690} INFO - Searching for files in /home/airflow/dags
[2025-02-14 14:23:20,119] {manager.py:693} INFO - There are 38 files in /home/airflow/dags
[2025-02-14 14:23:20,656] {manager.py:809} INFO - 
================================================================================
DAG File Processing Stats

File Path                                                                                                  PID    Runtime      # DAGs    # Errors  Last Runtime    Last Run
---------------------------------------------------------------------------------------------------------  -----  ---------  --------  ----------  --------------  -------------------
/home/airflow/dags/Lead_scoring_data_pipeline/constants.py                                                                          0           0
/home/airflow/dags/Lead_scoring_data_pipeline/.ipynb_checkpoints/constants-checkpoint.py                                            0           0
/home/airflow/dags/Lead_scoring_data_pipeline/.ipynb_checkpoints/lead_scoring_data_pipeline-checkpoint.py                           0           0
/opt/conda/lib/python3.8/site-packages/airflow/example_dags/tutorial.py                                                             0           0
/opt/conda/lib/python3.8/site-packages/airflow/example_dags/example_time_delta_sensor_async.py                                      0           0
/opt/conda/lib/python3.8/site-packages/airflow/example_dags/example_kubernetes_executor.py                                          0           0
/opt/conda/lib/python3.8/site-packages/airflow/example_dags/example_dag_decorator.py                                                0           0
/opt/conda/lib/python3.8/site-packages/airflow/example_dags/example_local_kubernetes_executor.py                                    0           0
/opt/conda/lib/python3.8/site-packages/airflow/example_dags/example_branch_labels.py                                                0           0
/opt/conda/lib/python3.8/site-packages/airflow/example_dags/example_branch_day_of_week_operator.py                                  0           0
/opt/conda/lib/python3.8/site-packages/airflow/example_dags/tutorial_etl_dag.py                                                     0           0
/opt/conda/lib/python3.8/site-packages/airflow/example_dags/tutorial_taskflow_api_etl_virtualenv.py                                 0           0
/opt/conda/lib/python3.8/site-packages/airflow/example_dags/example_branch_operator_decorator.py                                    0           0
/opt/conda/lib/python3.8/site-packages/airflow/example_dags/example_task_group_decorator.py                                         0           0
/opt/conda/lib/python3.8/site-packages/airflow/example_dags/example_bash_operator.py                                                0           0
/opt/conda/lib/python3.8/site-packages/airflow/example_dags/example_latest_only.py                                                  0           0
/opt/conda/lib/python3.8/site-packages/airflow/example_dags/example_xcom.py                                                         0           0
/opt/conda/lib/python3.8/site-packages/airflow/example_dags/example_python_operator.py                                              0           0
/opt/conda/lib/python3.8/site-packages/airflow/example_dags/example_branch_python_dop_operator_3.py                                 0           0
/opt/conda/lib/python3.8/site-packages/airflow/example_dags/example_trigger_controller_dag.py                                       0           0
/opt/conda/lib/python3.8/site-packages/airflow/example_dags/example_skip_dag.py                                                     0           0
/opt/conda/lib/python3.8/site-packages/airflow/example_dags/example_short_circuit_operator.py                                       0           0
/opt/conda/lib/python3.8/site-packages/airflow/example_dags/example_trigger_target_dag.py                                           0           0
/opt/conda/lib/python3.8/site-packages/airflow/example_dags/example_nested_branch_dag.py                                            0           0
/opt/conda/lib/python3.8/site-packages/airflow/example_dags/example_latest_only_with_trigger.py                                     0           0
/opt/conda/lib/python3.8/site-packages/airflow/example_dags/example_branch_datetime_operator.py                                     0           0
/opt/conda/lib/python3.8/site-packages/airflow/example_dags/example_task_group.py                                                   0           0
/opt/conda/lib/python3.8/site-packages/airflow/example_dags/example_xcomargs.py                                                     0           0
/opt/conda/lib/python3.8/site-packages/airflow/example_dags/example_external_task_marker_dag.py                                     0           0
/opt/conda/lib/python3.8/site-packages/airflow/example_dags/example_sla_dag.py                                                      0           0
/opt/conda/lib/python3.8/site-packages/airflow/example_dags/example_passing_params_via_test_command.py                              0           0
/opt/conda/lib/python3.8/site-packages/airflow/example_dags/example_subdag_operator.py                                              0           0
/opt/conda/lib/python3.8/site-packages/airflow/example_dags/example_complex.py                                                      0           0
/opt/conda/lib/python3.8/site-packages/airflow/example_dags/tutorial_taskflow_api_etl.py                                            0           0
/opt/conda/lib/python3.8/site-packages/airflow/example_dags/example_branch_operator.py                                              0           0
/opt/conda/lib/python3.8/site-packages/airflow/example_dags/plugins/workday.py                                                      0           0
/opt/conda/lib/python3.8/site-packages/airflow/example_dags/subdags/subdag.py                                                       0           0
/home/airflow/dags/Lead_scoring_data_pipeline/lead_scoring_data_pipeline.py                                                         1           0  0.51s           2025-02-14T14:23:20
================================================================================
[2025-02-14 14:23:50,995] {manager.py:809} INFO - 
================================================================================
DAG File Processing Stats

File Path                                                                                                  PID    Runtime      # DAGs    # Errors  Last Runtime    Last Run
---------------------------------------------------------------------------------------------------------  -----  ---------  --------  ----------  --------------  -------------------
/home/airflow/dags/Lead_scoring_data_pipeline/constants.py                                                                          0           0  0.11s           2025-02-14T14:23:23
/home/airflow/dags/Lead_scoring_data_pipeline/.ipynb_checkpoints/constants-checkpoint.py                                            0           0  0.11s           2025-02-14T14:23:24
/opt/conda/lib/python3.8/site-packages/airflow/example_dags/example_kubernetes_executor.py                                          0           0  0.21s           2025-02-14T14:23:27
/opt/conda/lib/python3.8/site-packages/airflow/example_dags/example_local_kubernetes_executor.py                                    0           0  0.21s           2025-02-14T14:23:30
/opt/conda/lib/python3.8/site-packages/airflow/example_dags/tutorial_taskflow_api_etl_virtualenv.py                                 0           0  0.21s           2025-02-14T14:23:34
/opt/conda/lib/python3.8/site-packages/airflow/example_dags/example_external_task_marker_dag.py                                     0           0
/opt/conda/lib/python3.8/site-packages/airflow/example_dags/example_sla_dag.py                                                      0           0
/opt/conda/lib/python3.8/site-packages/airflow/example_dags/example_passing_params_via_test_command.py                              0           0
/opt/conda/lib/python3.8/site-packages/airflow/example_dags/example_subdag_operator.py                                              0           0
/opt/conda/lib/python3.8/site-packages/airflow/example_dags/example_complex.py                                                      0           0
/opt/conda/lib/python3.8/site-packages/airflow/example_dags/tutorial_taskflow_api_etl.py                                            0           0
/opt/conda/lib/python3.8/site-packages/airflow/example_dags/example_branch_operator.py                                              0           0
/opt/conda/lib/python3.8/site-packages/airflow/example_dags/plugins/workday.py                                                      0           0
/opt/conda/lib/python3.8/site-packages/airflow/example_dags/subdags/subdag.py                                                       0           0
/home/airflow/dags/Lead_scoring_data_pipeline/lead_scoring_data_pipeline.py                                                         1           0  0.51s           2025-02-14T14:23:20
/home/airflow/dags/Lead_scoring_data_pipeline/.ipynb_checkpoints/lead_scoring_data_pipeline-checkpoint.py                           1           0  0.61s           2025-02-14T14:23:22
/opt/conda/lib/python3.8/site-packages/airflow/example_dags/tutorial.py                                                             1           0  0.22s           2025-02-14T14:23:25
/opt/conda/lib/python3.8/site-packages/airflow/example_dags/example_time_delta_sensor_async.py                                      1           0  0.22s           2025-02-14T14:23:26
/opt/conda/lib/python3.8/site-packages/airflow/example_dags/example_dag_decorator.py                                                1           0  0.31s           2025-02-14T14:23:29
/opt/conda/lib/python3.8/site-packages/airflow/example_dags/example_branch_labels.py                                                1           0  0.21s           2025-02-14T14:23:30
/opt/conda/lib/python3.8/site-packages/airflow/example_dags/example_branch_day_of_week_operator.py                                  1           0  0.21s           2025-02-14T14:23:31
/opt/conda/lib/python3.8/site-packages/airflow/example_dags/tutorial_etl_dag.py                                                     1           0  0.21s           2025-02-14T14:23:33
/opt/conda/lib/python3.8/site-packages/airflow/example_dags/example_branch_operator_decorator.py                                    1           0  0.22s           2025-02-14T14:23:35
/opt/conda/lib/python3.8/site-packages/airflow/example_dags/example_task_group_decorator.py                                         1           0  0.31s           2025-02-14T14:23:36
/opt/conda/lib/python3.8/site-packages/airflow/example_dags/example_bash_operator.py                                                1           0  0.21s           2025-02-14T14:23:37
/opt/conda/lib/python3.8/site-packages/airflow/example_dags/example_latest_only.py                                                  1           0  0.21s           2025-02-14T14:23:38
/opt/conda/lib/python3.8/site-packages/airflow/example_dags/example_xcom.py                                                         1           0  0.31s           2025-02-14T14:23:39
/opt/conda/lib/python3.8/site-packages/airflow/example_dags/example_python_operator.py                                              1           0  0.21s           2025-02-14T14:23:40
/opt/conda/lib/python3.8/site-packages/airflow/example_dags/example_branch_python_dop_operator_3.py                                 1           0  0.31s           2025-02-14T14:23:41
/opt/conda/lib/python3.8/site-packages/airflow/example_dags/example_trigger_controller_dag.py                                       1           0  0.21s           2025-02-14T14:23:42
/opt/conda/lib/python3.8/site-packages/airflow/example_dags/example_skip_dag.py                                                     1           0  0.21s           2025-02-14T14:23:43
/opt/conda/lib/python3.8/site-packages/airflow/example_dags/example_short_circuit_operator.py                                       1           0  0.21s           2025-02-14T14:23:45
/opt/conda/lib/python3.8/site-packages/airflow/example_dags/example_trigger_target_dag.py                                           1           0  0.21s           2025-02-14T14:23:46
/opt/conda/lib/python3.8/site-packages/airflow/example_dags/example_nested_branch_dag.py                                            1           0  0.22s           2025-02-14T14:23:47
/opt/conda/lib/python3.8/site-packages/airflow/example_dags/example_latest_only_with_trigger.py                                     1           0  0.21s           2025-02-14T14:23:48
/opt/conda/lib/python3.8/site-packages/airflow/example_dags/example_task_group.py                                                   1           0  0.21s           2025-02-14T14:23:50
/opt/conda/lib/python3.8/site-packages/airflow/example_dags/example_branch_datetime_operator.py                                     2           0  0.21s           2025-02-14T14:23:50
/opt/conda/lib/python3.8/site-packages/airflow/example_dags/example_xcomargs.py                                                     2           0  0.31s           2025-02-14T14:23:50
================================================================================
[2025-02-14 14:24:21,035] {manager.py:809} INFO - 
================================================================================
DAG File Processing Stats

File Path                                                                                                  PID    Runtime      # DAGs    # Errors  Last Runtime    Last Run
---------------------------------------------------------------------------------------------------------  -----  ---------  --------  ----------  --------------  -------------------
/home/airflow/dags/Lead_scoring_data_pipeline/constants.py                                                                          0           0  0.11s           2025-02-14T14:24:05
/home/airflow/dags/Lead_scoring_data_pipeline/.ipynb_checkpoints/constants-checkpoint.py                                            0           0  0.11s           2025-02-14T14:24:05
/opt/conda/lib/python3.8/site-packages/airflow/example_dags/example_kubernetes_executor.py                                          0           0  0.21s           2025-02-14T14:24:09
/opt/conda/lib/python3.8/site-packages/airflow/example_dags/example_local_kubernetes_executor.py                                    0           0  0.21s           2025-02-14T14:24:11
/opt/conda/lib/python3.8/site-packages/airflow/example_dags/tutorial_taskflow_api_etl_virtualenv.py                                 0           0  0.21s           2025-02-14T14:24:15
/opt/conda/lib/python3.8/site-packages/airflow/example_dags/plugins/workday.py                                                      0           0  0.11s           2025-02-14T14:24:00
/opt/conda/lib/python3.8/site-packages/airflow/example_dags/subdags/subdag.py                                                       0           0  0.11s           2025-02-14T14:24:01
/home/airflow/dags/Lead_scoring_data_pipeline/lead_scoring_data_pipeline.py                                                         1           0  0.53s           2025-02-14T14:24:02
/home/airflow/dags/Lead_scoring_data_pipeline/.ipynb_checkpoints/lead_scoring_data_pipeline-checkpoint.py                           1           0  0.52s           2025-02-14T14:24:04
/opt/conda/lib/python3.8/site-packages/airflow/example_dags/tutorial.py                                                             1           0  0.21s           2025-02-14T14:24:07
/opt/conda/lib/python3.8/site-packages/airflow/example_dags/example_time_delta_sensor_async.py                                      1           0  0.22s           2025-02-14T14:24:07
/opt/conda/lib/python3.8/site-packages/airflow/example_dags/example_dag_decorator.py                                                1           0  0.31s           2025-02-14T14:24:10
/opt/conda/lib/python3.8/site-packages/airflow/example_dags/example_branch_labels.py                                                1           0  0.21s           2025-02-14T14:24:12
/opt/conda/lib/python3.8/site-packages/airflow/example_dags/example_branch_day_of_week_operator.py                                  1           0  0.21s           2025-02-14T14:24:13
/opt/conda/lib/python3.8/site-packages/airflow/example_dags/tutorial_etl_dag.py                                                     1           0  0.21s           2025-02-14T14:24:14
/opt/conda/lib/python3.8/site-packages/airflow/example_dags/example_branch_operator_decorator.py                                    1           0  0.21s           2025-02-14T14:24:16
/opt/conda/lib/python3.8/site-packages/airflow/example_dags/example_task_group_decorator.py                                         1           0  0.31s           2025-02-14T14:24:18
/opt/conda/lib/python3.8/site-packages/airflow/example_dags/example_bash_operator.py                                                1           0  0.31s           2025-02-14T14:24:19
/opt/conda/lib/python3.8/site-packages/airflow/example_dags/example_latest_only.py                                                  1           0  0.21s           2025-02-14T14:24:21
/opt/conda/lib/python3.8/site-packages/airflow/example_dags/example_xcom.py                                                         1           0  0.31s           2025-02-14T14:23:39
/opt/conda/lib/python3.8/site-packages/airflow/example_dags/example_python_operator.py                                              1           0  0.21s           2025-02-14T14:23:40
/opt/conda/lib/python3.8/site-packages/airflow/example_dags/example_branch_python_dop_operator_3.py                                 1           0  0.31s           2025-02-14T14:23:41
/opt/conda/lib/python3.8/site-packages/airflow/example_dags/example_trigger_controller_dag.py                                       1           0  0.21s           2025-02-14T14:23:42
/opt/conda/lib/python3.8/site-packages/airflow/example_dags/example_skip_dag.py                                                     1           0  0.21s           2025-02-14T14:23:43
/opt/conda/lib/python3.8/site-packages/airflow/example_dags/example_short_circuit_operator.py                                       1           0  0.21s           2025-02-14T14:23:45
/opt/conda/lib/python3.8/site-packages/airflow/example_dags/example_trigger_target_dag.py                                           1           0  0.21s           2025-02-14T14:23:46
/opt/conda/lib/python3.8/site-packages/airflow/example_dags/example_nested_branch_dag.py                                            1           0  0.22s           2025-02-14T14:23:47
/opt/conda/lib/python3.8/site-packages/airflow/example_dags/example_latest_only_with_trigger.py                                     1           0  0.21s           2025-02-14T14:23:48
/opt/conda/lib/python3.8/site-packages/airflow/example_dags/example_task_group.py                                                   1           0  0.21s           2025-02-14T14:23:50
/opt/conda/lib/python3.8/site-packages/airflow/example_dags/example_sla_dag.py                                                      1           0  0.21s           2025-02-14T14:23:53
/opt/conda/lib/python3.8/site-packages/airflow/example_dags/example_passing_params_via_test_command.py                              1           0  0.22s           2025-02-14T14:23:54
/opt/conda/lib/python3.8/site-packages/airflow/example_dags/example_complex.py                                                      1           0  0.21s           2025-02-14T14:23:57
/opt/conda/lib/python3.8/site-packages/airflow/example_dags/tutorial_taskflow_api_etl.py                                            1           0  0.31s           2025-02-14T14:23:58
/opt/conda/lib/python3.8/site-packages/airflow/example_dags/example_branch_operator.py                                              1           0  0.21s           2025-02-14T14:23:59
/opt/conda/lib/python3.8/site-packages/airflow/example_dags/example_branch_datetime_operator.py                                     2           0  0.21s           2025-02-14T14:23:50
/opt/conda/lib/python3.8/site-packages/airflow/example_dags/example_xcomargs.py                                                     2           0  0.31s           2025-02-14T14:23:50
/opt/conda/lib/python3.8/site-packages/airflow/example_dags/example_external_task_marker_dag.py                                     2           0  0.31s           2025-02-14T14:23:51
/opt/conda/lib/python3.8/site-packages/airflow/example_dags/example_subdag_operator.py                                              3           0  0.31s           2025-02-14T14:23:55
================================================================================
[2025-02-14 14:24:51,491] {manager.py:809} INFO - 
================================================================================
DAG File Processing Stats

File Path                                                                                                  PID    Runtime      # DAGs    # Errors  Last Runtime    Last Run
---------------------------------------------------------------------------------------------------------  -----  ---------  --------  ----------  --------------  -------------------
/home/airflow/dags/Lead_scoring_data_pipeline/constants.py                                                                          0           0  0.11s           2025-02-14T14:24:43
/home/airflow/dags/Lead_scoring_data_pipeline/.ipynb_checkpoints/constants-checkpoint.py                                            0           0  0.11s           2025-02-14T14:24:44
/opt/conda/lib/python3.8/site-packages/airflow/example_dags/example_kubernetes_executor.py                                          0           0  0.21s           2025-02-14T14:24:48
/opt/conda/lib/python3.8/site-packages/airflow/example_dags/example_local_kubernetes_executor.py                                    0           0  0.21s           2025-02-14T14:24:11
/opt/conda/lib/python3.8/site-packages/airflow/example_dags/tutorial_taskflow_api_etl_virtualenv.py                                 0           0  0.21s           2025-02-14T14:24:15
/opt/conda/lib/python3.8/site-packages/airflow/example_dags/plugins/workday.py                                                      0           0  0.11s           2025-02-14T14:24:51
/opt/conda/lib/python3.8/site-packages/airflow/example_dags/subdags/subdag.py                                                       0           0  0.11s           2025-02-14T14:24:01
/home/airflow/dags/Lead_scoring_data_pipeline/lead_scoring_data_pipeline.py                                                         1           0  0.61s           2025-02-14T14:24:41
/home/airflow/dags/Lead_scoring_data_pipeline/.ipynb_checkpoints/lead_scoring_data_pipeline-checkpoint.py                           1           0  0.51s           2025-02-14T14:24:42
/opt/conda/lib/python3.8/site-packages/airflow/example_dags/tutorial.py                                                             1           0  0.21s           2025-02-14T14:24:45
/opt/conda/lib/python3.8/site-packages/airflow/example_dags/example_time_delta_sensor_async.py                                      1           0  0.21s           2025-02-14T14:24:47
/opt/conda/lib/python3.8/site-packages/airflow/example_dags/example_dag_decorator.py                                                1           0  0.31s           2025-02-14T14:24:10
/opt/conda/lib/python3.8/site-packages/airflow/example_dags/example_branch_labels.py                                                1           0  0.21s           2025-02-14T14:24:12
/opt/conda/lib/python3.8/site-packages/airflow/example_dags/example_branch_day_of_week_operator.py                                  1           0  0.21s           2025-02-14T14:24:13
/opt/conda/lib/python3.8/site-packages/airflow/example_dags/tutorial_etl_dag.py                                                     1           0  0.21s           2025-02-14T14:24:14
/opt/conda/lib/python3.8/site-packages/airflow/example_dags/example_branch_operator_decorator.py                                    1           0  0.21s           2025-02-14T14:24:16
/opt/conda/lib/python3.8/site-packages/airflow/example_dags/example_task_group_decorator.py                                         1           0  0.31s           2025-02-14T14:24:18
/opt/conda/lib/python3.8/site-packages/airflow/example_dags/example_bash_operator.py                                                1           0  0.31s           2025-02-14T14:24:19
/opt/conda/lib/python3.8/site-packages/airflow/example_dags/example_latest_only.py                                                  1           0  0.21s           2025-02-14T14:24:21
/opt/conda/lib/python3.8/site-packages/airflow/example_dags/example_xcom.py                                                         1           0  0.31s           2025-02-14T14:24:21
/opt/conda/lib/python3.8/site-packages/airflow/example_dags/example_python_operator.py                                              1           0  0.21s           2025-02-14T14:24:23
/opt/conda/lib/python3.8/site-packages/airflow/example_dags/example_branch_python_dop_operator_3.py                                 1           0  0.21s           2025-02-14T14:24:23
/opt/conda/lib/python3.8/site-packages/airflow/example_dags/example_trigger_controller_dag.py                                       1           0  0.21s           2025-02-14T14:24:24
/opt/conda/lib/python3.8/site-packages/airflow/example_dags/example_skip_dag.py                                                     1           0  0.21s           2025-02-14T14:24:26
/opt/conda/lib/python3.8/site-packages/airflow/example_dags/example_short_circuit_operator.py                                       1           0  0.21s           2025-02-14T14:24:27
/opt/conda/lib/python3.8/site-packages/airflow/example_dags/example_trigger_target_dag.py                                           1           0  0.21s           2025-02-14T14:24:28
/opt/conda/lib/python3.8/site-packages/airflow/example_dags/example_nested_branch_dag.py                                            1           0  0.21s           2025-02-14T14:24:30
/opt/conda/lib/python3.8/site-packages/airflow/example_dags/example_latest_only_with_trigger.py                                     1           0  0.21s           2025-02-14T14:24:31
/opt/conda/lib/python3.8/site-packages/airflow/example_dags/example_task_group.py                                                   1           0  0.21s           2025-02-14T14:24:33
/opt/conda/lib/python3.8/site-packages/airflow/example_dags/example_sla_dag.py                                                      1           0  0.21s           2025-02-14T14:24:36
/opt/conda/lib/python3.8/site-packages/airflow/example_dags/example_passing_params_via_test_command.py                              1           0  0.21s           2025-02-14T14:24:37
/opt/conda/lib/python3.8/site-packages/airflow/example_dags/example_complex.py                                                      1           0  0.22s           2025-02-14T14:24:39
/opt/conda/lib/python3.8/site-packages/airflow/example_dags/tutorial_taskflow_api_etl.py                                            1           0  0.21s           2025-02-14T14:24:49
/opt/conda/lib/python3.8/site-packages/airflow/example_dags/example_branch_operator.py                                              1           0  0.21s           2025-02-14T14:24:50
/opt/conda/lib/python3.8/site-packages/airflow/example_dags/example_branch_datetime_operator.py                                     2           0  0.41s           2025-02-14T14:24:32
/opt/conda/lib/python3.8/site-packages/airflow/example_dags/example_xcomargs.py                                                     2           0  0.31s           2025-02-14T14:24:34
/opt/conda/lib/python3.8/site-packages/airflow/example_dags/example_external_task_marker_dag.py                                     2           0  0.31s           2025-02-14T14:24:35
/opt/conda/lib/python3.8/site-packages/airflow/example_dags/example_subdag_operator.py                                              3           0  0.31s           2025-02-14T14:24:38
================================================================================
[2025-02-14 14:25:21,810] {manager.py:809} INFO - 
================================================================================
DAG File Processing Stats

File Path                                                                                                  PID    Runtime      # DAGs    # Errors  Last Runtime    Last Run
---------------------------------------------------------------------------------------------------------  -----  ---------  --------  ----------  --------------  -------------------
/home/airflow/dags/Lead_scoring_data_pipeline/constants.py                                                                          0           0  0.11s           2025-02-14T14:24:43
/home/airflow/dags/Lead_scoring_data_pipeline/.ipynb_checkpoints/constants-checkpoint.py                                            0           0  0.11s           2025-02-14T14:24:44
/opt/conda/lib/python3.8/site-packages/airflow/example_dags/example_kubernetes_executor.py                                          0           0  0.21s           2025-02-14T14:24:48
/opt/conda/lib/python3.8/site-packages/airflow/example_dags/example_local_kubernetes_executor.py                                    0           0  0.21s           2025-02-14T14:24:54
/opt/conda/lib/python3.8/site-packages/airflow/example_dags/tutorial_taskflow_api_etl_virtualenv.py                                 0           0  0.21s           2025-02-14T14:25:00
/opt/conda/lib/python3.8/site-packages/airflow/example_dags/plugins/workday.py                                                      0           0  0.11s           2025-02-14T14:24:51
/opt/conda/lib/python3.8/site-packages/airflow/example_dags/subdags/subdag.py                                                       0           0  0.11s           2025-02-14T14:24:52
/home/airflow/dags/Lead_scoring_data_pipeline/lead_scoring_data_pipeline.py                                                         1           0  0.61s           2025-02-14T14:24:41
/home/airflow/dags/Lead_scoring_data_pipeline/.ipynb_checkpoints/lead_scoring_data_pipeline-checkpoint.py                           1           0  0.51s           2025-02-14T14:24:42
/opt/conda/lib/python3.8/site-packages/airflow/example_dags/tutorial.py                                                             1           0  0.21s           2025-02-14T14:24:45
/opt/conda/lib/python3.8/site-packages/airflow/example_dags/example_time_delta_sensor_async.py                                      1           0  0.21s           2025-02-14T14:24:47
/opt/conda/lib/python3.8/site-packages/airflow/example_dags/example_dag_decorator.py                                                1           0  0.21s           2025-02-14T14:24:53
/opt/conda/lib/python3.8/site-packages/airflow/example_dags/example_branch_labels.py                                                1           0  0.21s           2025-02-14T14:24:56
/opt/conda/lib/python3.8/site-packages/airflow/example_dags/example_branch_day_of_week_operator.py                                  1           0  0.21s           2025-02-14T14:24:57
/opt/conda/lib/python3.8/site-packages/airflow/example_dags/tutorial_etl_dag.py                                                     1           0  0.21s           2025-02-14T14:24:58
/opt/conda/lib/python3.8/site-packages/airflow/example_dags/example_branch_operator_decorator.py                                    1           0  0.21s           2025-02-14T14:25:01
/opt/conda/lib/python3.8/site-packages/airflow/example_dags/example_task_group_decorator.py                                         1           0  0.31s           2025-02-14T14:25:02
/opt/conda/lib/python3.8/site-packages/airflow/example_dags/example_bash_operator.py                                                1           0  0.21s           2025-02-14T14:25:03
/opt/conda/lib/python3.8/site-packages/airflow/example_dags/example_latest_only.py                                                  1           0  0.21s           2025-02-14T14:25:05
/opt/conda/lib/python3.8/site-packages/airflow/example_dags/example_xcom.py                                                         1           0  0.21s           2025-02-14T14:25:06
/opt/conda/lib/python3.8/site-packages/airflow/example_dags/example_python_operator.py                                              1           0  0.21s           2025-02-14T14:25:07
/opt/conda/lib/python3.8/site-packages/airflow/example_dags/example_branch_python_dop_operator_3.py                                 1           0  0.31s           2025-02-14T14:25:09
/opt/conda/lib/python3.8/site-packages/airflow/example_dags/example_trigger_controller_dag.py                                       1           0  0.21s           2025-02-14T14:25:10
/opt/conda/lib/python3.8/site-packages/airflow/example_dags/example_skip_dag.py                                                     1           0  0.21s           2025-02-14T14:25:11
/opt/conda/lib/python3.8/site-packages/airflow/example_dags/example_short_circuit_operator.py                                       1           0  0.21s           2025-02-14T14:25:12
/opt/conda/lib/python3.8/site-packages/airflow/example_dags/example_trigger_target_dag.py                                           1           0  0.21s           2025-02-14T14:25:14
/opt/conda/lib/python3.8/site-packages/airflow/example_dags/example_nested_branch_dag.py                                            1           0  0.31s           2025-02-14T14:25:15
/opt/conda/lib/python3.8/site-packages/airflow/example_dags/example_latest_only_with_trigger.py                                     1           0  0.31s           2025-02-14T14:25:16
/opt/conda/lib/python3.8/site-packages/airflow/example_dags/example_task_group.py                                                   1           0  0.21s           2025-02-14T14:25:19
/opt/conda/lib/python3.8/site-packages/airflow/example_dags/example_sla_dag.py                                                      1           0  0.21s           2025-02-14T14:24:36
/opt/conda/lib/python3.8/site-packages/airflow/example_dags/example_passing_params_via_test_command.py                              1           0  0.21s           2025-02-14T14:24:37
/opt/conda/lib/python3.8/site-packages/airflow/example_dags/example_complex.py                                                      1           0  0.22s           2025-02-14T14:24:39
/opt/conda/lib/python3.8/site-packages/airflow/example_dags/tutorial_taskflow_api_etl.py                                            1           0  0.21s           2025-02-14T14:24:49
/opt/conda/lib/python3.8/site-packages/airflow/example_dags/example_branch_operator.py                                              1           0  0.21s           2025-02-14T14:24:50
/opt/conda/lib/python3.8/site-packages/airflow/example_dags/example_branch_datetime_operator.py                                     2           0  0.22s           2025-02-14T14:25:18
/opt/conda/lib/python3.8/site-packages/airflow/example_dags/example_xcomargs.py                                                     2           0  0.31s           2025-02-14T14:25:20
/opt/conda/lib/python3.8/site-packages/airflow/example_dags/example_external_task_marker_dag.py                                     2           0  0.21s           2025-02-14T14:25:21
/opt/conda/lib/python3.8/site-packages/airflow/example_dags/example_subdag_operator.py                                              3           0  0.31s           2025-02-14T14:24:38
================================================================================
[2025-02-14 14:25:52,311] {manager.py:809} INFO - 
================================================================================
DAG File Processing Stats

File Path                                                                                                  PID    Runtime      # DAGs    # Errors  Last Runtime    Last Run
---------------------------------------------------------------------------------------------------------  -----  ---------  --------  ----------  --------------  -------------------
/home/airflow/dags/Lead_scoring_data_pipeline/constants.py                                                                          0           0  0.11s           2025-02-14T14:25:30
/home/airflow/dags/Lead_scoring_data_pipeline/.ipynb_checkpoints/constants-checkpoint.py                                            0           0  0.11s           2025-02-14T14:25:31
/opt/conda/lib/python3.8/site-packages/airflow/example_dags/example_kubernetes_executor.py                                          0           0  0.21s           2025-02-14T14:25:34
/opt/conda/lib/python3.8/site-packages/airflow/example_dags/example_local_kubernetes_executor.py                                    0           0  0.21s           2025-02-14T14:25:36
/opt/conda/lib/python3.8/site-packages/airflow/example_dags/tutorial_taskflow_api_etl_virtualenv.py                                 0           0  0.31s           2025-02-14T14:25:45
/opt/conda/lib/python3.8/site-packages/airflow/example_dags/plugins/workday.py                                                      0           0  0.11s           2025-02-14T14:25:40
/opt/conda/lib/python3.8/site-packages/airflow/example_dags/subdags/subdag.py                                                       0           0  0.11s           2025-02-14T14:25:41
/home/airflow/dags/Lead_scoring_data_pipeline/lead_scoring_data_pipeline.py                                                         1           0  0.51s           2025-02-14T14:25:27
/home/airflow/dags/Lead_scoring_data_pipeline/.ipynb_checkpoints/lead_scoring_data_pipeline-checkpoint.py                           1           0  0.61s           2025-02-14T14:25:29
/opt/conda/lib/python3.8/site-packages/airflow/example_dags/tutorial.py                                                             1           0  0.21s           2025-02-14T14:25:32
/opt/conda/lib/python3.8/site-packages/airflow/example_dags/example_time_delta_sensor_async.py                                      1           0  0.41s           2025-02-14T14:25:33
/opt/conda/lib/python3.8/site-packages/airflow/example_dags/example_dag_decorator.py                                                1           0  0.21s           2025-02-14T14:25:36
/opt/conda/lib/python3.8/site-packages/airflow/example_dags/example_branch_labels.py                                                1           0  0.21s           2025-02-14T14:25:37
/opt/conda/lib/python3.8/site-packages/airflow/example_dags/example_branch_day_of_week_operator.py                                  1           0  0.21s           2025-02-14T14:25:43
/opt/conda/lib/python3.8/site-packages/airflow/example_dags/tutorial_etl_dag.py                                                     1           0  0.21s           2025-02-14T14:25:43
/opt/conda/lib/python3.8/site-packages/airflow/example_dags/example_branch_operator_decorator.py                                    1           0  0.22s           2025-02-14T14:25:46
/opt/conda/lib/python3.8/site-packages/airflow/example_dags/example_task_group_decorator.py                                         1           0  0.31s           2025-02-14T14:25:47
/opt/conda/lib/python3.8/site-packages/airflow/example_dags/example_bash_operator.py                                                1           0  0.21s           2025-02-14T14:25:48
/opt/conda/lib/python3.8/site-packages/airflow/example_dags/example_latest_only.py                                                  1           0  0.21s           2025-02-14T14:25:49
/opt/conda/lib/python3.8/site-packages/airflow/example_dags/example_xcom.py                                                         1           0  0.21s           2025-02-14T14:25:51
/opt/conda/lib/python3.8/site-packages/airflow/example_dags/example_python_operator.py                                              1           0  0.21s           2025-02-14T14:25:52
/opt/conda/lib/python3.8/site-packages/airflow/example_dags/example_branch_python_dop_operator_3.py                                 1           0  0.31s           2025-02-14T14:25:09
/opt/conda/lib/python3.8/site-packages/airflow/example_dags/example_trigger_controller_dag.py                                       1           0  0.21s           2025-02-14T14:25:10
/opt/conda/lib/python3.8/site-packages/airflow/example_dags/example_skip_dag.py                                                     1           0  0.21s           2025-02-14T14:25:11
/opt/conda/lib/python3.8/site-packages/airflow/example_dags/example_short_circuit_operator.py                                       1           0  0.21s           2025-02-14T14:25:12
/opt/conda/lib/python3.8/site-packages/airflow/example_dags/example_trigger_target_dag.py                                           1           0  0.21s           2025-02-14T14:25:14
/opt/conda/lib/python3.8/site-packages/airflow/example_dags/example_nested_branch_dag.py                                            1           0  0.31s           2025-02-14T14:25:15
/opt/conda/lib/python3.8/site-packages/airflow/example_dags/example_latest_only_with_trigger.py                                     1           0  0.31s           2025-02-14T14:25:16
/opt/conda/lib/python3.8/site-packages/airflow/example_dags/example_task_group.py                                                   1           0  0.21s           2025-02-14T14:25:19
/opt/conda/lib/python3.8/site-packages/airflow/example_dags/example_sla_dag.py                                                      1           0  0.22s           2025-02-14T14:25:23
/opt/conda/lib/python3.8/site-packages/airflow/example_dags/example_passing_params_via_test_command.py                              1           0  0.21s           2025-02-14T14:25:24
/opt/conda/lib/python3.8/site-packages/airflow/example_dags/example_complex.py                                                      1           0  0.21s           2025-02-14T14:25:26
/opt/conda/lib/python3.8/site-packages/airflow/example_dags/tutorial_taskflow_api_etl.py                                            1           0  0.21s           2025-02-14T14:25:38
/opt/conda/lib/python3.8/site-packages/airflow/example_dags/example_branch_operator.py                                              1           0  0.31s           2025-02-14T14:25:39
/opt/conda/lib/python3.8/site-packages/airflow/example_dags/example_branch_datetime_operator.py                                     2           0  0.22s           2025-02-14T14:25:18
/opt/conda/lib/python3.8/site-packages/airflow/example_dags/example_xcomargs.py                                                     2           0  0.31s           2025-02-14T14:25:20
/opt/conda/lib/python3.8/site-packages/airflow/example_dags/example_external_task_marker_dag.py                                     2           0  0.21s           2025-02-14T14:25:21
/opt/conda/lib/python3.8/site-packages/airflow/example_dags/example_subdag_operator.py                                              3           0  0.31s           2025-02-14T14:25:25
================================================================================
[2025-02-14 14:26:22,603] {manager.py:809} INFO - 
================================================================================
DAG File Processing Stats

File Path                                                                                                  PID    Runtime      # DAGs    # Errors  Last Runtime    Last Run
---------------------------------------------------------------------------------------------------------  -----  ---------  --------  ----------  --------------  -------------------
/home/airflow/dags/Lead_scoring_data_pipeline/constants.py                                                                          0           0  0.11s           2025-02-14T14:26:13
/home/airflow/dags/Lead_scoring_data_pipeline/.ipynb_checkpoints/constants-checkpoint.py                                            0           0  0.11s           2025-02-14T14:26:14
/opt/conda/lib/python3.8/site-packages/airflow/example_dags/example_kubernetes_executor.py                                          0           0  0.21s           2025-02-14T14:26:18
/opt/conda/lib/python3.8/site-packages/airflow/example_dags/example_local_kubernetes_executor.py                                    0           0  0.21s           2025-02-14T14:26:20
/opt/conda/lib/python3.8/site-packages/airflow/example_dags/tutorial_taskflow_api_etl_virtualenv.py                                 0           0  0.31s           2025-02-14T14:25:45
/opt/conda/lib/python3.8/site-packages/airflow/example_dags/plugins/workday.py                                                      0           0  0.11s           2025-02-14T14:25:40
/opt/conda/lib/python3.8/site-packages/airflow/example_dags/subdags/subdag.py                                                       0           0  0.11s           2025-02-14T14:25:41
/home/airflow/dags/Lead_scoring_data_pipeline/lead_scoring_data_pipeline.py                                                         1           0  0.61s           2025-02-14T14:26:11
/home/airflow/dags/Lead_scoring_data_pipeline/.ipynb_checkpoints/lead_scoring_data_pipeline-checkpoint.py                           1           0  0.51s           2025-02-14T14:26:12
/opt/conda/lib/python3.8/site-packages/airflow/example_dags/tutorial.py                                                             1           0  0.21s           2025-02-14T14:26:15
/opt/conda/lib/python3.8/site-packages/airflow/example_dags/example_time_delta_sensor_async.py                                      1           0  0.21s           2025-02-14T14:26:17
/opt/conda/lib/python3.8/site-packages/airflow/example_dags/example_dag_decorator.py                                                1           0  0.21s           2025-02-14T14:26:18
/opt/conda/lib/python3.8/site-packages/airflow/example_dags/example_branch_labels.py                                                1           0  0.21s           2025-02-14T14:26:21
/opt/conda/lib/python3.8/site-packages/airflow/example_dags/example_branch_day_of_week_operator.py                                  1           0  0.21s           2025-02-14T14:25:43
/opt/conda/lib/python3.8/site-packages/airflow/example_dags/tutorial_etl_dag.py                                                     1           0  0.21s           2025-02-14T14:25:43
/opt/conda/lib/python3.8/site-packages/airflow/example_dags/example_branch_operator_decorator.py                                    1           0  0.22s           2025-02-14T14:25:46
/opt/conda/lib/python3.8/site-packages/airflow/example_dags/example_task_group_decorator.py                                         1           0  0.31s           2025-02-14T14:25:47
/opt/conda/lib/python3.8/site-packages/airflow/example_dags/example_bash_operator.py                                                1           0  0.21s           2025-02-14T14:25:48
/opt/conda/lib/python3.8/site-packages/airflow/example_dags/example_latest_only.py                                                  1           0  0.21s           2025-02-14T14:25:49
/opt/conda/lib/python3.8/site-packages/airflow/example_dags/example_xcom.py                                                         1           0  0.21s           2025-02-14T14:25:51
/opt/conda/lib/python3.8/site-packages/airflow/example_dags/example_python_operator.py                                              1           0  0.21s           2025-02-14T14:25:52
/opt/conda/lib/python3.8/site-packages/airflow/example_dags/example_branch_python_dop_operator_3.py                                 1           0  0.22s           2025-02-14T14:25:53
/opt/conda/lib/python3.8/site-packages/airflow/example_dags/example_trigger_controller_dag.py                                       1           0  0.21s           2025-02-14T14:25:54
/opt/conda/lib/python3.8/site-packages/airflow/example_dags/example_skip_dag.py                                                     1           0  0.21s           2025-02-14T14:25:55
/opt/conda/lib/python3.8/site-packages/airflow/example_dags/example_short_circuit_operator.py                                       1           0  0.31s           2025-02-14T14:25:56
/opt/conda/lib/python3.8/site-packages/airflow/example_dags/example_trigger_target_dag.py                                           1           0  0.22s           2025-02-14T14:25:57
/opt/conda/lib/python3.8/site-packages/airflow/example_dags/example_nested_branch_dag.py                                            1           0  0.21s           2025-02-14T14:25:58
/opt/conda/lib/python3.8/site-packages/airflow/example_dags/example_latest_only_with_trigger.py                                     1           0  0.32s           2025-02-14T14:26:00
/opt/conda/lib/python3.8/site-packages/airflow/example_dags/example_task_group.py                                                   1           0  0.21s           2025-02-14T14:26:02
/opt/conda/lib/python3.8/site-packages/airflow/example_dags/example_sla_dag.py                                                      1           0  0.21s           2025-02-14T14:26:06
/opt/conda/lib/python3.8/site-packages/airflow/example_dags/example_passing_params_via_test_command.py                              1           0  0.21s           2025-02-14T14:26:07
/opt/conda/lib/python3.8/site-packages/airflow/example_dags/example_complex.py                                                      1           0  0.21s           2025-02-14T14:26:09
/opt/conda/lib/python3.8/site-packages/airflow/example_dags/tutorial_taskflow_api_etl.py                                            1           0  0.21s           2025-02-14T14:26:22
/opt/conda/lib/python3.8/site-packages/airflow/example_dags/example_branch_operator.py                                              1           0  0.31s           2025-02-14T14:25:39
/opt/conda/lib/python3.8/site-packages/airflow/example_dags/example_branch_datetime_operator.py                                     2           0  0.31s           2025-02-14T14:26:01
/opt/conda/lib/python3.8/site-packages/airflow/example_dags/example_xcomargs.py                                                     2           0  0.31s           2025-02-14T14:26:04
/opt/conda/lib/python3.8/site-packages/airflow/example_dags/example_external_task_marker_dag.py                                     2           0  0.22s           2025-02-14T14:26:05
/opt/conda/lib/python3.8/site-packages/airflow/example_dags/example_subdag_operator.py                                              3           0  0.31s           2025-02-14T14:26:08
================================================================================
[2025-02-14 14:26:53,456] {manager.py:809} INFO - 
================================================================================
DAG File Processing Stats

File Path                                                                                                  PID    Runtime      # DAGs    # Errors  Last Runtime    Last Run
---------------------------------------------------------------------------------------------------------  -----  ---------  --------  ----------  --------------  -------------------
/home/airflow/dags/Lead_scoring_data_pipeline/constants.py                                                                          0           0  0.11s           2025-02-14T14:26:13
/home/airflow/dags/Lead_scoring_data_pipeline/.ipynb_checkpoints/constants-checkpoint.py                                            0           0  0.11s           2025-02-14T14:26:14
/opt/conda/lib/python3.8/site-packages/airflow/example_dags/example_kubernetes_executor.py                                          0           0  0.21s           2025-02-14T14:26:18
/opt/conda/lib/python3.8/site-packages/airflow/example_dags/example_local_kubernetes_executor.py                                    0           0  0.21s           2025-02-14T14:26:20
/opt/conda/lib/python3.8/site-packages/airflow/example_dags/tutorial_taskflow_api_etl_virtualenv.py                                 0           0  0.21s           2025-02-14T14:26:26
/opt/conda/lib/python3.8/site-packages/airflow/example_dags/plugins/workday.py                                                      0           0  0.11s           2025-02-14T14:26:34
/opt/conda/lib/python3.8/site-packages/airflow/example_dags/subdags/subdag.py                                                       0           0  0.11s           2025-02-14T14:26:36
/home/airflow/dags/Lead_scoring_data_pipeline/lead_scoring_data_pipeline.py                                                         1           0  0.51s           2025-02-14T14:26:51
/home/airflow/dags/Lead_scoring_data_pipeline/.ipynb_checkpoints/lead_scoring_data_pipeline-checkpoint.py                           1           0  0.52s           2025-02-14T14:26:53
/opt/conda/lib/python3.8/site-packages/airflow/example_dags/tutorial.py                                                             1           0  0.21s           2025-02-14T14:26:15
/opt/conda/lib/python3.8/site-packages/airflow/example_dags/example_time_delta_sensor_async.py                                      1           0  0.21s           2025-02-14T14:26:17
/opt/conda/lib/python3.8/site-packages/airflow/example_dags/example_dag_decorator.py                                                1           0  0.21s           2025-02-14T14:26:18
/opt/conda/lib/python3.8/site-packages/airflow/example_dags/example_branch_labels.py                                                1           0  0.21s           2025-02-14T14:26:21
/opt/conda/lib/python3.8/site-packages/airflow/example_dags/example_branch_day_of_week_operator.py                                  1           0  0.21s           2025-02-14T14:26:24
/opt/conda/lib/python3.8/site-packages/airflow/example_dags/tutorial_etl_dag.py                                                     1           0  0.21s           2025-02-14T14:26:24
/opt/conda/lib/python3.8/site-packages/airflow/example_dags/example_branch_operator_decorator.py                                    1           0  0.21s           2025-02-14T14:26:27
/opt/conda/lib/python3.8/site-packages/airflow/example_dags/example_task_group_decorator.py                                         1           0  0.31s           2025-02-14T14:26:28
/opt/conda/lib/python3.8/site-packages/airflow/example_dags/example_bash_operator.py                                                1           0  0.21s           2025-02-14T14:26:29
/opt/conda/lib/python3.8/site-packages/airflow/example_dags/example_latest_only.py                                                  1           0  0.21s           2025-02-14T14:26:30
/opt/conda/lib/python3.8/site-packages/airflow/example_dags/example_xcom.py                                                         1           0  0.21s           2025-02-14T14:26:31
/opt/conda/lib/python3.8/site-packages/airflow/example_dags/example_python_operator.py                                              1           0  0.21s           2025-02-14T14:26:33
/opt/conda/lib/python3.8/site-packages/airflow/example_dags/example_branch_python_dop_operator_3.py                                 1           0  0.31s           2025-02-14T14:26:34
/opt/conda/lib/python3.8/site-packages/airflow/example_dags/example_trigger_controller_dag.py                                       1           0  0.31s           2025-02-14T14:26:37
/opt/conda/lib/python3.8/site-packages/airflow/example_dags/example_skip_dag.py                                                     1           0  0.31s           2025-02-14T14:26:38
/opt/conda/lib/python3.8/site-packages/airflow/example_dags/example_short_circuit_operator.py                                       1           0  0.41s           2025-02-14T14:26:39
/opt/conda/lib/python3.8/site-packages/airflow/example_dags/example_trigger_target_dag.py                                           1           0  0.31s           2025-02-14T14:26:41
/opt/conda/lib/python3.8/site-packages/airflow/example_dags/example_nested_branch_dag.py                                            1           0  0.21s           2025-02-14T14:26:42
/opt/conda/lib/python3.8/site-packages/airflow/example_dags/example_latest_only_with_trigger.py                                     1           0  0.21s           2025-02-14T14:26:43
/opt/conda/lib/python3.8/site-packages/airflow/example_dags/example_task_group.py                                                   1           0  0.21s           2025-02-14T14:26:46
/opt/conda/lib/python3.8/site-packages/airflow/example_dags/example_sla_dag.py                                                      1           0  0.21s           2025-02-14T14:26:50
/opt/conda/lib/python3.8/site-packages/airflow/example_dags/example_passing_params_via_test_command.py                              1           0  0.21s           2025-02-14T14:26:07
/opt/conda/lib/python3.8/site-packages/airflow/example_dags/example_complex.py                                                      1           0  0.21s           2025-02-14T14:26:09
/opt/conda/lib/python3.8/site-packages/airflow/example_dags/tutorial_taskflow_api_etl.py                                            1           0  0.21s           2025-02-14T14:26:22
/opt/conda/lib/python3.8/site-packages/airflow/example_dags/example_branch_operator.py                                              1           0  0.31s           2025-02-14T14:26:22
/opt/conda/lib/python3.8/site-packages/airflow/example_dags/example_branch_datetime_operator.py                                     2           0  0.31s           2025-02-14T14:26:45
/opt/conda/lib/python3.8/site-packages/airflow/example_dags/example_xcomargs.py                                                     2           0  0.21s           2025-02-14T14:26:47
/opt/conda/lib/python3.8/site-packages/airflow/example_dags/example_external_task_marker_dag.py                                     2           0  0.31s           2025-02-14T14:26:49
/opt/conda/lib/python3.8/site-packages/airflow/example_dags/example_subdag_operator.py                                              3           0  0.31s           2025-02-14T14:26:08
================================================================================
[2025-02-14 14:27:24,053] {manager.py:809} INFO - 
================================================================================
DAG File Processing Stats

File Path                                                                                                  PID    Runtime      # DAGs    # Errors  Last Runtime    Last Run
---------------------------------------------------------------------------------------------------------  -----  ---------  --------  ----------  --------------  -------------------
/home/airflow/dags/Lead_scoring_data_pipeline/constants.py                                                                          0           0  0.11s           2025-02-14T14:26:54
/home/airflow/dags/Lead_scoring_data_pipeline/.ipynb_checkpoints/constants-checkpoint.py                                            0           0  0.11s           2025-02-14T14:26:55
/opt/conda/lib/python3.8/site-packages/airflow/example_dags/example_kubernetes_executor.py                                          0           0  0.21s           2025-02-14T14:26:58
/opt/conda/lib/python3.8/site-packages/airflow/example_dags/example_local_kubernetes_executor.py                                    0           0  0.21s           2025-02-14T14:27:00
/opt/conda/lib/python3.8/site-packages/airflow/example_dags/tutorial_taskflow_api_etl_virtualenv.py                                 0           0  0.21s           2025-02-14T14:27:08
/opt/conda/lib/python3.8/site-packages/airflow/example_dags/plugins/workday.py                                                      0           0  0.11s           2025-02-14T14:27:20
/opt/conda/lib/python3.8/site-packages/airflow/example_dags/subdags/subdag.py                                                       0           0  0.11s           2025-02-14T14:26:36
/home/airflow/dags/Lead_scoring_data_pipeline/lead_scoring_data_pipeline.py                                                         1           0  0.51s           2025-02-14T14:26:51
/home/airflow/dags/Lead_scoring_data_pipeline/.ipynb_checkpoints/lead_scoring_data_pipeline-checkpoint.py                           1           0  0.52s           2025-02-14T14:26:53
/opt/conda/lib/python3.8/site-packages/airflow/example_dags/tutorial.py                                                             1           0  0.21s           2025-02-14T14:26:55
/opt/conda/lib/python3.8/site-packages/airflow/example_dags/example_time_delta_sensor_async.py                                      1           0  0.41s           2025-02-14T14:26:57
/opt/conda/lib/python3.8/site-packages/airflow/example_dags/example_dag_decorator.py                                                1           0  0.21s           2025-02-14T14:26:59
/opt/conda/lib/python3.8/site-packages/airflow/example_dags/example_branch_labels.py                                                1           0  0.31s           2025-02-14T14:27:02
/opt/conda/lib/python3.8/site-packages/airflow/example_dags/example_branch_day_of_week_operator.py                                  1           0  0.21s           2025-02-14T14:27:06
/opt/conda/lib/python3.8/site-packages/airflow/example_dags/tutorial_etl_dag.py                                                     1           0  0.21s           2025-02-14T14:27:07
/opt/conda/lib/python3.8/site-packages/airflow/example_dags/example_branch_operator_decorator.py                                    1           0  0.31s           2025-02-14T14:27:10
/opt/conda/lib/python3.8/site-packages/airflow/example_dags/example_task_group_decorator.py                                         1           0  0.31s           2025-02-14T14:27:11
/opt/conda/lib/python3.8/site-packages/airflow/example_dags/example_bash_operator.py                                                1           0  0.21s           2025-02-14T14:27:12
/opt/conda/lib/python3.8/site-packages/airflow/example_dags/example_latest_only.py                                                  1           0  0.21s           2025-02-14T14:27:13
/opt/conda/lib/python3.8/site-packages/airflow/example_dags/example_xcom.py                                                         1           0  0.31s           2025-02-14T14:27:15
/opt/conda/lib/python3.8/site-packages/airflow/example_dags/example_python_operator.py                                              1           0  0.21s           2025-02-14T14:27:15
/opt/conda/lib/python3.8/site-packages/airflow/example_dags/example_branch_python_dop_operator_3.py                                 1           0  0.21s           2025-02-14T14:27:16
/opt/conda/lib/python3.8/site-packages/airflow/example_dags/example_trigger_controller_dag.py                                       1           0  0.21s           2025-02-14T14:27:21
/opt/conda/lib/python3.8/site-packages/airflow/example_dags/example_skip_dag.py                                                     1           0  0.41s           2025-02-14T14:27:23
/opt/conda/lib/python3.8/site-packages/airflow/example_dags/example_short_circuit_operator.py                                       1           0  0.31s           2025-02-14T14:27:24
/opt/conda/lib/python3.8/site-packages/airflow/example_dags/example_trigger_target_dag.py                                           1           0  0.31s           2025-02-14T14:26:41
/opt/conda/lib/python3.8/site-packages/airflow/example_dags/example_nested_branch_dag.py                                            1           0  0.21s           2025-02-14T14:26:42
/opt/conda/lib/python3.8/site-packages/airflow/example_dags/example_latest_only_with_trigger.py                                     1           0  0.21s           2025-02-14T14:26:43
/opt/conda/lib/python3.8/site-packages/airflow/example_dags/example_task_group.py                                                   1           0  0.21s           2025-02-14T14:26:46
/opt/conda/lib/python3.8/site-packages/airflow/example_dags/example_sla_dag.py                                                      1           0  0.21s           2025-02-14T14:26:50
/opt/conda/lib/python3.8/site-packages/airflow/example_dags/example_passing_params_via_test_command.py                              1           0  0.22s           2025-02-14T14:27:03
/opt/conda/lib/python3.8/site-packages/airflow/example_dags/example_complex.py                                                      1           0  0.21s           2025-02-14T14:27:05
/opt/conda/lib/python3.8/site-packages/airflow/example_dags/tutorial_taskflow_api_etl.py                                            1           0  0.31s           2025-02-14T14:27:18
/opt/conda/lib/python3.8/site-packages/airflow/example_dags/example_branch_operator.py                                              1           0  0.21s           2025-02-14T14:27:19
/opt/conda/lib/python3.8/site-packages/airflow/example_dags/example_branch_datetime_operator.py                                     2           0  0.31s           2025-02-14T14:26:45
/opt/conda/lib/python3.8/site-packages/airflow/example_dags/example_xcomargs.py                                                     2           0  0.21s           2025-02-14T14:26:47
/opt/conda/lib/python3.8/site-packages/airflow/example_dags/example_external_task_marker_dag.py                                     2           0  0.31s           2025-02-14T14:26:49
/opt/conda/lib/python3.8/site-packages/airflow/example_dags/example_subdag_operator.py                                              3           0  0.31s           2025-02-14T14:27:04
================================================================================
[2025-02-14 14:27:54,394] {manager.py:809} INFO - 
================================================================================
DAG File Processing Stats

File Path                                                                                                  PID    Runtime      # DAGs    # Errors  Last Runtime    Last Run
---------------------------------------------------------------------------------------------------------  -----  ---------  --------  ----------  --------------  -------------------
/home/airflow/dags/Lead_scoring_data_pipeline/constants.py                                                                          0           0  0.11s           2025-02-14T14:27:39
/home/airflow/dags/Lead_scoring_data_pipeline/.ipynb_checkpoints/constants-checkpoint.py                                            0           0  0.11s           2025-02-14T14:27:40
/opt/conda/lib/python3.8/site-packages/airflow/example_dags/example_kubernetes_executor.py                                          0           0  0.21s           2025-02-14T14:27:43
/opt/conda/lib/python3.8/site-packages/airflow/example_dags/example_local_kubernetes_executor.py                                    0           0  0.21s           2025-02-14T14:27:45
/opt/conda/lib/python3.8/site-packages/airflow/example_dags/tutorial_taskflow_api_etl_virtualenv.py                                 0           0  0.21s           2025-02-14T14:27:54
/opt/conda/lib/python3.8/site-packages/airflow/example_dags/plugins/workday.py                                                      0           0  0.11s           2025-02-14T14:27:20
/opt/conda/lib/python3.8/site-packages/airflow/example_dags/subdags/subdag.py                                                       0           0  0.11s           2025-02-14T14:27:34
/home/airflow/dags/Lead_scoring_data_pipeline/lead_scoring_data_pipeline.py                                                         1           0  0.61s           2025-02-14T14:27:36
/home/airflow/dags/Lead_scoring_data_pipeline/.ipynb_checkpoints/lead_scoring_data_pipeline-checkpoint.py                           1           0  0.52s           2025-02-14T14:27:37
/opt/conda/lib/python3.8/site-packages/airflow/example_dags/tutorial.py                                                             1           0  0.21s           2025-02-14T14:27:41
/opt/conda/lib/python3.8/site-packages/airflow/example_dags/example_time_delta_sensor_async.py                                      1           0  0.31s           2025-02-14T14:27:42
/opt/conda/lib/python3.8/site-packages/airflow/example_dags/example_dag_decorator.py                                                1           0  0.21s           2025-02-14T14:27:44
/opt/conda/lib/python3.8/site-packages/airflow/example_dags/example_branch_labels.py                                                1           0  0.21s           2025-02-14T14:27:46
/opt/conda/lib/python3.8/site-packages/airflow/example_dags/example_branch_day_of_week_operator.py                                  1           0  0.32s           2025-02-14T14:27:52
/opt/conda/lib/python3.8/site-packages/airflow/example_dags/tutorial_etl_dag.py                                                     1           0  0.21s           2025-02-14T14:27:53
/opt/conda/lib/python3.8/site-packages/airflow/example_dags/example_branch_operator_decorator.py                                    1           0  0.31s           2025-02-14T14:27:10
/opt/conda/lib/python3.8/site-packages/airflow/example_dags/example_task_group_decorator.py                                         1           0  0.31s           2025-02-14T14:27:11
/opt/conda/lib/python3.8/site-packages/airflow/example_dags/example_bash_operator.py                                                1           0  0.21s           2025-02-14T14:27:12
/opt/conda/lib/python3.8/site-packages/airflow/example_dags/example_latest_only.py                                                  1           0  0.21s           2025-02-14T14:27:13
/opt/conda/lib/python3.8/site-packages/airflow/example_dags/example_xcom.py                                                         1           0  0.31s           2025-02-14T14:27:15
/opt/conda/lib/python3.8/site-packages/airflow/example_dags/example_python_operator.py                                              1           0  0.21s           2025-02-14T14:27:15
/opt/conda/lib/python3.8/site-packages/airflow/example_dags/example_branch_python_dop_operator_3.py                                 1           0  0.21s           2025-02-14T14:27:16
/opt/conda/lib/python3.8/site-packages/airflow/example_dags/example_trigger_controller_dag.py                                       1           0  0.21s           2025-02-14T14:27:21
/opt/conda/lib/python3.8/site-packages/airflow/example_dags/example_skip_dag.py                                                     1           0  0.41s           2025-02-14T14:27:23
/opt/conda/lib/python3.8/site-packages/airflow/example_dags/example_short_circuit_operator.py                                       1           0  0.31s           2025-02-14T14:27:24
/opt/conda/lib/python3.8/site-packages/airflow/example_dags/example_trigger_target_dag.py                                           1           0  0.31s           2025-02-14T14:27:25
/opt/conda/lib/python3.8/site-packages/airflow/example_dags/example_nested_branch_dag.py                                            1           0  0.51s           2025-02-14T14:27:26
/opt/conda/lib/python3.8/site-packages/airflow/example_dags/example_latest_only_with_trigger.py                                     1           0  0.21s           2025-02-14T14:27:27
/opt/conda/lib/python3.8/site-packages/airflow/example_dags/example_task_group.py                                                   1           0  0.21s           2025-02-14T14:27:29
/opt/conda/lib/python3.8/site-packages/airflow/example_dags/example_sla_dag.py                                                      1           0  0.31s           2025-02-14T14:27:33
/opt/conda/lib/python3.8/site-packages/airflow/example_dags/example_passing_params_via_test_command.py                              1           0  0.41s           2025-02-14T14:27:48
/opt/conda/lib/python3.8/site-packages/airflow/example_dags/example_complex.py                                                      1           0  0.21s           2025-02-14T14:27:50
/opt/conda/lib/python3.8/site-packages/airflow/example_dags/tutorial_taskflow_api_etl.py                                            1           0  0.31s           2025-02-14T14:27:18
/opt/conda/lib/python3.8/site-packages/airflow/example_dags/example_branch_operator.py                                              1           0  0.21s           2025-02-14T14:27:19
/opt/conda/lib/python3.8/site-packages/airflow/example_dags/example_branch_datetime_operator.py                                     2           0  0.21s           2025-02-14T14:27:28
/opt/conda/lib/python3.8/site-packages/airflow/example_dags/example_xcomargs.py                                                     2           0  0.21s           2025-02-14T14:27:30
/opt/conda/lib/python3.8/site-packages/airflow/example_dags/example_external_task_marker_dag.py                                     2           0  0.41s           2025-02-14T14:27:32
/opt/conda/lib/python3.8/site-packages/airflow/example_dags/example_subdag_operator.py                                              3           0  0.31s           2025-02-14T14:27:49
================================================================================
[2025-02-14 14:28:20,115] {manager.py:690} INFO - Searching for files in /home/airflow/dags
[2025-02-14 14:28:20,147] {manager.py:693} INFO - There are 38 files in /home/airflow/dags
[2025-02-14 14:28:24,801] {manager.py:809} INFO - 
================================================================================
DAG File Processing Stats

File Path                                                                                                  PID    Runtime      # DAGs    # Errors  Last Runtime    Last Run
---------------------------------------------------------------------------------------------------------  -----  ---------  --------  ----------  --------------  -------------------
/home/airflow/dags/Lead_scoring_data_pipeline/constants.py                                                                          0           0  0.11s           2025-02-14T14:28:24
/home/airflow/dags/Lead_scoring_data_pipeline/.ipynb_checkpoints/constants-checkpoint.py                                            0           0  0.11s           2025-02-14T14:28:24
/opt/conda/lib/python3.8/site-packages/airflow/example_dags/example_kubernetes_executor.py                                          0           0  0.21s           2025-02-14T14:27:43
/opt/conda/lib/python3.8/site-packages/airflow/example_dags/example_local_kubernetes_executor.py                                    0           0  0.21s           2025-02-14T14:27:45
/opt/conda/lib/python3.8/site-packages/airflow/example_dags/tutorial_taskflow_api_etl_virtualenv.py                                 0           0  0.21s           2025-02-14T14:27:54
/opt/conda/lib/python3.8/site-packages/airflow/example_dags/plugins/workday.py                                                      0           0  0.11s           2025-02-14T14:28:07
/opt/conda/lib/python3.8/site-packages/airflow/example_dags/subdags/subdag.py                                                       0           0  0.11s           2025-02-14T14:28:22
/home/airflow/dags/Lead_scoring_data_pipeline/lead_scoring_data_pipeline.py                                                         1           0  0.52s           2025-02-14T14:28:08
/home/airflow/dags/Lead_scoring_data_pipeline/.ipynb_checkpoints/lead_scoring_data_pipeline-checkpoint.py                           1           0  0.52s           2025-02-14T14:28:09
/opt/conda/lib/python3.8/site-packages/airflow/example_dags/tutorial.py                                                             1           0  0.21s           2025-02-14T14:27:41
/opt/conda/lib/python3.8/site-packages/airflow/example_dags/example_time_delta_sensor_async.py                                      1           0  0.31s           2025-02-14T14:27:42
/opt/conda/lib/python3.8/site-packages/airflow/example_dags/example_dag_decorator.py                                                1           0  0.21s           2025-02-14T14:27:44
/opt/conda/lib/python3.8/site-packages/airflow/example_dags/example_branch_labels.py                                                1           0  0.21s           2025-02-14T14:27:46
/opt/conda/lib/python3.8/site-packages/airflow/example_dags/example_branch_day_of_week_operator.py                                  1           0  0.32s           2025-02-14T14:27:52
/opt/conda/lib/python3.8/site-packages/airflow/example_dags/tutorial_etl_dag.py                                                     1           0  0.21s           2025-02-14T14:27:53
/opt/conda/lib/python3.8/site-packages/airflow/example_dags/example_branch_operator_decorator.py                                    1           0  0.31s           2025-02-14T14:27:55
/opt/conda/lib/python3.8/site-packages/airflow/example_dags/example_task_group_decorator.py                                         1           0  0.31s           2025-02-14T14:27:57
/opt/conda/lib/python3.8/site-packages/airflow/example_dags/example_bash_operator.py                                                1           0  0.31s           2025-02-14T14:27:58
/opt/conda/lib/python3.8/site-packages/airflow/example_dags/example_latest_only.py                                                  1           0  0.31s           2025-02-14T14:27:59
/opt/conda/lib/python3.8/site-packages/airflow/example_dags/example_xcom.py                                                         1           0  0.21s           2025-02-14T14:28:00
/opt/conda/lib/python3.8/site-packages/airflow/example_dags/example_python_operator.py                                              1           0  0.21s           2025-02-14T14:28:01
/opt/conda/lib/python3.8/site-packages/airflow/example_dags/example_branch_python_dop_operator_3.py                                 1           0  0.21s           2025-02-14T14:28:02
/opt/conda/lib/python3.8/site-packages/airflow/example_dags/example_trigger_controller_dag.py                                       1           0  0.21s           2025-02-14T14:28:04
/opt/conda/lib/python3.8/site-packages/airflow/example_dags/example_skip_dag.py                                                     1           0  0.41s           2025-02-14T14:28:11
/opt/conda/lib/python3.8/site-packages/airflow/example_dags/example_short_circuit_operator.py                                       1           0  0.21s           2025-02-14T14:28:12
/opt/conda/lib/python3.8/site-packages/airflow/example_dags/example_trigger_target_dag.py                                           1           0  0.21s           2025-02-14T14:28:13
/opt/conda/lib/python3.8/site-packages/airflow/example_dags/example_nested_branch_dag.py                                            1           0  0.21s           2025-02-14T14:28:14
/opt/conda/lib/python3.8/site-packages/airflow/example_dags/example_latest_only_with_trigger.py                                     1           0  0.21s           2025-02-14T14:28:16
/opt/conda/lib/python3.8/site-packages/airflow/example_dags/example_task_group.py                                                   1           0  0.21s           2025-02-14T14:28:18
/opt/conda/lib/python3.8/site-packages/airflow/example_dags/example_sla_dag.py                                                      1           0  0.11s           2025-02-14T14:28:21
/opt/conda/lib/python3.8/site-packages/airflow/example_dags/example_passing_params_via_test_command.py                              1           0  0.41s           2025-02-14T14:27:48
/opt/conda/lib/python3.8/site-packages/airflow/example_dags/example_complex.py                                                      1           0  0.21s           2025-02-14T14:27:50
/opt/conda/lib/python3.8/site-packages/airflow/example_dags/tutorial_taskflow_api_etl.py                                            1           0  0.21s           2025-02-14T14:28:05
/opt/conda/lib/python3.8/site-packages/airflow/example_dags/example_branch_operator.py                                              1           0  0.21s           2025-02-14T14:28:06
/opt/conda/lib/python3.8/site-packages/airflow/example_dags/example_branch_datetime_operator.py                                     2           0  0.21s           2025-02-14T14:28:17
/opt/conda/lib/python3.8/site-packages/airflow/example_dags/example_xcomargs.py                                                     2           0  0.21s           2025-02-14T14:28:19
/opt/conda/lib/python3.8/site-packages/airflow/example_dags/example_external_task_marker_dag.py                                     2           0  0.21s           2025-02-14T14:28:20
/opt/conda/lib/python3.8/site-packages/airflow/example_dags/example_subdag_operator.py                                              3           0  0.31s           2025-02-14T14:27:49
================================================================================
[2025-02-14 14:28:54,854] {manager.py:809} INFO - 
================================================================================
DAG File Processing Stats

File Path                                                                                                  PID    Runtime      # DAGs    # Errors  Last Runtime    Last Run
---------------------------------------------------------------------------------------------------------  -----  ---------  --------  ----------  --------------  -------------------
/home/airflow/dags/Lead_scoring_data_pipeline/constants.py                                                                          0           0  0.11s           2025-02-14T14:28:24
/home/airflow/dags/Lead_scoring_data_pipeline/.ipynb_checkpoints/constants-checkpoint.py                                            0           0  0.11s           2025-02-14T14:28:24
/opt/conda/lib/python3.8/site-packages/airflow/example_dags/example_kubernetes_executor.py                                          0           0  0.21s           2025-02-14T14:28:27
/opt/conda/lib/python3.8/site-packages/airflow/example_dags/example_local_kubernetes_executor.py                                    0           0  0.21s           2025-02-14T14:28:30
/opt/conda/lib/python3.8/site-packages/airflow/example_dags/tutorial_taskflow_api_etl_virtualenv.py                                 0           0  0.11s           2025-02-14T14:28:39
/opt/conda/lib/python3.8/site-packages/airflow/example_dags/plugins/workday.py                                                      0           0  0.11s           2025-02-14T14:28:52
/opt/conda/lib/python3.8/site-packages/airflow/example_dags/subdags/subdag.py                                                       0           0  0.11s           2025-02-14T14:28:22
/home/airflow/dags/Lead_scoring_data_pipeline/lead_scoring_data_pipeline.py                                                         1           0  0.41s           2025-02-14T14:28:39
/home/airflow/dags/Lead_scoring_data_pipeline/.ipynb_checkpoints/lead_scoring_data_pipeline-checkpoint.py                           1           0  0.41s           2025-02-14T14:28:53
/opt/conda/lib/python3.8/site-packages/airflow/example_dags/tutorial.py                                                             1           0  0.11s           2025-02-14T14:28:25
/opt/conda/lib/python3.8/site-packages/airflow/example_dags/example_time_delta_sensor_async.py                                      1           0  0.21s           2025-02-14T14:28:26
/opt/conda/lib/python3.8/site-packages/airflow/example_dags/example_dag_decorator.py                                                1           0  0.21s           2025-02-14T14:28:28
/opt/conda/lib/python3.8/site-packages/airflow/example_dags/example_branch_labels.py                                                1           0  0.41s           2025-02-14T14:28:31
/opt/conda/lib/python3.8/site-packages/airflow/example_dags/example_branch_day_of_week_operator.py                                  1           0  0.21s           2025-02-14T14:28:32
/opt/conda/lib/python3.8/site-packages/airflow/example_dags/tutorial_etl_dag.py                                                     1           0  0.21s           2025-02-14T14:28:34
/opt/conda/lib/python3.8/site-packages/airflow/example_dags/example_branch_operator_decorator.py                                    1           0  0.11s           2025-02-14T14:28:40
/opt/conda/lib/python3.8/site-packages/airflow/example_dags/example_task_group_decorator.py                                         1           0  0.21s           2025-02-14T14:28:41
/opt/conda/lib/python3.8/site-packages/airflow/example_dags/example_bash_operator.py                                                1           0  0.11s           2025-02-14T14:28:43
/opt/conda/lib/python3.8/site-packages/airflow/example_dags/example_latest_only.py                                                  1           0  0.41s           2025-02-14T14:28:44
/opt/conda/lib/python3.8/site-packages/airflow/example_dags/example_xcom.py                                                         1           0  0.21s           2025-02-14T14:28:45
/opt/conda/lib/python3.8/site-packages/airflow/example_dags/example_python_operator.py                                              1           0  0.11s           2025-02-14T14:28:47
/opt/conda/lib/python3.8/site-packages/airflow/example_dags/example_branch_python_dop_operator_3.py                                 1           0  0.11s           2025-02-14T14:28:48
/opt/conda/lib/python3.8/site-packages/airflow/example_dags/example_trigger_controller_dag.py                                       1           0  0.11s           2025-02-14T14:28:49
/opt/conda/lib/python3.8/site-packages/airflow/example_dags/example_skip_dag.py                                                     1           0  0.11s           2025-02-14T14:28:54
/opt/conda/lib/python3.8/site-packages/airflow/example_dags/example_short_circuit_operator.py                                       1           0  0.21s           2025-02-14T14:28:12
/opt/conda/lib/python3.8/site-packages/airflow/example_dags/example_trigger_target_dag.py                                           1           0  0.21s           2025-02-14T14:28:13
/opt/conda/lib/python3.8/site-packages/airflow/example_dags/example_nested_branch_dag.py                                            1           0  0.21s           2025-02-14T14:28:14
/opt/conda/lib/python3.8/site-packages/airflow/example_dags/example_latest_only_with_trigger.py                                     1           0  0.21s           2025-02-14T14:28:16
/opt/conda/lib/python3.8/site-packages/airflow/example_dags/example_task_group.py                                                   1           0  0.21s           2025-02-14T14:28:18
/opt/conda/lib/python3.8/site-packages/airflow/example_dags/example_sla_dag.py                                                      1           0  0.11s           2025-02-14T14:28:21
/opt/conda/lib/python3.8/site-packages/airflow/example_dags/example_passing_params_via_test_command.py                              1           0  0.21s           2025-02-14T14:28:35
/opt/conda/lib/python3.8/site-packages/airflow/example_dags/example_complex.py                                                      1           0  0.11s           2025-02-14T14:28:37
/opt/conda/lib/python3.8/site-packages/airflow/example_dags/tutorial_taskflow_api_etl.py                                            1           0  0.21s           2025-02-14T14:28:50
/opt/conda/lib/python3.8/site-packages/airflow/example_dags/example_branch_operator.py                                              1           0  0.11s           2025-02-14T14:28:51
/opt/conda/lib/python3.8/site-packages/airflow/example_dags/example_branch_datetime_operator.py                                     2           0  0.21s           2025-02-14T14:28:17
/opt/conda/lib/python3.8/site-packages/airflow/example_dags/example_xcomargs.py                                                     2           0  0.21s           2025-02-14T14:28:19
/opt/conda/lib/python3.8/site-packages/airflow/example_dags/example_external_task_marker_dag.py                                     2           0  0.21s           2025-02-14T14:28:20
/opt/conda/lib/python3.8/site-packages/airflow/example_dags/example_subdag_operator.py                                              3           0  0.12s           2025-02-14T14:28:36
================================================================================
[2025-02-14 14:29:25,600] {manager.py:809} INFO - 
================================================================================
DAG File Processing Stats

File Path                                                                                                  PID    Runtime      # DAGs    # Errors  Last Runtime    Last Run
---------------------------------------------------------------------------------------------------------  -----  ---------  --------  ----------  --------------  -------------------
/home/airflow/dags/Lead_scoring_data_pipeline/constants.py                                                                          0           0  0.11s           2025-02-14T14:29:06
/home/airflow/dags/Lead_scoring_data_pipeline/.ipynb_checkpoints/constants-checkpoint.py                                            0           0  0.11s           2025-02-14T14:29:06
/opt/conda/lib/python3.8/site-packages/airflow/example_dags/example_kubernetes_executor.py                                          0           0  0.11s           2025-02-14T14:29:09
/opt/conda/lib/python3.8/site-packages/airflow/example_dags/example_local_kubernetes_executor.py                                    0           0  0.11s           2025-02-14T14:29:11
/opt/conda/lib/python3.8/site-packages/airflow/example_dags/tutorial_taskflow_api_etl_virtualenv.py                                 0           0  0.21s           2025-02-14T14:29:18
/opt/conda/lib/python3.8/site-packages/airflow/example_dags/plugins/workday.py                                                      0           0  0.11s           2025-02-14T14:28:52
/opt/conda/lib/python3.8/site-packages/airflow/example_dags/subdags/subdag.py                                                       0           0  0.11s           2025-02-14T14:29:05
/home/airflow/dags/Lead_scoring_data_pipeline/lead_scoring_data_pipeline.py                                                         1           0  0.51s           2025-02-14T14:29:17
/home/airflow/dags/Lead_scoring_data_pipeline/.ipynb_checkpoints/lead_scoring_data_pipeline-checkpoint.py                           1           0  0.41s           2025-02-14T14:28:53
/opt/conda/lib/python3.8/site-packages/airflow/example_dags/tutorial.py                                                             1           0  0.11s           2025-02-14T14:29:08
/opt/conda/lib/python3.8/site-packages/airflow/example_dags/example_time_delta_sensor_async.py                                      1           0  0.11s           2025-02-14T14:29:08
/opt/conda/lib/python3.8/site-packages/airflow/example_dags/example_dag_decorator.py                                                1           0  0.21s           2025-02-14T14:29:10
/opt/conda/lib/python3.8/site-packages/airflow/example_dags/example_branch_labels.py                                                1           0  0.11s           2025-02-14T14:29:12
/opt/conda/lib/python3.8/site-packages/airflow/example_dags/example_branch_day_of_week_operator.py                                  1           0  0.11s           2025-02-14T14:29:13
/opt/conda/lib/python3.8/site-packages/airflow/example_dags/tutorial_etl_dag.py                                                     1           0  0.11s           2025-02-14T14:29:14
/opt/conda/lib/python3.8/site-packages/airflow/example_dags/example_branch_operator_decorator.py                                    1           0  0.11s           2025-02-14T14:29:18
/opt/conda/lib/python3.8/site-packages/airflow/example_dags/example_task_group_decorator.py                                         1           0  0.21s           2025-02-14T14:29:20
/opt/conda/lib/python3.8/site-packages/airflow/example_dags/example_bash_operator.py                                                1           0  0.11s           2025-02-14T14:29:21
/opt/conda/lib/python3.8/site-packages/airflow/example_dags/example_latest_only.py                                                  1           0  0.11s           2025-02-14T14:29:22
/opt/conda/lib/python3.8/site-packages/airflow/example_dags/example_xcom.py                                                         1           0  0.21s           2025-02-14T14:29:23
/opt/conda/lib/python3.8/site-packages/airflow/example_dags/example_python_operator.py                                              1           0  0.11s           2025-02-14T14:28:47
/opt/conda/lib/python3.8/site-packages/airflow/example_dags/example_branch_python_dop_operator_3.py                                 1           0  0.11s           2025-02-14T14:28:48
/opt/conda/lib/python3.8/site-packages/airflow/example_dags/example_trigger_controller_dag.py                                       1           0  0.11s           2025-02-14T14:28:49
/opt/conda/lib/python3.8/site-packages/airflow/example_dags/example_skip_dag.py                                                     1           0  0.11s           2025-02-14T14:28:54
/opt/conda/lib/python3.8/site-packages/airflow/example_dags/example_short_circuit_operator.py                                       1           0  0.11s           2025-02-14T14:28:55
/opt/conda/lib/python3.8/site-packages/airflow/example_dags/example_trigger_target_dag.py                                           1           0  0.21s           2025-02-14T14:28:56
/opt/conda/lib/python3.8/site-packages/airflow/example_dags/example_nested_branch_dag.py                                            1           0  0.11s           2025-02-14T14:28:57
/opt/conda/lib/python3.8/site-packages/airflow/example_dags/example_latest_only_with_trigger.py                                     1           0  0.32s           2025-02-14T14:28:58
/opt/conda/lib/python3.8/site-packages/airflow/example_dags/example_task_group.py                                                   1           0  0.11s           2025-02-14T14:29:00
/opt/conda/lib/python3.8/site-packages/airflow/example_dags/example_sla_dag.py                                                      1           0  0.11s           2025-02-14T14:29:03
/opt/conda/lib/python3.8/site-packages/airflow/example_dags/example_passing_params_via_test_command.py                              1           0  0.11s           2025-02-14T14:29:15
/opt/conda/lib/python3.8/site-packages/airflow/example_dags/example_complex.py                                                      1           0  0.11s           2025-02-14T14:29:25
/opt/conda/lib/python3.8/site-packages/airflow/example_dags/tutorial_taskflow_api_etl.py                                            1           0  0.21s           2025-02-14T14:28:50
/opt/conda/lib/python3.8/site-packages/airflow/example_dags/example_branch_operator.py                                              1           0  0.11s           2025-02-14T14:28:51
/opt/conda/lib/python3.8/site-packages/airflow/example_dags/example_branch_datetime_operator.py                                     2           0  0.11s           2025-02-14T14:28:59
/opt/conda/lib/python3.8/site-packages/airflow/example_dags/example_xcomargs.py                                                     2           0  0.21s           2025-02-14T14:29:01
/opt/conda/lib/python3.8/site-packages/airflow/example_dags/example_external_task_marker_dag.py                                     2           0  0.11s           2025-02-14T14:29:02
/opt/conda/lib/python3.8/site-packages/airflow/example_dags/example_subdag_operator.py                                              3           0  0.11s           2025-02-14T14:29:24
================================================================================
[2025-02-14 14:29:55,799] {manager.py:809} INFO - 
================================================================================
DAG File Processing Stats

File Path                                                                                                  PID    Runtime      # DAGs    # Errors  Last Runtime    Last Run
---------------------------------------------------------------------------------------------------------  -----  ---------  --------  ----------  --------------  -------------------
/home/airflow/dags/Lead_scoring_data_pipeline/constants.py                                                                          0           0  0.11s           2025-02-14T14:29:37
/home/airflow/dags/Lead_scoring_data_pipeline/.ipynb_checkpoints/constants-checkpoint.py                                            0           0  0.11s           2025-02-14T14:29:37
/opt/conda/lib/python3.8/site-packages/airflow/example_dags/example_kubernetes_executor.py                                          0           0  0.11s           2025-02-14T14:29:51
/opt/conda/lib/python3.8/site-packages/airflow/example_dags/example_local_kubernetes_executor.py                                    0           0  0.11s           2025-02-14T14:29:53
/opt/conda/lib/python3.8/site-packages/airflow/example_dags/tutorial_taskflow_api_etl_virtualenv.py                                 0           0  0.21s           2025-02-14T14:29:18
/opt/conda/lib/python3.8/site-packages/airflow/example_dags/plugins/workday.py                                                      0           0  0.11s           2025-02-14T14:29:36
/opt/conda/lib/python3.8/site-packages/airflow/example_dags/subdags/subdag.py                                                       0           0  0.11s           2025-02-14T14:29:46
/home/airflow/dags/Lead_scoring_data_pipeline/lead_scoring_data_pipeline.py                                                         1           0  0.41s           2025-02-14T14:29:48
/home/airflow/dags/Lead_scoring_data_pipeline/.ipynb_checkpoints/lead_scoring_data_pipeline-checkpoint.py                           1           0  0.41s           2025-02-14T14:29:27
/opt/conda/lib/python3.8/site-packages/airflow/example_dags/tutorial.py                                                             1           0  0.11s           2025-02-14T14:29:49
/opt/conda/lib/python3.8/site-packages/airflow/example_dags/example_time_delta_sensor_async.py                                      1           0  0.21s           2025-02-14T14:29:50
/opt/conda/lib/python3.8/site-packages/airflow/example_dags/example_dag_decorator.py                                                1           0  0.21s           2025-02-14T14:29:52
/opt/conda/lib/python3.8/site-packages/airflow/example_dags/example_branch_labels.py                                                1           0  0.11s           2025-02-14T14:29:54
/opt/conda/lib/python3.8/site-packages/airflow/example_dags/example_branch_day_of_week_operator.py                                  1           0  0.11s           2025-02-14T14:29:55
/opt/conda/lib/python3.8/site-packages/airflow/example_dags/tutorial_etl_dag.py                                                     1           0  0.11s           2025-02-14T14:29:14
/opt/conda/lib/python3.8/site-packages/airflow/example_dags/example_branch_operator_decorator.py                                    1           0  0.11s           2025-02-14T14:29:18
/opt/conda/lib/python3.8/site-packages/airflow/example_dags/example_task_group_decorator.py                                         1           0  0.21s           2025-02-14T14:29:20
/opt/conda/lib/python3.8/site-packages/airflow/example_dags/example_bash_operator.py                                                1           0  0.11s           2025-02-14T14:29:21
/opt/conda/lib/python3.8/site-packages/airflow/example_dags/example_latest_only.py                                                  1           0  0.11s           2025-02-14T14:29:22
/opt/conda/lib/python3.8/site-packages/airflow/example_dags/example_xcom.py                                                         1           0  0.21s           2025-02-14T14:29:23
/opt/conda/lib/python3.8/site-packages/airflow/example_dags/example_python_operator.py                                              1           0  0.21s           2025-02-14T14:29:27
/opt/conda/lib/python3.8/site-packages/airflow/example_dags/example_branch_python_dop_operator_3.py                                 1           0  0.11s           2025-02-14T14:29:28
/opt/conda/lib/python3.8/site-packages/airflow/example_dags/example_trigger_controller_dag.py                                       1           0  0.11s           2025-02-14T14:29:28
/opt/conda/lib/python3.8/site-packages/airflow/example_dags/example_skip_dag.py                                                     1           0  0.21s           2025-02-14T14:29:30
/opt/conda/lib/python3.8/site-packages/airflow/example_dags/example_short_circuit_operator.py                                       1           0  0.11s           2025-02-14T14:29:31
/opt/conda/lib/python3.8/site-packages/airflow/example_dags/example_trigger_target_dag.py                                           1           0  0.21s           2025-02-14T14:29:32
/opt/conda/lib/python3.8/site-packages/airflow/example_dags/example_nested_branch_dag.py                                            1           0  0.21s           2025-02-14T14:29:39
/opt/conda/lib/python3.8/site-packages/airflow/example_dags/example_latest_only_with_trigger.py                                     1           0  0.11s           2025-02-14T14:29:40
/opt/conda/lib/python3.8/site-packages/airflow/example_dags/example_task_group.py                                                   1           0  0.11s           2025-02-14T14:29:41
/opt/conda/lib/python3.8/site-packages/airflow/example_dags/example_sla_dag.py                                                      1           0  0.31s           2025-02-14T14:29:45
/opt/conda/lib/python3.8/site-packages/airflow/example_dags/example_passing_params_via_test_command.py                              1           0  0.11s           2025-02-14T14:29:15
/opt/conda/lib/python3.8/site-packages/airflow/example_dags/example_complex.py                                                      1           0  0.11s           2025-02-14T14:29:25
/opt/conda/lib/python3.8/site-packages/airflow/example_dags/tutorial_taskflow_api_etl.py                                            1           0  0.21s           2025-02-14T14:29:33
/opt/conda/lib/python3.8/site-packages/airflow/example_dags/example_branch_operator.py                                              1           0  0.31s           2025-02-14T14:29:35
/opt/conda/lib/python3.8/site-packages/airflow/example_dags/example_branch_datetime_operator.py                                     2           0  0.11s           2025-02-14T14:29:40
/opt/conda/lib/python3.8/site-packages/airflow/example_dags/example_xcomargs.py                                                     2           0  0.21s           2025-02-14T14:29:43
/opt/conda/lib/python3.8/site-packages/airflow/example_dags/example_external_task_marker_dag.py                                     2           0  0.11s           2025-02-14T14:29:44
/opt/conda/lib/python3.8/site-packages/airflow/example_dags/example_subdag_operator.py                                              3           0  0.11s           2025-02-14T14:29:24
================================================================================
[2025-02-14 14:30:26,312] {manager.py:809} INFO - 
================================================================================
DAG File Processing Stats

File Path                                                                                                  PID    Runtime      # DAGs    # Errors  Last Runtime    Last Run
---------------------------------------------------------------------------------------------------------  -----  ---------  --------  ----------  --------------  -------------------
/home/airflow/dags/Lead_scoring_data_pipeline/constants.py                                                                          0           0  0.11s           2025-02-14T14:30:09
/home/airflow/dags/Lead_scoring_data_pipeline/.ipynb_checkpoints/constants-checkpoint.py                                            0           0  0.11s           2025-02-14T14:30:09
/opt/conda/lib/python3.8/site-packages/airflow/example_dags/example_kubernetes_executor.py                                          0           0  0.11s           2025-02-14T14:29:51
/opt/conda/lib/python3.8/site-packages/airflow/example_dags/example_local_kubernetes_executor.py                                    0           0  0.11s           2025-02-14T14:29:53
/opt/conda/lib/python3.8/site-packages/airflow/example_dags/tutorial_taskflow_api_etl_virtualenv.py                                 0           0  0.11s           2025-02-14T14:29:59
/opt/conda/lib/python3.8/site-packages/airflow/example_dags/plugins/workday.py                                                      0           0  0.11s           2025-02-14T14:30:19
/opt/conda/lib/python3.8/site-packages/airflow/example_dags/subdags/subdag.py                                                       0           0  0.11s           2025-02-14T14:29:46
/home/airflow/dags/Lead_scoring_data_pipeline/lead_scoring_data_pipeline.py                                                         1           0  0.41s           2025-02-14T14:30:19
/home/airflow/dags/Lead_scoring_data_pipeline/.ipynb_checkpoints/lead_scoring_data_pipeline-checkpoint.py                           1           0  0.42s           2025-02-14T14:29:58
/opt/conda/lib/python3.8/site-packages/airflow/example_dags/tutorial.py                                                             1           0  0.11s           2025-02-14T14:30:21
/opt/conda/lib/python3.8/site-packages/airflow/example_dags/example_time_delta_sensor_async.py                                      1           0  0.21s           2025-02-14T14:29:50
/opt/conda/lib/python3.8/site-packages/airflow/example_dags/example_dag_decorator.py                                                1           0  0.21s           2025-02-14T14:29:52
/opt/conda/lib/python3.8/site-packages/airflow/example_dags/example_branch_labels.py                                                1           0  0.11s           2025-02-14T14:29:54
/opt/conda/lib/python3.8/site-packages/airflow/example_dags/example_branch_day_of_week_operator.py                                  1           0  0.11s           2025-02-14T14:29:55
/opt/conda/lib/python3.8/site-packages/airflow/example_dags/tutorial_etl_dag.py                                                     1           0  0.21s           2025-02-14T14:29:57
/opt/conda/lib/python3.8/site-packages/airflow/example_dags/example_branch_operator_decorator.py                                    1           0  0.11s           2025-02-14T14:30:00
/opt/conda/lib/python3.8/site-packages/airflow/example_dags/example_task_group_decorator.py                                         1           0  0.21s           2025-02-14T14:30:01
/opt/conda/lib/python3.8/site-packages/airflow/example_dags/example_bash_operator.py                                                1           0  0.11s           2025-02-14T14:30:03
/opt/conda/lib/python3.8/site-packages/airflow/example_dags/example_latest_only.py                                                  1           0  0.11s           2025-02-14T14:30:04
/opt/conda/lib/python3.8/site-packages/airflow/example_dags/example_xcom.py                                                         1           0  0.21s           2025-02-14T14:30:05
/opt/conda/lib/python3.8/site-packages/airflow/example_dags/example_python_operator.py                                              1           0  0.21s           2025-02-14T14:30:06
/opt/conda/lib/python3.8/site-packages/airflow/example_dags/example_branch_python_dop_operator_3.py                                 1           0  0.11s           2025-02-14T14:30:10
/opt/conda/lib/python3.8/site-packages/airflow/example_dags/example_trigger_controller_dag.py                                       1           0  0.51s           2025-02-14T14:30:11
/opt/conda/lib/python3.8/site-packages/airflow/example_dags/example_skip_dag.py                                                     1           0  0.21s           2025-02-14T14:30:12
/opt/conda/lib/python3.8/site-packages/airflow/example_dags/example_short_circuit_operator.py                                       1           0  0.31s           2025-02-14T14:30:14
/opt/conda/lib/python3.8/site-packages/airflow/example_dags/example_trigger_target_dag.py                                           1           0  0.11s           2025-02-14T14:30:14
/opt/conda/lib/python3.8/site-packages/airflow/example_dags/example_nested_branch_dag.py                                            1           0  0.11s           2025-02-14T14:30:15
/opt/conda/lib/python3.8/site-packages/airflow/example_dags/example_latest_only_with_trigger.py                                     1           0  0.21s           2025-02-14T14:30:22
/opt/conda/lib/python3.8/site-packages/airflow/example_dags/example_task_group.py                                                   1           0  0.31s           2025-02-14T14:30:24
/opt/conda/lib/python3.8/site-packages/airflow/example_dags/example_sla_dag.py                                                      1           0  0.31s           2025-02-14T14:29:45
/opt/conda/lib/python3.8/site-packages/airflow/example_dags/example_passing_params_via_test_command.py                              1           0  0.21s           2025-02-14T14:29:58
/opt/conda/lib/python3.8/site-packages/airflow/example_dags/example_complex.py                                                      1           0  0.11s           2025-02-14T14:30:08
/opt/conda/lib/python3.8/site-packages/airflow/example_dags/tutorial_taskflow_api_etl.py                                            1           0  0.11s           2025-02-14T14:30:16
/opt/conda/lib/python3.8/site-packages/airflow/example_dags/example_branch_operator.py                                              1           0  0.11s           2025-02-14T14:30:17
/opt/conda/lib/python3.8/site-packages/airflow/example_dags/example_branch_datetime_operator.py                                     2           0  0.11s           2025-02-14T14:30:23
/opt/conda/lib/python3.8/site-packages/airflow/example_dags/example_xcomargs.py                                                     2           0  0.11s           2025-02-14T14:30:25
/opt/conda/lib/python3.8/site-packages/airflow/example_dags/example_external_task_marker_dag.py                                     2           0  0.11s           2025-02-14T14:30:26
/opt/conda/lib/python3.8/site-packages/airflow/example_dags/example_subdag_operator.py                                              3           0  0.11s           2025-02-14T14:30:07
================================================================================
[2025-02-14 14:30:56,894] {manager.py:809} INFO - 
================================================================================
DAG File Processing Stats

File Path                                                                                                  PID    Runtime      # DAGs    # Errors  Last Runtime    Last Run
---------------------------------------------------------------------------------------------------------  -----  ---------  --------  ----------  --------------  -------------------
/home/airflow/dags/Lead_scoring_data_pipeline/constants.py                                                                          0           0  0.11s           2025-02-14T14:30:44
/home/airflow/dags/Lead_scoring_data_pipeline/.ipynb_checkpoints/constants-checkpoint.py                                            0           0  0.11s           2025-02-14T14:30:45
/opt/conda/lib/python3.8/site-packages/airflow/example_dags/example_kubernetes_executor.py                                          0           0  0.11s           2025-02-14T14:30:30
/opt/conda/lib/python3.8/site-packages/airflow/example_dags/example_local_kubernetes_executor.py                                    0           0  0.11s           2025-02-14T14:30:31
/opt/conda/lib/python3.8/site-packages/airflow/example_dags/tutorial_taskflow_api_etl_virtualenv.py                                 0           0  0.11s           2025-02-14T14:30:38
/opt/conda/lib/python3.8/site-packages/airflow/example_dags/plugins/workday.py                                                      0           0  0.11s           2025-02-14T14:30:19
/opt/conda/lib/python3.8/site-packages/airflow/example_dags/subdags/subdag.py                                                       0           0  0.11s           2025-02-14T14:30:27
/home/airflow/dags/Lead_scoring_data_pipeline/lead_scoring_data_pipeline.py                                                         1           0  0.51s           2025-02-14T14:30:53
/home/airflow/dags/Lead_scoring_data_pipeline/.ipynb_checkpoints/lead_scoring_data_pipeline-checkpoint.py                           1           0  0.42s           2025-02-14T14:30:36
/opt/conda/lib/python3.8/site-packages/airflow/example_dags/tutorial.py                                                             1           0  0.11s           2025-02-14T14:30:55
/opt/conda/lib/python3.8/site-packages/airflow/example_dags/example_time_delta_sensor_async.py                                      1           0  0.11s           2025-02-14T14:30:28
/opt/conda/lib/python3.8/site-packages/airflow/example_dags/example_dag_decorator.py                                                1           0  0.11s           2025-02-14T14:30:30
/opt/conda/lib/python3.8/site-packages/airflow/example_dags/example_branch_labels.py                                                1           0  0.11s           2025-02-14T14:30:32
/opt/conda/lib/python3.8/site-packages/airflow/example_dags/example_branch_day_of_week_operator.py                                  1           0  0.11s           2025-02-14T14:30:33
/opt/conda/lib/python3.8/site-packages/airflow/example_dags/tutorial_etl_dag.py                                                     1           0  0.11s           2025-02-14T14:30:34
/opt/conda/lib/python3.8/site-packages/airflow/example_dags/example_branch_operator_decorator.py                                    1           0  0.11s           2025-02-14T14:30:39
/opt/conda/lib/python3.8/site-packages/airflow/example_dags/example_task_group_decorator.py                                         1           0  0.11s           2025-02-14T14:30:40
/opt/conda/lib/python3.8/site-packages/airflow/example_dags/example_bash_operator.py                                                1           0  0.11s           2025-02-14T14:30:40
/opt/conda/lib/python3.8/site-packages/airflow/example_dags/example_latest_only.py                                                  1           0  0.11s           2025-02-14T14:30:41
/opt/conda/lib/python3.8/site-packages/airflow/example_dags/example_xcom.py                                                         1           0  0.21s           2025-02-14T14:30:42
/opt/conda/lib/python3.8/site-packages/airflow/example_dags/example_python_operator.py                                              1           0  0.11s           2025-02-14T14:30:45
/opt/conda/lib/python3.8/site-packages/airflow/example_dags/example_branch_python_dop_operator_3.py                                 1           0  0.11s           2025-02-14T14:30:47
/opt/conda/lib/python3.8/site-packages/airflow/example_dags/example_trigger_controller_dag.py                                       1           0  0.11s           2025-02-14T14:30:48
/opt/conda/lib/python3.8/site-packages/airflow/example_dags/example_skip_dag.py                                                     1           0  0.11s           2025-02-14T14:30:49
/opt/conda/lib/python3.8/site-packages/airflow/example_dags/example_short_circuit_operator.py                                       1           0  0.11s           2025-02-14T14:30:50
/opt/conda/lib/python3.8/site-packages/airflow/example_dags/example_trigger_target_dag.py                                           1           0  0.11s           2025-02-14T14:30:56
/opt/conda/lib/python3.8/site-packages/airflow/example_dags/example_nested_branch_dag.py                                            1           0  0.11s           2025-02-14T14:30:56
/opt/conda/lib/python3.8/site-packages/airflow/example_dags/example_latest_only_with_trigger.py                                     1           0  0.21s           2025-02-14T14:30:22
/opt/conda/lib/python3.8/site-packages/airflow/example_dags/example_task_group.py                                                   1           0  0.31s           2025-02-14T14:30:24
/opt/conda/lib/python3.8/site-packages/airflow/example_dags/example_sla_dag.py                                                      1           0  0.11s           2025-02-14T14:30:26
/opt/conda/lib/python3.8/site-packages/airflow/example_dags/example_passing_params_via_test_command.py                              1           0  0.11s           2025-02-14T14:30:35
/opt/conda/lib/python3.8/site-packages/airflow/example_dags/example_complex.py                                                      1           0  0.11s           2025-02-14T14:30:52
/opt/conda/lib/python3.8/site-packages/airflow/example_dags/tutorial_taskflow_api_etl.py                                            1           0  0.11s           2025-02-14T14:30:16
/opt/conda/lib/python3.8/site-packages/airflow/example_dags/example_branch_operator.py                                              1           0  0.11s           2025-02-14T14:30:17
/opt/conda/lib/python3.8/site-packages/airflow/example_dags/example_branch_datetime_operator.py                                     2           0  0.11s           2025-02-14T14:30:23
/opt/conda/lib/python3.8/site-packages/airflow/example_dags/example_xcomargs.py                                                     2           0  0.11s           2025-02-14T14:30:25
/opt/conda/lib/python3.8/site-packages/airflow/example_dags/example_external_task_marker_dag.py                                     2           0  0.11s           2025-02-14T14:30:26
/opt/conda/lib/python3.8/site-packages/airflow/example_dags/example_subdag_operator.py                                              3           0  0.31s           2025-02-14T14:30:51
================================================================================
[2025-02-14 14:31:26,993] {manager.py:809} INFO - 
================================================================================
DAG File Processing Stats

File Path                                                                                                  PID    Runtime      # DAGs    # Errors  Last Runtime    Last Run
---------------------------------------------------------------------------------------------------------  -----  ---------  --------  ----------  --------------  -------------------
/home/airflow/dags/Lead_scoring_data_pipeline/constants.py                                                                          0           0  0.11s           2025-02-14T14:31:19
/home/airflow/dags/Lead_scoring_data_pipeline/.ipynb_checkpoints/constants-checkpoint.py                                            0           0  0.11s           2025-02-14T14:31:20
/opt/conda/lib/python3.8/site-packages/airflow/example_dags/example_kubernetes_executor.py                                          0           0  0.11s           2025-02-14T14:31:02
/opt/conda/lib/python3.8/site-packages/airflow/example_dags/example_local_kubernetes_executor.py                                    0           0  0.11s           2025-02-14T14:31:11
/opt/conda/lib/python3.8/site-packages/airflow/example_dags/tutorial_taskflow_api_etl_virtualenv.py                                 0           0  0.11s           2025-02-14T14:31:15
/opt/conda/lib/python3.8/site-packages/airflow/example_dags/plugins/workday.py                                                      0           0  0.11s           2025-02-14T14:31:00
/opt/conda/lib/python3.8/site-packages/airflow/example_dags/subdags/subdag.py                                                       0           0  0.11s           2025-02-14T14:31:10
/home/airflow/dags/Lead_scoring_data_pipeline/lead_scoring_data_pipeline.py                                                         1           0  0.51s           2025-02-14T14:30:53
/home/airflow/dags/Lead_scoring_data_pipeline/.ipynb_checkpoints/lead_scoring_data_pipeline-checkpoint.py                           1           0  0.43s           2025-02-14T14:31:11
/opt/conda/lib/python3.8/site-packages/airflow/example_dags/tutorial.py                                                             1           0  0.11s           2025-02-14T14:30:55
/opt/conda/lib/python3.8/site-packages/airflow/example_dags/example_time_delta_sensor_async.py                                      1           0  0.11s           2025-02-14T14:31:01
/opt/conda/lib/python3.8/site-packages/airflow/example_dags/example_dag_decorator.py                                                1           0  0.11s           2025-02-14T14:31:03
/opt/conda/lib/python3.8/site-packages/airflow/example_dags/example_branch_labels.py                                                1           0  0.21s           2025-02-14T14:31:12
/opt/conda/lib/python3.8/site-packages/airflow/example_dags/example_branch_day_of_week_operator.py                                  1           0  0.11s           2025-02-14T14:31:13
/opt/conda/lib/python3.8/site-packages/airflow/example_dags/tutorial_etl_dag.py                                                     1           0  0.11s           2025-02-14T14:31:14
/opt/conda/lib/python3.8/site-packages/airflow/example_dags/example_branch_operator_decorator.py                                    1           0  0.11s           2025-02-14T14:31:16
/opt/conda/lib/python3.8/site-packages/airflow/example_dags/example_task_group_decorator.py                                         1           0  0.11s           2025-02-14T14:31:17
/opt/conda/lib/python3.8/site-packages/airflow/example_dags/example_bash_operator.py                                                1           0  0.21s           2025-02-14T14:31:21
/opt/conda/lib/python3.8/site-packages/airflow/example_dags/example_latest_only.py                                                  1           0  0.11s           2025-02-14T14:31:22
/opt/conda/lib/python3.8/site-packages/airflow/example_dags/example_xcom.py                                                         1           0  0.11s           2025-02-14T14:31:23
/opt/conda/lib/python3.8/site-packages/airflow/example_dags/example_python_operator.py                                              1           0  0.21s           2025-02-14T14:31:24
/opt/conda/lib/python3.8/site-packages/airflow/example_dags/example_branch_python_dop_operator_3.py                                 1           0  0.11s           2025-02-14T14:31:25
/opt/conda/lib/python3.8/site-packages/airflow/example_dags/example_trigger_controller_dag.py                                       1           0  0.11s           2025-02-14T14:31:26
/opt/conda/lib/python3.8/site-packages/airflow/example_dags/example_skip_dag.py                                                     1           0  0.11s           2025-02-14T14:30:49
/opt/conda/lib/python3.8/site-packages/airflow/example_dags/example_short_circuit_operator.py                                       1           0  0.11s           2025-02-14T14:30:50
/opt/conda/lib/python3.8/site-packages/airflow/example_dags/example_trigger_target_dag.py                                           1           0  0.11s           2025-02-14T14:30:56
/opt/conda/lib/python3.8/site-packages/airflow/example_dags/example_nested_branch_dag.py                                            1           0  0.11s           2025-02-14T14:30:56
/opt/conda/lib/python3.8/site-packages/airflow/example_dags/example_latest_only_with_trigger.py                                     1           0  0.12s           2025-02-14T14:30:58
/opt/conda/lib/python3.8/site-packages/airflow/example_dags/example_task_group.py                                                   1           0  0.41s           2025-02-14T14:31:06
/opt/conda/lib/python3.8/site-packages/airflow/example_dags/example_sla_dag.py                                                      1           0  0.11s           2025-02-14T14:31:08
/opt/conda/lib/python3.8/site-packages/airflow/example_dags/example_passing_params_via_test_command.py                              1           0  0.21s           2025-02-14T14:31:18
/opt/conda/lib/python3.8/site-packages/airflow/example_dags/example_complex.py                                                      1           0  0.11s           2025-02-14T14:30:52
/opt/conda/lib/python3.8/site-packages/airflow/example_dags/tutorial_taskflow_api_etl.py                                            1           0  0.11s           2025-02-14T14:30:59
/opt/conda/lib/python3.8/site-packages/airflow/example_dags/example_branch_operator.py                                              1           0  0.11s           2025-02-14T14:31:00
/opt/conda/lib/python3.8/site-packages/airflow/example_dags/example_branch_datetime_operator.py                                     2           0  0.11s           2025-02-14T14:31:04
/opt/conda/lib/python3.8/site-packages/airflow/example_dags/example_xcomargs.py                                                     2           0  0.11s           2025-02-14T14:31:06
/opt/conda/lib/python3.8/site-packages/airflow/example_dags/example_external_task_marker_dag.py                                     2           0  0.11s           2025-02-14T14:31:07
/opt/conda/lib/python3.8/site-packages/airflow/example_dags/example_subdag_operator.py                                              3           0  0.31s           2025-02-14T14:30:51
================================================================================
[2025-02-14 14:32:01,941] {manager.py:809} INFO - 
================================================================================
DAG File Processing Stats

File Path                                                                                                  PID    Runtime      # DAGs    # Errors  Last Runtime    Last Run
---------------------------------------------------------------------------------------------------------  -----  ---------  --------  ----------  --------------  -------------------
/home/airflow/dags/Lead_scoring_data_pipeline/constants.py                                                                          0           0  0.11s           2025-02-14T14:32:01
/home/airflow/dags/Lead_scoring_data_pipeline/.ipynb_checkpoints/constants-checkpoint.py                                            0           0  0.11s           2025-02-14T14:31:20
/opt/conda/lib/python3.8/site-packages/airflow/example_dags/example_kubernetes_executor.py                                          0           0  0.11s           2025-02-14T14:31:02
/opt/conda/lib/python3.8/site-packages/airflow/example_dags/example_local_kubernetes_executor.py                                    0           0  0.11s           2025-02-14T14:31:11
/opt/conda/lib/python3.8/site-packages/airflow/example_dags/tutorial_taskflow_api_etl_virtualenv.py                                 0           0  0.11s           2025-02-14T14:31:15
/opt/conda/lib/python3.8/site-packages/airflow/example_dags/plugins/workday.py                                                      0           0  0.11s           2025-02-14T14:31:00
/opt/conda/lib/python3.8/site-packages/airflow/example_dags/subdags/subdag.py                                                       0           0  0.11s           2025-02-14T14:31:10
/home/airflow/dags/Lead_scoring_data_pipeline/lead_scoring_data_pipeline.py                                                         1           0  0.42s           2025-02-14T14:31:29
/home/airflow/dags/Lead_scoring_data_pipeline/.ipynb_checkpoints/lead_scoring_data_pipeline-checkpoint.py                           1           0  0.43s           2025-02-14T14:31:50
/opt/conda/lib/python3.8/site-packages/airflow/example_dags/tutorial.py                                                             1           0  0.12s           2025-02-14T14:31:30
/opt/conda/lib/python3.8/site-packages/airflow/example_dags/example_time_delta_sensor_async.py                                      1           0  0.11s           2025-02-14T14:31:01
/opt/conda/lib/python3.8/site-packages/airflow/example_dags/example_dag_decorator.py                                                1           0  0.11s           2025-02-14T14:31:03
/opt/conda/lib/python3.8/site-packages/airflow/example_dags/example_branch_labels.py                                                1           0  0.21s           2025-02-14T14:31:12
/opt/conda/lib/python3.8/site-packages/airflow/example_dags/example_branch_day_of_week_operator.py                                  1           0  0.11s           2025-02-14T14:31:13
/opt/conda/lib/python3.8/site-packages/airflow/example_dags/tutorial_etl_dag.py                                                     1           0  0.11s           2025-02-14T14:31:14
/opt/conda/lib/python3.8/site-packages/airflow/example_dags/example_branch_operator_decorator.py                                    1           0  0.11s           2025-02-14T14:31:16
/opt/conda/lib/python3.8/site-packages/airflow/example_dags/example_task_group_decorator.py                                         1           0  0.11s           2025-02-14T14:31:17
/opt/conda/lib/python3.8/site-packages/airflow/example_dags/example_bash_operator.py                                                1           0  0.21s           2025-02-14T14:31:21
/opt/conda/lib/python3.8/site-packages/airflow/example_dags/example_latest_only.py                                                  1           0  0.11s           2025-02-14T14:31:22
/opt/conda/lib/python3.8/site-packages/airflow/example_dags/example_xcom.py                                                         1           0  0.11s           2025-02-14T14:31:23
/opt/conda/lib/python3.8/site-packages/airflow/example_dags/example_python_operator.py                                              1           0  0.21s           2025-02-14T14:31:24
/opt/conda/lib/python3.8/site-packages/airflow/example_dags/example_branch_python_dop_operator_3.py                                 1           0  0.11s           2025-02-14T14:31:25
/opt/conda/lib/python3.8/site-packages/airflow/example_dags/example_trigger_controller_dag.py                                       1           0  0.11s           2025-02-14T14:31:26
/opt/conda/lib/python3.8/site-packages/airflow/example_dags/example_skip_dag.py                                                     1           0  0.61s           2025-02-14T14:31:27
/opt/conda/lib/python3.8/site-packages/airflow/example_dags/example_short_circuit_operator.py                                       1           0  0.31s           2025-02-14T14:31:31
/opt/conda/lib/python3.8/site-packages/airflow/example_dags/example_trigger_target_dag.py                                           1           0  0.31s           2025-02-14T14:31:33
/opt/conda/lib/python3.8/site-packages/airflow/example_dags/example_nested_branch_dag.py                                            1           0  0.21s           2025-02-14T14:31:34
/opt/conda/lib/python3.8/site-packages/airflow/example_dags/example_latest_only_with_trigger.py                                     1           0  0.11s           2025-02-14T14:31:35
/opt/conda/lib/python3.8/site-packages/airflow/example_dags/example_task_group.py                                                   1           0  0.41s           2025-02-14T14:31:06
/opt/conda/lib/python3.8/site-packages/airflow/example_dags/example_sla_dag.py                                                      1           0  0.11s           2025-02-14T14:31:08
/opt/conda/lib/python3.8/site-packages/airflow/example_dags/example_passing_params_via_test_command.py                              1           0  0.21s           2025-02-14T14:31:18
/opt/conda/lib/python3.8/site-packages/airflow/example_dags/example_complex.py                                                      1           0  0.21s           2025-02-14T14:31:42
/opt/conda/lib/python3.8/site-packages/airflow/example_dags/tutorial_taskflow_api_etl.py                                            1           0  0.11s           2025-02-14T14:30:59
/opt/conda/lib/python3.8/site-packages/airflow/example_dags/example_branch_operator.py                                              1           0  0.11s           2025-02-14T14:31:00
/opt/conda/lib/python3.8/site-packages/airflow/example_dags/example_branch_datetime_operator.py                                     2           0  0.11s           2025-02-14T14:31:04
/opt/conda/lib/python3.8/site-packages/airflow/example_dags/example_xcomargs.py                                                     2           0  0.11s           2025-02-14T14:31:06
/opt/conda/lib/python3.8/site-packages/airflow/example_dags/example_external_task_marker_dag.py                                     2           0  0.11s           2025-02-14T14:31:07
/opt/conda/lib/python3.8/site-packages/airflow/example_dags/example_subdag_operator.py                                              3           0  0.12s           2025-02-14T14:31:38
================================================================================
[2025-02-14 14:32:47,940] {manager.py:809} INFO - 
================================================================================
DAG File Processing Stats

File Path                                                                                                  PID    Runtime      # DAGs    # Errors  Last Runtime    Last Run
---------------------------------------------------------------------------------------------------------  -----  ---------  --------  ----------  --------------  -------------------
/home/airflow/dags/Lead_scoring_data_pipeline/constants.py                                                                          0           0  0.11s           2025-02-14T14:32:01
/home/airflow/dags/Lead_scoring_data_pipeline/.ipynb_checkpoints/constants-checkpoint.py                                            0           0  0.11s           2025-02-14T14:31:20
/opt/conda/lib/python3.8/site-packages/airflow/example_dags/example_kubernetes_executor.py                                          0           0  0.11s           2025-02-14T14:32:47
/opt/conda/lib/python3.8/site-packages/airflow/example_dags/example_local_kubernetes_executor.py                                    0           0  0.11s           2025-02-14T14:31:11
/opt/conda/lib/python3.8/site-packages/airflow/example_dags/tutorial_taskflow_api_etl_virtualenv.py                                 0           0  0.11s           2025-02-14T14:31:15
/opt/conda/lib/python3.8/site-packages/airflow/example_dags/plugins/workday.py                                                      0           0  0.11s           2025-02-14T14:31:00
/opt/conda/lib/python3.8/site-packages/airflow/example_dags/subdags/subdag.py                                                       0           0  0.11s           2025-02-14T14:31:10
/home/airflow/dags/Lead_scoring_data_pipeline/lead_scoring_data_pipeline.py                                                         1           0  0.42s           2025-02-14T14:31:29
/home/airflow/dags/Lead_scoring_data_pipeline/.ipynb_checkpoints/lead_scoring_data_pipeline-checkpoint.py                           1           0  0.43s           2025-02-14T14:31:50
/opt/conda/lib/python3.8/site-packages/airflow/example_dags/tutorial.py                                                             1           0  0.12s           2025-02-14T14:31:30
/opt/conda/lib/python3.8/site-packages/airflow/example_dags/example_time_delta_sensor_async.py                                      1           0  0.11s           2025-02-14T14:32:15
/opt/conda/lib/python3.8/site-packages/airflow/example_dags/example_dag_decorator.py                                                1           0  0.11s           2025-02-14T14:31:03
/opt/conda/lib/python3.8/site-packages/airflow/example_dags/example_branch_labels.py                                                1           0  0.21s           2025-02-14T14:31:12
/opt/conda/lib/python3.8/site-packages/airflow/example_dags/example_branch_day_of_week_operator.py                                  1           0  0.11s           2025-02-14T14:31:13
/opt/conda/lib/python3.8/site-packages/airflow/example_dags/tutorial_etl_dag.py                                                     1           0  0.11s           2025-02-14T14:31:14
/opt/conda/lib/python3.8/site-packages/airflow/example_dags/example_branch_operator_decorator.py                                    1           0  0.11s           2025-02-14T14:31:16
/opt/conda/lib/python3.8/site-packages/airflow/example_dags/example_task_group_decorator.py                                         1           0  0.11s           2025-02-14T14:31:17
/opt/conda/lib/python3.8/site-packages/airflow/example_dags/example_bash_operator.py                                                1           0  0.21s           2025-02-14T14:31:21
/opt/conda/lib/python3.8/site-packages/airflow/example_dags/example_latest_only.py                                                  1           0  0.11s           2025-02-14T14:31:22
/opt/conda/lib/python3.8/site-packages/airflow/example_dags/example_xcom.py                                                         1           0  0.11s           2025-02-14T14:31:23
/opt/conda/lib/python3.8/site-packages/airflow/example_dags/example_python_operator.py                                              1           0  0.21s           2025-02-14T14:31:24
/opt/conda/lib/python3.8/site-packages/airflow/example_dags/example_branch_python_dop_operator_3.py                                 1           0  0.11s           2025-02-14T14:31:25
/opt/conda/lib/python3.8/site-packages/airflow/example_dags/example_trigger_controller_dag.py                                       1           0  0.11s           2025-02-14T14:31:26
/opt/conda/lib/python3.8/site-packages/airflow/example_dags/example_skip_dag.py                                                     1           0  0.61s           2025-02-14T14:31:27
/opt/conda/lib/python3.8/site-packages/airflow/example_dags/example_short_circuit_operator.py                                       1           0  0.31s           2025-02-14T14:31:31
/opt/conda/lib/python3.8/site-packages/airflow/example_dags/example_trigger_target_dag.py                                           1           0  0.31s           2025-02-14T14:31:33
/opt/conda/lib/python3.8/site-packages/airflow/example_dags/example_nested_branch_dag.py                                            1           0  0.21s           2025-02-14T14:31:34
/opt/conda/lib/python3.8/site-packages/airflow/example_dags/example_latest_only_with_trigger.py                                     1           0  0.11s           2025-02-14T14:31:35
/opt/conda/lib/python3.8/site-packages/airflow/example_dags/example_task_group.py                                                   1           0  0.41s           2025-02-14T14:31:06
/opt/conda/lib/python3.8/site-packages/airflow/example_dags/example_sla_dag.py                                                      1           0  0.11s           2025-02-14T14:31:08
/opt/conda/lib/python3.8/site-packages/airflow/example_dags/example_passing_params_via_test_command.py                              1           0  0.21s           2025-02-14T14:31:18
/opt/conda/lib/python3.8/site-packages/airflow/example_dags/example_complex.py                                                      1           0  0.21s           2025-02-14T14:31:42
/opt/conda/lib/python3.8/site-packages/airflow/example_dags/tutorial_taskflow_api_etl.py                                            1           0  0.11s           2025-02-14T14:30:59
/opt/conda/lib/python3.8/site-packages/airflow/example_dags/example_branch_operator.py                                              1           0  0.11s           2025-02-14T14:31:00
/opt/conda/lib/python3.8/site-packages/airflow/example_dags/example_branch_datetime_operator.py                                     2           0  0.11s           2025-02-14T14:31:04
/opt/conda/lib/python3.8/site-packages/airflow/example_dags/example_xcomargs.py                                                     2           0  0.11s           2025-02-14T14:31:06
/opt/conda/lib/python3.8/site-packages/airflow/example_dags/example_external_task_marker_dag.py                                     2           0  0.11s           2025-02-14T14:31:07
/opt/conda/lib/python3.8/site-packages/airflow/example_dags/example_subdag_operator.py                                              3           0  0.12s           2025-02-14T14:31:38
================================================================================
[2025-02-14 14:33:19,014] {manager.py:809} INFO - 
================================================================================
DAG File Processing Stats

File Path                                                                                                  PID    Runtime      # DAGs    # Errors  Last Runtime    Last Run
---------------------------------------------------------------------------------------------------------  -----  ---------  --------  ----------  --------------  -------------------
/home/airflow/dags/Lead_scoring_data_pipeline/constants.py                                                                          0           0  0.21s           2025-02-14T14:33:14
/home/airflow/dags/Lead_scoring_data_pipeline/.ipynb_checkpoints/constants-checkpoint.py                                            0           0  0.11s           2025-02-14T14:33:15
/opt/conda/lib/python3.8/site-packages/airflow/example_dags/example_kubernetes_executor.py                                          0           0  0.11s           2025-02-14T14:32:47
/opt/conda/lib/python3.8/site-packages/airflow/example_dags/example_local_kubernetes_executor.py                                    0           0  0.11s           2025-02-14T14:32:51
/opt/conda/lib/python3.8/site-packages/airflow/example_dags/tutorial_taskflow_api_etl_virtualenv.py                                 0           0  0.11s           2025-02-14T14:32:56
/opt/conda/lib/python3.8/site-packages/airflow/example_dags/plugins/workday.py                                                      0           0  0.21s           2025-02-14T14:33:08
/opt/conda/lib/python3.8/site-packages/airflow/example_dags/subdags/subdag.py                                                       0           0  0.11s           2025-02-14T14:33:10
/home/airflow/dags/Lead_scoring_data_pipeline/lead_scoring_data_pipeline.py                                                         1           0  0.51s           2025-02-14T14:33:11
/home/airflow/dags/Lead_scoring_data_pipeline/.ipynb_checkpoints/lead_scoring_data_pipeline-checkpoint.py                           1           0  0.41s           2025-02-14T14:33:13
/opt/conda/lib/python3.8/site-packages/airflow/example_dags/tutorial.py                                                             1           0  0.21s           2025-02-14T14:33:16
/opt/conda/lib/python3.8/site-packages/airflow/example_dags/example_time_delta_sensor_async.py                                      1           0  0.11s           2025-02-14T14:33:17
/opt/conda/lib/python3.8/site-packages/airflow/example_dags/example_dag_decorator.py                                                1           0  0.11s           2025-02-14T14:32:50
/opt/conda/lib/python3.8/site-packages/airflow/example_dags/example_branch_labels.py                                                1           0  0.11s           2025-02-14T14:32:52
/opt/conda/lib/python3.8/site-packages/airflow/example_dags/example_branch_day_of_week_operator.py                                  1           0  0.21s           2025-02-14T14:32:54
/opt/conda/lib/python3.8/site-packages/airflow/example_dags/tutorial_etl_dag.py                                                     1           0  0.11s           2025-02-14T14:32:55
/opt/conda/lib/python3.8/site-packages/airflow/example_dags/example_branch_operator_decorator.py                                    1           0  0.11s           2025-02-14T14:32:57
/opt/conda/lib/python3.8/site-packages/airflow/example_dags/example_task_group_decorator.py                                         1           0  0.21s           2025-02-14T14:32:58
/opt/conda/lib/python3.8/site-packages/airflow/example_dags/example_bash_operator.py                                                1           0  0.11s           2025-02-14T14:33:18
/opt/conda/lib/python3.8/site-packages/airflow/example_dags/example_latest_only.py                                                  1           0  0.11s           2025-02-14T14:31:22
/opt/conda/lib/python3.8/site-packages/airflow/example_dags/example_xcom.py                                                         1           0  0.11s           2025-02-14T14:31:23
/opt/conda/lib/python3.8/site-packages/airflow/example_dags/example_python_operator.py                                              1           0  0.21s           2025-02-14T14:31:24
/opt/conda/lib/python3.8/site-packages/airflow/example_dags/example_branch_python_dop_operator_3.py                                 1           0  0.11s           2025-02-14T14:31:25
/opt/conda/lib/python3.8/site-packages/airflow/example_dags/example_trigger_controller_dag.py                                       1           0  0.11s           2025-02-14T14:31:26
/opt/conda/lib/python3.8/site-packages/airflow/example_dags/example_skip_dag.py                                                     1           0  0.61s           2025-02-14T14:31:27
/opt/conda/lib/python3.8/site-packages/airflow/example_dags/example_short_circuit_operator.py                                       1           0  0.31s           2025-02-14T14:31:31
/opt/conda/lib/python3.8/site-packages/airflow/example_dags/example_trigger_target_dag.py                                           1           0  0.31s           2025-02-14T14:31:33
/opt/conda/lib/python3.8/site-packages/airflow/example_dags/example_nested_branch_dag.py                                            1           0  0.21s           2025-02-14T14:31:34
/opt/conda/lib/python3.8/site-packages/airflow/example_dags/example_latest_only_with_trigger.py                                     1           0  0.11s           2025-02-14T14:31:35
/opt/conda/lib/python3.8/site-packages/airflow/example_dags/example_task_group.py                                                   1           0  0.11s           2025-02-14T14:33:00
/opt/conda/lib/python3.8/site-packages/airflow/example_dags/example_sla_dag.py                                                      1           0  0.31s           2025-02-14T14:33:03
/opt/conda/lib/python3.8/site-packages/airflow/example_dags/example_passing_params_via_test_command.py                              1           0  0.21s           2025-02-14T14:33:04
/opt/conda/lib/python3.8/site-packages/airflow/example_dags/example_complex.py                                                      1           0  0.21s           2025-02-14T14:31:42
/opt/conda/lib/python3.8/site-packages/airflow/example_dags/tutorial_taskflow_api_etl.py                                            1           0  0.11s           2025-02-14T14:33:05
/opt/conda/lib/python3.8/site-packages/airflow/example_dags/example_branch_operator.py                                              1           0  0.11s           2025-02-14T14:33:07
/opt/conda/lib/python3.8/site-packages/airflow/example_dags/example_branch_datetime_operator.py                                     2           0  0.21s           2025-02-14T14:32:59
/opt/conda/lib/python3.8/site-packages/airflow/example_dags/example_xcomargs.py                                                     2           0  0.11s           2025-02-14T14:33:01
/opt/conda/lib/python3.8/site-packages/airflow/example_dags/example_external_task_marker_dag.py                                     2           0  0.11s           2025-02-14T14:33:02
/opt/conda/lib/python3.8/site-packages/airflow/example_dags/example_subdag_operator.py                                              3           0  0.12s           2025-02-14T14:31:38
================================================================================
[2025-02-14 14:33:20,454] {manager.py:690} INFO - Searching for files in /home/airflow/dags
[2025-02-14 14:33:20,486] {manager.py:693} INFO - There are 38 files in /home/airflow/dags
[2025-02-14 14:33:49,465] {manager.py:809} INFO - 
================================================================================
DAG File Processing Stats

File Path                                                                                                  PID    Runtime      # DAGs    # Errors  Last Runtime    Last Run
---------------------------------------------------------------------------------------------------------  -----  ---------  --------  ----------  --------------  -------------------
/home/airflow/dags/Lead_scoring_data_pipeline/constants.py                                                                          0           0  0.11s           2025-02-14T14:33:48
/home/airflow/dags/Lead_scoring_data_pipeline/.ipynb_checkpoints/constants-checkpoint.py                                            0           0  0.11s           2025-02-14T14:33:49
/opt/conda/lib/python3.8/site-packages/airflow/example_dags/example_kubernetes_executor.py                                          0           0  0.11s           2025-02-14T14:33:32
/opt/conda/lib/python3.8/site-packages/airflow/example_dags/example_local_kubernetes_executor.py                                    0           0  0.11s           2025-02-14T14:33:34
/opt/conda/lib/python3.8/site-packages/airflow/example_dags/tutorial_taskflow_api_etl_virtualenv.py                                 0           0  0.11s           2025-02-14T14:33:38
/opt/conda/lib/python3.8/site-packages/airflow/example_dags/plugins/workday.py                                                      0           0  0.21s           2025-02-14T14:33:08
/opt/conda/lib/python3.8/site-packages/airflow/example_dags/subdags/subdag.py                                                       0           0  0.11s           2025-02-14T14:33:10
/home/airflow/dags/Lead_scoring_data_pipeline/lead_scoring_data_pipeline.py                                                         1           0  0.42s           2025-02-14T14:33:46
/home/airflow/dags/Lead_scoring_data_pipeline/.ipynb_checkpoints/lead_scoring_data_pipeline-checkpoint.py                           1           0  0.51s           2025-02-14T14:33:47
/opt/conda/lib/python3.8/site-packages/airflow/example_dags/tutorial.py                                                             1           0  0.21s           2025-02-14T14:33:16
/opt/conda/lib/python3.8/site-packages/airflow/example_dags/example_time_delta_sensor_async.py                                      1           0  0.11s           2025-02-14T14:33:17
/opt/conda/lib/python3.8/site-packages/airflow/example_dags/example_dag_decorator.py                                                1           0  0.21s           2025-02-14T14:33:33
/opt/conda/lib/python3.8/site-packages/airflow/example_dags/example_branch_labels.py                                                1           0  0.11s           2025-02-14T14:33:34
/opt/conda/lib/python3.8/site-packages/airflow/example_dags/example_branch_day_of_week_operator.py                                  1           0  0.11s           2025-02-14T14:33:36
/opt/conda/lib/python3.8/site-packages/airflow/example_dags/tutorial_etl_dag.py                                                     1           0  0.11s           2025-02-14T14:33:37
/opt/conda/lib/python3.8/site-packages/airflow/example_dags/example_branch_operator_decorator.py                                    1           0  0.11s           2025-02-14T14:33:39
/opt/conda/lib/python3.8/site-packages/airflow/example_dags/example_task_group_decorator.py                                         1           0  0.21s           2025-02-14T14:33:40
/opt/conda/lib/python3.8/site-packages/airflow/example_dags/example_bash_operator.py                                                1           0  0.11s           2025-02-14T14:33:18
/opt/conda/lib/python3.8/site-packages/airflow/example_dags/example_latest_only.py                                                  1           0  0.11s           2025-02-14T14:33:19
/opt/conda/lib/python3.8/site-packages/airflow/example_dags/example_xcom.py                                                         1           0  0.21s           2025-02-14T14:33:20
/opt/conda/lib/python3.8/site-packages/airflow/example_dags/example_python_operator.py                                              1           0  0.11s           2025-02-14T14:33:21
/opt/conda/lib/python3.8/site-packages/airflow/example_dags/example_branch_python_dop_operator_3.py                                 1           0  0.11s           2025-02-14T14:33:23
/opt/conda/lib/python3.8/site-packages/airflow/example_dags/example_trigger_controller_dag.py                                       1           0  0.11s           2025-02-14T14:33:24
/opt/conda/lib/python3.8/site-packages/airflow/example_dags/example_skip_dag.py                                                     1           0  0.11s           2025-02-14T14:33:24
/opt/conda/lib/python3.8/site-packages/airflow/example_dags/example_short_circuit_operator.py                                       1           0  0.11s           2025-02-14T14:33:25
/opt/conda/lib/python3.8/site-packages/airflow/example_dags/example_trigger_target_dag.py                                           1           0  0.11s           2025-02-14T14:33:26
/opt/conda/lib/python3.8/site-packages/airflow/example_dags/example_nested_branch_dag.py                                            1           0  0.11s           2025-02-14T14:33:28
/opt/conda/lib/python3.8/site-packages/airflow/example_dags/example_latest_only_with_trigger.py                                     1           0  0.11s           2025-02-14T14:33:29
/opt/conda/lib/python3.8/site-packages/airflow/example_dags/example_task_group.py                                                   1           0  0.11s           2025-02-14T14:33:43
/opt/conda/lib/python3.8/site-packages/airflow/example_dags/example_sla_dag.py                                                      1           0  0.31s           2025-02-14T14:33:03
/opt/conda/lib/python3.8/site-packages/airflow/example_dags/example_passing_params_via_test_command.py                              1           0  0.21s           2025-02-14T14:33:04
/opt/conda/lib/python3.8/site-packages/airflow/example_dags/example_complex.py                                                      1           0  0.11s           2025-02-14T14:33:30
/opt/conda/lib/python3.8/site-packages/airflow/example_dags/tutorial_taskflow_api_etl.py                                            1           0  0.11s           2025-02-14T14:33:05
/opt/conda/lib/python3.8/site-packages/airflow/example_dags/example_branch_operator.py                                              1           0  0.11s           2025-02-14T14:33:07
/opt/conda/lib/python3.8/site-packages/airflow/example_dags/example_branch_datetime_operator.py                                     2           0  0.11s           2025-02-14T14:33:42
/opt/conda/lib/python3.8/site-packages/airflow/example_dags/example_xcomargs.py                                                     2           0  0.21s           2025-02-14T14:33:44
/opt/conda/lib/python3.8/site-packages/airflow/example_dags/example_external_task_marker_dag.py                                     2           0  0.11s           2025-02-14T14:33:02
/opt/conda/lib/python3.8/site-packages/airflow/example_dags/example_subdag_operator.py                                              3           0  0.11s           2025-02-14T14:33:29
================================================================================
[2025-02-14 14:34:20,105] {manager.py:809} INFO - 
================================================================================
DAG File Processing Stats

File Path                                                                                                  PID    Runtime      # DAGs    # Errors  Last Runtime    Last Run
---------------------------------------------------------------------------------------------------------  -----  ---------  --------  ----------  --------------  -------------------
/home/airflow/dags/Lead_scoring_data_pipeline/constants.py                                                                          0           0  0.11s           2025-02-14T14:33:48
/home/airflow/dags/Lead_scoring_data_pipeline/.ipynb_checkpoints/constants-checkpoint.py                                            0           0  0.11s           2025-02-14T14:33:49
/opt/conda/lib/python3.8/site-packages/airflow/example_dags/example_kubernetes_executor.py                                          0           0  0.11s           2025-02-14T14:34:08
/opt/conda/lib/python3.8/site-packages/airflow/example_dags/example_local_kubernetes_executor.py                                    0           0  0.11s           2025-02-14T14:34:09
/opt/conda/lib/python3.8/site-packages/airflow/example_dags/tutorial_taskflow_api_etl_virtualenv.py                                 0           0  0.11s           2025-02-14T14:33:38
/opt/conda/lib/python3.8/site-packages/airflow/example_dags/plugins/workday.py                                                      0           0  0.11s           2025-02-14T14:33:56
/opt/conda/lib/python3.8/site-packages/airflow/example_dags/subdags/subdag.py                                                       0           0  0.11s           2025-02-14T14:33:56
/home/airflow/dags/Lead_scoring_data_pipeline/lead_scoring_data_pipeline.py                                                         1           0  0.42s           2025-02-14T14:34:20
/home/airflow/dags/Lead_scoring_data_pipeline/.ipynb_checkpoints/lead_scoring_data_pipeline-checkpoint.py                           1           0  0.51s           2025-02-14T14:33:47
/opt/conda/lib/python3.8/site-packages/airflow/example_dags/tutorial.py                                                             1           0  0.31s           2025-02-14T14:33:58
/opt/conda/lib/python3.8/site-packages/airflow/example_dags/example_time_delta_sensor_async.py                                      1           0  0.11s           2025-02-14T14:33:59
/opt/conda/lib/python3.8/site-packages/airflow/example_dags/example_dag_decorator.py                                                1           0  0.21s           2025-02-14T14:34:09
/opt/conda/lib/python3.8/site-packages/airflow/example_dags/example_branch_labels.py                                                1           0  0.11s           2025-02-14T14:34:11
/opt/conda/lib/python3.8/site-packages/airflow/example_dags/example_branch_day_of_week_operator.py                                  1           0  0.21s           2025-02-14T14:34:12
/opt/conda/lib/python3.8/site-packages/airflow/example_dags/tutorial_etl_dag.py                                                     1           0  0.11s           2025-02-14T14:34:13
/opt/conda/lib/python3.8/site-packages/airflow/example_dags/example_branch_operator_decorator.py                                    1           0  0.11s           2025-02-14T14:33:39
/opt/conda/lib/python3.8/site-packages/airflow/example_dags/example_task_group_decorator.py                                         1           0  0.21s           2025-02-14T14:33:40
/opt/conda/lib/python3.8/site-packages/airflow/example_dags/example_bash_operator.py                                                1           0  0.11s           2025-02-14T14:33:59
/opt/conda/lib/python3.8/site-packages/airflow/example_dags/example_latest_only.py                                                  1           0  0.11s           2025-02-14T14:34:00
/opt/conda/lib/python3.8/site-packages/airflow/example_dags/example_xcom.py                                                         1           0  0.21s           2025-02-14T14:34:01
/opt/conda/lib/python3.8/site-packages/airflow/example_dags/example_python_operator.py                                              1           0  0.11s           2025-02-14T14:34:03
/opt/conda/lib/python3.8/site-packages/airflow/example_dags/example_branch_python_dop_operator_3.py                                 1           0  0.11s           2025-02-14T14:34:03
/opt/conda/lib/python3.8/site-packages/airflow/example_dags/example_trigger_controller_dag.py                                       1           0  0.11s           2025-02-14T14:34:04
/opt/conda/lib/python3.8/site-packages/airflow/example_dags/example_skip_dag.py                                                     1           0  0.11s           2025-02-14T14:34:05
/opt/conda/lib/python3.8/site-packages/airflow/example_dags/example_short_circuit_operator.py                                       1           0  0.11s           2025-02-14T14:34:06
/opt/conda/lib/python3.8/site-packages/airflow/example_dags/example_trigger_target_dag.py                                           1           0  0.11s           2025-02-14T14:34:07
/opt/conda/lib/python3.8/site-packages/airflow/example_dags/example_nested_branch_dag.py                                            1           0  0.11s           2025-02-14T14:34:14
/opt/conda/lib/python3.8/site-packages/airflow/example_dags/example_latest_only_with_trigger.py                                     1           0  0.61s           2025-02-14T14:34:16
/opt/conda/lib/python3.8/site-packages/airflow/example_dags/example_task_group.py                                                   1           0  0.11s           2025-02-14T14:33:43
/opt/conda/lib/python3.8/site-packages/airflow/example_dags/example_sla_dag.py                                                      1           0  0.11s           2025-02-14T14:33:51
/opt/conda/lib/python3.8/site-packages/airflow/example_dags/example_passing_params_via_test_command.py                              1           0  0.11s           2025-02-14T14:33:52
/opt/conda/lib/python3.8/site-packages/airflow/example_dags/example_complex.py                                                      1           0  0.11s           2025-02-14T14:34:18
/opt/conda/lib/python3.8/site-packages/airflow/example_dags/tutorial_taskflow_api_etl.py                                            1           0  0.21s           2025-02-14T14:33:53
/opt/conda/lib/python3.8/site-packages/airflow/example_dags/example_branch_operator.py                                              1           0  0.11s           2025-02-14T14:33:55
/opt/conda/lib/python3.8/site-packages/airflow/example_dags/example_branch_datetime_operator.py                                     2           0  0.11s           2025-02-14T14:33:42
/opt/conda/lib/python3.8/site-packages/airflow/example_dags/example_xcomargs.py                                                     2           0  0.21s           2025-02-14T14:33:44
/opt/conda/lib/python3.8/site-packages/airflow/example_dags/example_external_task_marker_dag.py                                     2           0  0.11s           2025-02-14T14:33:50
/opt/conda/lib/python3.8/site-packages/airflow/example_dags/example_subdag_operator.py                                              3           0  0.21s           2025-02-14T14:34:17
================================================================================
[2025-02-14 14:34:50,706] {manager.py:809} INFO - 
================================================================================
DAG File Processing Stats

File Path                                                                                                  PID    Runtime      # DAGs    # Errors  Last Runtime    Last Run
---------------------------------------------------------------------------------------------------------  -----  ---------  --------  ----------  --------------  -------------------
/home/airflow/dags/Lead_scoring_data_pipeline/constants.py                                                                          0           0  0.11s           2025-02-14T14:34:22
/home/airflow/dags/Lead_scoring_data_pipeline/.ipynb_checkpoints/constants-checkpoint.py                                            0           0  0.11s           2025-02-14T14:34:24
/opt/conda/lib/python3.8/site-packages/airflow/example_dags/example_kubernetes_executor.py                                          0           0  0.11s           2025-02-14T14:34:43
/opt/conda/lib/python3.8/site-packages/airflow/example_dags/example_local_kubernetes_executor.py                                    0           0  0.11s           2025-02-14T14:34:44
/opt/conda/lib/python3.8/site-packages/airflow/example_dags/tutorial_taskflow_api_etl_virtualenv.py                                 0           0  0.11s           2025-02-14T14:34:25
/opt/conda/lib/python3.8/site-packages/airflow/example_dags/plugins/workday.py                                                      0           0  0.11s           2025-02-14T14:34:40
/opt/conda/lib/python3.8/site-packages/airflow/example_dags/subdags/subdag.py                                                       0           0  0.21s           2025-02-14T14:34:41
/home/airflow/dags/Lead_scoring_data_pipeline/lead_scoring_data_pipeline.py                                                         1           0  0.42s           2025-02-14T14:34:20
/home/airflow/dags/Lead_scoring_data_pipeline/.ipynb_checkpoints/lead_scoring_data_pipeline-checkpoint.py                           1           0  0.41s           2025-02-14T14:34:21
/opt/conda/lib/python3.8/site-packages/airflow/example_dags/tutorial.py                                                             1           0  0.11s           2025-02-14T14:34:31
/opt/conda/lib/python3.8/site-packages/airflow/example_dags/example_time_delta_sensor_async.py                                      1           0  0.11s           2025-02-14T14:34:32
/opt/conda/lib/python3.8/site-packages/airflow/example_dags/example_dag_decorator.py                                                1           0  0.21s           2025-02-14T14:34:43
/opt/conda/lib/python3.8/site-packages/airflow/example_dags/example_branch_labels.py                                                1           0  0.11s           2025-02-14T14:34:46
/opt/conda/lib/python3.8/site-packages/airflow/example_dags/example_branch_day_of_week_operator.py                                  1           0  0.11s           2025-02-14T14:34:47
/opt/conda/lib/python3.8/site-packages/airflow/example_dags/tutorial_etl_dag.py                                                     1           0  0.11s           2025-02-14T14:34:13
/opt/conda/lib/python3.8/site-packages/airflow/example_dags/example_branch_operator_decorator.py                                    1           0  0.11s           2025-02-14T14:34:26
/opt/conda/lib/python3.8/site-packages/airflow/example_dags/example_task_group_decorator.py                                         1           0  0.21s           2025-02-14T14:34:27
/opt/conda/lib/python3.8/site-packages/airflow/example_dags/example_bash_operator.py                                                1           0  0.11s           2025-02-14T14:34:33
/opt/conda/lib/python3.8/site-packages/airflow/example_dags/example_latest_only.py                                                  1           0  0.11s           2025-02-14T14:34:33
/opt/conda/lib/python3.8/site-packages/airflow/example_dags/example_xcom.py                                                         1           0  0.21s           2025-02-14T14:34:48
/opt/conda/lib/python3.8/site-packages/airflow/example_dags/example_python_operator.py                                              1           0  0.11s           2025-02-14T14:34:48
/opt/conda/lib/python3.8/site-packages/airflow/example_dags/example_branch_python_dop_operator_3.py                                 1           0  0.11s           2025-02-14T14:34:50
/opt/conda/lib/python3.8/site-packages/airflow/example_dags/example_trigger_controller_dag.py                                       1           0  0.11s           2025-02-14T14:34:50
/opt/conda/lib/python3.8/site-packages/airflow/example_dags/example_skip_dag.py                                                     1           0  0.11s           2025-02-14T14:34:05
/opt/conda/lib/python3.8/site-packages/airflow/example_dags/example_short_circuit_operator.py                                       1           0  0.11s           2025-02-14T14:34:06
/opt/conda/lib/python3.8/site-packages/airflow/example_dags/example_trigger_target_dag.py                                           1           0  0.11s           2025-02-14T14:34:07
/opt/conda/lib/python3.8/site-packages/airflow/example_dags/example_nested_branch_dag.py                                            1           0  0.11s           2025-02-14T14:34:14
/opt/conda/lib/python3.8/site-packages/airflow/example_dags/example_latest_only_with_trigger.py                                     1           0  0.61s           2025-02-14T14:34:16
/opt/conda/lib/python3.8/site-packages/airflow/example_dags/example_task_group.py                                                   1           0  0.11s           2025-02-14T14:34:29
/opt/conda/lib/python3.8/site-packages/airflow/example_dags/example_sla_dag.py                                                      1           0  0.11s           2025-02-14T14:34:36
/opt/conda/lib/python3.8/site-packages/airflow/example_dags/example_passing_params_via_test_command.py                              1           0  0.11s           2025-02-14T14:34:37
/opt/conda/lib/python3.8/site-packages/airflow/example_dags/example_complex.py                                                      1           0  0.11s           2025-02-14T14:34:18
/opt/conda/lib/python3.8/site-packages/airflow/example_dags/tutorial_taskflow_api_etl.py                                            1           0  0.11s           2025-02-14T14:34:38
/opt/conda/lib/python3.8/site-packages/airflow/example_dags/example_branch_operator.py                                              1           0  0.11s           2025-02-14T14:34:39
/opt/conda/lib/python3.8/site-packages/airflow/example_dags/example_branch_datetime_operator.py                                     2           0  0.11s           2025-02-14T14:34:28
/opt/conda/lib/python3.8/site-packages/airflow/example_dags/example_xcomargs.py                                                     2           0  0.21s           2025-02-14T14:34:30
/opt/conda/lib/python3.8/site-packages/airflow/example_dags/example_external_task_marker_dag.py                                     2           0  0.11s           2025-02-14T14:34:34
/opt/conda/lib/python3.8/site-packages/airflow/example_dags/example_subdag_operator.py                                              3           0  0.21s           2025-02-14T14:34:17
================================================================================
[2025-02-14 14:35:21,160] {manager.py:809} INFO - 
================================================================================
DAG File Processing Stats

File Path                                                                                                  PID    Runtime      # DAGs    # Errors  Last Runtime    Last Run
---------------------------------------------------------------------------------------------------------  -----  ---------  --------  ----------  --------------  -------------------
/home/airflow/dags/Lead_scoring_data_pipeline/constants.py                                                                          0           0  0.11s           2025-02-14T14:34:58
/home/airflow/dags/Lead_scoring_data_pipeline/.ipynb_checkpoints/constants-checkpoint.py                                            0           0  0.11s           2025-02-14T14:34:59
/opt/conda/lib/python3.8/site-packages/airflow/example_dags/example_kubernetes_executor.py                                          0           0  0.11s           2025-02-14T14:35:14
/opt/conda/lib/python3.8/site-packages/airflow/example_dags/example_local_kubernetes_executor.py                                    0           0  0.11s           2025-02-14T14:34:44
/opt/conda/lib/python3.8/site-packages/airflow/example_dags/tutorial_taskflow_api_etl_virtualenv.py                                 0           0  0.11s           2025-02-14T14:35:06
/opt/conda/lib/python3.8/site-packages/airflow/example_dags/plugins/workday.py                                                      0           0  0.11s           2025-02-14T14:35:21
/opt/conda/lib/python3.8/site-packages/airflow/example_dags/subdags/subdag.py                                                       0           0  0.21s           2025-02-14T14:34:41
/home/airflow/dags/Lead_scoring_data_pipeline/lead_scoring_data_pipeline.py                                                         1           0  0.41s           2025-02-14T14:34:55
/home/airflow/dags/Lead_scoring_data_pipeline/.ipynb_checkpoints/lead_scoring_data_pipeline-checkpoint.py                           1           0  0.41s           2025-02-14T14:34:56
/opt/conda/lib/python3.8/site-packages/airflow/example_dags/tutorial.py                                                             1           0  0.11s           2025-02-14T14:35:04
/opt/conda/lib/python3.8/site-packages/airflow/example_dags/example_time_delta_sensor_async.py                                      1           0  0.11s           2025-02-14T14:35:05
/opt/conda/lib/python3.8/site-packages/airflow/example_dags/example_dag_decorator.py                                                1           0  0.11s           2025-02-14T14:35:14
/opt/conda/lib/python3.8/site-packages/airflow/example_dags/example_branch_labels.py                                                1           0  0.11s           2025-02-14T14:34:46
/opt/conda/lib/python3.8/site-packages/airflow/example_dags/example_branch_day_of_week_operator.py                                  1           0  0.11s           2025-02-14T14:34:47
/opt/conda/lib/python3.8/site-packages/airflow/example_dags/tutorial_etl_dag.py                                                     1           0  0.11s           2025-02-14T14:35:00
/opt/conda/lib/python3.8/site-packages/airflow/example_dags/example_branch_operator_decorator.py                                    1           0  0.31s           2025-02-14T14:35:08
/opt/conda/lib/python3.8/site-packages/airflow/example_dags/example_task_group_decorator.py                                         1           0  0.11s           2025-02-14T14:35:09
/opt/conda/lib/python3.8/site-packages/airflow/example_dags/example_bash_operator.py                                                1           0  0.11s           2025-02-14T14:35:09
/opt/conda/lib/python3.8/site-packages/airflow/example_dags/example_latest_only.py                                                  1           0  0.11s           2025-02-14T14:35:10
/opt/conda/lib/python3.8/site-packages/airflow/example_dags/example_xcom.py                                                         1           0  0.21s           2025-02-14T14:34:48
/opt/conda/lib/python3.8/site-packages/airflow/example_dags/example_python_operator.py                                              1           0  0.11s           2025-02-14T14:34:48
/opt/conda/lib/python3.8/site-packages/airflow/example_dags/example_branch_python_dop_operator_3.py                                 1           0  0.11s           2025-02-14T14:34:50
/opt/conda/lib/python3.8/site-packages/airflow/example_dags/example_trigger_controller_dag.py                                       1           0  0.11s           2025-02-14T14:34:50
/opt/conda/lib/python3.8/site-packages/airflow/example_dags/example_skip_dag.py                                                     1           0  0.11s           2025-02-14T14:34:51
/opt/conda/lib/python3.8/site-packages/airflow/example_dags/example_short_circuit_operator.py                                       1           0  0.11s           2025-02-14T14:34:53
/opt/conda/lib/python3.8/site-packages/airflow/example_dags/example_trigger_target_dag.py                                           1           0  0.11s           2025-02-14T14:34:54
/opt/conda/lib/python3.8/site-packages/airflow/example_dags/example_nested_branch_dag.py                                            1           0  0.11s           2025-02-14T14:35:00
/opt/conda/lib/python3.8/site-packages/airflow/example_dags/example_latest_only_with_trigger.py                                     1           0  0.11s           2025-02-14T14:35:02
/opt/conda/lib/python3.8/site-packages/airflow/example_dags/example_task_group.py                                                   1           0  0.11s           2025-02-14T14:35:12
/opt/conda/lib/python3.8/site-packages/airflow/example_dags/example_sla_dag.py                                                      1           0  0.11s           2025-02-14T14:35:17
/opt/conda/lib/python3.8/site-packages/airflow/example_dags/example_passing_params_via_test_command.py                              1           0  0.11s           2025-02-14T14:35:18
/opt/conda/lib/python3.8/site-packages/airflow/example_dags/example_complex.py                                                      1           0  0.11s           2025-02-14T14:35:04
/opt/conda/lib/python3.8/site-packages/airflow/example_dags/tutorial_taskflow_api_etl.py                                            1           0  0.11s           2025-02-14T14:35:19
/opt/conda/lib/python3.8/site-packages/airflow/example_dags/example_branch_operator.py                                              1           0  0.11s           2025-02-14T14:35:19
/opt/conda/lib/python3.8/site-packages/airflow/example_dags/example_branch_datetime_operator.py                                     2           0  0.11s           2025-02-14T14:35:11
/opt/conda/lib/python3.8/site-packages/airflow/example_dags/example_xcomargs.py                                                     2           0  0.11s           2025-02-14T14:35:13
/opt/conda/lib/python3.8/site-packages/airflow/example_dags/example_external_task_marker_dag.py                                     2           0  0.11s           2025-02-14T14:35:15
/opt/conda/lib/python3.8/site-packages/airflow/example_dags/example_subdag_operator.py                                              3           0  0.11s           2025-02-14T14:35:03
================================================================================
[2025-02-14 14:35:51,327] {manager.py:809} INFO - 
================================================================================
DAG File Processing Stats

File Path                                                                                                  PID    Runtime      # DAGs    # Errors  Last Runtime    Last Run
---------------------------------------------------------------------------------------------------------  -----  ---------  --------  ----------  --------------  -------------------
/home/airflow/dags/Lead_scoring_data_pipeline/constants.py                                                                          0           0  0.11s           2025-02-14T14:35:35
/home/airflow/dags/Lead_scoring_data_pipeline/.ipynb_checkpoints/constants-checkpoint.py                                            0           0  0.11s           2025-02-14T14:35:35
/opt/conda/lib/python3.8/site-packages/airflow/example_dags/example_kubernetes_executor.py                                          0           0  0.11s           2025-02-14T14:35:14
/opt/conda/lib/python3.8/site-packages/airflow/example_dags/example_local_kubernetes_executor.py                                    0           0  0.11s           2025-02-14T14:35:23
/opt/conda/lib/python3.8/site-packages/airflow/example_dags/tutorial_taskflow_api_etl_virtualenv.py                                 0           0  0.11s           2025-02-14T14:35:43
/opt/conda/lib/python3.8/site-packages/airflow/example_dags/plugins/workday.py                                                      0           0  0.11s           2025-02-14T14:35:21
/opt/conda/lib/python3.8/site-packages/airflow/example_dags/subdags/subdag.py                                                       0           0  0.11s           2025-02-14T14:35:22
/home/airflow/dags/Lead_scoring_data_pipeline/lead_scoring_data_pipeline.py                                                         1           0  0.42s           2025-02-14T14:35:32
/home/airflow/dags/Lead_scoring_data_pipeline/.ipynb_checkpoints/lead_scoring_data_pipeline-checkpoint.py                           1           0  0.41s           2025-02-14T14:35:34
/opt/conda/lib/python3.8/site-packages/airflow/example_dags/tutorial.py                                                             1           0  0.11s           2025-02-14T14:35:41
/opt/conda/lib/python3.8/site-packages/airflow/example_dags/example_time_delta_sensor_async.py                                      1           0  0.11s           2025-02-14T14:35:42
/opt/conda/lib/python3.8/site-packages/airflow/example_dags/example_dag_decorator.py                                                1           0  0.11s           2025-02-14T14:35:14
/opt/conda/lib/python3.8/site-packages/airflow/example_dags/example_branch_labels.py                                                1           0  0.21s           2025-02-14T14:35:24
/opt/conda/lib/python3.8/site-packages/airflow/example_dags/example_branch_day_of_week_operator.py                                  1           0  0.11s           2025-02-14T14:35:25
/opt/conda/lib/python3.8/site-packages/airflow/example_dags/tutorial_etl_dag.py                                                     1           0  0.61s           2025-02-14T14:35:37
/opt/conda/lib/python3.8/site-packages/airflow/example_dags/example_branch_operator_decorator.py                                    1           0  0.11s           2025-02-14T14:35:44
/opt/conda/lib/python3.8/site-packages/airflow/example_dags/example_task_group_decorator.py                                         1           0  0.12s           2025-02-14T14:35:46
/opt/conda/lib/python3.8/site-packages/airflow/example_dags/example_bash_operator.py                                                1           0  0.11s           2025-02-14T14:35:47
/opt/conda/lib/python3.8/site-packages/airflow/example_dags/example_latest_only.py                                                  1           0  0.11s           2025-02-14T14:35:48
/opt/conda/lib/python3.8/site-packages/airflow/example_dags/example_xcom.py                                                         1           0  0.11s           2025-02-14T14:35:26
/opt/conda/lib/python3.8/site-packages/airflow/example_dags/example_python_operator.py                                              1           0  0.11s           2025-02-14T14:35:27
/opt/conda/lib/python3.8/site-packages/airflow/example_dags/example_branch_python_dop_operator_3.py                                 1           0  0.11s           2025-02-14T14:35:28
/opt/conda/lib/python3.8/site-packages/airflow/example_dags/example_trigger_controller_dag.py                                       1           0  0.11s           2025-02-14T14:35:29
/opt/conda/lib/python3.8/site-packages/airflow/example_dags/example_skip_dag.py                                                     1           0  0.11s           2025-02-14T14:35:30
/opt/conda/lib/python3.8/site-packages/airflow/example_dags/example_short_circuit_operator.py                                       1           0  0.11s           2025-02-14T14:35:31
/opt/conda/lib/python3.8/site-packages/airflow/example_dags/example_trigger_target_dag.py                                           1           0  0.11s           2025-02-14T14:35:38
/opt/conda/lib/python3.8/site-packages/airflow/example_dags/example_nested_branch_dag.py                                            1           0  0.11s           2025-02-14T14:35:39
/opt/conda/lib/python3.8/site-packages/airflow/example_dags/example_latest_only_with_trigger.py                                     1           0  0.11s           2025-02-14T14:35:40
/opt/conda/lib/python3.8/site-packages/airflow/example_dags/example_task_group.py                                                   1           0  0.11s           2025-02-14T14:35:12
/opt/conda/lib/python3.8/site-packages/airflow/example_dags/example_sla_dag.py                                                      1           0  0.11s           2025-02-14T14:35:17
/opt/conda/lib/python3.8/site-packages/airflow/example_dags/example_passing_params_via_test_command.py                              1           0  0.11s           2025-02-14T14:35:18
/opt/conda/lib/python3.8/site-packages/airflow/example_dags/example_complex.py                                                      1           0  0.11s           2025-02-14T14:35:51
/opt/conda/lib/python3.8/site-packages/airflow/example_dags/tutorial_taskflow_api_etl.py                                            1           0  0.11s           2025-02-14T14:35:19
/opt/conda/lib/python3.8/site-packages/airflow/example_dags/example_branch_operator.py                                              1           0  0.11s           2025-02-14T14:35:19
/opt/conda/lib/python3.8/site-packages/airflow/example_dags/example_branch_datetime_operator.py                                     2           0  0.12s           2025-02-14T14:35:49
/opt/conda/lib/python3.8/site-packages/airflow/example_dags/example_xcomargs.py                                                     2           0  0.11s           2025-02-14T14:35:13
/opt/conda/lib/python3.8/site-packages/airflow/example_dags/example_external_task_marker_dag.py                                     2           0  0.11s           2025-02-14T14:35:15
/opt/conda/lib/python3.8/site-packages/airflow/example_dags/example_subdag_operator.py                                              3           0  0.12s           2025-02-14T14:35:50
================================================================================
[2025-02-14 14:36:22,275] {manager.py:809} INFO - 
================================================================================
DAG File Processing Stats

File Path                                                                                                  PID    Runtime      # DAGs    # Errors  Last Runtime    Last Run
---------------------------------------------------------------------------------------------------------  -----  ---------  --------  ----------  --------------  -------------------
/home/airflow/dags/Lead_scoring_data_pipeline/constants.py                                                                          0           0  0.12s           2025-02-14T14:36:17
/home/airflow/dags/Lead_scoring_data_pipeline/.ipynb_checkpoints/constants-checkpoint.py                                            0           0  0.11s           2025-02-14T14:36:18
/opt/conda/lib/python3.8/site-packages/airflow/example_dags/example_kubernetes_executor.py                                          0           0  0.11s           2025-02-14T14:35:51
/opt/conda/lib/python3.8/site-packages/airflow/example_dags/example_local_kubernetes_executor.py                                    0           0  0.11s           2025-02-14T14:36:02
/opt/conda/lib/python3.8/site-packages/airflow/example_dags/tutorial_taskflow_api_etl_virtualenv.py                                 0           0  0.11s           2025-02-14T14:35:43
/opt/conda/lib/python3.8/site-packages/airflow/example_dags/plugins/workday.py                                                      0           0  0.11s           2025-02-14T14:36:01
/opt/conda/lib/python3.8/site-packages/airflow/example_dags/subdags/subdag.py                                                       0           0  0.11s           2025-02-14T14:36:13
/home/airflow/dags/Lead_scoring_data_pipeline/lead_scoring_data_pipeline.py                                                         1           0  0.41s           2025-02-14T14:36:14
/home/airflow/dags/Lead_scoring_data_pipeline/.ipynb_checkpoints/lead_scoring_data_pipeline-checkpoint.py                           1           0  0.43s           2025-02-14T14:36:16
/opt/conda/lib/python3.8/site-packages/airflow/example_dags/tutorial.py                                                             1           0  0.41s           2025-02-14T14:36:19
/opt/conda/lib/python3.8/site-packages/airflow/example_dags/example_time_delta_sensor_async.py                                      1           0  0.21s           2025-02-14T14:36:21
/opt/conda/lib/python3.8/site-packages/airflow/example_dags/example_dag_decorator.py                                                1           0  0.11s           2025-02-14T14:35:52
/opt/conda/lib/python3.8/site-packages/airflow/example_dags/example_branch_labels.py                                                1           0  0.11s           2025-02-14T14:36:04
/opt/conda/lib/python3.8/site-packages/airflow/example_dags/example_branch_day_of_week_operator.py                                  1           0  0.11s           2025-02-14T14:36:04
/opt/conda/lib/python3.8/site-packages/airflow/example_dags/tutorial_etl_dag.py                                                     1           0  0.11s           2025-02-14T14:36:22
/opt/conda/lib/python3.8/site-packages/airflow/example_dags/example_branch_operator_decorator.py                                    1           0  0.11s           2025-02-14T14:35:44
/opt/conda/lib/python3.8/site-packages/airflow/example_dags/example_task_group_decorator.py                                         1           0  0.12s           2025-02-14T14:35:46
/opt/conda/lib/python3.8/site-packages/airflow/example_dags/example_bash_operator.py                                                1           0  0.11s           2025-02-14T14:35:47
/opt/conda/lib/python3.8/site-packages/airflow/example_dags/example_latest_only.py                                                  1           0  0.11s           2025-02-14T14:35:48
/opt/conda/lib/python3.8/site-packages/airflow/example_dags/example_xcom.py                                                         1           0  0.11s           2025-02-14T14:36:05
/opt/conda/lib/python3.8/site-packages/airflow/example_dags/example_python_operator.py                                              1           0  0.11s           2025-02-14T14:36:06
/opt/conda/lib/python3.8/site-packages/airflow/example_dags/example_branch_python_dop_operator_3.py                                 1           0  0.11s           2025-02-14T14:36:08
/opt/conda/lib/python3.8/site-packages/airflow/example_dags/example_trigger_controller_dag.py                                       1           0  0.11s           2025-02-14T14:36:09
/opt/conda/lib/python3.8/site-packages/airflow/example_dags/example_skip_dag.py                                                     1           0  0.11s           2025-02-14T14:36:10
/opt/conda/lib/python3.8/site-packages/airflow/example_dags/example_short_circuit_operator.py                                       1           0  0.11s           2025-02-14T14:36:11
/opt/conda/lib/python3.8/site-packages/airflow/example_dags/example_trigger_target_dag.py                                           1           0  0.11s           2025-02-14T14:35:38
/opt/conda/lib/python3.8/site-packages/airflow/example_dags/example_nested_branch_dag.py                                            1           0  0.11s           2025-02-14T14:35:39
/opt/conda/lib/python3.8/site-packages/airflow/example_dags/example_latest_only_with_trigger.py                                     1           0  0.11s           2025-02-14T14:35:40
/opt/conda/lib/python3.8/site-packages/airflow/example_dags/example_task_group.py                                                   1           0  0.11s           2025-02-14T14:35:53
/opt/conda/lib/python3.8/site-packages/airflow/example_dags/example_sla_dag.py                                                      1           0  0.11s           2025-02-14T14:35:57
/opt/conda/lib/python3.8/site-packages/airflow/example_dags/example_passing_params_via_test_command.py                              1           0  0.11s           2025-02-14T14:35:58
/opt/conda/lib/python3.8/site-packages/airflow/example_dags/example_complex.py                                                      1           0  0.11s           2025-02-14T14:35:51
/opt/conda/lib/python3.8/site-packages/airflow/example_dags/tutorial_taskflow_api_etl.py                                            1           0  0.11s           2025-02-14T14:36:00
/opt/conda/lib/python3.8/site-packages/airflow/example_dags/example_branch_operator.py                                              1           0  0.11s           2025-02-14T14:36:01
/opt/conda/lib/python3.8/site-packages/airflow/example_dags/example_branch_datetime_operator.py                                     2           0  0.12s           2025-02-14T14:35:49
/opt/conda/lib/python3.8/site-packages/airflow/example_dags/example_xcomargs.py                                                     2           0  0.21s           2025-02-14T14:35:55
/opt/conda/lib/python3.8/site-packages/airflow/example_dags/example_external_task_marker_dag.py                                     2           0  0.21s           2025-02-14T14:35:56
/opt/conda/lib/python3.8/site-packages/airflow/example_dags/example_subdag_operator.py                                              3           0  0.12s           2025-02-14T14:35:50
================================================================================
[2025-02-14 14:36:53,014] {manager.py:809} INFO - 
================================================================================
DAG File Processing Stats

File Path                                                                                                  PID    Runtime      # DAGs    # Errors  Last Runtime    Last Run
---------------------------------------------------------------------------------------------------------  -----  ---------  --------  ----------  --------------  -------------------
/home/airflow/dags/Lead_scoring_data_pipeline/constants.py                                                                          0           0  0.12s           2025-02-14T14:36:17
/home/airflow/dags/Lead_scoring_data_pipeline/.ipynb_checkpoints/constants-checkpoint.py                                            0           0  0.11s           2025-02-14T14:36:18
/opt/conda/lib/python3.8/site-packages/airflow/example_dags/example_kubernetes_executor.py                                          0           0  0.11s           2025-02-14T14:36:27
/opt/conda/lib/python3.8/site-packages/airflow/example_dags/example_local_kubernetes_executor.py                                    0           0  0.11s           2025-02-14T14:36:40
/opt/conda/lib/python3.8/site-packages/airflow/example_dags/tutorial_taskflow_api_etl_virtualenv.py                                 0           0  0.11s           2025-02-14T14:36:22
/opt/conda/lib/python3.8/site-packages/airflow/example_dags/plugins/workday.py                                                      0           0  0.11s           2025-02-14T14:36:51
/opt/conda/lib/python3.8/site-packages/airflow/example_dags/subdags/subdag.py                                                       0           0  0.11s           2025-02-14T14:36:13
/home/airflow/dags/Lead_scoring_data_pipeline/lead_scoring_data_pipeline.py                                                         1           0  0.51s           2025-02-14T14:36:52
/home/airflow/dags/Lead_scoring_data_pipeline/.ipynb_checkpoints/lead_scoring_data_pipeline-checkpoint.py                           1           0  0.43s           2025-02-14T14:36:16
/opt/conda/lib/python3.8/site-packages/airflow/example_dags/tutorial.py                                                             1           0  0.41s           2025-02-14T14:36:19
/opt/conda/lib/python3.8/site-packages/airflow/example_dags/example_time_delta_sensor_async.py                                      1           0  0.21s           2025-02-14T14:36:21
/opt/conda/lib/python3.8/site-packages/airflow/example_dags/example_dag_decorator.py                                                1           0  0.81s           2025-02-14T14:36:29
/opt/conda/lib/python3.8/site-packages/airflow/example_dags/example_branch_labels.py                                                1           0  0.11s           2025-02-14T14:36:41
/opt/conda/lib/python3.8/site-packages/airflow/example_dags/example_branch_day_of_week_operator.py                                  1           0  0.11s           2025-02-14T14:36:42
/opt/conda/lib/python3.8/site-packages/airflow/example_dags/tutorial_etl_dag.py                                                     1           0  0.11s           2025-02-14T14:36:22
/opt/conda/lib/python3.8/site-packages/airflow/example_dags/example_branch_operator_decorator.py                                    1           0  0.11s           2025-02-14T14:36:30
/opt/conda/lib/python3.8/site-packages/airflow/example_dags/example_task_group_decorator.py                                         1           0  0.11s           2025-02-14T14:36:31
/opt/conda/lib/python3.8/site-packages/airflow/example_dags/example_bash_operator.py                                                1           0  0.11s           2025-02-14T14:36:32
/opt/conda/lib/python3.8/site-packages/airflow/example_dags/example_latest_only.py                                                  1           0  0.11s           2025-02-14T14:36:32
/opt/conda/lib/python3.8/site-packages/airflow/example_dags/example_xcom.py                                                         1           0  0.11s           2025-02-14T14:36:43
/opt/conda/lib/python3.8/site-packages/airflow/example_dags/example_python_operator.py                                              1           0  0.11s           2025-02-14T14:36:44
/opt/conda/lib/python3.8/site-packages/airflow/example_dags/example_branch_python_dop_operator_3.py                                 1           0  0.11s           2025-02-14T14:36:45
/opt/conda/lib/python3.8/site-packages/airflow/example_dags/example_trigger_controller_dag.py                                       1           0  0.11s           2025-02-14T14:36:46
/opt/conda/lib/python3.8/site-packages/airflow/example_dags/example_skip_dag.py                                                     1           0  0.11s           2025-02-14T14:36:10
/opt/conda/lib/python3.8/site-packages/airflow/example_dags/example_short_circuit_operator.py                                       1           0  0.11s           2025-02-14T14:36:11
/opt/conda/lib/python3.8/site-packages/airflow/example_dags/example_trigger_target_dag.py                                           1           0  0.41s           2025-02-14T14:36:23
/opt/conda/lib/python3.8/site-packages/airflow/example_dags/example_nested_branch_dag.py                                            1           0  0.11s           2025-02-14T14:36:25
/opt/conda/lib/python3.8/site-packages/airflow/example_dags/example_latest_only_with_trigger.py                                     1           0  0.11s           2025-02-14T14:36:26
/opt/conda/lib/python3.8/site-packages/airflow/example_dags/example_task_group.py                                                   1           0  0.11s           2025-02-14T14:36:35
/opt/conda/lib/python3.8/site-packages/airflow/example_dags/example_sla_dag.py                                                      1           0  0.11s           2025-02-14T14:36:47
/opt/conda/lib/python3.8/site-packages/airflow/example_dags/example_passing_params_via_test_command.py                              1           0  0.11s           2025-02-14T14:36:48
/opt/conda/lib/python3.8/site-packages/airflow/example_dags/example_complex.py                                                      1           0  0.11s           2025-02-14T14:36:39
/opt/conda/lib/python3.8/site-packages/airflow/example_dags/tutorial_taskflow_api_etl.py                                            1           0  0.42s           2025-02-14T14:36:49
/opt/conda/lib/python3.8/site-packages/airflow/example_dags/example_branch_operator.py                                              1           0  0.11s           2025-02-14T14:36:50
/opt/conda/lib/python3.8/site-packages/airflow/example_dags/example_branch_datetime_operator.py                                     2           0  0.51s           2025-02-14T14:36:34
/opt/conda/lib/python3.8/site-packages/airflow/example_dags/example_xcomargs.py                                                     2           0  0.11s           2025-02-14T14:36:36
/opt/conda/lib/python3.8/site-packages/airflow/example_dags/example_external_task_marker_dag.py                                     2           0  0.11s           2025-02-14T14:36:37
/opt/conda/lib/python3.8/site-packages/airflow/example_dags/example_subdag_operator.py                                              3           0  0.21s           2025-02-14T14:36:38
================================================================================
[2025-02-14 14:37:23,445] {manager.py:809} INFO - 
================================================================================
DAG File Processing Stats

File Path                                                                                                  PID    Runtime      # DAGs    # Errors  Last Runtime    Last Run
---------------------------------------------------------------------------------------------------------  -----  ---------  --------  ----------  --------------  -------------------
/home/airflow/dags/Lead_scoring_data_pipeline/constants.py                                                                          0           0  0.11s           2025-02-14T14:36:54
/home/airflow/dags/Lead_scoring_data_pipeline/.ipynb_checkpoints/constants-checkpoint.py                                            0           0  0.11s           2025-02-14T14:36:56
/opt/conda/lib/python3.8/site-packages/airflow/example_dags/example_kubernetes_executor.py                                          0           0  0.11s           2025-02-14T14:37:04
/opt/conda/lib/python3.8/site-packages/airflow/example_dags/example_local_kubernetes_executor.py                                    0           0  0.11s           2025-02-14T14:37:14
/opt/conda/lib/python3.8/site-packages/airflow/example_dags/tutorial_taskflow_api_etl_virtualenv.py                                 0           0  0.11s           2025-02-14T14:37:00
/opt/conda/lib/python3.8/site-packages/airflow/example_dags/plugins/workday.py                                                      0           0  0.11s           2025-02-14T14:36:51
/opt/conda/lib/python3.8/site-packages/airflow/example_dags/subdags/subdag.py                                                       0           0  0.11s           2025-02-14T14:37:03
/home/airflow/dags/Lead_scoring_data_pipeline/lead_scoring_data_pipeline.py                                                         1           0  0.51s           2025-02-14T14:36:52
/home/airflow/dags/Lead_scoring_data_pipeline/.ipynb_checkpoints/lead_scoring_data_pipeline-checkpoint.py                           1           0  0.41s           2025-02-14T14:36:53
/opt/conda/lib/python3.8/site-packages/airflow/example_dags/tutorial.py                                                             1           0  0.11s           2025-02-14T14:36:57
/opt/conda/lib/python3.8/site-packages/airflow/example_dags/example_time_delta_sensor_async.py                                      1           0  0.11s           2025-02-14T14:36:58
/opt/conda/lib/python3.8/site-packages/airflow/example_dags/example_dag_decorator.py                                                1           0  0.11s           2025-02-14T14:37:05
/opt/conda/lib/python3.8/site-packages/airflow/example_dags/example_branch_labels.py                                                1           0  0.11s           2025-02-14T14:37:15
/opt/conda/lib/python3.8/site-packages/airflow/example_dags/example_branch_day_of_week_operator.py                                  1           0  0.11s           2025-02-14T14:37:16
/opt/conda/lib/python3.8/site-packages/airflow/example_dags/tutorial_etl_dag.py                                                     1           0  0.11s           2025-02-14T14:36:58
/opt/conda/lib/python3.8/site-packages/airflow/example_dags/example_branch_operator_decorator.py                                    1           0  0.11s           2025-02-14T14:37:06
/opt/conda/lib/python3.8/site-packages/airflow/example_dags/example_task_group_decorator.py                                         1           0  0.11s           2025-02-14T14:37:07
/opt/conda/lib/python3.8/site-packages/airflow/example_dags/example_bash_operator.py                                                1           0  0.11s           2025-02-14T14:37:08
/opt/conda/lib/python3.8/site-packages/airflow/example_dags/example_latest_only.py                                                  1           0  0.11s           2025-02-14T14:37:09
/opt/conda/lib/python3.8/site-packages/airflow/example_dags/example_xcom.py                                                         1           0  0.11s           2025-02-14T14:37:17
/opt/conda/lib/python3.8/site-packages/airflow/example_dags/example_python_operator.py                                              1           0  0.11s           2025-02-14T14:36:44
/opt/conda/lib/python3.8/site-packages/airflow/example_dags/example_branch_python_dop_operator_3.py                                 1           0  0.11s           2025-02-14T14:36:45
/opt/conda/lib/python3.8/site-packages/airflow/example_dags/example_trigger_controller_dag.py                                       1           0  0.11s           2025-02-14T14:36:46
/opt/conda/lib/python3.8/site-packages/airflow/example_dags/example_skip_dag.py                                                     1           0  0.11s           2025-02-14T14:37:01
/opt/conda/lib/python3.8/site-packages/airflow/example_dags/example_short_circuit_operator.py                                       1           0  0.11s           2025-02-14T14:37:02
/opt/conda/lib/python3.8/site-packages/airflow/example_dags/example_trigger_target_dag.py                                           1           0  0.11s           2025-02-14T14:37:10
/opt/conda/lib/python3.8/site-packages/airflow/example_dags/example_nested_branch_dag.py                                            1           0  0.11s           2025-02-14T14:37:11
/opt/conda/lib/python3.8/site-packages/airflow/example_dags/example_latest_only_with_trigger.py                                     1           0  0.51s           2025-02-14T14:37:13
/opt/conda/lib/python3.8/site-packages/airflow/example_dags/example_task_group.py                                                   1           0  0.11s           2025-02-14T14:37:19
/opt/conda/lib/python3.8/site-packages/airflow/example_dags/example_sla_dag.py                                                      1           0  0.11s           2025-02-14T14:36:47
/opt/conda/lib/python3.8/site-packages/airflow/example_dags/example_passing_params_via_test_command.py                              1           0  0.11s           2025-02-14T14:36:48
/opt/conda/lib/python3.8/site-packages/airflow/example_dags/example_complex.py                                                      1           0  0.11s           2025-02-14T14:37:23
/opt/conda/lib/python3.8/site-packages/airflow/example_dags/tutorial_taskflow_api_etl.py                                            1           0  0.42s           2025-02-14T14:36:49
/opt/conda/lib/python3.8/site-packages/airflow/example_dags/example_branch_operator.py                                              1           0  0.11s           2025-02-14T14:36:50
/opt/conda/lib/python3.8/site-packages/airflow/example_dags/example_branch_datetime_operator.py                                     2           0  0.11s           2025-02-14T14:37:19
/opt/conda/lib/python3.8/site-packages/airflow/example_dags/example_xcomargs.py                                                     2           0  0.11s           2025-02-14T14:37:20
/opt/conda/lib/python3.8/site-packages/airflow/example_dags/example_external_task_marker_dag.py                                     2           0  0.11s           2025-02-14T14:37:21
/opt/conda/lib/python3.8/site-packages/airflow/example_dags/example_subdag_operator.py                                              3           0  0.11s           2025-02-14T14:37:22
================================================================================
[2025-02-14 14:37:42,692] {manager.py:462} INFO - Exiting gracefully upon receiving signal 15
