[2025-02-14 13:59:43,542] {processor.py:153} INFO - Started process (PID=1833) to work on /opt/conda/lib/python3.8/site-packages/airflow/example_dags/example_trigger_controller_dag.py
[2025-02-14 13:59:43,543] {processor.py:641} INFO - Processing file /opt/conda/lib/python3.8/site-packages/airflow/example_dags/example_trigger_controller_dag.py for tasks to queue
[2025-02-14 13:59:43,544] {logging_mixin.py:115} INFO - [2025-02-14 13:59:43,543] {dagbag.py:508} INFO - Filling up the DagBag from /opt/conda/lib/python3.8/site-packages/airflow/example_dags/example_trigger_controller_dag.py
[2025-02-14 13:59:43,548] {processor.py:651} INFO - DAG(s) dict_keys(['example_trigger_controller_dag']) retrieved from /opt/conda/lib/python3.8/site-packages/airflow/example_dags/example_trigger_controller_dag.py
[2025-02-14 13:59:43,868] {logging_mixin.py:115} INFO - [2025-02-14 13:59:43,868] {manager.py:508} INFO - Created Permission View: can read on DAG:example_trigger_controller_dag
[2025-02-14 13:59:43,888] {logging_mixin.py:115} INFO - [2025-02-14 13:59:43,888] {manager.py:508} INFO - Created Permission View: can delete on DAG:example_trigger_controller_dag
[2025-02-14 13:59:43,902] {logging_mixin.py:115} INFO - [2025-02-14 13:59:43,901] {manager.py:508} INFO - Created Permission View: can edit on DAG:example_trigger_controller_dag
[2025-02-14 13:59:43,902] {logging_mixin.py:115} INFO - [2025-02-14 13:59:43,902] {dag.py:2420} INFO - Sync 1 DAGs
[2025-02-14 13:59:43,907] {logging_mixin.py:115} INFO - [2025-02-14 13:59:43,907] {dag.py:2439} INFO - Creating ORM DAG for example_trigger_controller_dag
[2025-02-14 13:59:43,915] {logging_mixin.py:115} INFO - [2025-02-14 13:59:43,915] {dag.py:2968} INFO - Setting next_dagrun for example_trigger_controller_dag to 2021-01-01T00:00:00+00:00, run_after=2021-01-01T00:00:00+00:00
[2025-02-14 13:59:43,938] {processor.py:161} INFO - Processing /opt/conda/lib/python3.8/site-packages/airflow/example_dags/example_trigger_controller_dag.py took 0.400 seconds
[2025-02-14 14:00:29,960] {processor.py:153} INFO - Started process (PID=1870) to work on /opt/conda/lib/python3.8/site-packages/airflow/example_dags/example_trigger_controller_dag.py
[2025-02-14 14:00:30,131] {processor.py:641} INFO - Processing file /opt/conda/lib/python3.8/site-packages/airflow/example_dags/example_trigger_controller_dag.py for tasks to queue
[2025-02-14 14:00:30,132] {logging_mixin.py:115} INFO - [2025-02-14 14:00:30,132] {dagbag.py:508} INFO - Filling up the DagBag from /opt/conda/lib/python3.8/site-packages/airflow/example_dags/example_trigger_controller_dag.py
[2025-02-14 14:00:30,135] {processor.py:651} INFO - DAG(s) dict_keys(['example_trigger_controller_dag']) retrieved from /opt/conda/lib/python3.8/site-packages/airflow/example_dags/example_trigger_controller_dag.py
[2025-02-14 14:00:30,274] {logging_mixin.py:115} INFO - [2025-02-14 14:00:30,274] {dag.py:2420} INFO - Sync 1 DAGs
[2025-02-14 14:00:30,286] {logging_mixin.py:115} INFO - [2025-02-14 14:00:30,285] {dag.py:2968} INFO - Setting next_dagrun for example_trigger_controller_dag to 2021-01-01T00:00:00+00:00, run_after=2021-01-01T00:00:00+00:00
[2025-02-14 14:00:30,304] {processor.py:161} INFO - Processing /opt/conda/lib/python3.8/site-packages/airflow/example_dags/example_trigger_controller_dag.py took 0.346 seconds
[2025-02-14 14:01:12,374] {processor.py:153} INFO - Started process (PID=1907) to work on /opt/conda/lib/python3.8/site-packages/airflow/example_dags/example_trigger_controller_dag.py
[2025-02-14 14:01:12,375] {processor.py:641} INFO - Processing file /opt/conda/lib/python3.8/site-packages/airflow/example_dags/example_trigger_controller_dag.py for tasks to queue
[2025-02-14 14:01:12,376] {logging_mixin.py:115} INFO - [2025-02-14 14:01:12,376] {dagbag.py:508} INFO - Filling up the DagBag from /opt/conda/lib/python3.8/site-packages/airflow/example_dags/example_trigger_controller_dag.py
[2025-02-14 14:01:12,379] {processor.py:651} INFO - DAG(s) dict_keys(['example_trigger_controller_dag']) retrieved from /opt/conda/lib/python3.8/site-packages/airflow/example_dags/example_trigger_controller_dag.py
[2025-02-14 14:01:12,512] {logging_mixin.py:115} INFO - [2025-02-14 14:01:12,512] {dag.py:2420} INFO - Sync 1 DAGs
[2025-02-14 14:01:12,523] {logging_mixin.py:115} INFO - [2025-02-14 14:01:12,523] {dag.py:2968} INFO - Setting next_dagrun for example_trigger_controller_dag to 2021-01-01T00:00:00+00:00, run_after=2021-01-01T00:00:00+00:00
[2025-02-14 14:01:12,544] {processor.py:161} INFO - Processing /opt/conda/lib/python3.8/site-packages/airflow/example_dags/example_trigger_controller_dag.py took 0.173 seconds
[2025-02-14 14:01:53,948] {processor.py:153} INFO - Started process (PID=1944) to work on /opt/conda/lib/python3.8/site-packages/airflow/example_dags/example_trigger_controller_dag.py
[2025-02-14 14:01:53,949] {processor.py:641} INFO - Processing file /opt/conda/lib/python3.8/site-packages/airflow/example_dags/example_trigger_controller_dag.py for tasks to queue
[2025-02-14 14:01:53,950] {logging_mixin.py:115} INFO - [2025-02-14 14:01:53,950] {dagbag.py:508} INFO - Filling up the DagBag from /opt/conda/lib/python3.8/site-packages/airflow/example_dags/example_trigger_controller_dag.py
[2025-02-14 14:01:53,953] {processor.py:651} INFO - DAG(s) dict_keys(['example_trigger_controller_dag']) retrieved from /opt/conda/lib/python3.8/site-packages/airflow/example_dags/example_trigger_controller_dag.py
[2025-02-14 14:01:54,085] {logging_mixin.py:115} INFO - [2025-02-14 14:01:54,085] {dag.py:2420} INFO - Sync 1 DAGs
[2025-02-14 14:01:54,096] {logging_mixin.py:115} INFO - [2025-02-14 14:01:54,096] {dag.py:2968} INFO - Setting next_dagrun for example_trigger_controller_dag to 2021-01-01T00:00:00+00:00, run_after=2021-01-01T00:00:00+00:00
[2025-02-14 14:01:54,115] {processor.py:161} INFO - Processing /opt/conda/lib/python3.8/site-packages/airflow/example_dags/example_trigger_controller_dag.py took 0.170 seconds
[2025-02-14 14:02:36,220] {processor.py:153} INFO - Started process (PID=1983) to work on /opt/conda/lib/python3.8/site-packages/airflow/example_dags/example_trigger_controller_dag.py
[2025-02-14 14:02:36,222] {processor.py:641} INFO - Processing file /opt/conda/lib/python3.8/site-packages/airflow/example_dags/example_trigger_controller_dag.py for tasks to queue
[2025-02-14 14:02:36,222] {logging_mixin.py:115} INFO - [2025-02-14 14:02:36,222] {dagbag.py:508} INFO - Filling up the DagBag from /opt/conda/lib/python3.8/site-packages/airflow/example_dags/example_trigger_controller_dag.py
[2025-02-14 14:02:36,226] {processor.py:651} INFO - DAG(s) dict_keys(['example_trigger_controller_dag']) retrieved from /opt/conda/lib/python3.8/site-packages/airflow/example_dags/example_trigger_controller_dag.py
[2025-02-14 14:02:36,383] {logging_mixin.py:115} INFO - [2025-02-14 14:02:36,383] {dag.py:2420} INFO - Sync 1 DAGs
[2025-02-14 14:02:36,399] {logging_mixin.py:115} INFO - [2025-02-14 14:02:36,398] {dag.py:2968} INFO - Setting next_dagrun for example_trigger_controller_dag to 2021-01-01T00:00:00+00:00, run_after=2021-01-01T00:00:00+00:00
[2025-02-14 14:02:36,420] {processor.py:161} INFO - Processing /opt/conda/lib/python3.8/site-packages/airflow/example_dags/example_trigger_controller_dag.py took 0.203 seconds
[2025-02-14 14:03:23,181] {processor.py:153} INFO - Started process (PID=2024) to work on /opt/conda/lib/python3.8/site-packages/airflow/example_dags/example_trigger_controller_dag.py
[2025-02-14 14:03:23,183] {processor.py:641} INFO - Processing file /opt/conda/lib/python3.8/site-packages/airflow/example_dags/example_trigger_controller_dag.py for tasks to queue
[2025-02-14 14:03:23,183] {logging_mixin.py:115} INFO - [2025-02-14 14:03:23,183] {dagbag.py:508} INFO - Filling up the DagBag from /opt/conda/lib/python3.8/site-packages/airflow/example_dags/example_trigger_controller_dag.py
[2025-02-14 14:03:23,187] {processor.py:651} INFO - DAG(s) dict_keys(['example_trigger_controller_dag']) retrieved from /opt/conda/lib/python3.8/site-packages/airflow/example_dags/example_trigger_controller_dag.py
[2025-02-14 14:03:23,335] {logging_mixin.py:115} INFO - [2025-02-14 14:03:23,335] {dag.py:2420} INFO - Sync 1 DAGs
[2025-02-14 14:03:23,346] {logging_mixin.py:115} INFO - [2025-02-14 14:03:23,346] {dag.py:2968} INFO - Setting next_dagrun for example_trigger_controller_dag to 2021-01-01T00:00:00+00:00, run_after=2021-01-01T00:00:00+00:00
[2025-02-14 14:03:23,363] {processor.py:161} INFO - Processing /opt/conda/lib/python3.8/site-packages/airflow/example_dags/example_trigger_controller_dag.py took 0.185 seconds
[2025-02-14 14:04:02,697] {processor.py:153} INFO - Started process (PID=2067) to work on /opt/conda/lib/python3.8/site-packages/airflow/example_dags/example_trigger_controller_dag.py
[2025-02-14 14:04:02,699] {processor.py:641} INFO - Processing file /opt/conda/lib/python3.8/site-packages/airflow/example_dags/example_trigger_controller_dag.py for tasks to queue
[2025-02-14 14:04:02,700] {logging_mixin.py:115} INFO - [2025-02-14 14:04:02,700] {dagbag.py:508} INFO - Filling up the DagBag from /opt/conda/lib/python3.8/site-packages/airflow/example_dags/example_trigger_controller_dag.py
[2025-02-14 14:04:02,703] {processor.py:651} INFO - DAG(s) dict_keys(['example_trigger_controller_dag']) retrieved from /opt/conda/lib/python3.8/site-packages/airflow/example_dags/example_trigger_controller_dag.py
[2025-02-14 14:04:02,833] {logging_mixin.py:115} INFO - [2025-02-14 14:04:02,833] {dag.py:2420} INFO - Sync 1 DAGs
[2025-02-14 14:04:02,844] {logging_mixin.py:115} INFO - [2025-02-14 14:04:02,844] {dag.py:2968} INFO - Setting next_dagrun for example_trigger_controller_dag to 2021-01-01T00:00:00+00:00, run_after=2021-01-01T00:00:00+00:00
[2025-02-14 14:04:02,861] {processor.py:161} INFO - Processing /opt/conda/lib/python3.8/site-packages/airflow/example_dags/example_trigger_controller_dag.py took 0.167 seconds
[2025-02-14 14:05:27,580] {processor.py:153} INFO - Started process (PID=2177) to work on /opt/conda/lib/python3.8/site-packages/airflow/example_dags/example_trigger_controller_dag.py
[2025-02-14 14:05:27,584] {processor.py:641} INFO - Processing file /opt/conda/lib/python3.8/site-packages/airflow/example_dags/example_trigger_controller_dag.py for tasks to queue
[2025-02-14 14:05:27,584] {logging_mixin.py:115} INFO - [2025-02-14 14:05:27,584] {dagbag.py:508} INFO - Filling up the DagBag from /opt/conda/lib/python3.8/site-packages/airflow/example_dags/example_trigger_controller_dag.py
[2025-02-14 14:05:27,588] {processor.py:651} INFO - DAG(s) dict_keys(['example_trigger_controller_dag']) retrieved from /opt/conda/lib/python3.8/site-packages/airflow/example_dags/example_trigger_controller_dag.py
[2025-02-14 14:05:27,720] {logging_mixin.py:115} INFO - [2025-02-14 14:05:27,720] {dag.py:2420} INFO - Sync 1 DAGs
[2025-02-14 14:05:27,731] {logging_mixin.py:115} INFO - [2025-02-14 14:05:27,731] {dag.py:2968} INFO - Setting next_dagrun for example_trigger_controller_dag to 2021-01-01T00:00:00+00:00, run_after=2021-01-01T00:00:00+00:00
[2025-02-14 14:05:27,749] {processor.py:161} INFO - Processing /opt/conda/lib/python3.8/site-packages/airflow/example_dags/example_trigger_controller_dag.py took 0.172 seconds
[2025-02-14 14:06:12,248] {processor.py:153} INFO - Started process (PID=2231) to work on /opt/conda/lib/python3.8/site-packages/airflow/example_dags/example_trigger_controller_dag.py
[2025-02-14 14:06:12,249] {processor.py:641} INFO - Processing file /opt/conda/lib/python3.8/site-packages/airflow/example_dags/example_trigger_controller_dag.py for tasks to queue
[2025-02-14 14:06:12,250] {logging_mixin.py:115} INFO - [2025-02-14 14:06:12,249] {dagbag.py:508} INFO - Filling up the DagBag from /opt/conda/lib/python3.8/site-packages/airflow/example_dags/example_trigger_controller_dag.py
[2025-02-14 14:06:12,253] {processor.py:651} INFO - DAG(s) dict_keys(['example_trigger_controller_dag']) retrieved from /opt/conda/lib/python3.8/site-packages/airflow/example_dags/example_trigger_controller_dag.py
[2025-02-14 14:06:12,384] {logging_mixin.py:115} INFO - [2025-02-14 14:06:12,383] {dag.py:2420} INFO - Sync 1 DAGs
[2025-02-14 14:06:12,395] {logging_mixin.py:115} INFO - [2025-02-14 14:06:12,395] {dag.py:2968} INFO - Setting next_dagrun for example_trigger_controller_dag to 2021-01-01T00:00:00+00:00, run_after=2021-01-01T00:00:00+00:00
[2025-02-14 14:06:12,414] {processor.py:161} INFO - Processing /opt/conda/lib/python3.8/site-packages/airflow/example_dags/example_trigger_controller_dag.py took 0.169 seconds
[2025-02-14 14:07:00,596] {processor.py:153} INFO - Started process (PID=2287) to work on /opt/conda/lib/python3.8/site-packages/airflow/example_dags/example_trigger_controller_dag.py
[2025-02-14 14:07:00,597] {processor.py:641} INFO - Processing file /opt/conda/lib/python3.8/site-packages/airflow/example_dags/example_trigger_controller_dag.py for tasks to queue
[2025-02-14 14:07:00,598] {logging_mixin.py:115} INFO - [2025-02-14 14:07:00,598] {dagbag.py:508} INFO - Filling up the DagBag from /opt/conda/lib/python3.8/site-packages/airflow/example_dags/example_trigger_controller_dag.py
[2025-02-14 14:07:00,601] {processor.py:651} INFO - DAG(s) dict_keys(['example_trigger_controller_dag']) retrieved from /opt/conda/lib/python3.8/site-packages/airflow/example_dags/example_trigger_controller_dag.py
[2025-02-14 14:07:00,745] {logging_mixin.py:115} INFO - [2025-02-14 14:07:00,745] {dag.py:2420} INFO - Sync 1 DAGs
[2025-02-14 14:07:00,757] {logging_mixin.py:115} INFO - [2025-02-14 14:07:00,756] {dag.py:2968} INFO - Setting next_dagrun for example_trigger_controller_dag to 2021-01-01T00:00:00+00:00, run_after=2021-01-01T00:00:00+00:00
[2025-02-14 14:07:00,776] {processor.py:161} INFO - Processing /opt/conda/lib/python3.8/site-packages/airflow/example_dags/example_trigger_controller_dag.py took 0.183 seconds
[2025-02-14 14:07:49,188] {processor.py:153} INFO - Started process (PID=2328) to work on /opt/conda/lib/python3.8/site-packages/airflow/example_dags/example_trigger_controller_dag.py
[2025-02-14 14:07:49,189] {processor.py:641} INFO - Processing file /opt/conda/lib/python3.8/site-packages/airflow/example_dags/example_trigger_controller_dag.py for tasks to queue
[2025-02-14 14:07:49,190] {logging_mixin.py:115} INFO - [2025-02-14 14:07:49,190] {dagbag.py:508} INFO - Filling up the DagBag from /opt/conda/lib/python3.8/site-packages/airflow/example_dags/example_trigger_controller_dag.py
[2025-02-14 14:07:49,193] {processor.py:651} INFO - DAG(s) dict_keys(['example_trigger_controller_dag']) retrieved from /opt/conda/lib/python3.8/site-packages/airflow/example_dags/example_trigger_controller_dag.py
[2025-02-14 14:07:49,329] {logging_mixin.py:115} INFO - [2025-02-14 14:07:49,329] {dag.py:2420} INFO - Sync 1 DAGs
[2025-02-14 14:07:49,340] {logging_mixin.py:115} INFO - [2025-02-14 14:07:49,340] {dag.py:2968} INFO - Setting next_dagrun for example_trigger_controller_dag to 2021-01-01T00:00:00+00:00, run_after=2021-01-01T00:00:00+00:00
[2025-02-14 14:07:49,359] {processor.py:161} INFO - Processing /opt/conda/lib/python3.8/site-packages/airflow/example_dags/example_trigger_controller_dag.py took 0.174 seconds
[2025-02-14 14:09:23,392] {processor.py:153} INFO - Started process (PID=2435) to work on /opt/conda/lib/python3.8/site-packages/airflow/example_dags/example_trigger_controller_dag.py
[2025-02-14 14:09:23,394] {processor.py:641} INFO - Processing file /opt/conda/lib/python3.8/site-packages/airflow/example_dags/example_trigger_controller_dag.py for tasks to queue
[2025-02-14 14:09:23,394] {logging_mixin.py:115} INFO - [2025-02-14 14:09:23,394] {dagbag.py:508} INFO - Filling up the DagBag from /opt/conda/lib/python3.8/site-packages/airflow/example_dags/example_trigger_controller_dag.py
[2025-02-14 14:09:23,398] {processor.py:651} INFO - DAG(s) dict_keys(['example_trigger_controller_dag']) retrieved from /opt/conda/lib/python3.8/site-packages/airflow/example_dags/example_trigger_controller_dag.py
[2025-02-14 14:09:23,533] {logging_mixin.py:115} INFO - [2025-02-14 14:09:23,533] {dag.py:2420} INFO - Sync 1 DAGs
[2025-02-14 14:09:23,544] {logging_mixin.py:115} INFO - [2025-02-14 14:09:23,544] {dag.py:2968} INFO - Setting next_dagrun for example_trigger_controller_dag to 2021-01-01T00:00:00+00:00, run_after=2021-01-01T00:00:00+00:00
[2025-02-14 14:09:23,564] {processor.py:161} INFO - Processing /opt/conda/lib/python3.8/site-packages/airflow/example_dags/example_trigger_controller_dag.py took 0.175 seconds
[2025-02-14 14:10:06,425] {processor.py:153} INFO - Started process (PID=2473) to work on /opt/conda/lib/python3.8/site-packages/airflow/example_dags/example_trigger_controller_dag.py
[2025-02-14 14:10:06,426] {processor.py:641} INFO - Processing file /opt/conda/lib/python3.8/site-packages/airflow/example_dags/example_trigger_controller_dag.py for tasks to queue
[2025-02-14 14:10:06,427] {logging_mixin.py:115} INFO - [2025-02-14 14:10:06,427] {dagbag.py:508} INFO - Filling up the DagBag from /opt/conda/lib/python3.8/site-packages/airflow/example_dags/example_trigger_controller_dag.py
[2025-02-14 14:10:06,430] {processor.py:651} INFO - DAG(s) dict_keys(['example_trigger_controller_dag']) retrieved from /opt/conda/lib/python3.8/site-packages/airflow/example_dags/example_trigger_controller_dag.py
[2025-02-14 14:10:06,560] {logging_mixin.py:115} INFO - [2025-02-14 14:10:06,560] {dag.py:2420} INFO - Sync 1 DAGs
[2025-02-14 14:10:06,572] {logging_mixin.py:115} INFO - [2025-02-14 14:10:06,572] {dag.py:2968} INFO - Setting next_dagrun for example_trigger_controller_dag to 2021-01-01T00:00:00+00:00, run_after=2021-01-01T00:00:00+00:00
[2025-02-14 14:10:06,591] {processor.py:161} INFO - Processing /opt/conda/lib/python3.8/site-packages/airflow/example_dags/example_trigger_controller_dag.py took 0.169 seconds
[2025-02-14 14:10:52,338] {processor.py:153} INFO - Started process (PID=2513) to work on /opt/conda/lib/python3.8/site-packages/airflow/example_dags/example_trigger_controller_dag.py
[2025-02-14 14:10:52,339] {processor.py:641} INFO - Processing file /opt/conda/lib/python3.8/site-packages/airflow/example_dags/example_trigger_controller_dag.py for tasks to queue
[2025-02-14 14:10:52,339] {logging_mixin.py:115} INFO - [2025-02-14 14:10:52,339] {dagbag.py:508} INFO - Filling up the DagBag from /opt/conda/lib/python3.8/site-packages/airflow/example_dags/example_trigger_controller_dag.py
[2025-02-14 14:10:52,342] {processor.py:651} INFO - DAG(s) dict_keys(['example_trigger_controller_dag']) retrieved from /opt/conda/lib/python3.8/site-packages/airflow/example_dags/example_trigger_controller_dag.py
[2025-02-14 14:10:52,473] {logging_mixin.py:115} INFO - [2025-02-14 14:10:52,473] {dag.py:2420} INFO - Sync 1 DAGs
[2025-02-14 14:10:52,484] {logging_mixin.py:115} INFO - [2025-02-14 14:10:52,484] {dag.py:2968} INFO - Setting next_dagrun for example_trigger_controller_dag to 2021-01-01T00:00:00+00:00, run_after=2021-01-01T00:00:00+00:00
[2025-02-14 14:10:52,503] {processor.py:161} INFO - Processing /opt/conda/lib/python3.8/site-packages/airflow/example_dags/example_trigger_controller_dag.py took 0.169 seconds
[2025-02-14 14:11:40,286] {processor.py:153} INFO - Started process (PID=2570) to work on /opt/conda/lib/python3.8/site-packages/airflow/example_dags/example_trigger_controller_dag.py
[2025-02-14 14:11:40,287] {processor.py:641} INFO - Processing file /opt/conda/lib/python3.8/site-packages/airflow/example_dags/example_trigger_controller_dag.py for tasks to queue
[2025-02-14 14:11:40,288] {logging_mixin.py:115} INFO - [2025-02-14 14:11:40,288] {dagbag.py:508} INFO - Filling up the DagBag from /opt/conda/lib/python3.8/site-packages/airflow/example_dags/example_trigger_controller_dag.py
[2025-02-14 14:11:40,291] {processor.py:651} INFO - DAG(s) dict_keys(['example_trigger_controller_dag']) retrieved from /opt/conda/lib/python3.8/site-packages/airflow/example_dags/example_trigger_controller_dag.py
[2025-02-14 14:11:40,421] {logging_mixin.py:115} INFO - [2025-02-14 14:11:40,421] {dag.py:2420} INFO - Sync 1 DAGs
[2025-02-14 14:11:40,432] {logging_mixin.py:115} INFO - [2025-02-14 14:11:40,432] {dag.py:2968} INFO - Setting next_dagrun for example_trigger_controller_dag to 2021-01-01T00:00:00+00:00, run_after=2021-01-01T00:00:00+00:00
[2025-02-14 14:11:40,451] {processor.py:161} INFO - Processing /opt/conda/lib/python3.8/site-packages/airflow/example_dags/example_trigger_controller_dag.py took 0.168 seconds
[2025-02-14 14:12:23,589] {processor.py:153} INFO - Started process (PID=2625) to work on /opt/conda/lib/python3.8/site-packages/airflow/example_dags/example_trigger_controller_dag.py
[2025-02-14 14:12:23,590] {processor.py:641} INFO - Processing file /opt/conda/lib/python3.8/site-packages/airflow/example_dags/example_trigger_controller_dag.py for tasks to queue
[2025-02-14 14:12:23,591] {logging_mixin.py:115} INFO - [2025-02-14 14:12:23,591] {dagbag.py:508} INFO - Filling up the DagBag from /opt/conda/lib/python3.8/site-packages/airflow/example_dags/example_trigger_controller_dag.py
[2025-02-14 14:12:23,594] {processor.py:651} INFO - DAG(s) dict_keys(['example_trigger_controller_dag']) retrieved from /opt/conda/lib/python3.8/site-packages/airflow/example_dags/example_trigger_controller_dag.py
[2025-02-14 14:12:23,797] {logging_mixin.py:115} INFO - [2025-02-14 14:12:23,797] {dag.py:2420} INFO - Sync 1 DAGs
[2025-02-14 14:12:23,815] {logging_mixin.py:115} INFO - [2025-02-14 14:12:23,815] {dag.py:2968} INFO - Setting next_dagrun for example_trigger_controller_dag to 2021-01-01T00:00:00+00:00, run_after=2021-01-01T00:00:00+00:00
[2025-02-14 14:12:23,838] {processor.py:161} INFO - Processing /opt/conda/lib/python3.8/site-packages/airflow/example_dags/example_trigger_controller_dag.py took 0.253 seconds
[2025-02-14 14:13:06,073] {processor.py:153} INFO - Started process (PID=2679) to work on /opt/conda/lib/python3.8/site-packages/airflow/example_dags/example_trigger_controller_dag.py
[2025-02-14 14:13:06,074] {processor.py:641} INFO - Processing file /opt/conda/lib/python3.8/site-packages/airflow/example_dags/example_trigger_controller_dag.py for tasks to queue
[2025-02-14 14:13:06,075] {logging_mixin.py:115} INFO - [2025-02-14 14:13:06,075] {dagbag.py:508} INFO - Filling up the DagBag from /opt/conda/lib/python3.8/site-packages/airflow/example_dags/example_trigger_controller_dag.py
[2025-02-14 14:13:06,078] {processor.py:651} INFO - DAG(s) dict_keys(['example_trigger_controller_dag']) retrieved from /opt/conda/lib/python3.8/site-packages/airflow/example_dags/example_trigger_controller_dag.py
[2025-02-14 14:13:06,209] {logging_mixin.py:115} INFO - [2025-02-14 14:13:06,209] {dag.py:2420} INFO - Sync 1 DAGs
[2025-02-14 14:13:06,220] {logging_mixin.py:115} INFO - [2025-02-14 14:13:06,220] {dag.py:2968} INFO - Setting next_dagrun for example_trigger_controller_dag to 2021-01-01T00:00:00+00:00, run_after=2021-01-01T00:00:00+00:00
[2025-02-14 14:13:06,291] {processor.py:161} INFO - Processing /opt/conda/lib/python3.8/site-packages/airflow/example_dags/example_trigger_controller_dag.py took 0.221 seconds
[2025-02-14 14:13:48,569] {processor.py:153} INFO - Started process (PID=2731) to work on /opt/conda/lib/python3.8/site-packages/airflow/example_dags/example_trigger_controller_dag.py
[2025-02-14 14:13:48,571] {processor.py:641} INFO - Processing file /opt/conda/lib/python3.8/site-packages/airflow/example_dags/example_trigger_controller_dag.py for tasks to queue
[2025-02-14 14:13:48,571] {logging_mixin.py:115} INFO - [2025-02-14 14:13:48,571] {dagbag.py:508} INFO - Filling up the DagBag from /opt/conda/lib/python3.8/site-packages/airflow/example_dags/example_trigger_controller_dag.py
[2025-02-14 14:13:48,574] {processor.py:651} INFO - DAG(s) dict_keys(['example_trigger_controller_dag']) retrieved from /opt/conda/lib/python3.8/site-packages/airflow/example_dags/example_trigger_controller_dag.py
[2025-02-14 14:13:48,707] {logging_mixin.py:115} INFO - [2025-02-14 14:13:48,707] {dag.py:2420} INFO - Sync 1 DAGs
[2025-02-14 14:13:48,718] {logging_mixin.py:115} INFO - [2025-02-14 14:13:48,718] {dag.py:2968} INFO - Setting next_dagrun for example_trigger_controller_dag to 2021-01-01T00:00:00+00:00, run_after=2021-01-01T00:00:00+00:00
[2025-02-14 14:13:48,738] {processor.py:161} INFO - Processing /opt/conda/lib/python3.8/site-packages/airflow/example_dags/example_trigger_controller_dag.py took 0.172 seconds
[2025-02-14 14:14:28,462] {processor.py:153} INFO - Started process (PID=2784) to work on /opt/conda/lib/python3.8/site-packages/airflow/example_dags/example_trigger_controller_dag.py
[2025-02-14 14:14:28,463] {processor.py:641} INFO - Processing file /opt/conda/lib/python3.8/site-packages/airflow/example_dags/example_trigger_controller_dag.py for tasks to queue
[2025-02-14 14:14:28,463] {logging_mixin.py:115} INFO - [2025-02-14 14:14:28,463] {dagbag.py:508} INFO - Filling up the DagBag from /opt/conda/lib/python3.8/site-packages/airflow/example_dags/example_trigger_controller_dag.py
[2025-02-14 14:14:28,467] {processor.py:651} INFO - DAG(s) dict_keys(['example_trigger_controller_dag']) retrieved from /opt/conda/lib/python3.8/site-packages/airflow/example_dags/example_trigger_controller_dag.py
[2025-02-14 14:14:28,483] {logging_mixin.py:115} INFO - [2025-02-14 14:14:28,483] {dag.py:2420} INFO - Sync 1 DAGs
[2025-02-14 14:14:28,499] {logging_mixin.py:115} INFO - [2025-02-14 14:14:28,499] {dag.py:2968} INFO - Setting next_dagrun for example_trigger_controller_dag to 2021-01-01T00:00:00+00:00, run_after=2021-01-01T00:00:00+00:00
[2025-02-14 14:14:28,519] {processor.py:161} INFO - Processing /opt/conda/lib/python3.8/site-packages/airflow/example_dags/example_trigger_controller_dag.py took 0.060 seconds
[2025-02-14 14:15:10,513] {processor.py:153} INFO - Started process (PID=2847) to work on /opt/conda/lib/python3.8/site-packages/airflow/example_dags/example_trigger_controller_dag.py
[2025-02-14 14:15:10,528] {processor.py:641} INFO - Processing file /opt/conda/lib/python3.8/site-packages/airflow/example_dags/example_trigger_controller_dag.py for tasks to queue
[2025-02-14 14:15:10,529] {logging_mixin.py:115} INFO - [2025-02-14 14:15:10,529] {dagbag.py:508} INFO - Filling up the DagBag from /opt/conda/lib/python3.8/site-packages/airflow/example_dags/example_trigger_controller_dag.py
[2025-02-14 14:15:10,532] {processor.py:651} INFO - DAG(s) dict_keys(['example_trigger_controller_dag']) retrieved from /opt/conda/lib/python3.8/site-packages/airflow/example_dags/example_trigger_controller_dag.py
[2025-02-14 14:15:10,549] {logging_mixin.py:115} INFO - [2025-02-14 14:15:10,549] {dag.py:2420} INFO - Sync 1 DAGs
[2025-02-14 14:15:10,567] {logging_mixin.py:115} INFO - [2025-02-14 14:15:10,567] {dag.py:2968} INFO - Setting next_dagrun for example_trigger_controller_dag to 2021-01-01T00:00:00+00:00, run_after=2021-01-01T00:00:00+00:00
[2025-02-14 14:15:10,589] {processor.py:161} INFO - Processing /opt/conda/lib/python3.8/site-packages/airflow/example_dags/example_trigger_controller_dag.py took 0.080 seconds
[2025-02-14 14:15:52,465] {processor.py:153} INFO - Started process (PID=2910) to work on /opt/conda/lib/python3.8/site-packages/airflow/example_dags/example_trigger_controller_dag.py
[2025-02-14 14:15:52,466] {processor.py:641} INFO - Processing file /opt/conda/lib/python3.8/site-packages/airflow/example_dags/example_trigger_controller_dag.py for tasks to queue
[2025-02-14 14:15:52,467] {logging_mixin.py:115} INFO - [2025-02-14 14:15:52,467] {dagbag.py:508} INFO - Filling up the DagBag from /opt/conda/lib/python3.8/site-packages/airflow/example_dags/example_trigger_controller_dag.py
[2025-02-14 14:15:52,470] {processor.py:651} INFO - DAG(s) dict_keys(['example_trigger_controller_dag']) retrieved from /opt/conda/lib/python3.8/site-packages/airflow/example_dags/example_trigger_controller_dag.py
[2025-02-14 14:15:52,485] {logging_mixin.py:115} INFO - [2025-02-14 14:15:52,485] {dag.py:2420} INFO - Sync 1 DAGs
[2025-02-14 14:15:52,500] {logging_mixin.py:115} INFO - [2025-02-14 14:15:52,500] {dag.py:2968} INFO - Setting next_dagrun for example_trigger_controller_dag to 2021-01-01T00:00:00+00:00, run_after=2021-01-01T00:00:00+00:00
[2025-02-14 14:15:52,520] {processor.py:161} INFO - Processing /opt/conda/lib/python3.8/site-packages/airflow/example_dags/example_trigger_controller_dag.py took 0.058 seconds
[2025-02-14 14:16:49,461] {processor.py:153} INFO - Started process (PID=3012) to work on /opt/conda/lib/python3.8/site-packages/airflow/example_dags/example_trigger_controller_dag.py
[2025-02-14 14:16:49,563] {processor.py:641} INFO - Processing file /opt/conda/lib/python3.8/site-packages/airflow/example_dags/example_trigger_controller_dag.py for tasks to queue
[2025-02-14 14:16:49,563] {logging_mixin.py:115} INFO - [2025-02-14 14:16:49,563] {dagbag.py:508} INFO - Filling up the DagBag from /opt/conda/lib/python3.8/site-packages/airflow/example_dags/example_trigger_controller_dag.py
[2025-02-14 14:16:49,567] {processor.py:651} INFO - DAG(s) dict_keys(['example_trigger_controller_dag']) retrieved from /opt/conda/lib/python3.8/site-packages/airflow/example_dags/example_trigger_controller_dag.py
[2025-02-14 14:16:49,725] {logging_mixin.py:115} INFO - [2025-02-14 14:16:49,725] {dag.py:2420} INFO - Sync 1 DAGs
[2025-02-14 14:16:49,737] {logging_mixin.py:115} INFO - [2025-02-14 14:16:49,737] {dag.py:2968} INFO - Setting next_dagrun for example_trigger_controller_dag to 2021-01-01T00:00:00+00:00, run_after=2021-01-01T00:00:00+00:00
[2025-02-14 14:16:49,756] {processor.py:161} INFO - Processing /opt/conda/lib/python3.8/site-packages/airflow/example_dags/example_trigger_controller_dag.py took 0.298 seconds
[2025-02-14 14:17:35,681] {processor.py:153} INFO - Started process (PID=3066) to work on /opt/conda/lib/python3.8/site-packages/airflow/example_dags/example_trigger_controller_dag.py
[2025-02-14 14:17:35,682] {processor.py:641} INFO - Processing file /opt/conda/lib/python3.8/site-packages/airflow/example_dags/example_trigger_controller_dag.py for tasks to queue
[2025-02-14 14:17:35,683] {logging_mixin.py:115} INFO - [2025-02-14 14:17:35,683] {dagbag.py:508} INFO - Filling up the DagBag from /opt/conda/lib/python3.8/site-packages/airflow/example_dags/example_trigger_controller_dag.py
[2025-02-14 14:17:35,686] {processor.py:651} INFO - DAG(s) dict_keys(['example_trigger_controller_dag']) retrieved from /opt/conda/lib/python3.8/site-packages/airflow/example_dags/example_trigger_controller_dag.py
[2025-02-14 14:17:35,816] {logging_mixin.py:115} INFO - [2025-02-14 14:17:35,816] {dag.py:2420} INFO - Sync 1 DAGs
[2025-02-14 14:17:35,827] {logging_mixin.py:115} INFO - [2025-02-14 14:17:35,827] {dag.py:2968} INFO - Setting next_dagrun for example_trigger_controller_dag to 2021-01-01T00:00:00+00:00, run_after=2021-01-01T00:00:00+00:00
[2025-02-14 14:17:35,915] {processor.py:161} INFO - Processing /opt/conda/lib/python3.8/site-packages/airflow/example_dags/example_trigger_controller_dag.py took 0.237 seconds
[2025-02-14 14:19:02,845] {processor.py:153} INFO - Started process (PID=3204) to work on /opt/conda/lib/python3.8/site-packages/airflow/example_dags/example_trigger_controller_dag.py
[2025-02-14 14:19:02,847] {processor.py:641} INFO - Processing file /opt/conda/lib/python3.8/site-packages/airflow/example_dags/example_trigger_controller_dag.py for tasks to queue
[2025-02-14 14:19:02,847] {logging_mixin.py:115} INFO - [2025-02-14 14:19:02,847] {dagbag.py:508} INFO - Filling up the DagBag from /opt/conda/lib/python3.8/site-packages/airflow/example_dags/example_trigger_controller_dag.py
[2025-02-14 14:19:02,850] {processor.py:651} INFO - DAG(s) dict_keys(['example_trigger_controller_dag']) retrieved from /opt/conda/lib/python3.8/site-packages/airflow/example_dags/example_trigger_controller_dag.py
[2025-02-14 14:19:02,991] {logging_mixin.py:115} INFO - [2025-02-14 14:19:02,991] {dag.py:2420} INFO - Sync 1 DAGs
[2025-02-14 14:19:03,003] {logging_mixin.py:115} INFO - [2025-02-14 14:19:03,003] {dag.py:2968} INFO - Setting next_dagrun for example_trigger_controller_dag to 2021-01-01T00:00:00+00:00, run_after=2021-01-01T00:00:00+00:00
[2025-02-14 14:19:03,021] {processor.py:161} INFO - Processing /opt/conda/lib/python3.8/site-packages/airflow/example_dags/example_trigger_controller_dag.py took 0.178 seconds
[2025-02-14 14:20:53,569] {processor.py:153} INFO - Started process (PID=3295) to work on /opt/conda/lib/python3.8/site-packages/airflow/example_dags/example_trigger_controller_dag.py
[2025-02-14 14:20:53,571] {processor.py:641} INFO - Processing file /opt/conda/lib/python3.8/site-packages/airflow/example_dags/example_trigger_controller_dag.py for tasks to queue
[2025-02-14 14:20:53,571] {logging_mixin.py:115} INFO - [2025-02-14 14:20:53,571] {dagbag.py:508} INFO - Filling up the DagBag from /opt/conda/lib/python3.8/site-packages/airflow/example_dags/example_trigger_controller_dag.py
[2025-02-14 14:20:53,575] {processor.py:651} INFO - DAG(s) dict_keys(['example_trigger_controller_dag']) retrieved from /opt/conda/lib/python3.8/site-packages/airflow/example_dags/example_trigger_controller_dag.py
[2025-02-14 14:20:53,726] {logging_mixin.py:115} INFO - [2025-02-14 14:20:53,726] {dag.py:2420} INFO - Sync 1 DAGs
[2025-02-14 14:20:53,738] {logging_mixin.py:115} INFO - [2025-02-14 14:20:53,738] {dag.py:2968} INFO - Setting next_dagrun for example_trigger_controller_dag to 2021-01-01T00:00:00+00:00, run_after=2021-01-01T00:00:00+00:00
[2025-02-14 14:20:53,759] {processor.py:161} INFO - Processing /opt/conda/lib/python3.8/site-packages/airflow/example_dags/example_trigger_controller_dag.py took 0.192 seconds
[2025-02-14 14:21:40,881] {processor.py:153} INFO - Started process (PID=3351) to work on /opt/conda/lib/python3.8/site-packages/airflow/example_dags/example_trigger_controller_dag.py
[2025-02-14 14:21:40,882] {processor.py:641} INFO - Processing file /opt/conda/lib/python3.8/site-packages/airflow/example_dags/example_trigger_controller_dag.py for tasks to queue
[2025-02-14 14:21:40,883] {logging_mixin.py:115} INFO - [2025-02-14 14:21:40,883] {dagbag.py:508} INFO - Filling up the DagBag from /opt/conda/lib/python3.8/site-packages/airflow/example_dags/example_trigger_controller_dag.py
[2025-02-14 14:21:40,886] {processor.py:651} INFO - DAG(s) dict_keys(['example_trigger_controller_dag']) retrieved from /opt/conda/lib/python3.8/site-packages/airflow/example_dags/example_trigger_controller_dag.py
[2025-02-14 14:21:41,044] {logging_mixin.py:115} INFO - [2025-02-14 14:21:41,044] {dag.py:2420} INFO - Sync 1 DAGs
[2025-02-14 14:21:41,056] {logging_mixin.py:115} INFO - [2025-02-14 14:21:41,056] {dag.py:2968} INFO - Setting next_dagrun for example_trigger_controller_dag to 2021-01-01T00:00:00+00:00, run_after=2021-01-01T00:00:00+00:00
[2025-02-14 14:21:41,076] {processor.py:161} INFO - Processing /opt/conda/lib/python3.8/site-packages/airflow/example_dags/example_trigger_controller_dag.py took 0.198 seconds
[2025-02-14 14:22:26,981] {processor.py:153} INFO - Started process (PID=3414) to work on /opt/conda/lib/python3.8/site-packages/airflow/example_dags/example_trigger_controller_dag.py
[2025-02-14 14:22:26,982] {processor.py:641} INFO - Processing file /opt/conda/lib/python3.8/site-packages/airflow/example_dags/example_trigger_controller_dag.py for tasks to queue
[2025-02-14 14:22:26,983] {logging_mixin.py:115} INFO - [2025-02-14 14:22:26,983] {dagbag.py:508} INFO - Filling up the DagBag from /opt/conda/lib/python3.8/site-packages/airflow/example_dags/example_trigger_controller_dag.py
[2025-02-14 14:22:26,986] {processor.py:651} INFO - DAG(s) dict_keys(['example_trigger_controller_dag']) retrieved from /opt/conda/lib/python3.8/site-packages/airflow/example_dags/example_trigger_controller_dag.py
[2025-02-14 14:22:27,138] {logging_mixin.py:115} INFO - [2025-02-14 14:22:27,138] {dag.py:2420} INFO - Sync 1 DAGs
[2025-02-14 14:22:27,149] {logging_mixin.py:115} INFO - [2025-02-14 14:22:27,149] {dag.py:2968} INFO - Setting next_dagrun for example_trigger_controller_dag to 2021-01-01T00:00:00+00:00, run_after=2021-01-01T00:00:00+00:00
[2025-02-14 14:22:27,167] {processor.py:161} INFO - Processing /opt/conda/lib/python3.8/site-packages/airflow/example_dags/example_trigger_controller_dag.py took 0.189 seconds
[2025-02-14 14:23:42,508] {processor.py:153} INFO - Started process (PID=3552) to work on /opt/conda/lib/python3.8/site-packages/airflow/example_dags/example_trigger_controller_dag.py
[2025-02-14 14:23:42,509] {processor.py:641} INFO - Processing file /opt/conda/lib/python3.8/site-packages/airflow/example_dags/example_trigger_controller_dag.py for tasks to queue
[2025-02-14 14:23:42,510] {logging_mixin.py:115} INFO - [2025-02-14 14:23:42,510] {dagbag.py:508} INFO - Filling up the DagBag from /opt/conda/lib/python3.8/site-packages/airflow/example_dags/example_trigger_controller_dag.py
[2025-02-14 14:23:42,513] {processor.py:651} INFO - DAG(s) dict_keys(['example_trigger_controller_dag']) retrieved from /opt/conda/lib/python3.8/site-packages/airflow/example_dags/example_trigger_controller_dag.py
[2025-02-14 14:23:42,644] {logging_mixin.py:115} INFO - [2025-02-14 14:23:42,644] {dag.py:2420} INFO - Sync 1 DAGs
[2025-02-14 14:23:42,655] {logging_mixin.py:115} INFO - [2025-02-14 14:23:42,655] {dag.py:2968} INFO - Setting next_dagrun for example_trigger_controller_dag to 2021-01-01T00:00:00+00:00, run_after=2021-01-01T00:00:00+00:00
[2025-02-14 14:23:42,674] {processor.py:161} INFO - Processing /opt/conda/lib/python3.8/site-packages/airflow/example_dags/example_trigger_controller_dag.py took 0.169 seconds
[2025-02-14 14:24:24,760] {processor.py:153} INFO - Started process (PID=3606) to work on /opt/conda/lib/python3.8/site-packages/airflow/example_dags/example_trigger_controller_dag.py
[2025-02-14 14:24:24,762] {processor.py:641} INFO - Processing file /opt/conda/lib/python3.8/site-packages/airflow/example_dags/example_trigger_controller_dag.py for tasks to queue
[2025-02-14 14:24:24,762] {logging_mixin.py:115} INFO - [2025-02-14 14:24:24,762] {dagbag.py:508} INFO - Filling up the DagBag from /opt/conda/lib/python3.8/site-packages/airflow/example_dags/example_trigger_controller_dag.py
[2025-02-14 14:24:24,765] {processor.py:651} INFO - DAG(s) dict_keys(['example_trigger_controller_dag']) retrieved from /opt/conda/lib/python3.8/site-packages/airflow/example_dags/example_trigger_controller_dag.py
[2025-02-14 14:24:24,910] {logging_mixin.py:115} INFO - [2025-02-14 14:24:24,910] {dag.py:2420} INFO - Sync 1 DAGs
[2025-02-14 14:24:24,922] {logging_mixin.py:115} INFO - [2025-02-14 14:24:24,922] {dag.py:2968} INFO - Setting next_dagrun for example_trigger_controller_dag to 2021-01-01T00:00:00+00:00, run_after=2021-01-01T00:00:00+00:00
[2025-02-14 14:24:24,941] {processor.py:161} INFO - Processing /opt/conda/lib/python3.8/site-packages/airflow/example_dags/example_trigger_controller_dag.py took 0.184 seconds
[2025-02-14 14:25:10,221] {processor.py:153} INFO - Started process (PID=3660) to work on /opt/conda/lib/python3.8/site-packages/airflow/example_dags/example_trigger_controller_dag.py
[2025-02-14 14:25:10,223] {processor.py:641} INFO - Processing file /opt/conda/lib/python3.8/site-packages/airflow/example_dags/example_trigger_controller_dag.py for tasks to queue
[2025-02-14 14:25:10,223] {logging_mixin.py:115} INFO - [2025-02-14 14:25:10,223] {dagbag.py:508} INFO - Filling up the DagBag from /opt/conda/lib/python3.8/site-packages/airflow/example_dags/example_trigger_controller_dag.py
[2025-02-14 14:25:10,226] {processor.py:651} INFO - DAG(s) dict_keys(['example_trigger_controller_dag']) retrieved from /opt/conda/lib/python3.8/site-packages/airflow/example_dags/example_trigger_controller_dag.py
[2025-02-14 14:25:10,369] {logging_mixin.py:115} INFO - [2025-02-14 14:25:10,368] {dag.py:2420} INFO - Sync 1 DAGs
[2025-02-14 14:25:10,380] {logging_mixin.py:115} INFO - [2025-02-14 14:25:10,380] {dag.py:2968} INFO - Setting next_dagrun for example_trigger_controller_dag to 2021-01-01T00:00:00+00:00, run_after=2021-01-01T00:00:00+00:00
[2025-02-14 14:25:10,398] {processor.py:161} INFO - Processing /opt/conda/lib/python3.8/site-packages/airflow/example_dags/example_trigger_controller_dag.py took 0.180 seconds
[2025-02-14 14:25:53,869] {processor.py:153} INFO - Started process (PID=3714) to work on /opt/conda/lib/python3.8/site-packages/airflow/example_dags/example_trigger_controller_dag.py
[2025-02-14 14:25:53,871] {processor.py:641} INFO - Processing file /opt/conda/lib/python3.8/site-packages/airflow/example_dags/example_trigger_controller_dag.py for tasks to queue
[2025-02-14 14:25:53,872] {logging_mixin.py:115} INFO - [2025-02-14 14:25:53,872] {dagbag.py:508} INFO - Filling up the DagBag from /opt/conda/lib/python3.8/site-packages/airflow/example_dags/example_trigger_controller_dag.py
[2025-02-14 14:25:53,875] {processor.py:651} INFO - DAG(s) dict_keys(['example_trigger_controller_dag']) retrieved from /opt/conda/lib/python3.8/site-packages/airflow/example_dags/example_trigger_controller_dag.py
[2025-02-14 14:25:54,011] {logging_mixin.py:115} INFO - [2025-02-14 14:25:54,011] {dag.py:2420} INFO - Sync 1 DAGs
[2025-02-14 14:25:54,022] {logging_mixin.py:115} INFO - [2025-02-14 14:25:54,022] {dag.py:2968} INFO - Setting next_dagrun for example_trigger_controller_dag to 2021-01-01T00:00:00+00:00, run_after=2021-01-01T00:00:00+00:00
[2025-02-14 14:25:54,041] {processor.py:161} INFO - Processing /opt/conda/lib/python3.8/site-packages/airflow/example_dags/example_trigger_controller_dag.py took 0.175 seconds
[2025-02-14 14:26:37,152] {processor.py:153} INFO - Started process (PID=3768) to work on /opt/conda/lib/python3.8/site-packages/airflow/example_dags/example_trigger_controller_dag.py
[2025-02-14 14:26:37,222] {processor.py:641} INFO - Processing file /opt/conda/lib/python3.8/site-packages/airflow/example_dags/example_trigger_controller_dag.py for tasks to queue
[2025-02-14 14:26:37,223] {logging_mixin.py:115} INFO - [2025-02-14 14:26:37,223] {dagbag.py:508} INFO - Filling up the DagBag from /opt/conda/lib/python3.8/site-packages/airflow/example_dags/example_trigger_controller_dag.py
[2025-02-14 14:26:37,227] {processor.py:651} INFO - DAG(s) dict_keys(['example_trigger_controller_dag']) retrieved from /opt/conda/lib/python3.8/site-packages/airflow/example_dags/example_trigger_controller_dag.py
[2025-02-14 14:26:37,381] {logging_mixin.py:115} INFO - [2025-02-14 14:26:37,381] {dag.py:2420} INFO - Sync 1 DAGs
[2025-02-14 14:26:37,393] {logging_mixin.py:115} INFO - [2025-02-14 14:26:37,393] {dag.py:2968} INFO - Setting next_dagrun for example_trigger_controller_dag to 2021-01-01T00:00:00+00:00, run_after=2021-01-01T00:00:00+00:00
[2025-02-14 14:26:37,413] {processor.py:161} INFO - Processing /opt/conda/lib/python3.8/site-packages/airflow/example_dags/example_trigger_controller_dag.py took 0.264 seconds
[2025-02-14 14:27:21,588] {processor.py:153} INFO - Started process (PID=3821) to work on /opt/conda/lib/python3.8/site-packages/airflow/example_dags/example_trigger_controller_dag.py
[2025-02-14 14:27:21,590] {processor.py:641} INFO - Processing file /opt/conda/lib/python3.8/site-packages/airflow/example_dags/example_trigger_controller_dag.py for tasks to queue
[2025-02-14 14:27:21,591] {logging_mixin.py:115} INFO - [2025-02-14 14:27:21,591] {dagbag.py:508} INFO - Filling up the DagBag from /opt/conda/lib/python3.8/site-packages/airflow/example_dags/example_trigger_controller_dag.py
[2025-02-14 14:27:21,594] {processor.py:651} INFO - DAG(s) dict_keys(['example_trigger_controller_dag']) retrieved from /opt/conda/lib/python3.8/site-packages/airflow/example_dags/example_trigger_controller_dag.py
[2025-02-14 14:27:21,737] {logging_mixin.py:115} INFO - [2025-02-14 14:27:21,737] {dag.py:2420} INFO - Sync 1 DAGs
[2025-02-14 14:27:21,748] {logging_mixin.py:115} INFO - [2025-02-14 14:27:21,748] {dag.py:2968} INFO - Setting next_dagrun for example_trigger_controller_dag to 2021-01-01T00:00:00+00:00, run_after=2021-01-01T00:00:00+00:00
[2025-02-14 14:27:21,767] {processor.py:161} INFO - Processing /opt/conda/lib/python3.8/site-packages/airflow/example_dags/example_trigger_controller_dag.py took 0.182 seconds
[2025-02-14 14:28:03,864] {processor.py:153} INFO - Started process (PID=3872) to work on /opt/conda/lib/python3.8/site-packages/airflow/example_dags/example_trigger_controller_dag.py
[2025-02-14 14:28:03,865] {processor.py:641} INFO - Processing file /opt/conda/lib/python3.8/site-packages/airflow/example_dags/example_trigger_controller_dag.py for tasks to queue
[2025-02-14 14:28:03,866] {logging_mixin.py:115} INFO - [2025-02-14 14:28:03,866] {dagbag.py:508} INFO - Filling up the DagBag from /opt/conda/lib/python3.8/site-packages/airflow/example_dags/example_trigger_controller_dag.py
[2025-02-14 14:28:03,869] {processor.py:651} INFO - DAG(s) dict_keys(['example_trigger_controller_dag']) retrieved from /opt/conda/lib/python3.8/site-packages/airflow/example_dags/example_trigger_controller_dag.py
[2025-02-14 14:28:04,015] {logging_mixin.py:115} INFO - [2025-02-14 14:28:04,015] {dag.py:2420} INFO - Sync 1 DAGs
[2025-02-14 14:28:04,026] {logging_mixin.py:115} INFO - [2025-02-14 14:28:04,026] {dag.py:2968} INFO - Setting next_dagrun for example_trigger_controller_dag to 2021-01-01T00:00:00+00:00, run_after=2021-01-01T00:00:00+00:00
[2025-02-14 14:28:04,046] {processor.py:161} INFO - Processing /opt/conda/lib/python3.8/site-packages/airflow/example_dags/example_trigger_controller_dag.py took 0.185 seconds
[2025-02-14 14:28:49,096] {processor.py:153} INFO - Started process (PID=3935) to work on /opt/conda/lib/python3.8/site-packages/airflow/example_dags/example_trigger_controller_dag.py
[2025-02-14 14:28:49,097] {processor.py:641} INFO - Processing file /opt/conda/lib/python3.8/site-packages/airflow/example_dags/example_trigger_controller_dag.py for tasks to queue
[2025-02-14 14:28:49,098] {logging_mixin.py:115} INFO - [2025-02-14 14:28:49,098] {dagbag.py:508} INFO - Filling up the DagBag from /opt/conda/lib/python3.8/site-packages/airflow/example_dags/example_trigger_controller_dag.py
[2025-02-14 14:28:49,101] {processor.py:651} INFO - DAG(s) dict_keys(['example_trigger_controller_dag']) retrieved from /opt/conda/lib/python3.8/site-packages/airflow/example_dags/example_trigger_controller_dag.py
[2025-02-14 14:28:49,117] {logging_mixin.py:115} INFO - [2025-02-14 14:28:49,117] {dag.py:2420} INFO - Sync 1 DAGs
[2025-02-14 14:28:49,137] {logging_mixin.py:115} INFO - [2025-02-14 14:28:49,136] {dag.py:2968} INFO - Setting next_dagrun for example_trigger_controller_dag to 2021-01-01T00:00:00+00:00, run_after=2021-01-01T00:00:00+00:00
[2025-02-14 14:28:49,165] {processor.py:161} INFO - Processing /opt/conda/lib/python3.8/site-packages/airflow/example_dags/example_trigger_controller_dag.py took 0.073 seconds
[2025-02-14 14:29:28,805] {processor.py:153} INFO - Started process (PID=3998) to work on /opt/conda/lib/python3.8/site-packages/airflow/example_dags/example_trigger_controller_dag.py
[2025-02-14 14:29:28,806] {processor.py:641} INFO - Processing file /opt/conda/lib/python3.8/site-packages/airflow/example_dags/example_trigger_controller_dag.py for tasks to queue
[2025-02-14 14:29:28,807] {logging_mixin.py:115} INFO - [2025-02-14 14:29:28,807] {dagbag.py:508} INFO - Filling up the DagBag from /opt/conda/lib/python3.8/site-packages/airflow/example_dags/example_trigger_controller_dag.py
[2025-02-14 14:29:28,810] {processor.py:651} INFO - DAG(s) dict_keys(['example_trigger_controller_dag']) retrieved from /opt/conda/lib/python3.8/site-packages/airflow/example_dags/example_trigger_controller_dag.py
[2025-02-14 14:29:28,825] {logging_mixin.py:115} INFO - [2025-02-14 14:29:28,825] {dag.py:2420} INFO - Sync 1 DAGs
[2025-02-14 14:29:28,839] {logging_mixin.py:115} INFO - [2025-02-14 14:29:28,839] {dag.py:2968} INFO - Setting next_dagrun for example_trigger_controller_dag to 2021-01-01T00:00:00+00:00, run_after=2021-01-01T00:00:00+00:00
[2025-02-14 14:29:28,865] {processor.py:161} INFO - Processing /opt/conda/lib/python3.8/site-packages/airflow/example_dags/example_trigger_controller_dag.py took 0.063 seconds
[2025-02-14 14:30:10,873] {processor.py:153} INFO - Started process (PID=4054) to work on /opt/conda/lib/python3.8/site-packages/airflow/example_dags/example_trigger_controller_dag.py
[2025-02-14 14:30:11,281] {processor.py:641} INFO - Processing file /opt/conda/lib/python3.8/site-packages/airflow/example_dags/example_trigger_controller_dag.py for tasks to queue
[2025-02-14 14:30:11,281] {logging_mixin.py:115} INFO - [2025-02-14 14:30:11,281] {dagbag.py:508} INFO - Filling up the DagBag from /opt/conda/lib/python3.8/site-packages/airflow/example_dags/example_trigger_controller_dag.py
[2025-02-14 14:30:11,285] {processor.py:651} INFO - DAG(s) dict_keys(['example_trigger_controller_dag']) retrieved from /opt/conda/lib/python3.8/site-packages/airflow/example_dags/example_trigger_controller_dag.py
[2025-02-14 14:30:11,301] {logging_mixin.py:115} INFO - [2025-02-14 14:30:11,301] {dag.py:2420} INFO - Sync 1 DAGs
[2025-02-14 14:30:11,319] {logging_mixin.py:115} INFO - [2025-02-14 14:30:11,319] {dag.py:2968} INFO - Setting next_dagrun for example_trigger_controller_dag to 2021-01-01T00:00:00+00:00, run_after=2021-01-01T00:00:00+00:00
[2025-02-14 14:30:11,340] {processor.py:161} INFO - Processing /opt/conda/lib/python3.8/site-packages/airflow/example_dags/example_trigger_controller_dag.py took 0.470 seconds
[2025-02-14 14:30:48,073] {processor.py:153} INFO - Started process (PID=4106) to work on /opt/conda/lib/python3.8/site-packages/airflow/example_dags/example_trigger_controller_dag.py
[2025-02-14 14:30:48,074] {processor.py:641} INFO - Processing file /opt/conda/lib/python3.8/site-packages/airflow/example_dags/example_trigger_controller_dag.py for tasks to queue
[2025-02-14 14:30:48,075] {logging_mixin.py:115} INFO - [2025-02-14 14:30:48,075] {dagbag.py:508} INFO - Filling up the DagBag from /opt/conda/lib/python3.8/site-packages/airflow/example_dags/example_trigger_controller_dag.py
[2025-02-14 14:30:48,078] {processor.py:651} INFO - DAG(s) dict_keys(['example_trigger_controller_dag']) retrieved from /opt/conda/lib/python3.8/site-packages/airflow/example_dags/example_trigger_controller_dag.py
[2025-02-14 14:30:48,094] {logging_mixin.py:115} INFO - [2025-02-14 14:30:48,094] {dag.py:2420} INFO - Sync 1 DAGs
[2025-02-14 14:30:48,112] {logging_mixin.py:115} INFO - [2025-02-14 14:30:48,112] {dag.py:2968} INFO - Setting next_dagrun for example_trigger_controller_dag to 2021-01-01T00:00:00+00:00, run_after=2021-01-01T00:00:00+00:00
[2025-02-14 14:30:48,133] {processor.py:161} INFO - Processing /opt/conda/lib/python3.8/site-packages/airflow/example_dags/example_trigger_controller_dag.py took 0.064 seconds
[2025-02-14 14:31:26,881] {processor.py:153} INFO - Started process (PID=4160) to work on /opt/conda/lib/python3.8/site-packages/airflow/example_dags/example_trigger_controller_dag.py
[2025-02-14 14:31:26,908] {processor.py:641} INFO - Processing file /opt/conda/lib/python3.8/site-packages/airflow/example_dags/example_trigger_controller_dag.py for tasks to queue
[2025-02-14 14:31:26,909] {logging_mixin.py:115} INFO - [2025-02-14 14:31:26,908] {dagbag.py:508} INFO - Filling up the DagBag from /opt/conda/lib/python3.8/site-packages/airflow/example_dags/example_trigger_controller_dag.py
[2025-02-14 14:31:26,912] {processor.py:651} INFO - DAG(s) dict_keys(['example_trigger_controller_dag']) retrieved from /opt/conda/lib/python3.8/site-packages/airflow/example_dags/example_trigger_controller_dag.py
[2025-02-14 14:31:26,928] {logging_mixin.py:115} INFO - [2025-02-14 14:31:26,928] {dag.py:2420} INFO - Sync 1 DAGs
[2025-02-14 14:31:26,946] {logging_mixin.py:115} INFO - [2025-02-14 14:31:26,946] {dag.py:2968} INFO - Setting next_dagrun for example_trigger_controller_dag to 2021-01-01T00:00:00+00:00, run_after=2021-01-01T00:00:00+00:00
[2025-02-14 14:31:26,969] {processor.py:161} INFO - Processing /opt/conda/lib/python3.8/site-packages/airflow/example_dags/example_trigger_controller_dag.py took 0.091 seconds
[2025-02-14 14:33:24,130] {processor.py:153} INFO - Started process (PID=4354) to work on /opt/conda/lib/python3.8/site-packages/airflow/example_dags/example_trigger_controller_dag.py
[2025-02-14 14:33:24,131] {processor.py:641} INFO - Processing file /opt/conda/lib/python3.8/site-packages/airflow/example_dags/example_trigger_controller_dag.py for tasks to queue
[2025-02-14 14:33:24,132] {logging_mixin.py:115} INFO - [2025-02-14 14:33:24,132] {dagbag.py:508} INFO - Filling up the DagBag from /opt/conda/lib/python3.8/site-packages/airflow/example_dags/example_trigger_controller_dag.py
[2025-02-14 14:33:24,135] {processor.py:651} INFO - DAG(s) dict_keys(['example_trigger_controller_dag']) retrieved from /opt/conda/lib/python3.8/site-packages/airflow/example_dags/example_trigger_controller_dag.py
[2025-02-14 14:33:24,151] {logging_mixin.py:115} INFO - [2025-02-14 14:33:24,151] {dag.py:2420} INFO - Sync 1 DAGs
[2025-02-14 14:33:24,169] {logging_mixin.py:115} INFO - [2025-02-14 14:33:24,169] {dag.py:2968} INFO - Setting next_dagrun for example_trigger_controller_dag to 2021-01-01T00:00:00+00:00, run_after=2021-01-01T00:00:00+00:00
[2025-02-14 14:33:24,191] {processor.py:161} INFO - Processing /opt/conda/lib/python3.8/site-packages/airflow/example_dags/example_trigger_controller_dag.py took 0.065 seconds
[2025-02-14 14:34:04,528] {processor.py:153} INFO - Started process (PID=4408) to work on /opt/conda/lib/python3.8/site-packages/airflow/example_dags/example_trigger_controller_dag.py
[2025-02-14 14:34:04,529] {processor.py:641} INFO - Processing file /opt/conda/lib/python3.8/site-packages/airflow/example_dags/example_trigger_controller_dag.py for tasks to queue
[2025-02-14 14:34:04,530] {logging_mixin.py:115} INFO - [2025-02-14 14:34:04,530] {dagbag.py:508} INFO - Filling up the DagBag from /opt/conda/lib/python3.8/site-packages/airflow/example_dags/example_trigger_controller_dag.py
[2025-02-14 14:34:04,533] {processor.py:651} INFO - DAG(s) dict_keys(['example_trigger_controller_dag']) retrieved from /opt/conda/lib/python3.8/site-packages/airflow/example_dags/example_trigger_controller_dag.py
[2025-02-14 14:34:04,549] {logging_mixin.py:115} INFO - [2025-02-14 14:34:04,549] {dag.py:2420} INFO - Sync 1 DAGs
[2025-02-14 14:34:04,567] {logging_mixin.py:115} INFO - [2025-02-14 14:34:04,567] {dag.py:2968} INFO - Setting next_dagrun for example_trigger_controller_dag to 2021-01-01T00:00:00+00:00, run_after=2021-01-01T00:00:00+00:00
[2025-02-14 14:34:04,589] {processor.py:161} INFO - Processing /opt/conda/lib/python3.8/site-packages/airflow/example_dags/example_trigger_controller_dag.py took 0.064 seconds
[2025-02-14 14:34:50,596] {processor.py:153} INFO - Started process (PID=4467) to work on /opt/conda/lib/python3.8/site-packages/airflow/example_dags/example_trigger_controller_dag.py
[2025-02-14 14:34:50,597] {processor.py:641} INFO - Processing file /opt/conda/lib/python3.8/site-packages/airflow/example_dags/example_trigger_controller_dag.py for tasks to queue
[2025-02-14 14:34:50,598] {logging_mixin.py:115} INFO - [2025-02-14 14:34:50,598] {dagbag.py:508} INFO - Filling up the DagBag from /opt/conda/lib/python3.8/site-packages/airflow/example_dags/example_trigger_controller_dag.py
[2025-02-14 14:34:50,601] {processor.py:651} INFO - DAG(s) dict_keys(['example_trigger_controller_dag']) retrieved from /opt/conda/lib/python3.8/site-packages/airflow/example_dags/example_trigger_controller_dag.py
[2025-02-14 14:34:50,617] {logging_mixin.py:115} INFO - [2025-02-14 14:34:50,617] {dag.py:2420} INFO - Sync 1 DAGs
[2025-02-14 14:34:50,635] {logging_mixin.py:115} INFO - [2025-02-14 14:34:50,635] {dag.py:2968} INFO - Setting next_dagrun for example_trigger_controller_dag to 2021-01-01T00:00:00+00:00, run_after=2021-01-01T00:00:00+00:00
[2025-02-14 14:34:50,658] {processor.py:161} INFO - Processing /opt/conda/lib/python3.8/site-packages/airflow/example_dags/example_trigger_controller_dag.py took 0.065 seconds
[2025-02-14 14:35:29,832] {processor.py:153} INFO - Started process (PID=4521) to work on /opt/conda/lib/python3.8/site-packages/airflow/example_dags/example_trigger_controller_dag.py
[2025-02-14 14:35:29,833] {processor.py:641} INFO - Processing file /opt/conda/lib/python3.8/site-packages/airflow/example_dags/example_trigger_controller_dag.py for tasks to queue
[2025-02-14 14:35:29,834] {logging_mixin.py:115} INFO - [2025-02-14 14:35:29,834] {dagbag.py:508} INFO - Filling up the DagBag from /opt/conda/lib/python3.8/site-packages/airflow/example_dags/example_trigger_controller_dag.py
[2025-02-14 14:35:29,837] {processor.py:651} INFO - DAG(s) dict_keys(['example_trigger_controller_dag']) retrieved from /opt/conda/lib/python3.8/site-packages/airflow/example_dags/example_trigger_controller_dag.py
[2025-02-14 14:35:29,853] {logging_mixin.py:115} INFO - [2025-02-14 14:35:29,853] {dag.py:2420} INFO - Sync 1 DAGs
[2025-02-14 14:35:29,870] {logging_mixin.py:115} INFO - [2025-02-14 14:35:29,870] {dag.py:2968} INFO - Setting next_dagrun for example_trigger_controller_dag to 2021-01-01T00:00:00+00:00, run_after=2021-01-01T00:00:00+00:00
[2025-02-14 14:35:29,898] {processor.py:161} INFO - Processing /opt/conda/lib/python3.8/site-packages/airflow/example_dags/example_trigger_controller_dag.py took 0.069 seconds
[2025-02-14 14:36:09,110] {processor.py:153} INFO - Started process (PID=4574) to work on /opt/conda/lib/python3.8/site-packages/airflow/example_dags/example_trigger_controller_dag.py
[2025-02-14 14:36:09,111] {processor.py:641} INFO - Processing file /opt/conda/lib/python3.8/site-packages/airflow/example_dags/example_trigger_controller_dag.py for tasks to queue
[2025-02-14 14:36:09,112] {logging_mixin.py:115} INFO - [2025-02-14 14:36:09,111] {dagbag.py:508} INFO - Filling up the DagBag from /opt/conda/lib/python3.8/site-packages/airflow/example_dags/example_trigger_controller_dag.py
[2025-02-14 14:36:09,115] {processor.py:651} INFO - DAG(s) dict_keys(['example_trigger_controller_dag']) retrieved from /opt/conda/lib/python3.8/site-packages/airflow/example_dags/example_trigger_controller_dag.py
[2025-02-14 14:36:09,130] {logging_mixin.py:115} INFO - [2025-02-14 14:36:09,130] {dag.py:2420} INFO - Sync 1 DAGs
[2025-02-14 14:36:09,144] {logging_mixin.py:115} INFO - [2025-02-14 14:36:09,144] {dag.py:2968} INFO - Setting next_dagrun for example_trigger_controller_dag to 2021-01-01T00:00:00+00:00, run_after=2021-01-01T00:00:00+00:00
[2025-02-14 14:36:09,165] {processor.py:161} INFO - Processing /opt/conda/lib/python3.8/site-packages/airflow/example_dags/example_trigger_controller_dag.py took 0.058 seconds
[2025-02-14 14:36:46,598] {processor.py:153} INFO - Started process (PID=4623) to work on /opt/conda/lib/python3.8/site-packages/airflow/example_dags/example_trigger_controller_dag.py
[2025-02-14 14:36:46,599] {processor.py:641} INFO - Processing file /opt/conda/lib/python3.8/site-packages/airflow/example_dags/example_trigger_controller_dag.py for tasks to queue
[2025-02-14 14:36:46,599] {logging_mixin.py:115} INFO - [2025-02-14 14:36:46,599] {dagbag.py:508} INFO - Filling up the DagBag from /opt/conda/lib/python3.8/site-packages/airflow/example_dags/example_trigger_controller_dag.py
[2025-02-14 14:36:46,603] {processor.py:651} INFO - DAG(s) dict_keys(['example_trigger_controller_dag']) retrieved from /opt/conda/lib/python3.8/site-packages/airflow/example_dags/example_trigger_controller_dag.py
[2025-02-14 14:36:46,619] {logging_mixin.py:115} INFO - [2025-02-14 14:36:46,619] {dag.py:2420} INFO - Sync 1 DAGs
[2025-02-14 14:36:46,636] {logging_mixin.py:115} INFO - [2025-02-14 14:36:46,636] {dag.py:2968} INFO - Setting next_dagrun for example_trigger_controller_dag to 2021-01-01T00:00:00+00:00, run_after=2021-01-01T00:00:00+00:00
[2025-02-14 14:36:46,659] {processor.py:161} INFO - Processing /opt/conda/lib/python3.8/site-packages/airflow/example_dags/example_trigger_controller_dag.py took 0.065 seconds
[2025-02-14 14:37:30,056] {processor.py:153} INFO - Started process (PID=4695) to work on /opt/conda/lib/python3.8/site-packages/airflow/example_dags/example_trigger_controller_dag.py
[2025-02-14 14:37:30,057] {processor.py:641} INFO - Processing file /opt/conda/lib/python3.8/site-packages/airflow/example_dags/example_trigger_controller_dag.py for tasks to queue
[2025-02-14 14:37:30,058] {logging_mixin.py:115} INFO - [2025-02-14 14:37:30,058] {dagbag.py:508} INFO - Filling up the DagBag from /opt/conda/lib/python3.8/site-packages/airflow/example_dags/example_trigger_controller_dag.py
[2025-02-14 14:37:30,061] {processor.py:651} INFO - DAG(s) dict_keys(['example_trigger_controller_dag']) retrieved from /opt/conda/lib/python3.8/site-packages/airflow/example_dags/example_trigger_controller_dag.py
[2025-02-14 14:37:30,076] {logging_mixin.py:115} INFO - [2025-02-14 14:37:30,076] {dag.py:2420} INFO - Sync 1 DAGs
[2025-02-14 14:37:30,090] {logging_mixin.py:115} INFO - [2025-02-14 14:37:30,090] {dag.py:2968} INFO - Setting next_dagrun for example_trigger_controller_dag to 2021-01-01T00:00:00+00:00, run_after=2021-01-01T00:00:00+00:00
[2025-02-14 14:37:30,111] {processor.py:161} INFO - Processing /opt/conda/lib/python3.8/site-packages/airflow/example_dags/example_trigger_controller_dag.py took 0.058 seconds
[2025-02-14 14:42:14,613] {processor.py:153} INFO - Started process (PID=4768) to work on /opt/conda/lib/python3.8/site-packages/airflow/example_dags/example_trigger_controller_dag.py
[2025-02-14 14:42:14,615] {processor.py:641} INFO - Processing file /opt/conda/lib/python3.8/site-packages/airflow/example_dags/example_trigger_controller_dag.py for tasks to queue
[2025-02-14 14:42:14,615] {logging_mixin.py:115} INFO - [2025-02-14 14:42:14,615] {dagbag.py:508} INFO - Filling up the DagBag from /opt/conda/lib/python3.8/site-packages/airflow/example_dags/example_trigger_controller_dag.py
[2025-02-14 14:42:14,618] {processor.py:651} INFO - DAG(s) dict_keys(['example_trigger_controller_dag']) retrieved from /opt/conda/lib/python3.8/site-packages/airflow/example_dags/example_trigger_controller_dag.py
[2025-02-14 14:42:14,756] {logging_mixin.py:115} INFO - [2025-02-14 14:42:14,756] {dag.py:2420} INFO - Sync 1 DAGs
[2025-02-14 14:42:14,768] {logging_mixin.py:115} INFO - [2025-02-14 14:42:14,768] {dag.py:2968} INFO - Setting next_dagrun for example_trigger_controller_dag to 2021-01-01T00:00:00+00:00, run_after=2021-01-01T00:00:00+00:00
[2025-02-14 14:42:14,840] {processor.py:161} INFO - Processing /opt/conda/lib/python3.8/site-packages/airflow/example_dags/example_trigger_controller_dag.py took 0.230 seconds
[2025-02-14 17:09:35,825] {processor.py:153} INFO - Started process (PID=6359) to work on /opt/conda/lib/python3.8/site-packages/airflow/example_dags/example_trigger_controller_dag.py
[2025-02-14 17:09:35,826] {processor.py:641} INFO - Processing file /opt/conda/lib/python3.8/site-packages/airflow/example_dags/example_trigger_controller_dag.py for tasks to queue
[2025-02-14 17:09:35,827] {logging_mixin.py:115} INFO - [2025-02-14 17:09:35,827] {dagbag.py:508} INFO - Filling up the DagBag from /opt/conda/lib/python3.8/site-packages/airflow/example_dags/example_trigger_controller_dag.py
[2025-02-14 17:09:35,830] {processor.py:651} INFO - DAG(s) dict_keys(['example_trigger_controller_dag']) retrieved from /opt/conda/lib/python3.8/site-packages/airflow/example_dags/example_trigger_controller_dag.py
[2025-02-14 17:09:35,969] {logging_mixin.py:115} INFO - [2025-02-14 17:09:35,969] {dag.py:2420} INFO - Sync 1 DAGs
[2025-02-14 17:09:35,981] {logging_mixin.py:115} INFO - [2025-02-14 17:09:35,981] {dag.py:2968} INFO - Setting next_dagrun for example_trigger_controller_dag to 2021-01-01T00:00:00+00:00, run_after=2021-01-01T00:00:00+00:00
[2025-02-14 17:09:36,000] {processor.py:161} INFO - Processing /opt/conda/lib/python3.8/site-packages/airflow/example_dags/example_trigger_controller_dag.py took 0.178 seconds
[2025-02-14 17:11:00,096] {processor.py:153} INFO - Started process (PID=6505) to work on /opt/conda/lib/python3.8/site-packages/airflow/example_dags/example_trigger_controller_dag.py
[2025-02-14 17:11:00,098] {processor.py:641} INFO - Processing file /opt/conda/lib/python3.8/site-packages/airflow/example_dags/example_trigger_controller_dag.py for tasks to queue
[2025-02-14 17:11:00,098] {logging_mixin.py:115} INFO - [2025-02-14 17:11:00,098] {dagbag.py:508} INFO - Filling up the DagBag from /opt/conda/lib/python3.8/site-packages/airflow/example_dags/example_trigger_controller_dag.py
[2025-02-14 17:11:00,102] {processor.py:651} INFO - DAG(s) dict_keys(['example_trigger_controller_dag']) retrieved from /opt/conda/lib/python3.8/site-packages/airflow/example_dags/example_trigger_controller_dag.py
[2025-02-14 17:11:00,305] {logging_mixin.py:115} INFO - [2025-02-14 17:11:00,304] {dag.py:2420} INFO - Sync 1 DAGs
[2025-02-14 17:11:00,323] {logging_mixin.py:115} INFO - [2025-02-14 17:11:00,322] {dag.py:2968} INFO - Setting next_dagrun for example_trigger_controller_dag to 2021-01-01T00:00:00+00:00, run_after=2021-01-01T00:00:00+00:00
[2025-02-14 17:11:00,346] {processor.py:161} INFO - Processing /opt/conda/lib/python3.8/site-packages/airflow/example_dags/example_trigger_controller_dag.py took 0.253 seconds
[2025-02-14 17:11:52,195] {processor.py:153} INFO - Started process (PID=6578) to work on /opt/conda/lib/python3.8/site-packages/airflow/example_dags/example_trigger_controller_dag.py
[2025-02-14 17:11:52,197] {processor.py:641} INFO - Processing file /opt/conda/lib/python3.8/site-packages/airflow/example_dags/example_trigger_controller_dag.py for tasks to queue
[2025-02-14 17:11:52,197] {logging_mixin.py:115} INFO - [2025-02-14 17:11:52,197] {dagbag.py:508} INFO - Filling up the DagBag from /opt/conda/lib/python3.8/site-packages/airflow/example_dags/example_trigger_controller_dag.py
[2025-02-14 17:11:52,201] {processor.py:651} INFO - DAG(s) dict_keys(['example_trigger_controller_dag']) retrieved from /opt/conda/lib/python3.8/site-packages/airflow/example_dags/example_trigger_controller_dag.py
[2025-02-14 17:11:52,401] {logging_mixin.py:115} INFO - [2025-02-14 17:11:52,401] {dag.py:2420} INFO - Sync 1 DAGs
[2025-02-14 17:11:52,418] {logging_mixin.py:115} INFO - [2025-02-14 17:11:52,418] {dag.py:2968} INFO - Setting next_dagrun for example_trigger_controller_dag to 2021-01-01T00:00:00+00:00, run_after=2021-01-01T00:00:00+00:00
[2025-02-14 17:11:52,443] {processor.py:161} INFO - Processing /opt/conda/lib/python3.8/site-packages/airflow/example_dags/example_trigger_controller_dag.py took 0.251 seconds
[2025-02-14 17:12:48,516] {processor.py:153} INFO - Started process (PID=6651) to work on /opt/conda/lib/python3.8/site-packages/airflow/example_dags/example_trigger_controller_dag.py
[2025-02-14 17:12:48,518] {processor.py:641} INFO - Processing file /opt/conda/lib/python3.8/site-packages/airflow/example_dags/example_trigger_controller_dag.py for tasks to queue
[2025-02-14 17:12:48,518] {logging_mixin.py:115} INFO - [2025-02-14 17:12:48,518] {dagbag.py:508} INFO - Filling up the DagBag from /opt/conda/lib/python3.8/site-packages/airflow/example_dags/example_trigger_controller_dag.py
[2025-02-14 17:12:48,522] {processor.py:651} INFO - DAG(s) dict_keys(['example_trigger_controller_dag']) retrieved from /opt/conda/lib/python3.8/site-packages/airflow/example_dags/example_trigger_controller_dag.py
[2025-02-14 17:12:48,724] {logging_mixin.py:115} INFO - [2025-02-14 17:12:48,724] {dag.py:2420} INFO - Sync 1 DAGs
[2025-02-14 17:12:48,742] {logging_mixin.py:115} INFO - [2025-02-14 17:12:48,741] {dag.py:2968} INFO - Setting next_dagrun for example_trigger_controller_dag to 2021-01-01T00:00:00+00:00, run_after=2021-01-01T00:00:00+00:00
[2025-02-14 17:12:48,766] {processor.py:161} INFO - Processing /opt/conda/lib/python3.8/site-packages/airflow/example_dags/example_trigger_controller_dag.py took 0.253 seconds
[2025-02-14 17:13:39,638] {processor.py:153} INFO - Started process (PID=6721) to work on /opt/conda/lib/python3.8/site-packages/airflow/example_dags/example_trigger_controller_dag.py
[2025-02-14 17:13:39,639] {processor.py:641} INFO - Processing file /opt/conda/lib/python3.8/site-packages/airflow/example_dags/example_trigger_controller_dag.py for tasks to queue
[2025-02-14 17:13:39,640] {logging_mixin.py:115} INFO - [2025-02-14 17:13:39,640] {dagbag.py:508} INFO - Filling up the DagBag from /opt/conda/lib/python3.8/site-packages/airflow/example_dags/example_trigger_controller_dag.py
[2025-02-14 17:13:39,643] {processor.py:651} INFO - DAG(s) dict_keys(['example_trigger_controller_dag']) retrieved from /opt/conda/lib/python3.8/site-packages/airflow/example_dags/example_trigger_controller_dag.py
[2025-02-14 17:13:39,790] {logging_mixin.py:115} INFO - [2025-02-14 17:13:39,790] {dag.py:2420} INFO - Sync 1 DAGs
[2025-02-14 17:13:39,802] {logging_mixin.py:115} INFO - [2025-02-14 17:13:39,802] {dag.py:2968} INFO - Setting next_dagrun for example_trigger_controller_dag to 2021-01-01T00:00:00+00:00, run_after=2021-01-01T00:00:00+00:00
[2025-02-14 17:13:39,820] {processor.py:161} INFO - Processing /opt/conda/lib/python3.8/site-packages/airflow/example_dags/example_trigger_controller_dag.py took 0.186 seconds
[2025-02-14 17:14:27,633] {processor.py:153} INFO - Started process (PID=6791) to work on /opt/conda/lib/python3.8/site-packages/airflow/example_dags/example_trigger_controller_dag.py
[2025-02-14 17:14:27,634] {processor.py:641} INFO - Processing file /opt/conda/lib/python3.8/site-packages/airflow/example_dags/example_trigger_controller_dag.py for tasks to queue
[2025-02-14 17:14:27,635] {logging_mixin.py:115} INFO - [2025-02-14 17:14:27,635] {dagbag.py:508} INFO - Filling up the DagBag from /opt/conda/lib/python3.8/site-packages/airflow/example_dags/example_trigger_controller_dag.py
[2025-02-14 17:14:27,639] {processor.py:651} INFO - DAG(s) dict_keys(['example_trigger_controller_dag']) retrieved from /opt/conda/lib/python3.8/site-packages/airflow/example_dags/example_trigger_controller_dag.py
[2025-02-14 17:14:27,658] {logging_mixin.py:115} INFO - [2025-02-14 17:14:27,658] {dag.py:2420} INFO - Sync 1 DAGs
[2025-02-14 17:14:27,679] {logging_mixin.py:115} INFO - [2025-02-14 17:14:27,678] {dag.py:2968} INFO - Setting next_dagrun for example_trigger_controller_dag to 2021-01-01T00:00:00+00:00, run_after=2021-01-01T00:00:00+00:00
[2025-02-14 17:14:27,702] {processor.py:161} INFO - Processing /opt/conda/lib/python3.8/site-packages/airflow/example_dags/example_trigger_controller_dag.py took 0.073 seconds
[2025-02-14 17:15:18,417] {processor.py:153} INFO - Started process (PID=6873) to work on /opt/conda/lib/python3.8/site-packages/airflow/example_dags/example_trigger_controller_dag.py
[2025-02-14 17:15:18,418] {processor.py:641} INFO - Processing file /opt/conda/lib/python3.8/site-packages/airflow/example_dags/example_trigger_controller_dag.py for tasks to queue
[2025-02-14 17:15:18,419] {logging_mixin.py:115} INFO - [2025-02-14 17:15:18,419] {dagbag.py:508} INFO - Filling up the DagBag from /opt/conda/lib/python3.8/site-packages/airflow/example_dags/example_trigger_controller_dag.py
[2025-02-14 17:15:18,423] {processor.py:651} INFO - DAG(s) dict_keys(['example_trigger_controller_dag']) retrieved from /opt/conda/lib/python3.8/site-packages/airflow/example_dags/example_trigger_controller_dag.py
[2025-02-14 17:15:18,442] {logging_mixin.py:115} INFO - [2025-02-14 17:15:18,442] {dag.py:2420} INFO - Sync 1 DAGs
[2025-02-14 17:15:18,462] {logging_mixin.py:115} INFO - [2025-02-14 17:15:18,462] {dag.py:2968} INFO - Setting next_dagrun for example_trigger_controller_dag to 2021-01-01T00:00:00+00:00, run_after=2021-01-01T00:00:00+00:00
[2025-02-14 17:15:18,487] {processor.py:161} INFO - Processing /opt/conda/lib/python3.8/site-packages/airflow/example_dags/example_trigger_controller_dag.py took 0.074 seconds
[2025-02-14 17:16:04,372] {processor.py:153} INFO - Started process (PID=7112) to work on /opt/conda/lib/python3.8/site-packages/airflow/example_dags/example_trigger_controller_dag.py
[2025-02-14 17:16:04,374] {processor.py:641} INFO - Processing file /opt/conda/lib/python3.8/site-packages/airflow/example_dags/example_trigger_controller_dag.py for tasks to queue
[2025-02-14 17:16:04,374] {logging_mixin.py:115} INFO - [2025-02-14 17:16:04,374] {dagbag.py:508} INFO - Filling up the DagBag from /opt/conda/lib/python3.8/site-packages/airflow/example_dags/example_trigger_controller_dag.py
[2025-02-14 17:16:04,378] {processor.py:651} INFO - DAG(s) dict_keys(['example_trigger_controller_dag']) retrieved from /opt/conda/lib/python3.8/site-packages/airflow/example_dags/example_trigger_controller_dag.py
[2025-02-14 17:16:04,397] {logging_mixin.py:115} INFO - [2025-02-14 17:16:04,397] {dag.py:2420} INFO - Sync 1 DAGs
[2025-02-14 17:16:04,418] {logging_mixin.py:115} INFO - [2025-02-14 17:16:04,418] {dag.py:2968} INFO - Setting next_dagrun for example_trigger_controller_dag to 2021-01-01T00:00:00+00:00, run_after=2021-01-01T00:00:00+00:00
[2025-02-14 17:16:04,449] {processor.py:161} INFO - Processing /opt/conda/lib/python3.8/site-packages/airflow/example_dags/example_trigger_controller_dag.py took 0.080 seconds
[2025-02-14 17:16:49,906] {processor.py:153} INFO - Started process (PID=7191) to work on /opt/conda/lib/python3.8/site-packages/airflow/example_dags/example_trigger_controller_dag.py
[2025-02-14 17:16:49,908] {processor.py:641} INFO - Processing file /opt/conda/lib/python3.8/site-packages/airflow/example_dags/example_trigger_controller_dag.py for tasks to queue
[2025-02-14 17:16:49,908] {logging_mixin.py:115} INFO - [2025-02-14 17:16:49,908] {dagbag.py:508} INFO - Filling up the DagBag from /opt/conda/lib/python3.8/site-packages/airflow/example_dags/example_trigger_controller_dag.py
[2025-02-14 17:16:49,911] {processor.py:651} INFO - DAG(s) dict_keys(['example_trigger_controller_dag']) retrieved from /opt/conda/lib/python3.8/site-packages/airflow/example_dags/example_trigger_controller_dag.py
[2025-02-14 17:16:49,929] {logging_mixin.py:115} INFO - [2025-02-14 17:16:49,928] {dag.py:2420} INFO - Sync 1 DAGs
[2025-02-14 17:16:49,947] {logging_mixin.py:115} INFO - [2025-02-14 17:16:49,947] {dag.py:2968} INFO - Setting next_dagrun for example_trigger_controller_dag to 2021-01-01T00:00:00+00:00, run_after=2021-01-01T00:00:00+00:00
[2025-02-14 17:16:49,968] {processor.py:161} INFO - Processing /opt/conda/lib/python3.8/site-packages/airflow/example_dags/example_trigger_controller_dag.py took 0.065 seconds
[2025-02-14 18:18:07,359] {processor.py:153} INFO - Started process (PID=7900) to work on /opt/conda/lib/python3.8/site-packages/airflow/example_dags/example_trigger_controller_dag.py
[2025-02-14 18:18:07,360] {processor.py:641} INFO - Processing file /opt/conda/lib/python3.8/site-packages/airflow/example_dags/example_trigger_controller_dag.py for tasks to queue
[2025-02-14 18:18:07,361] {logging_mixin.py:115} INFO - [2025-02-14 18:18:07,361] {dagbag.py:508} INFO - Filling up the DagBag from /opt/conda/lib/python3.8/site-packages/airflow/example_dags/example_trigger_controller_dag.py
[2025-02-14 18:18:07,364] {processor.py:651} INFO - DAG(s) dict_keys(['example_trigger_controller_dag']) retrieved from /opt/conda/lib/python3.8/site-packages/airflow/example_dags/example_trigger_controller_dag.py
[2025-02-14 18:18:07,557] {logging_mixin.py:115} INFO - [2025-02-14 18:18:07,557] {dag.py:2420} INFO - Sync 1 DAGs
[2025-02-14 18:18:07,575] {logging_mixin.py:115} INFO - [2025-02-14 18:18:07,575] {dag.py:2968} INFO - Setting next_dagrun for example_trigger_controller_dag to 2021-01-01T00:00:00+00:00, run_after=2021-01-01T00:00:00+00:00
[2025-02-14 18:18:07,599] {processor.py:161} INFO - Processing /opt/conda/lib/python3.8/site-packages/airflow/example_dags/example_trigger_controller_dag.py took 0.244 seconds
[2025-02-14 18:19:25,579] {processor.py:153} INFO - Started process (PID=8040) to work on /opt/conda/lib/python3.8/site-packages/airflow/example_dags/example_trigger_controller_dag.py
[2025-02-14 18:19:25,581] {processor.py:641} INFO - Processing file /opt/conda/lib/python3.8/site-packages/airflow/example_dags/example_trigger_controller_dag.py for tasks to queue
[2025-02-14 18:19:25,581] {logging_mixin.py:115} INFO - [2025-02-14 18:19:25,581] {dagbag.py:508} INFO - Filling up the DagBag from /opt/conda/lib/python3.8/site-packages/airflow/example_dags/example_trigger_controller_dag.py
[2025-02-14 18:19:25,585] {processor.py:651} INFO - DAG(s) dict_keys(['example_trigger_controller_dag']) retrieved from /opt/conda/lib/python3.8/site-packages/airflow/example_dags/example_trigger_controller_dag.py
[2025-02-14 18:19:25,776] {logging_mixin.py:115} INFO - [2025-02-14 18:19:25,776] {dag.py:2420} INFO - Sync 1 DAGs
[2025-02-14 18:19:25,794] {logging_mixin.py:115} INFO - [2025-02-14 18:19:25,794] {dag.py:2968} INFO - Setting next_dagrun for example_trigger_controller_dag to 2021-01-01T00:00:00+00:00, run_after=2021-01-01T00:00:00+00:00
[2025-02-14 18:19:25,818] {processor.py:161} INFO - Processing /opt/conda/lib/python3.8/site-packages/airflow/example_dags/example_trigger_controller_dag.py took 0.242 seconds
[2025-02-14 18:20:36,980] {processor.py:153} INFO - Started process (PID=8162) to work on /opt/conda/lib/python3.8/site-packages/airflow/example_dags/example_trigger_controller_dag.py
[2025-02-14 18:20:36,982] {processor.py:641} INFO - Processing file /opt/conda/lib/python3.8/site-packages/airflow/example_dags/example_trigger_controller_dag.py for tasks to queue
[2025-02-14 18:20:36,983] {logging_mixin.py:115} INFO - [2025-02-14 18:20:36,983] {dagbag.py:508} INFO - Filling up the DagBag from /opt/conda/lib/python3.8/site-packages/airflow/example_dags/example_trigger_controller_dag.py
[2025-02-14 18:20:36,986] {processor.py:651} INFO - DAG(s) dict_keys(['example_trigger_controller_dag']) retrieved from /opt/conda/lib/python3.8/site-packages/airflow/example_dags/example_trigger_controller_dag.py
[2025-02-14 18:20:37,180] {logging_mixin.py:115} INFO - [2025-02-14 18:20:37,180] {dag.py:2420} INFO - Sync 1 DAGs
[2025-02-14 18:20:37,199] {logging_mixin.py:115} INFO - [2025-02-14 18:20:37,198] {dag.py:2968} INFO - Setting next_dagrun for example_trigger_controller_dag to 2021-01-01T00:00:00+00:00, run_after=2021-01-01T00:00:00+00:00
[2025-02-14 18:20:37,222] {processor.py:161} INFO - Processing /opt/conda/lib/python3.8/site-packages/airflow/example_dags/example_trigger_controller_dag.py took 0.245 seconds
[2025-02-14 18:21:52,696] {processor.py:153} INFO - Started process (PID=8297) to work on /opt/conda/lib/python3.8/site-packages/airflow/example_dags/example_trigger_controller_dag.py
[2025-02-14 18:21:52,698] {processor.py:641} INFO - Processing file /opt/conda/lib/python3.8/site-packages/airflow/example_dags/example_trigger_controller_dag.py for tasks to queue
[2025-02-14 18:21:52,699] {logging_mixin.py:115} INFO - [2025-02-14 18:21:52,699] {dagbag.py:508} INFO - Filling up the DagBag from /opt/conda/lib/python3.8/site-packages/airflow/example_dags/example_trigger_controller_dag.py
[2025-02-14 18:21:52,702] {processor.py:651} INFO - DAG(s) dict_keys(['example_trigger_controller_dag']) retrieved from /opt/conda/lib/python3.8/site-packages/airflow/example_dags/example_trigger_controller_dag.py
[2025-02-14 18:21:52,722] {logging_mixin.py:115} INFO - [2025-02-14 18:21:52,722] {dag.py:2420} INFO - Sync 1 DAGs
[2025-02-14 18:21:52,743] {logging_mixin.py:115} INFO - [2025-02-14 18:21:52,743] {dag.py:2968} INFO - Setting next_dagrun for example_trigger_controller_dag to 2021-01-01T00:00:00+00:00, run_after=2021-01-01T00:00:00+00:00
[2025-02-14 18:21:52,766] {processor.py:161} INFO - Processing /opt/conda/lib/python3.8/site-packages/airflow/example_dags/example_trigger_controller_dag.py took 0.073 seconds
[2025-02-14 18:22:53,888] {processor.py:153} INFO - Started process (PID=8414) to work on /opt/conda/lib/python3.8/site-packages/airflow/example_dags/example_trigger_controller_dag.py
[2025-02-14 18:22:53,889] {processor.py:641} INFO - Processing file /opt/conda/lib/python3.8/site-packages/airflow/example_dags/example_trigger_controller_dag.py for tasks to queue
[2025-02-14 18:22:53,890] {logging_mixin.py:115} INFO - [2025-02-14 18:22:53,890] {dagbag.py:508} INFO - Filling up the DagBag from /opt/conda/lib/python3.8/site-packages/airflow/example_dags/example_trigger_controller_dag.py
[2025-02-14 18:22:53,893] {processor.py:651} INFO - DAG(s) dict_keys(['example_trigger_controller_dag']) retrieved from /opt/conda/lib/python3.8/site-packages/airflow/example_dags/example_trigger_controller_dag.py
[2025-02-14 18:22:53,908] {logging_mixin.py:115} INFO - [2025-02-14 18:22:53,908] {dag.py:2420} INFO - Sync 1 DAGs
[2025-02-14 18:22:53,926] {logging_mixin.py:115} INFO - [2025-02-14 18:22:53,926] {dag.py:2968} INFO - Setting next_dagrun for example_trigger_controller_dag to 2021-01-01T00:00:00+00:00, run_after=2021-01-01T00:00:00+00:00
[2025-02-14 18:22:53,947] {processor.py:161} INFO - Processing /opt/conda/lib/python3.8/site-packages/airflow/example_dags/example_trigger_controller_dag.py took 0.063 seconds
[2025-02-14 18:23:57,905] {processor.py:153} INFO - Started process (PID=8541) to work on /opt/conda/lib/python3.8/site-packages/airflow/example_dags/example_trigger_controller_dag.py
[2025-02-14 18:23:57,907] {processor.py:641} INFO - Processing file /opt/conda/lib/python3.8/site-packages/airflow/example_dags/example_trigger_controller_dag.py for tasks to queue
[2025-02-14 18:23:57,908] {logging_mixin.py:115} INFO - [2025-02-14 18:23:57,908] {dagbag.py:508} INFO - Filling up the DagBag from /opt/conda/lib/python3.8/site-packages/airflow/example_dags/example_trigger_controller_dag.py
[2025-02-14 18:23:57,911] {processor.py:651} INFO - DAG(s) dict_keys(['example_trigger_controller_dag']) retrieved from /opt/conda/lib/python3.8/site-packages/airflow/example_dags/example_trigger_controller_dag.py
[2025-02-14 18:23:57,928] {logging_mixin.py:115} INFO - [2025-02-14 18:23:57,928] {dag.py:2420} INFO - Sync 1 DAGs
[2025-02-14 18:23:57,946] {logging_mixin.py:115} INFO - [2025-02-14 18:23:57,946] {dag.py:2968} INFO - Setting next_dagrun for example_trigger_controller_dag to 2021-01-01T00:00:00+00:00, run_after=2021-01-01T00:00:00+00:00
[2025-02-14 18:23:57,968] {processor.py:161} INFO - Processing /opt/conda/lib/python3.8/site-packages/airflow/example_dags/example_trigger_controller_dag.py took 0.066 seconds
[2025-02-14 18:30:36,829] {processor.py:153} INFO - Started process (PID=8865) to work on /opt/conda/lib/python3.8/site-packages/airflow/example_dags/example_trigger_controller_dag.py
[2025-02-14 18:30:36,831] {processor.py:641} INFO - Processing file /opt/conda/lib/python3.8/site-packages/airflow/example_dags/example_trigger_controller_dag.py for tasks to queue
[2025-02-14 18:30:36,831] {logging_mixin.py:115} INFO - [2025-02-14 18:30:36,831] {dagbag.py:508} INFO - Filling up the DagBag from /opt/conda/lib/python3.8/site-packages/airflow/example_dags/example_trigger_controller_dag.py
[2025-02-14 18:30:36,834] {processor.py:651} INFO - DAG(s) dict_keys(['example_trigger_controller_dag']) retrieved from /opt/conda/lib/python3.8/site-packages/airflow/example_dags/example_trigger_controller_dag.py
[2025-02-14 18:30:36,967] {logging_mixin.py:115} INFO - [2025-02-14 18:30:36,967] {dag.py:2420} INFO - Sync 1 DAGs
[2025-02-14 18:30:36,978] {logging_mixin.py:115} INFO - [2025-02-14 18:30:36,978] {dag.py:2968} INFO - Setting next_dagrun for example_trigger_controller_dag to 2021-01-01T00:00:00+00:00, run_after=2021-01-01T00:00:00+00:00
[2025-02-14 18:30:36,997] {processor.py:161} INFO - Processing /opt/conda/lib/python3.8/site-packages/airflow/example_dags/example_trigger_controller_dag.py took 0.171 seconds
[2025-02-14 18:32:25,962] {processor.py:153} INFO - Started process (PID=9162) to work on /opt/conda/lib/python3.8/site-packages/airflow/example_dags/example_trigger_controller_dag.py
[2025-02-14 18:32:25,963] {processor.py:641} INFO - Processing file /opt/conda/lib/python3.8/site-packages/airflow/example_dags/example_trigger_controller_dag.py for tasks to queue
[2025-02-14 18:32:25,964] {logging_mixin.py:115} INFO - [2025-02-14 18:32:25,964] {dagbag.py:508} INFO - Filling up the DagBag from /opt/conda/lib/python3.8/site-packages/airflow/example_dags/example_trigger_controller_dag.py
[2025-02-14 18:32:25,967] {processor.py:651} INFO - DAG(s) dict_keys(['example_trigger_controller_dag']) retrieved from /opt/conda/lib/python3.8/site-packages/airflow/example_dags/example_trigger_controller_dag.py
[2025-02-14 18:32:26,097] {logging_mixin.py:115} INFO - [2025-02-14 18:32:26,097] {dag.py:2420} INFO - Sync 1 DAGs
[2025-02-14 18:32:26,108] {logging_mixin.py:115} INFO - [2025-02-14 18:32:26,108] {dag.py:2968} INFO - Setting next_dagrun for example_trigger_controller_dag to 2021-01-01T00:00:00+00:00, run_after=2021-01-01T00:00:00+00:00
[2025-02-14 18:32:26,128] {processor.py:161} INFO - Processing /opt/conda/lib/python3.8/site-packages/airflow/example_dags/example_trigger_controller_dag.py took 0.170 seconds
[2025-02-14 18:33:49,780] {processor.py:153} INFO - Started process (PID=9406) to work on /opt/conda/lib/python3.8/site-packages/airflow/example_dags/example_trigger_controller_dag.py
[2025-02-14 18:33:49,782] {processor.py:641} INFO - Processing file /opt/conda/lib/python3.8/site-packages/airflow/example_dags/example_trigger_controller_dag.py for tasks to queue
[2025-02-14 18:33:49,782] {logging_mixin.py:115} INFO - [2025-02-14 18:33:49,782] {dagbag.py:508} INFO - Filling up the DagBag from /opt/conda/lib/python3.8/site-packages/airflow/example_dags/example_trigger_controller_dag.py
[2025-02-14 18:33:49,785] {processor.py:651} INFO - DAG(s) dict_keys(['example_trigger_controller_dag']) retrieved from /opt/conda/lib/python3.8/site-packages/airflow/example_dags/example_trigger_controller_dag.py
[2025-02-14 18:33:49,907] {logging_mixin.py:115} INFO - [2025-02-14 18:33:49,907] {dag.py:2420} INFO - Sync 1 DAGs
[2025-02-14 18:33:49,918] {logging_mixin.py:115} INFO - [2025-02-14 18:33:49,918] {dag.py:2968} INFO - Setting next_dagrun for example_trigger_controller_dag to 2021-01-01T00:00:00+00:00, run_after=2021-01-01T00:00:00+00:00
[2025-02-14 18:33:49,938] {processor.py:161} INFO - Processing /opt/conda/lib/python3.8/site-packages/airflow/example_dags/example_trigger_controller_dag.py took 0.161 seconds
[2025-02-14 18:34:53,341] {processor.py:153} INFO - Started process (PID=9528) to work on /opt/conda/lib/python3.8/site-packages/airflow/example_dags/example_trigger_controller_dag.py
[2025-02-14 18:34:53,343] {processor.py:641} INFO - Processing file /opt/conda/lib/python3.8/site-packages/airflow/example_dags/example_trigger_controller_dag.py for tasks to queue
[2025-02-14 18:34:53,343] {logging_mixin.py:115} INFO - [2025-02-14 18:34:53,343] {dagbag.py:508} INFO - Filling up the DagBag from /opt/conda/lib/python3.8/site-packages/airflow/example_dags/example_trigger_controller_dag.py
[2025-02-14 18:34:53,346] {processor.py:651} INFO - DAG(s) dict_keys(['example_trigger_controller_dag']) retrieved from /opt/conda/lib/python3.8/site-packages/airflow/example_dags/example_trigger_controller_dag.py
[2025-02-14 18:34:53,362] {logging_mixin.py:115} INFO - [2025-02-14 18:34:53,362] {dag.py:2420} INFO - Sync 1 DAGs
[2025-02-14 18:34:53,380] {logging_mixin.py:115} INFO - [2025-02-14 18:34:53,380] {dag.py:2968} INFO - Setting next_dagrun for example_trigger_controller_dag to 2021-01-01T00:00:00+00:00, run_after=2021-01-01T00:00:00+00:00
[2025-02-14 18:34:53,403] {processor.py:161} INFO - Processing /opt/conda/lib/python3.8/site-packages/airflow/example_dags/example_trigger_controller_dag.py took 0.065 seconds
[2025-02-14 18:35:53,201] {processor.py:153} INFO - Started process (PID=9827) to work on /opt/conda/lib/python3.8/site-packages/airflow/example_dags/example_trigger_controller_dag.py
[2025-02-14 18:35:53,203] {processor.py:641} INFO - Processing file /opt/conda/lib/python3.8/site-packages/airflow/example_dags/example_trigger_controller_dag.py for tasks to queue
[2025-02-14 18:35:53,204] {logging_mixin.py:115} INFO - [2025-02-14 18:35:53,203] {dagbag.py:508} INFO - Filling up the DagBag from /opt/conda/lib/python3.8/site-packages/airflow/example_dags/example_trigger_controller_dag.py
[2025-02-14 18:35:53,207] {processor.py:651} INFO - DAG(s) dict_keys(['example_trigger_controller_dag']) retrieved from /opt/conda/lib/python3.8/site-packages/airflow/example_dags/example_trigger_controller_dag.py
[2025-02-14 18:35:53,222] {logging_mixin.py:115} INFO - [2025-02-14 18:35:53,222] {dag.py:2420} INFO - Sync 1 DAGs
[2025-02-14 18:35:53,240] {logging_mixin.py:115} INFO - [2025-02-14 18:35:53,239] {dag.py:2968} INFO - Setting next_dagrun for example_trigger_controller_dag to 2021-01-01T00:00:00+00:00, run_after=2021-01-01T00:00:00+00:00
[2025-02-14 18:35:53,267] {processor.py:161} INFO - Processing /opt/conda/lib/python3.8/site-packages/airflow/example_dags/example_trigger_controller_dag.py took 0.068 seconds
[2025-02-14 18:40:18,857] {processor.py:153} INFO - Started process (PID=986) to work on /opt/conda/lib/python3.8/site-packages/airflow/example_dags/example_trigger_controller_dag.py
[2025-02-14 18:40:18,859] {processor.py:641} INFO - Processing file /opt/conda/lib/python3.8/site-packages/airflow/example_dags/example_trigger_controller_dag.py for tasks to queue
[2025-02-14 18:40:18,859] {logging_mixin.py:115} INFO - [2025-02-14 18:40:18,859] {dagbag.py:508} INFO - Filling up the DagBag from /opt/conda/lib/python3.8/site-packages/airflow/example_dags/example_trigger_controller_dag.py
[2025-02-14 18:40:18,863] {processor.py:651} INFO - DAG(s) dict_keys(['example_trigger_controller_dag']) retrieved from /opt/conda/lib/python3.8/site-packages/airflow/example_dags/example_trigger_controller_dag.py
[2025-02-14 18:40:18,992] {logging_mixin.py:115} INFO - [2025-02-14 18:40:18,992] {dag.py:2420} INFO - Sync 1 DAGs
[2025-02-14 18:40:19,003] {logging_mixin.py:115} INFO - [2025-02-14 18:40:19,003] {dag.py:2968} INFO - Setting next_dagrun for example_trigger_controller_dag to 2021-01-01T00:00:00+00:00, run_after=2021-01-01T00:00:00+00:00
[2025-02-14 18:40:19,023] {processor.py:161} INFO - Processing /opt/conda/lib/python3.8/site-packages/airflow/example_dags/example_trigger_controller_dag.py took 0.169 seconds
[2025-02-14 18:41:20,413] {processor.py:153} INFO - Started process (PID=1098) to work on /opt/conda/lib/python3.8/site-packages/airflow/example_dags/example_trigger_controller_dag.py
[2025-02-14 18:41:20,414] {processor.py:641} INFO - Processing file /opt/conda/lib/python3.8/site-packages/airflow/example_dags/example_trigger_controller_dag.py for tasks to queue
[2025-02-14 18:41:20,415] {logging_mixin.py:115} INFO - [2025-02-14 18:41:20,415] {dagbag.py:508} INFO - Filling up the DagBag from /opt/conda/lib/python3.8/site-packages/airflow/example_dags/example_trigger_controller_dag.py
[2025-02-14 18:41:20,418] {processor.py:651} INFO - DAG(s) dict_keys(['example_trigger_controller_dag']) retrieved from /opt/conda/lib/python3.8/site-packages/airflow/example_dags/example_trigger_controller_dag.py
[2025-02-14 18:41:20,546] {logging_mixin.py:115} INFO - [2025-02-14 18:41:20,546] {dag.py:2420} INFO - Sync 1 DAGs
[2025-02-14 18:41:20,557] {logging_mixin.py:115} INFO - [2025-02-14 18:41:20,557] {dag.py:2968} INFO - Setting next_dagrun for example_trigger_controller_dag to 2021-01-01T00:00:00+00:00, run_after=2021-01-01T00:00:00+00:00
[2025-02-14 18:41:20,577] {processor.py:161} INFO - Processing /opt/conda/lib/python3.8/site-packages/airflow/example_dags/example_trigger_controller_dag.py took 0.167 seconds
[2025-02-14 18:42:22,905] {processor.py:153} INFO - Started process (PID=1210) to work on /opt/conda/lib/python3.8/site-packages/airflow/example_dags/example_trigger_controller_dag.py
[2025-02-14 18:42:22,906] {processor.py:641} INFO - Processing file /opt/conda/lib/python3.8/site-packages/airflow/example_dags/example_trigger_controller_dag.py for tasks to queue
[2025-02-14 18:42:22,907] {logging_mixin.py:115} INFO - [2025-02-14 18:42:22,907] {dagbag.py:508} INFO - Filling up the DagBag from /opt/conda/lib/python3.8/site-packages/airflow/example_dags/example_trigger_controller_dag.py
[2025-02-14 18:42:22,910] {processor.py:651} INFO - DAG(s) dict_keys(['example_trigger_controller_dag']) retrieved from /opt/conda/lib/python3.8/site-packages/airflow/example_dags/example_trigger_controller_dag.py
[2025-02-14 18:42:23,040] {logging_mixin.py:115} INFO - [2025-02-14 18:42:23,040] {dag.py:2420} INFO - Sync 1 DAGs
[2025-02-14 18:42:23,051] {logging_mixin.py:115} INFO - [2025-02-14 18:42:23,051] {dag.py:2968} INFO - Setting next_dagrun for example_trigger_controller_dag to 2021-01-01T00:00:00+00:00, run_after=2021-01-01T00:00:00+00:00
[2025-02-14 18:42:23,085] {processor.py:161} INFO - Processing /opt/conda/lib/python3.8/site-packages/airflow/example_dags/example_trigger_controller_dag.py took 0.183 seconds
[2025-02-14 18:43:35,477] {processor.py:153} INFO - Started process (PID=1344) to work on /opt/conda/lib/python3.8/site-packages/airflow/example_dags/example_trigger_controller_dag.py
[2025-02-14 18:43:35,478] {processor.py:641} INFO - Processing file /opt/conda/lib/python3.8/site-packages/airflow/example_dags/example_trigger_controller_dag.py for tasks to queue
[2025-02-14 18:43:35,479] {logging_mixin.py:115} INFO - [2025-02-14 18:43:35,479] {dagbag.py:508} INFO - Filling up the DagBag from /opt/conda/lib/python3.8/site-packages/airflow/example_dags/example_trigger_controller_dag.py
[2025-02-14 18:43:35,482] {processor.py:651} INFO - DAG(s) dict_keys(['example_trigger_controller_dag']) retrieved from /opt/conda/lib/python3.8/site-packages/airflow/example_dags/example_trigger_controller_dag.py
[2025-02-14 18:43:35,611] {logging_mixin.py:115} INFO - [2025-02-14 18:43:35,611] {dag.py:2420} INFO - Sync 1 DAGs
[2025-02-14 18:43:35,622] {logging_mixin.py:115} INFO - [2025-02-14 18:43:35,622] {dag.py:2968} INFO - Setting next_dagrun for example_trigger_controller_dag to 2021-01-01T00:00:00+00:00, run_after=2021-01-01T00:00:00+00:00
[2025-02-14 18:43:35,653] {processor.py:161} INFO - Processing /opt/conda/lib/python3.8/site-packages/airflow/example_dags/example_trigger_controller_dag.py took 0.179 seconds
[2025-02-14 18:44:34,517] {processor.py:153} INFO - Started process (PID=1455) to work on /opt/conda/lib/python3.8/site-packages/airflow/example_dags/example_trigger_controller_dag.py
[2025-02-14 18:44:34,519] {processor.py:641} INFO - Processing file /opt/conda/lib/python3.8/site-packages/airflow/example_dags/example_trigger_controller_dag.py for tasks to queue
[2025-02-14 18:44:34,519] {logging_mixin.py:115} INFO - [2025-02-14 18:44:34,519] {dagbag.py:508} INFO - Filling up the DagBag from /opt/conda/lib/python3.8/site-packages/airflow/example_dags/example_trigger_controller_dag.py
[2025-02-14 18:44:34,522] {processor.py:651} INFO - DAG(s) dict_keys(['example_trigger_controller_dag']) retrieved from /opt/conda/lib/python3.8/site-packages/airflow/example_dags/example_trigger_controller_dag.py
[2025-02-14 18:44:34,539] {logging_mixin.py:115} INFO - [2025-02-14 18:44:34,539] {dag.py:2420} INFO - Sync 1 DAGs
[2025-02-14 18:44:34,557] {logging_mixin.py:115} INFO - [2025-02-14 18:44:34,557] {dag.py:2968} INFO - Setting next_dagrun for example_trigger_controller_dag to 2021-01-01T00:00:00+00:00, run_after=2021-01-01T00:00:00+00:00
[2025-02-14 18:44:34,582] {processor.py:161} INFO - Processing /opt/conda/lib/python3.8/site-packages/airflow/example_dags/example_trigger_controller_dag.py took 0.068 seconds
[2025-02-14 18:45:30,762] {processor.py:153} INFO - Started process (PID=1566) to work on /opt/conda/lib/python3.8/site-packages/airflow/example_dags/example_trigger_controller_dag.py
[2025-02-14 18:45:30,763] {processor.py:641} INFO - Processing file /opt/conda/lib/python3.8/site-packages/airflow/example_dags/example_trigger_controller_dag.py for tasks to queue
[2025-02-14 18:45:30,764] {logging_mixin.py:115} INFO - [2025-02-14 18:45:30,764] {dagbag.py:508} INFO - Filling up the DagBag from /opt/conda/lib/python3.8/site-packages/airflow/example_dags/example_trigger_controller_dag.py
[2025-02-14 18:45:30,767] {processor.py:651} INFO - DAG(s) dict_keys(['example_trigger_controller_dag']) retrieved from /opt/conda/lib/python3.8/site-packages/airflow/example_dags/example_trigger_controller_dag.py
[2025-02-14 18:45:30,783] {logging_mixin.py:115} INFO - [2025-02-14 18:45:30,783] {dag.py:2420} INFO - Sync 1 DAGs
[2025-02-14 18:45:30,799] {logging_mixin.py:115} INFO - [2025-02-14 18:45:30,799] {dag.py:2968} INFO - Setting next_dagrun for example_trigger_controller_dag to 2021-01-01T00:00:00+00:00, run_after=2021-01-01T00:00:00+00:00
[2025-02-14 18:45:30,820] {processor.py:161} INFO - Processing /opt/conda/lib/python3.8/site-packages/airflow/example_dags/example_trigger_controller_dag.py took 0.062 seconds
[2025-02-14 18:46:25,957] {processor.py:153} INFO - Started process (PID=1677) to work on /opt/conda/lib/python3.8/site-packages/airflow/example_dags/example_trigger_controller_dag.py
[2025-02-14 18:46:25,959] {processor.py:641} INFO - Processing file /opt/conda/lib/python3.8/site-packages/airflow/example_dags/example_trigger_controller_dag.py for tasks to queue
[2025-02-14 18:46:25,959] {logging_mixin.py:115} INFO - [2025-02-14 18:46:25,959] {dagbag.py:508} INFO - Filling up the DagBag from /opt/conda/lib/python3.8/site-packages/airflow/example_dags/example_trigger_controller_dag.py
[2025-02-14 18:46:25,962] {processor.py:651} INFO - DAG(s) dict_keys(['example_trigger_controller_dag']) retrieved from /opt/conda/lib/python3.8/site-packages/airflow/example_dags/example_trigger_controller_dag.py
[2025-02-14 18:46:25,977] {logging_mixin.py:115} INFO - [2025-02-14 18:46:25,977] {dag.py:2420} INFO - Sync 1 DAGs
[2025-02-14 18:46:25,992] {logging_mixin.py:115} INFO - [2025-02-14 18:46:25,992] {dag.py:2968} INFO - Setting next_dagrun for example_trigger_controller_dag to 2021-01-01T00:00:00+00:00, run_after=2021-01-01T00:00:00+00:00
[2025-02-14 18:46:26,039] {processor.py:161} INFO - Processing /opt/conda/lib/python3.8/site-packages/airflow/example_dags/example_trigger_controller_dag.py took 0.085 seconds
[2025-02-14 18:54:46,465] {processor.py:153} INFO - Started process (PID=2231) to work on /opt/conda/lib/python3.8/site-packages/airflow/example_dags/example_trigger_controller_dag.py
[2025-02-14 18:54:46,467] {processor.py:641} INFO - Processing file /opt/conda/lib/python3.8/site-packages/airflow/example_dags/example_trigger_controller_dag.py for tasks to queue
[2025-02-14 18:54:46,468] {logging_mixin.py:115} INFO - [2025-02-14 18:54:46,468] {dagbag.py:508} INFO - Filling up the DagBag from /opt/conda/lib/python3.8/site-packages/airflow/example_dags/example_trigger_controller_dag.py
[2025-02-14 18:54:46,471] {processor.py:651} INFO - DAG(s) dict_keys(['example_trigger_controller_dag']) retrieved from /opt/conda/lib/python3.8/site-packages/airflow/example_dags/example_trigger_controller_dag.py
[2025-02-14 18:54:46,487] {logging_mixin.py:115} INFO - [2025-02-14 18:54:46,486] {dag.py:2420} INFO - Sync 1 DAGs
[2025-02-14 18:54:46,501] {logging_mixin.py:115} INFO - [2025-02-14 18:54:46,501] {dag.py:2968} INFO - Setting next_dagrun for example_trigger_controller_dag to 2021-01-01T00:00:00+00:00, run_after=2021-01-01T00:00:00+00:00
[2025-02-14 18:54:46,522] {processor.py:161} INFO - Processing /opt/conda/lib/python3.8/site-packages/airflow/example_dags/example_trigger_controller_dag.py took 0.060 seconds
[2025-02-14 19:03:16,293] {processor.py:153} INFO - Started process (PID=2710) to work on /opt/conda/lib/python3.8/site-packages/airflow/example_dags/example_trigger_controller_dag.py
[2025-02-14 19:03:16,295] {processor.py:641} INFO - Processing file /opt/conda/lib/python3.8/site-packages/airflow/example_dags/example_trigger_controller_dag.py for tasks to queue
[2025-02-14 19:03:16,295] {logging_mixin.py:115} INFO - [2025-02-14 19:03:16,295] {dagbag.py:508} INFO - Filling up the DagBag from /opt/conda/lib/python3.8/site-packages/airflow/example_dags/example_trigger_controller_dag.py
[2025-02-14 19:03:16,298] {processor.py:651} INFO - DAG(s) dict_keys(['example_trigger_controller_dag']) retrieved from /opt/conda/lib/python3.8/site-packages/airflow/example_dags/example_trigger_controller_dag.py
[2025-02-14 19:03:16,430] {logging_mixin.py:115} INFO - [2025-02-14 19:03:16,430] {dag.py:2420} INFO - Sync 1 DAGs
[2025-02-14 19:03:16,441] {logging_mixin.py:115} INFO - [2025-02-14 19:03:16,441] {dag.py:2968} INFO - Setting next_dagrun for example_trigger_controller_dag to 2021-01-01T00:00:00+00:00, run_after=2021-01-01T00:00:00+00:00
[2025-02-14 19:03:16,563] {processor.py:161} INFO - Processing /opt/conda/lib/python3.8/site-packages/airflow/example_dags/example_trigger_controller_dag.py took 0.274 seconds
[2025-02-14 19:04:20,993] {processor.py:153} INFO - Started process (PID=2824) to work on /opt/conda/lib/python3.8/site-packages/airflow/example_dags/example_trigger_controller_dag.py
[2025-02-14 19:04:20,995] {processor.py:641} INFO - Processing file /opt/conda/lib/python3.8/site-packages/airflow/example_dags/example_trigger_controller_dag.py for tasks to queue
[2025-02-14 19:04:20,995] {logging_mixin.py:115} INFO - [2025-02-14 19:04:20,995] {dagbag.py:508} INFO - Filling up the DagBag from /opt/conda/lib/python3.8/site-packages/airflow/example_dags/example_trigger_controller_dag.py
[2025-02-14 19:04:20,998] {processor.py:651} INFO - DAG(s) dict_keys(['example_trigger_controller_dag']) retrieved from /opt/conda/lib/python3.8/site-packages/airflow/example_dags/example_trigger_controller_dag.py
[2025-02-14 19:04:21,124] {logging_mixin.py:115} INFO - [2025-02-14 19:04:21,124] {dag.py:2420} INFO - Sync 1 DAGs
[2025-02-14 19:04:21,135] {logging_mixin.py:115} INFO - [2025-02-14 19:04:21,135] {dag.py:2968} INFO - Setting next_dagrun for example_trigger_controller_dag to 2021-01-01T00:00:00+00:00, run_after=2021-01-01T00:00:00+00:00
[2025-02-14 19:04:21,157] {processor.py:161} INFO - Processing /opt/conda/lib/python3.8/site-packages/airflow/example_dags/example_trigger_controller_dag.py took 0.167 seconds
[2025-02-14 19:05:23,464] {processor.py:153} INFO - Started process (PID=2937) to work on /opt/conda/lib/python3.8/site-packages/airflow/example_dags/example_trigger_controller_dag.py
[2025-02-14 19:05:23,466] {processor.py:641} INFO - Processing file /opt/conda/lib/python3.8/site-packages/airflow/example_dags/example_trigger_controller_dag.py for tasks to queue
[2025-02-14 19:05:23,466] {logging_mixin.py:115} INFO - [2025-02-14 19:05:23,466] {dagbag.py:508} INFO - Filling up the DagBag from /opt/conda/lib/python3.8/site-packages/airflow/example_dags/example_trigger_controller_dag.py
[2025-02-14 19:05:23,469] {processor.py:651} INFO - DAG(s) dict_keys(['example_trigger_controller_dag']) retrieved from /opt/conda/lib/python3.8/site-packages/airflow/example_dags/example_trigger_controller_dag.py
[2025-02-14 19:05:23,598] {logging_mixin.py:115} INFO - [2025-02-14 19:05:23,598] {dag.py:2420} INFO - Sync 1 DAGs
[2025-02-14 19:05:23,610] {logging_mixin.py:115} INFO - [2025-02-14 19:05:23,610] {dag.py:2968} INFO - Setting next_dagrun for example_trigger_controller_dag to 2021-01-01T00:00:00+00:00, run_after=2021-01-01T00:00:00+00:00
[2025-02-14 19:05:23,740] {processor.py:161} INFO - Processing /opt/conda/lib/python3.8/site-packages/airflow/example_dags/example_trigger_controller_dag.py took 0.279 seconds
[2025-02-14 19:06:29,170] {processor.py:153} INFO - Started process (PID=3051) to work on /opt/conda/lib/python3.8/site-packages/airflow/example_dags/example_trigger_controller_dag.py
[2025-02-14 19:06:29,171] {processor.py:641} INFO - Processing file /opt/conda/lib/python3.8/site-packages/airflow/example_dags/example_trigger_controller_dag.py for tasks to queue
[2025-02-14 19:06:29,172] {logging_mixin.py:115} INFO - [2025-02-14 19:06:29,172] {dagbag.py:508} INFO - Filling up the DagBag from /opt/conda/lib/python3.8/site-packages/airflow/example_dags/example_trigger_controller_dag.py
[2025-02-14 19:06:29,175] {processor.py:651} INFO - DAG(s) dict_keys(['example_trigger_controller_dag']) retrieved from /opt/conda/lib/python3.8/site-packages/airflow/example_dags/example_trigger_controller_dag.py
[2025-02-14 19:06:29,303] {logging_mixin.py:115} INFO - [2025-02-14 19:06:29,303] {dag.py:2420} INFO - Sync 1 DAGs
[2025-02-14 19:06:29,314] {logging_mixin.py:115} INFO - [2025-02-14 19:06:29,314] {dag.py:2968} INFO - Setting next_dagrun for example_trigger_controller_dag to 2021-01-01T00:00:00+00:00, run_after=2021-01-01T00:00:00+00:00
[2025-02-14 19:06:29,334] {processor.py:161} INFO - Processing /opt/conda/lib/python3.8/site-packages/airflow/example_dags/example_trigger_controller_dag.py took 0.168 seconds
[2025-02-14 19:07:36,047] {processor.py:153} INFO - Started process (PID=3174) to work on /opt/conda/lib/python3.8/site-packages/airflow/example_dags/example_trigger_controller_dag.py
[2025-02-14 19:07:36,048] {processor.py:641} INFO - Processing file /opt/conda/lib/python3.8/site-packages/airflow/example_dags/example_trigger_controller_dag.py for tasks to queue
[2025-02-14 19:07:36,049] {logging_mixin.py:115} INFO - [2025-02-14 19:07:36,049] {dagbag.py:508} INFO - Filling up the DagBag from /opt/conda/lib/python3.8/site-packages/airflow/example_dags/example_trigger_controller_dag.py
[2025-02-14 19:07:36,052] {processor.py:651} INFO - DAG(s) dict_keys(['example_trigger_controller_dag']) retrieved from /opt/conda/lib/python3.8/site-packages/airflow/example_dags/example_trigger_controller_dag.py
[2025-02-14 19:07:36,067] {logging_mixin.py:115} INFO - [2025-02-14 19:07:36,067] {dag.py:2420} INFO - Sync 1 DAGs
[2025-02-14 19:07:36,084] {logging_mixin.py:115} INFO - [2025-02-14 19:07:36,084] {dag.py:2968} INFO - Setting next_dagrun for example_trigger_controller_dag to 2021-01-01T00:00:00+00:00, run_after=2021-01-01T00:00:00+00:00
[2025-02-14 19:07:36,107] {processor.py:161} INFO - Processing /opt/conda/lib/python3.8/site-packages/airflow/example_dags/example_trigger_controller_dag.py took 0.064 seconds
[2025-02-14 19:08:32,485] {processor.py:153} INFO - Started process (PID=3286) to work on /opt/conda/lib/python3.8/site-packages/airflow/example_dags/example_trigger_controller_dag.py
[2025-02-14 19:08:32,486] {processor.py:641} INFO - Processing file /opt/conda/lib/python3.8/site-packages/airflow/example_dags/example_trigger_controller_dag.py for tasks to queue
[2025-02-14 19:08:32,487] {logging_mixin.py:115} INFO - [2025-02-14 19:08:32,487] {dagbag.py:508} INFO - Filling up the DagBag from /opt/conda/lib/python3.8/site-packages/airflow/example_dags/example_trigger_controller_dag.py
[2025-02-14 19:08:32,490] {processor.py:651} INFO - DAG(s) dict_keys(['example_trigger_controller_dag']) retrieved from /opt/conda/lib/python3.8/site-packages/airflow/example_dags/example_trigger_controller_dag.py
[2025-02-14 19:08:32,506] {logging_mixin.py:115} INFO - [2025-02-14 19:08:32,506] {dag.py:2420} INFO - Sync 1 DAGs
[2025-02-14 19:08:32,524] {logging_mixin.py:115} INFO - [2025-02-14 19:08:32,524] {dag.py:2968} INFO - Setting next_dagrun for example_trigger_controller_dag to 2021-01-01T00:00:00+00:00, run_after=2021-01-01T00:00:00+00:00
[2025-02-14 19:08:32,546] {processor.py:161} INFO - Processing /opt/conda/lib/python3.8/site-packages/airflow/example_dags/example_trigger_controller_dag.py took 0.065 seconds
[2025-02-14 19:09:30,540] {processor.py:153} INFO - Started process (PID=3398) to work on /opt/conda/lib/python3.8/site-packages/airflow/example_dags/example_trigger_controller_dag.py
[2025-02-14 19:09:30,542] {processor.py:641} INFO - Processing file /opt/conda/lib/python3.8/site-packages/airflow/example_dags/example_trigger_controller_dag.py for tasks to queue
[2025-02-14 19:09:30,542] {logging_mixin.py:115} INFO - [2025-02-14 19:09:30,542] {dagbag.py:508} INFO - Filling up the DagBag from /opt/conda/lib/python3.8/site-packages/airflow/example_dags/example_trigger_controller_dag.py
[2025-02-14 19:09:30,545] {processor.py:651} INFO - DAG(s) dict_keys(['example_trigger_controller_dag']) retrieved from /opt/conda/lib/python3.8/site-packages/airflow/example_dags/example_trigger_controller_dag.py
[2025-02-14 19:09:30,562] {logging_mixin.py:115} INFO - [2025-02-14 19:09:30,562] {dag.py:2420} INFO - Sync 1 DAGs
[2025-02-14 19:09:30,578] {logging_mixin.py:115} INFO - [2025-02-14 19:09:30,578] {dag.py:2968} INFO - Setting next_dagrun for example_trigger_controller_dag to 2021-01-01T00:00:00+00:00, run_after=2021-01-01T00:00:00+00:00
[2025-02-14 19:09:30,599] {processor.py:161} INFO - Processing /opt/conda/lib/python3.8/site-packages/airflow/example_dags/example_trigger_controller_dag.py took 0.062 seconds
