[2025-02-14 13:59:58,429] {processor.py:153} INFO - Started process (PID=1845) to work on /opt/conda/lib/python3.8/site-packages/airflow/example_dags/example_subdag_operator.py
[2025-02-14 13:59:58,430] {processor.py:641} INFO - Processing file /opt/conda/lib/python3.8/site-packages/airflow/example_dags/example_subdag_operator.py for tasks to queue
[2025-02-14 13:59:58,431] {logging_mixin.py:115} INFO - [2025-02-14 13:59:58,430] {dagbag.py:508} INFO - Filling up the DagBag from /opt/conda/lib/python3.8/site-packages/airflow/example_dags/example_subdag_operator.py
[2025-02-14 13:59:58,572] {processor.py:651} INFO - DAG(s) dict_keys(['example_subdag_operator.section-1', 'example_subdag_operator.section-2', 'example_subdag_operator']) retrieved from /opt/conda/lib/python3.8/site-packages/airflow/example_dags/example_subdag_operator.py
[2025-02-14 13:59:58,650] {logging_mixin.py:115} INFO - [2025-02-14 13:59:58,649] {manager.py:508} INFO - Created Permission View: can read on DAG:example_subdag_operator
[2025-02-14 13:59:58,667] {logging_mixin.py:115} INFO - [2025-02-14 13:59:58,667] {manager.py:508} INFO - Created Permission View: can delete on DAG:example_subdag_operator
[2025-02-14 13:59:58,683] {logging_mixin.py:115} INFO - [2025-02-14 13:59:58,683] {manager.py:508} INFO - Created Permission View: can edit on DAG:example_subdag_operator
[2025-02-14 13:59:58,683] {logging_mixin.py:115} INFO - [2025-02-14 13:59:58,683] {dag.py:2420} INFO - Sync 3 DAGs
[2025-02-14 13:59:58,689] {logging_mixin.py:115} INFO - [2025-02-14 13:59:58,689] {dag.py:2439} INFO - Creating ORM DAG for example_subdag_operator.section-1
[2025-02-14 13:59:58,689] {logging_mixin.py:115} INFO - [2025-02-14 13:59:58,689] {dag.py:2439} INFO - Creating ORM DAG for example_subdag_operator
[2025-02-14 13:59:58,691] {logging_mixin.py:115} INFO - [2025-02-14 13:59:58,691] {dag.py:2439} INFO - Creating ORM DAG for example_subdag_operator.section-2
[2025-02-14 13:59:58,699] {logging_mixin.py:115} INFO - [2025-02-14 13:59:58,699] {dag.py:2968} INFO - Setting next_dagrun for example_subdag_operator to 2022-01-01T00:00:00+00:00, run_after=2022-01-01T00:00:00+00:00
[2025-02-14 13:59:58,699] {logging_mixin.py:115} INFO - [2025-02-14 13:59:58,699] {dag.py:2968} INFO - Setting next_dagrun for example_subdag_operator.section-1 to None, run_after=None
[2025-02-14 13:59:58,700] {logging_mixin.py:115} INFO - [2025-02-14 13:59:58,700] {dag.py:2968} INFO - Setting next_dagrun for example_subdag_operator.section-2 to None, run_after=None
[2025-02-14 13:59:58,705] {logging_mixin.py:115} INFO - [2025-02-14 13:59:58,705] {dag.py:2420} INFO - Sync 2 DAGs
[2025-02-14 13:59:58,708] {logging_mixin.py:115} INFO - [2025-02-14 13:59:58,708] {dag.py:2968} INFO - Setting next_dagrun for example_subdag_operator.section-1 to None, run_after=None
[2025-02-14 13:59:58,708] {logging_mixin.py:115} INFO - [2025-02-14 13:59:58,708] {dag.py:2968} INFO - Setting next_dagrun for example_subdag_operator.section-2 to None, run_after=None
[2025-02-14 13:59:58,729] {processor.py:161} INFO - Processing /opt/conda/lib/python3.8/site-packages/airflow/example_dags/example_subdag_operator.py took 0.303 seconds
[2025-02-14 14:00:52,747] {processor.py:153} INFO - Started process (PID=1888) to work on /opt/conda/lib/python3.8/site-packages/airflow/example_dags/example_subdag_operator.py
[2025-02-14 14:00:52,748] {processor.py:641} INFO - Processing file /opt/conda/lib/python3.8/site-packages/airflow/example_dags/example_subdag_operator.py for tasks to queue
[2025-02-14 14:00:52,749] {logging_mixin.py:115} INFO - [2025-02-14 14:00:52,749] {dagbag.py:508} INFO - Filling up the DagBag from /opt/conda/lib/python3.8/site-packages/airflow/example_dags/example_subdag_operator.py
[2025-02-14 14:00:52,961] {processor.py:651} INFO - DAG(s) dict_keys(['example_subdag_operator.section-1', 'example_subdag_operator.section-2', 'example_subdag_operator']) retrieved from /opt/conda/lib/python3.8/site-packages/airflow/example_dags/example_subdag_operator.py
[2025-02-14 14:00:52,995] {logging_mixin.py:115} INFO - [2025-02-14 14:00:52,995] {dag.py:2420} INFO - Sync 3 DAGs
[2025-02-14 14:00:53,013] {logging_mixin.py:115} INFO - [2025-02-14 14:00:53,013] {dag.py:2968} INFO - Setting next_dagrun for example_subdag_operator to 2022-01-01T00:00:00+00:00, run_after=2022-01-01T00:00:00+00:00
[2025-02-14 14:00:53,014] {logging_mixin.py:115} INFO - [2025-02-14 14:00:53,014] {dag.py:2968} INFO - Setting next_dagrun for example_subdag_operator.section-1 to None, run_after=None
[2025-02-14 14:00:53,014] {logging_mixin.py:115} INFO - [2025-02-14 14:00:53,014] {dag.py:2968} INFO - Setting next_dagrun for example_subdag_operator.section-2 to None, run_after=None
[2025-02-14 14:00:53,020] {logging_mixin.py:115} INFO - [2025-02-14 14:00:53,019] {dag.py:2420} INFO - Sync 2 DAGs
[2025-02-14 14:00:53,024] {logging_mixin.py:115} INFO - [2025-02-14 14:00:53,024] {dag.py:2968} INFO - Setting next_dagrun for example_subdag_operator.section-1 to None, run_after=None
[2025-02-14 14:00:53,024] {logging_mixin.py:115} INFO - [2025-02-14 14:00:53,024] {dag.py:2968} INFO - Setting next_dagrun for example_subdag_operator.section-2 to None, run_after=None
[2025-02-14 14:00:53,045] {processor.py:161} INFO - Processing /opt/conda/lib/python3.8/site-packages/airflow/example_dags/example_subdag_operator.py took 0.302 seconds
[2025-02-14 14:01:37,297] {processor.py:153} INFO - Started process (PID=1929) to work on /opt/conda/lib/python3.8/site-packages/airflow/example_dags/example_subdag_operator.py
[2025-02-14 14:01:37,299] {processor.py:641} INFO - Processing file /opt/conda/lib/python3.8/site-packages/airflow/example_dags/example_subdag_operator.py for tasks to queue
[2025-02-14 14:01:37,299] {logging_mixin.py:115} INFO - [2025-02-14 14:01:37,299] {dagbag.py:508} INFO - Filling up the DagBag from /opt/conda/lib/python3.8/site-packages/airflow/example_dags/example_subdag_operator.py
[2025-02-14 14:01:37,445] {processor.py:651} INFO - DAG(s) dict_keys(['example_subdag_operator.section-1', 'example_subdag_operator.section-2', 'example_subdag_operator']) retrieved from /opt/conda/lib/python3.8/site-packages/airflow/example_dags/example_subdag_operator.py
[2025-02-14 14:01:37,466] {logging_mixin.py:115} INFO - [2025-02-14 14:01:37,466] {dag.py:2420} INFO - Sync 3 DAGs
[2025-02-14 14:01:37,477] {logging_mixin.py:115} INFO - [2025-02-14 14:01:37,477] {dag.py:2968} INFO - Setting next_dagrun for example_subdag_operator to 2022-01-01T00:00:00+00:00, run_after=2022-01-01T00:00:00+00:00
[2025-02-14 14:01:37,477] {logging_mixin.py:115} INFO - [2025-02-14 14:01:37,477] {dag.py:2968} INFO - Setting next_dagrun for example_subdag_operator.section-1 to None, run_after=None
[2025-02-14 14:01:37,477] {logging_mixin.py:115} INFO - [2025-02-14 14:01:37,477] {dag.py:2968} INFO - Setting next_dagrun for example_subdag_operator.section-2 to None, run_after=None
[2025-02-14 14:01:37,481] {logging_mixin.py:115} INFO - [2025-02-14 14:01:37,481] {dag.py:2420} INFO - Sync 2 DAGs
[2025-02-14 14:01:37,484] {logging_mixin.py:115} INFO - [2025-02-14 14:01:37,484] {dag.py:2968} INFO - Setting next_dagrun for example_subdag_operator.section-1 to None, run_after=None
[2025-02-14 14:01:37,484] {logging_mixin.py:115} INFO - [2025-02-14 14:01:37,484] {dag.py:2968} INFO - Setting next_dagrun for example_subdag_operator.section-2 to None, run_after=None
[2025-02-14 14:01:37,502] {processor.py:161} INFO - Processing /opt/conda/lib/python3.8/site-packages/airflow/example_dags/example_subdag_operator.py took 0.207 seconds
[2025-02-14 14:02:21,734] {processor.py:153} INFO - Started process (PID=1969) to work on /opt/conda/lib/python3.8/site-packages/airflow/example_dags/example_subdag_operator.py
[2025-02-14 14:02:21,736] {processor.py:641} INFO - Processing file /opt/conda/lib/python3.8/site-packages/airflow/example_dags/example_subdag_operator.py for tasks to queue
[2025-02-14 14:02:21,736] {logging_mixin.py:115} INFO - [2025-02-14 14:02:21,736] {dagbag.py:508} INFO - Filling up the DagBag from /opt/conda/lib/python3.8/site-packages/airflow/example_dags/example_subdag_operator.py
[2025-02-14 14:02:21,876] {processor.py:651} INFO - DAG(s) dict_keys(['example_subdag_operator.section-1', 'example_subdag_operator.section-2', 'example_subdag_operator']) retrieved from /opt/conda/lib/python3.8/site-packages/airflow/example_dags/example_subdag_operator.py
[2025-02-14 14:02:21,897] {logging_mixin.py:115} INFO - [2025-02-14 14:02:21,897] {dag.py:2420} INFO - Sync 3 DAGs
[2025-02-14 14:02:21,909] {logging_mixin.py:115} INFO - [2025-02-14 14:02:21,908] {dag.py:2968} INFO - Setting next_dagrun for example_subdag_operator to 2022-01-01T00:00:00+00:00, run_after=2022-01-01T00:00:00+00:00
[2025-02-14 14:02:21,909] {logging_mixin.py:115} INFO - [2025-02-14 14:02:21,909] {dag.py:2968} INFO - Setting next_dagrun for example_subdag_operator.section-1 to None, run_after=None
[2025-02-14 14:02:21,909] {logging_mixin.py:115} INFO - [2025-02-14 14:02:21,909] {dag.py:2968} INFO - Setting next_dagrun for example_subdag_operator.section-2 to None, run_after=None
[2025-02-14 14:02:21,912] {logging_mixin.py:115} INFO - [2025-02-14 14:02:21,912] {dag.py:2420} INFO - Sync 2 DAGs
[2025-02-14 14:02:21,915] {logging_mixin.py:115} INFO - [2025-02-14 14:02:21,915] {dag.py:2968} INFO - Setting next_dagrun for example_subdag_operator.section-1 to None, run_after=None
[2025-02-14 14:02:21,915] {logging_mixin.py:115} INFO - [2025-02-14 14:02:21,915] {dag.py:2968} INFO - Setting next_dagrun for example_subdag_operator.section-2 to None, run_after=None
[2025-02-14 14:02:21,932] {processor.py:161} INFO - Processing /opt/conda/lib/python3.8/site-packages/airflow/example_dags/example_subdag_operator.py took 0.200 seconds
[2025-02-14 14:03:07,422] {processor.py:153} INFO - Started process (PID=2010) to work on /opt/conda/lib/python3.8/site-packages/airflow/example_dags/example_subdag_operator.py
[2025-02-14 14:03:07,423] {processor.py:641} INFO - Processing file /opt/conda/lib/python3.8/site-packages/airflow/example_dags/example_subdag_operator.py for tasks to queue
[2025-02-14 14:03:07,424] {logging_mixin.py:115} INFO - [2025-02-14 14:03:07,424] {dagbag.py:508} INFO - Filling up the DagBag from /opt/conda/lib/python3.8/site-packages/airflow/example_dags/example_subdag_operator.py
[2025-02-14 14:03:07,577] {processor.py:651} INFO - DAG(s) dict_keys(['example_subdag_operator.section-1', 'example_subdag_operator.section-2', 'example_subdag_operator']) retrieved from /opt/conda/lib/python3.8/site-packages/airflow/example_dags/example_subdag_operator.py
[2025-02-14 14:03:07,597] {logging_mixin.py:115} INFO - [2025-02-14 14:03:07,597] {dag.py:2420} INFO - Sync 3 DAGs
[2025-02-14 14:03:07,609] {logging_mixin.py:115} INFO - [2025-02-14 14:03:07,609] {dag.py:2968} INFO - Setting next_dagrun for example_subdag_operator to 2022-01-01T00:00:00+00:00, run_after=2022-01-01T00:00:00+00:00
[2025-02-14 14:03:07,609] {logging_mixin.py:115} INFO - [2025-02-14 14:03:07,609] {dag.py:2968} INFO - Setting next_dagrun for example_subdag_operator.section-1 to None, run_after=None
[2025-02-14 14:03:07,609] {logging_mixin.py:115} INFO - [2025-02-14 14:03:07,609] {dag.py:2968} INFO - Setting next_dagrun for example_subdag_operator.section-2 to None, run_after=None
[2025-02-14 14:03:07,613] {logging_mixin.py:115} INFO - [2025-02-14 14:03:07,613] {dag.py:2420} INFO - Sync 2 DAGs
[2025-02-14 14:03:07,616] {logging_mixin.py:115} INFO - [2025-02-14 14:03:07,616] {dag.py:2968} INFO - Setting next_dagrun for example_subdag_operator.section-1 to None, run_after=None
[2025-02-14 14:03:07,616] {logging_mixin.py:115} INFO - [2025-02-14 14:03:07,616] {dag.py:2968} INFO - Setting next_dagrun for example_subdag_operator.section-2 to None, run_after=None
[2025-02-14 14:03:07,635] {processor.py:161} INFO - Processing /opt/conda/lib/python3.8/site-packages/airflow/example_dags/example_subdag_operator.py took 0.217 seconds
[2025-02-14 14:03:49,597] {processor.py:153} INFO - Started process (PID=2048) to work on /opt/conda/lib/python3.8/site-packages/airflow/example_dags/example_subdag_operator.py
[2025-02-14 14:03:49,598] {processor.py:641} INFO - Processing file /opt/conda/lib/python3.8/site-packages/airflow/example_dags/example_subdag_operator.py for tasks to queue
[2025-02-14 14:03:49,599] {logging_mixin.py:115} INFO - [2025-02-14 14:03:49,598] {dagbag.py:508} INFO - Filling up the DagBag from /opt/conda/lib/python3.8/site-packages/airflow/example_dags/example_subdag_operator.py
[2025-02-14 14:03:49,735] {processor.py:651} INFO - DAG(s) dict_keys(['example_subdag_operator.section-1', 'example_subdag_operator.section-2', 'example_subdag_operator']) retrieved from /opt/conda/lib/python3.8/site-packages/airflow/example_dags/example_subdag_operator.py
[2025-02-14 14:03:49,757] {logging_mixin.py:115} INFO - [2025-02-14 14:03:49,756] {dag.py:2420} INFO - Sync 3 DAGs
[2025-02-14 14:03:49,768] {logging_mixin.py:115} INFO - [2025-02-14 14:03:49,768] {dag.py:2968} INFO - Setting next_dagrun for example_subdag_operator to 2022-01-01T00:00:00+00:00, run_after=2022-01-01T00:00:00+00:00
[2025-02-14 14:03:49,768] {logging_mixin.py:115} INFO - [2025-02-14 14:03:49,768] {dag.py:2968} INFO - Setting next_dagrun for example_subdag_operator.section-1 to None, run_after=None
[2025-02-14 14:03:49,768] {logging_mixin.py:115} INFO - [2025-02-14 14:03:49,768] {dag.py:2968} INFO - Setting next_dagrun for example_subdag_operator.section-2 to None, run_after=None
[2025-02-14 14:03:49,772] {logging_mixin.py:115} INFO - [2025-02-14 14:03:49,772] {dag.py:2420} INFO - Sync 2 DAGs
[2025-02-14 14:03:49,775] {logging_mixin.py:115} INFO - [2025-02-14 14:03:49,775] {dag.py:2968} INFO - Setting next_dagrun for example_subdag_operator.section-1 to None, run_after=None
[2025-02-14 14:03:49,775] {logging_mixin.py:115} INFO - [2025-02-14 14:03:49,775] {dag.py:2968} INFO - Setting next_dagrun for example_subdag_operator.section-2 to None, run_after=None
[2025-02-14 14:03:49,792] {processor.py:161} INFO - Processing /opt/conda/lib/python3.8/site-packages/airflow/example_dags/example_subdag_operator.py took 0.199 seconds
[2025-02-14 14:05:42,253] {processor.py:153} INFO - Started process (PID=2189) to work on /opt/conda/lib/python3.8/site-packages/airflow/example_dags/example_subdag_operator.py
[2025-02-14 14:05:42,255] {processor.py:641} INFO - Processing file /opt/conda/lib/python3.8/site-packages/airflow/example_dags/example_subdag_operator.py for tasks to queue
[2025-02-14 14:05:42,256] {logging_mixin.py:115} INFO - [2025-02-14 14:05:42,256] {dagbag.py:508} INFO - Filling up the DagBag from /opt/conda/lib/python3.8/site-packages/airflow/example_dags/example_subdag_operator.py
[2025-02-14 14:05:42,391] {processor.py:651} INFO - DAG(s) dict_keys(['example_subdag_operator.section-1', 'example_subdag_operator.section-2', 'example_subdag_operator']) retrieved from /opt/conda/lib/python3.8/site-packages/airflow/example_dags/example_subdag_operator.py
[2025-02-14 14:05:42,411] {logging_mixin.py:115} INFO - [2025-02-14 14:05:42,411] {dag.py:2420} INFO - Sync 3 DAGs
[2025-02-14 14:05:42,423] {logging_mixin.py:115} INFO - [2025-02-14 14:05:42,423] {dag.py:2968} INFO - Setting next_dagrun for example_subdag_operator to 2022-01-01T00:00:00+00:00, run_after=2022-01-01T00:00:00+00:00
[2025-02-14 14:05:42,423] {logging_mixin.py:115} INFO - [2025-02-14 14:05:42,423] {dag.py:2968} INFO - Setting next_dagrun for example_subdag_operator.section-1 to None, run_after=None
[2025-02-14 14:05:42,423] {logging_mixin.py:115} INFO - [2025-02-14 14:05:42,423] {dag.py:2968} INFO - Setting next_dagrun for example_subdag_operator.section-2 to None, run_after=None
[2025-02-14 14:05:42,427] {logging_mixin.py:115} INFO - [2025-02-14 14:05:42,427] {dag.py:2420} INFO - Sync 2 DAGs
[2025-02-14 14:05:42,430] {logging_mixin.py:115} INFO - [2025-02-14 14:05:42,430] {dag.py:2968} INFO - Setting next_dagrun for example_subdag_operator.section-1 to None, run_after=None
[2025-02-14 14:05:42,430] {logging_mixin.py:115} INFO - [2025-02-14 14:05:42,430] {dag.py:2968} INFO - Setting next_dagrun for example_subdag_operator.section-2 to None, run_after=None
[2025-02-14 14:05:42,448] {processor.py:161} INFO - Processing /opt/conda/lib/python3.8/site-packages/airflow/example_dags/example_subdag_operator.py took 0.198 seconds
[2025-02-14 14:06:26,533] {processor.py:153} INFO - Started process (PID=2243) to work on /opt/conda/lib/python3.8/site-packages/airflow/example_dags/example_subdag_operator.py
[2025-02-14 14:06:26,535] {processor.py:641} INFO - Processing file /opt/conda/lib/python3.8/site-packages/airflow/example_dags/example_subdag_operator.py for tasks to queue
[2025-02-14 14:06:26,535] {logging_mixin.py:115} INFO - [2025-02-14 14:06:26,535] {dagbag.py:508} INFO - Filling up the DagBag from /opt/conda/lib/python3.8/site-packages/airflow/example_dags/example_subdag_operator.py
[2025-02-14 14:06:26,679] {processor.py:651} INFO - DAG(s) dict_keys(['example_subdag_operator.section-1', 'example_subdag_operator.section-2', 'example_subdag_operator']) retrieved from /opt/conda/lib/python3.8/site-packages/airflow/example_dags/example_subdag_operator.py
[2025-02-14 14:06:26,701] {logging_mixin.py:115} INFO - [2025-02-14 14:06:26,701] {dag.py:2420} INFO - Sync 3 DAGs
[2025-02-14 14:06:26,712] {logging_mixin.py:115} INFO - [2025-02-14 14:06:26,712] {dag.py:2968} INFO - Setting next_dagrun for example_subdag_operator to 2022-01-01T00:00:00+00:00, run_after=2022-01-01T00:00:00+00:00
[2025-02-14 14:06:26,712] {logging_mixin.py:115} INFO - [2025-02-14 14:06:26,712] {dag.py:2968} INFO - Setting next_dagrun for example_subdag_operator.section-1 to None, run_after=None
[2025-02-14 14:06:26,713] {logging_mixin.py:115} INFO - [2025-02-14 14:06:26,713] {dag.py:2968} INFO - Setting next_dagrun for example_subdag_operator.section-2 to None, run_after=None
[2025-02-14 14:06:26,716] {logging_mixin.py:115} INFO - [2025-02-14 14:06:26,716] {dag.py:2420} INFO - Sync 2 DAGs
[2025-02-14 14:06:26,719] {logging_mixin.py:115} INFO - [2025-02-14 14:06:26,719] {dag.py:2968} INFO - Setting next_dagrun for example_subdag_operator.section-1 to None, run_after=None
[2025-02-14 14:06:26,719] {logging_mixin.py:115} INFO - [2025-02-14 14:06:26,719] {dag.py:2968} INFO - Setting next_dagrun for example_subdag_operator.section-2 to None, run_after=None
[2025-02-14 14:06:26,735] {processor.py:161} INFO - Processing /opt/conda/lib/python3.8/site-packages/airflow/example_dags/example_subdag_operator.py took 0.205 seconds
[2025-02-14 14:07:18,417] {processor.py:153} INFO - Started process (PID=2302) to work on /opt/conda/lib/python3.8/site-packages/airflow/example_dags/example_subdag_operator.py
[2025-02-14 14:07:18,419] {processor.py:641} INFO - Processing file /opt/conda/lib/python3.8/site-packages/airflow/example_dags/example_subdag_operator.py for tasks to queue
[2025-02-14 14:07:18,419] {logging_mixin.py:115} INFO - [2025-02-14 14:07:18,419] {dagbag.py:508} INFO - Filling up the DagBag from /opt/conda/lib/python3.8/site-packages/airflow/example_dags/example_subdag_operator.py
[2025-02-14 14:07:18,564] {processor.py:651} INFO - DAG(s) dict_keys(['example_subdag_operator.section-1', 'example_subdag_operator.section-2', 'example_subdag_operator']) retrieved from /opt/conda/lib/python3.8/site-packages/airflow/example_dags/example_subdag_operator.py
[2025-02-14 14:07:18,585] {logging_mixin.py:115} INFO - [2025-02-14 14:07:18,585] {dag.py:2420} INFO - Sync 3 DAGs
[2025-02-14 14:07:18,597] {logging_mixin.py:115} INFO - [2025-02-14 14:07:18,597] {dag.py:2968} INFO - Setting next_dagrun for example_subdag_operator to 2022-01-01T00:00:00+00:00, run_after=2022-01-01T00:00:00+00:00
[2025-02-14 14:07:18,597] {logging_mixin.py:115} INFO - [2025-02-14 14:07:18,597] {dag.py:2968} INFO - Setting next_dagrun for example_subdag_operator.section-1 to None, run_after=None
[2025-02-14 14:07:18,597] {logging_mixin.py:115} INFO - [2025-02-14 14:07:18,597] {dag.py:2968} INFO - Setting next_dagrun for example_subdag_operator.section-2 to None, run_after=None
[2025-02-14 14:07:18,601] {logging_mixin.py:115} INFO - [2025-02-14 14:07:18,601] {dag.py:2420} INFO - Sync 2 DAGs
[2025-02-14 14:07:18,604] {logging_mixin.py:115} INFO - [2025-02-14 14:07:18,604] {dag.py:2968} INFO - Setting next_dagrun for example_subdag_operator.section-1 to None, run_after=None
[2025-02-14 14:07:18,604] {logging_mixin.py:115} INFO - [2025-02-14 14:07:18,604] {dag.py:2968} INFO - Setting next_dagrun for example_subdag_operator.section-2 to None, run_after=None
[2025-02-14 14:07:18,620] {processor.py:161} INFO - Processing /opt/conda/lib/python3.8/site-packages/airflow/example_dags/example_subdag_operator.py took 0.206 seconds
[2025-02-14 14:08:04,873] {processor.py:153} INFO - Started process (PID=2343) to work on /opt/conda/lib/python3.8/site-packages/airflow/example_dags/example_subdag_operator.py
[2025-02-14 14:08:04,875] {processor.py:641} INFO - Processing file /opt/conda/lib/python3.8/site-packages/airflow/example_dags/example_subdag_operator.py for tasks to queue
[2025-02-14 14:08:04,875] {logging_mixin.py:115} INFO - [2025-02-14 14:08:04,875] {dagbag.py:508} INFO - Filling up the DagBag from /opt/conda/lib/python3.8/site-packages/airflow/example_dags/example_subdag_operator.py
[2025-02-14 14:08:05,011] {processor.py:651} INFO - DAG(s) dict_keys(['example_subdag_operator.section-1', 'example_subdag_operator.section-2', 'example_subdag_operator']) retrieved from /opt/conda/lib/python3.8/site-packages/airflow/example_dags/example_subdag_operator.py
[2025-02-14 14:08:05,032] {logging_mixin.py:115} INFO - [2025-02-14 14:08:05,032] {dag.py:2420} INFO - Sync 3 DAGs
[2025-02-14 14:08:05,044] {logging_mixin.py:115} INFO - [2025-02-14 14:08:05,044] {dag.py:2968} INFO - Setting next_dagrun for example_subdag_operator to 2022-01-01T00:00:00+00:00, run_after=2022-01-01T00:00:00+00:00
[2025-02-14 14:08:05,044] {logging_mixin.py:115} INFO - [2025-02-14 14:08:05,044] {dag.py:2968} INFO - Setting next_dagrun for example_subdag_operator.section-1 to None, run_after=None
[2025-02-14 14:08:05,044] {logging_mixin.py:115} INFO - [2025-02-14 14:08:05,044] {dag.py:2968} INFO - Setting next_dagrun for example_subdag_operator.section-2 to None, run_after=None
[2025-02-14 14:08:05,048] {logging_mixin.py:115} INFO - [2025-02-14 14:08:05,048] {dag.py:2420} INFO - Sync 2 DAGs
[2025-02-14 14:08:05,051] {logging_mixin.py:115} INFO - [2025-02-14 14:08:05,051] {dag.py:2968} INFO - Setting next_dagrun for example_subdag_operator.section-1 to None, run_after=None
[2025-02-14 14:08:05,051] {logging_mixin.py:115} INFO - [2025-02-14 14:08:05,051] {dag.py:2968} INFO - Setting next_dagrun for example_subdag_operator.section-2 to None, run_after=None
[2025-02-14 14:08:05,071] {processor.py:161} INFO - Processing /opt/conda/lib/python3.8/site-packages/airflow/example_dags/example_subdag_operator.py took 0.201 seconds
[2025-02-14 14:09:36,469] {processor.py:153} INFO - Started process (PID=2447) to work on /opt/conda/lib/python3.8/site-packages/airflow/example_dags/example_subdag_operator.py
[2025-02-14 14:09:36,470] {processor.py:641} INFO - Processing file /opt/conda/lib/python3.8/site-packages/airflow/example_dags/example_subdag_operator.py for tasks to queue
[2025-02-14 14:09:36,471] {logging_mixin.py:115} INFO - [2025-02-14 14:09:36,471] {dagbag.py:508} INFO - Filling up the DagBag from /opt/conda/lib/python3.8/site-packages/airflow/example_dags/example_subdag_operator.py
[2025-02-14 14:09:36,628] {processor.py:651} INFO - DAG(s) dict_keys(['example_subdag_operator.section-1', 'example_subdag_operator.section-2', 'example_subdag_operator']) retrieved from /opt/conda/lib/python3.8/site-packages/airflow/example_dags/example_subdag_operator.py
[2025-02-14 14:09:36,649] {logging_mixin.py:115} INFO - [2025-02-14 14:09:36,649] {dag.py:2420} INFO - Sync 3 DAGs
[2025-02-14 14:09:36,661] {logging_mixin.py:115} INFO - [2025-02-14 14:09:36,660] {dag.py:2968} INFO - Setting next_dagrun for example_subdag_operator to 2022-01-01T00:00:00+00:00, run_after=2022-01-01T00:00:00+00:00
[2025-02-14 14:09:36,661] {logging_mixin.py:115} INFO - [2025-02-14 14:09:36,661] {dag.py:2968} INFO - Setting next_dagrun for example_subdag_operator.section-1 to None, run_after=None
[2025-02-14 14:09:36,661] {logging_mixin.py:115} INFO - [2025-02-14 14:09:36,661] {dag.py:2968} INFO - Setting next_dagrun for example_subdag_operator.section-2 to None, run_after=None
[2025-02-14 14:09:36,664] {logging_mixin.py:115} INFO - [2025-02-14 14:09:36,664] {dag.py:2420} INFO - Sync 2 DAGs
[2025-02-14 14:09:36,667] {logging_mixin.py:115} INFO - [2025-02-14 14:09:36,667] {dag.py:2968} INFO - Setting next_dagrun for example_subdag_operator.section-1 to None, run_after=None
[2025-02-14 14:09:36,667] {logging_mixin.py:115} INFO - [2025-02-14 14:09:36,667] {dag.py:2968} INFO - Setting next_dagrun for example_subdag_operator.section-2 to None, run_after=None
[2025-02-14 14:09:36,684] {processor.py:161} INFO - Processing /opt/conda/lib/python3.8/site-packages/airflow/example_dags/example_subdag_operator.py took 0.218 seconds
[2025-02-14 14:10:20,645] {processor.py:153} INFO - Started process (PID=2485) to work on /opt/conda/lib/python3.8/site-packages/airflow/example_dags/example_subdag_operator.py
[2025-02-14 14:10:20,647] {processor.py:641} INFO - Processing file /opt/conda/lib/python3.8/site-packages/airflow/example_dags/example_subdag_operator.py for tasks to queue
[2025-02-14 14:10:20,647] {logging_mixin.py:115} INFO - [2025-02-14 14:10:20,647] {dagbag.py:508} INFO - Filling up the DagBag from /opt/conda/lib/python3.8/site-packages/airflow/example_dags/example_subdag_operator.py
[2025-02-14 14:10:20,781] {processor.py:651} INFO - DAG(s) dict_keys(['example_subdag_operator.section-1', 'example_subdag_operator.section-2', 'example_subdag_operator']) retrieved from /opt/conda/lib/python3.8/site-packages/airflow/example_dags/example_subdag_operator.py
[2025-02-14 14:10:20,803] {logging_mixin.py:115} INFO - [2025-02-14 14:10:20,803] {dag.py:2420} INFO - Sync 3 DAGs
[2025-02-14 14:10:20,814] {logging_mixin.py:115} INFO - [2025-02-14 14:10:20,814] {dag.py:2968} INFO - Setting next_dagrun for example_subdag_operator to 2022-01-01T00:00:00+00:00, run_after=2022-01-01T00:00:00+00:00
[2025-02-14 14:10:20,814] {logging_mixin.py:115} INFO - [2025-02-14 14:10:20,814] {dag.py:2968} INFO - Setting next_dagrun for example_subdag_operator.section-1 to None, run_after=None
[2025-02-14 14:10:20,814] {logging_mixin.py:115} INFO - [2025-02-14 14:10:20,814] {dag.py:2968} INFO - Setting next_dagrun for example_subdag_operator.section-2 to None, run_after=None
[2025-02-14 14:10:20,818] {logging_mixin.py:115} INFO - [2025-02-14 14:10:20,818] {dag.py:2420} INFO - Sync 2 DAGs
[2025-02-14 14:10:20,821] {logging_mixin.py:115} INFO - [2025-02-14 14:10:20,821] {dag.py:2968} INFO - Setting next_dagrun for example_subdag_operator.section-1 to None, run_after=None
[2025-02-14 14:10:20,821] {logging_mixin.py:115} INFO - [2025-02-14 14:10:20,821] {dag.py:2968} INFO - Setting next_dagrun for example_subdag_operator.section-2 to None, run_after=None
[2025-02-14 14:10:20,838] {processor.py:161} INFO - Processing /opt/conda/lib/python3.8/site-packages/airflow/example_dags/example_subdag_operator.py took 0.196 seconds
[2025-02-14 14:11:08,428] {processor.py:153} INFO - Started process (PID=2527) to work on /opt/conda/lib/python3.8/site-packages/airflow/example_dags/example_subdag_operator.py
[2025-02-14 14:11:08,430] {processor.py:641} INFO - Processing file /opt/conda/lib/python3.8/site-packages/airflow/example_dags/example_subdag_operator.py for tasks to queue
[2025-02-14 14:11:08,430] {logging_mixin.py:115} INFO - [2025-02-14 14:11:08,430] {dagbag.py:508} INFO - Filling up the DagBag from /opt/conda/lib/python3.8/site-packages/airflow/example_dags/example_subdag_operator.py
[2025-02-14 14:11:08,574] {processor.py:651} INFO - DAG(s) dict_keys(['example_subdag_operator.section-1', 'example_subdag_operator.section-2', 'example_subdag_operator']) retrieved from /opt/conda/lib/python3.8/site-packages/airflow/example_dags/example_subdag_operator.py
[2025-02-14 14:11:08,595] {logging_mixin.py:115} INFO - [2025-02-14 14:11:08,595] {dag.py:2420} INFO - Sync 3 DAGs
[2025-02-14 14:11:08,606] {logging_mixin.py:115} INFO - [2025-02-14 14:11:08,606] {dag.py:2968} INFO - Setting next_dagrun for example_subdag_operator to 2022-01-01T00:00:00+00:00, run_after=2022-01-01T00:00:00+00:00
[2025-02-14 14:11:08,606] {logging_mixin.py:115} INFO - [2025-02-14 14:11:08,606] {dag.py:2968} INFO - Setting next_dagrun for example_subdag_operator.section-1 to None, run_after=None
[2025-02-14 14:11:08,607] {logging_mixin.py:115} INFO - [2025-02-14 14:11:08,607] {dag.py:2968} INFO - Setting next_dagrun for example_subdag_operator.section-2 to None, run_after=None
[2025-02-14 14:11:08,610] {logging_mixin.py:115} INFO - [2025-02-14 14:11:08,610] {dag.py:2420} INFO - Sync 2 DAGs
[2025-02-14 14:11:08,613] {logging_mixin.py:115} INFO - [2025-02-14 14:11:08,613] {dag.py:2968} INFO - Setting next_dagrun for example_subdag_operator.section-1 to None, run_after=None
[2025-02-14 14:11:08,613] {logging_mixin.py:115} INFO - [2025-02-14 14:11:08,613] {dag.py:2968} INFO - Setting next_dagrun for example_subdag_operator.section-2 to None, run_after=None
[2025-02-14 14:11:08,629] {processor.py:161} INFO - Processing /opt/conda/lib/python3.8/site-packages/airflow/example_dags/example_subdag_operator.py took 0.204 seconds
[2025-02-14 14:11:54,134] {processor.py:153} INFO - Started process (PID=2583) to work on /opt/conda/lib/python3.8/site-packages/airflow/example_dags/example_subdag_operator.py
[2025-02-14 14:11:54,135] {processor.py:641} INFO - Processing file /opt/conda/lib/python3.8/site-packages/airflow/example_dags/example_subdag_operator.py for tasks to queue
[2025-02-14 14:11:54,135] {logging_mixin.py:115} INFO - [2025-02-14 14:11:54,135] {dagbag.py:508} INFO - Filling up the DagBag from /opt/conda/lib/python3.8/site-packages/airflow/example_dags/example_subdag_operator.py
[2025-02-14 14:11:54,273] {processor.py:651} INFO - DAG(s) dict_keys(['example_subdag_operator.section-1', 'example_subdag_operator.section-2', 'example_subdag_operator']) retrieved from /opt/conda/lib/python3.8/site-packages/airflow/example_dags/example_subdag_operator.py
[2025-02-14 14:11:54,294] {logging_mixin.py:115} INFO - [2025-02-14 14:11:54,294] {dag.py:2420} INFO - Sync 3 DAGs
[2025-02-14 14:11:54,306] {logging_mixin.py:115} INFO - [2025-02-14 14:11:54,306] {dag.py:2968} INFO - Setting next_dagrun for example_subdag_operator to 2022-01-01T00:00:00+00:00, run_after=2022-01-01T00:00:00+00:00
[2025-02-14 14:11:54,306] {logging_mixin.py:115} INFO - [2025-02-14 14:11:54,306] {dag.py:2968} INFO - Setting next_dagrun for example_subdag_operator.section-1 to None, run_after=None
[2025-02-14 14:11:54,306] {logging_mixin.py:115} INFO - [2025-02-14 14:11:54,306] {dag.py:2968} INFO - Setting next_dagrun for example_subdag_operator.section-2 to None, run_after=None
[2025-02-14 14:11:54,310] {logging_mixin.py:115} INFO - [2025-02-14 14:11:54,309] {dag.py:2420} INFO - Sync 2 DAGs
[2025-02-14 14:11:54,313] {logging_mixin.py:115} INFO - [2025-02-14 14:11:54,312] {dag.py:2968} INFO - Setting next_dagrun for example_subdag_operator.section-1 to None, run_after=None
[2025-02-14 14:11:54,313] {logging_mixin.py:115} INFO - [2025-02-14 14:11:54,313] {dag.py:2968} INFO - Setting next_dagrun for example_subdag_operator.section-2 to None, run_after=None
[2025-02-14 14:11:54,329] {processor.py:161} INFO - Processing /opt/conda/lib/python3.8/site-packages/airflow/example_dags/example_subdag_operator.py took 0.199 seconds
[2025-02-14 14:12:45,997] {processor.py:153} INFO - Started process (PID=2645) to work on /opt/conda/lib/python3.8/site-packages/airflow/example_dags/example_subdag_operator.py
[2025-02-14 14:12:45,999] {processor.py:641} INFO - Processing file /opt/conda/lib/python3.8/site-packages/airflow/example_dags/example_subdag_operator.py for tasks to queue
[2025-02-14 14:12:45,999] {logging_mixin.py:115} INFO - [2025-02-14 14:12:45,999] {dagbag.py:508} INFO - Filling up the DagBag from /opt/conda/lib/python3.8/site-packages/airflow/example_dags/example_subdag_operator.py
[2025-02-14 14:12:46,140] {processor.py:651} INFO - DAG(s) dict_keys(['example_subdag_operator.section-1', 'example_subdag_operator.section-2', 'example_subdag_operator']) retrieved from /opt/conda/lib/python3.8/site-packages/airflow/example_dags/example_subdag_operator.py
[2025-02-14 14:12:46,161] {logging_mixin.py:115} INFO - [2025-02-14 14:12:46,161] {dag.py:2420} INFO - Sync 3 DAGs
[2025-02-14 14:12:46,173] {logging_mixin.py:115} INFO - [2025-02-14 14:12:46,172] {dag.py:2968} INFO - Setting next_dagrun for example_subdag_operator to 2022-01-01T00:00:00+00:00, run_after=2022-01-01T00:00:00+00:00
[2025-02-14 14:12:46,173] {logging_mixin.py:115} INFO - [2025-02-14 14:12:46,173] {dag.py:2968} INFO - Setting next_dagrun for example_subdag_operator.section-1 to None, run_after=None
[2025-02-14 14:12:46,173] {logging_mixin.py:115} INFO - [2025-02-14 14:12:46,173] {dag.py:2968} INFO - Setting next_dagrun for example_subdag_operator.section-2 to None, run_after=None
[2025-02-14 14:12:46,176] {logging_mixin.py:115} INFO - [2025-02-14 14:12:46,176] {dag.py:2420} INFO - Sync 2 DAGs
[2025-02-14 14:12:46,179] {logging_mixin.py:115} INFO - [2025-02-14 14:12:46,179] {dag.py:2968} INFO - Setting next_dagrun for example_subdag_operator.section-1 to None, run_after=None
[2025-02-14 14:12:46,180] {logging_mixin.py:115} INFO - [2025-02-14 14:12:46,180] {dag.py:2968} INFO - Setting next_dagrun for example_subdag_operator.section-2 to None, run_after=None
[2025-02-14 14:12:46,195] {processor.py:161} INFO - Processing /opt/conda/lib/python3.8/site-packages/airflow/example_dags/example_subdag_operator.py took 0.201 seconds
[2025-02-14 14:13:38,340] {processor.py:153} INFO - Started process (PID=2723) to work on /opt/conda/lib/python3.8/site-packages/airflow/example_dags/example_subdag_operator.py
[2025-02-14 14:13:38,342] {processor.py:641} INFO - Processing file /opt/conda/lib/python3.8/site-packages/airflow/example_dags/example_subdag_operator.py for tasks to queue
[2025-02-14 14:13:38,342] {logging_mixin.py:115} INFO - [2025-02-14 14:13:38,342] {dagbag.py:508} INFO - Filling up the DagBag from /opt/conda/lib/python3.8/site-packages/airflow/example_dags/example_subdag_operator.py
[2025-02-14 14:13:38,480] {processor.py:651} INFO - DAG(s) dict_keys(['example_subdag_operator.section-1', 'example_subdag_operator.section-2', 'example_subdag_operator']) retrieved from /opt/conda/lib/python3.8/site-packages/airflow/example_dags/example_subdag_operator.py
[2025-02-14 14:13:38,501] {logging_mixin.py:115} INFO - [2025-02-14 14:13:38,501] {dag.py:2420} INFO - Sync 3 DAGs
[2025-02-14 14:13:38,512] {logging_mixin.py:115} INFO - [2025-02-14 14:13:38,512] {dag.py:2968} INFO - Setting next_dagrun for example_subdag_operator to 2022-01-01T00:00:00+00:00, run_after=2022-01-01T00:00:00+00:00
[2025-02-14 14:13:38,513] {logging_mixin.py:115} INFO - [2025-02-14 14:13:38,513] {dag.py:2968} INFO - Setting next_dagrun for example_subdag_operator.section-1 to None, run_after=None
[2025-02-14 14:13:38,513] {logging_mixin.py:115} INFO - [2025-02-14 14:13:38,513] {dag.py:2968} INFO - Setting next_dagrun for example_subdag_operator.section-2 to None, run_after=None
[2025-02-14 14:13:38,516] {logging_mixin.py:115} INFO - [2025-02-14 14:13:38,516] {dag.py:2420} INFO - Sync 2 DAGs
[2025-02-14 14:13:38,519] {logging_mixin.py:115} INFO - [2025-02-14 14:13:38,519] {dag.py:2968} INFO - Setting next_dagrun for example_subdag_operator.section-1 to None, run_after=None
[2025-02-14 14:13:38,519] {logging_mixin.py:115} INFO - [2025-02-14 14:13:38,519] {dag.py:2968} INFO - Setting next_dagrun for example_subdag_operator.section-2 to None, run_after=None
[2025-02-14 14:13:38,536] {processor.py:161} INFO - Processing /opt/conda/lib/python3.8/site-packages/airflow/example_dags/example_subdag_operator.py took 0.198 seconds
[2025-02-14 14:14:20,852] {processor.py:153} INFO - Started process (PID=2777) to work on /opt/conda/lib/python3.8/site-packages/airflow/example_dags/example_subdag_operator.py
[2025-02-14 14:14:20,854] {processor.py:641} INFO - Processing file /opt/conda/lib/python3.8/site-packages/airflow/example_dags/example_subdag_operator.py for tasks to queue
[2025-02-14 14:14:20,854] {logging_mixin.py:115} INFO - [2025-02-14 14:14:20,854] {dagbag.py:508} INFO - Filling up the DagBag from /opt/conda/lib/python3.8/site-packages/airflow/example_dags/example_subdag_operator.py
[2025-02-14 14:14:20,874] {processor.py:651} INFO - DAG(s) dict_keys(['example_subdag_operator.section-1', 'example_subdag_operator.section-2', 'example_subdag_operator']) retrieved from /opt/conda/lib/python3.8/site-packages/airflow/example_dags/example_subdag_operator.py
[2025-02-14 14:14:20,897] {logging_mixin.py:115} INFO - [2025-02-14 14:14:20,897] {dag.py:2420} INFO - Sync 3 DAGs
[2025-02-14 14:14:20,911] {logging_mixin.py:115} INFO - [2025-02-14 14:14:20,911] {dag.py:2968} INFO - Setting next_dagrun for example_subdag_operator to 2022-01-01T00:00:00+00:00, run_after=2022-01-01T00:00:00+00:00
[2025-02-14 14:14:20,911] {logging_mixin.py:115} INFO - [2025-02-14 14:14:20,911] {dag.py:2968} INFO - Setting next_dagrun for example_subdag_operator.section-1 to None, run_after=None
[2025-02-14 14:14:20,911] {logging_mixin.py:115} INFO - [2025-02-14 14:14:20,911] {dag.py:2968} INFO - Setting next_dagrun for example_subdag_operator.section-2 to None, run_after=None
[2025-02-14 14:14:20,915] {logging_mixin.py:115} INFO - [2025-02-14 14:14:20,915] {dag.py:2420} INFO - Sync 2 DAGs
[2025-02-14 14:14:20,919] {logging_mixin.py:115} INFO - [2025-02-14 14:14:20,918] {dag.py:2968} INFO - Setting next_dagrun for example_subdag_operator.section-1 to None, run_after=None
[2025-02-14 14:14:20,919] {logging_mixin.py:115} INFO - [2025-02-14 14:14:20,919] {dag.py:2968} INFO - Setting next_dagrun for example_subdag_operator.section-2 to None, run_after=None
[2025-02-14 14:14:20,936] {processor.py:161} INFO - Processing /opt/conda/lib/python3.8/site-packages/airflow/example_dags/example_subdag_operator.py took 0.087 seconds
[2025-02-14 14:15:03,294] {processor.py:153} INFO - Started process (PID=2833) to work on /opt/conda/lib/python3.8/site-packages/airflow/example_dags/example_subdag_operator.py
[2025-02-14 14:15:03,296] {processor.py:641} INFO - Processing file /opt/conda/lib/python3.8/site-packages/airflow/example_dags/example_subdag_operator.py for tasks to queue
[2025-02-14 14:15:03,296] {logging_mixin.py:115} INFO - [2025-02-14 14:15:03,296] {dagbag.py:508} INFO - Filling up the DagBag from /opt/conda/lib/python3.8/site-packages/airflow/example_dags/example_subdag_operator.py
[2025-02-14 14:15:03,317] {processor.py:651} INFO - DAG(s) dict_keys(['example_subdag_operator.section-1', 'example_subdag_operator.section-2', 'example_subdag_operator']) retrieved from /opt/conda/lib/python3.8/site-packages/airflow/example_dags/example_subdag_operator.py
[2025-02-14 14:15:03,341] {logging_mixin.py:115} INFO - [2025-02-14 14:15:03,341] {dag.py:2420} INFO - Sync 3 DAGs
[2025-02-14 14:15:03,354] {logging_mixin.py:115} INFO - [2025-02-14 14:15:03,354] {dag.py:2968} INFO - Setting next_dagrun for example_subdag_operator to 2022-01-01T00:00:00+00:00, run_after=2022-01-01T00:00:00+00:00
[2025-02-14 14:15:03,354] {logging_mixin.py:115} INFO - [2025-02-14 14:15:03,354] {dag.py:2968} INFO - Setting next_dagrun for example_subdag_operator.section-1 to None, run_after=None
[2025-02-14 14:15:03,355] {logging_mixin.py:115} INFO - [2025-02-14 14:15:03,355] {dag.py:2968} INFO - Setting next_dagrun for example_subdag_operator.section-2 to None, run_after=None
[2025-02-14 14:15:03,358] {logging_mixin.py:115} INFO - [2025-02-14 14:15:03,358] {dag.py:2420} INFO - Sync 2 DAGs
[2025-02-14 14:15:03,361] {logging_mixin.py:115} INFO - [2025-02-14 14:15:03,361] {dag.py:2968} INFO - Setting next_dagrun for example_subdag_operator.section-1 to None, run_after=None
[2025-02-14 14:15:03,362] {logging_mixin.py:115} INFO - [2025-02-14 14:15:03,362] {dag.py:2968} INFO - Setting next_dagrun for example_subdag_operator.section-2 to None, run_after=None
[2025-02-14 14:15:03,378] {processor.py:161} INFO - Processing /opt/conda/lib/python3.8/site-packages/airflow/example_dags/example_subdag_operator.py took 0.088 seconds
[2025-02-14 14:15:44,853] {processor.py:153} INFO - Started process (PID=2896) to work on /opt/conda/lib/python3.8/site-packages/airflow/example_dags/example_subdag_operator.py
[2025-02-14 14:15:44,854] {processor.py:641} INFO - Processing file /opt/conda/lib/python3.8/site-packages/airflow/example_dags/example_subdag_operator.py for tasks to queue
[2025-02-14 14:15:44,855] {logging_mixin.py:115} INFO - [2025-02-14 14:15:44,855] {dagbag.py:508} INFO - Filling up the DagBag from /opt/conda/lib/python3.8/site-packages/airflow/example_dags/example_subdag_operator.py
[2025-02-14 14:15:44,876] {processor.py:651} INFO - DAG(s) dict_keys(['example_subdag_operator.section-1', 'example_subdag_operator.section-2', 'example_subdag_operator']) retrieved from /opt/conda/lib/python3.8/site-packages/airflow/example_dags/example_subdag_operator.py
[2025-02-14 14:15:44,905] {logging_mixin.py:115} INFO - [2025-02-14 14:15:44,905] {dag.py:2420} INFO - Sync 3 DAGs
[2025-02-14 14:15:44,919] {logging_mixin.py:115} INFO - [2025-02-14 14:15:44,918] {dag.py:2968} INFO - Setting next_dagrun for example_subdag_operator to 2022-01-01T00:00:00+00:00, run_after=2022-01-01T00:00:00+00:00
[2025-02-14 14:15:44,919] {logging_mixin.py:115} INFO - [2025-02-14 14:15:44,919] {dag.py:2968} INFO - Setting next_dagrun for example_subdag_operator.section-1 to None, run_after=None
[2025-02-14 14:15:44,919] {logging_mixin.py:115} INFO - [2025-02-14 14:15:44,919] {dag.py:2968} INFO - Setting next_dagrun for example_subdag_operator.section-2 to None, run_after=None
[2025-02-14 14:15:44,923] {logging_mixin.py:115} INFO - [2025-02-14 14:15:44,923] {dag.py:2420} INFO - Sync 2 DAGs
[2025-02-14 14:15:44,926] {logging_mixin.py:115} INFO - [2025-02-14 14:15:44,926] {dag.py:2968} INFO - Setting next_dagrun for example_subdag_operator.section-1 to None, run_after=None
[2025-02-14 14:15:44,926] {logging_mixin.py:115} INFO - [2025-02-14 14:15:44,926] {dag.py:2968} INFO - Setting next_dagrun for example_subdag_operator.section-2 to None, run_after=None
[2025-02-14 14:15:44,943] {processor.py:161} INFO - Processing /opt/conda/lib/python3.8/site-packages/airflow/example_dags/example_subdag_operator.py took 0.094 seconds
[2025-02-14 14:17:04,249] {processor.py:153} INFO - Started process (PID=3024) to work on /opt/conda/lib/python3.8/site-packages/airflow/example_dags/example_subdag_operator.py
[2025-02-14 14:17:04,251] {processor.py:641} INFO - Processing file /opt/conda/lib/python3.8/site-packages/airflow/example_dags/example_subdag_operator.py for tasks to queue
[2025-02-14 14:17:04,251] {logging_mixin.py:115} INFO - [2025-02-14 14:17:04,251] {dagbag.py:508} INFO - Filling up the DagBag from /opt/conda/lib/python3.8/site-packages/airflow/example_dags/example_subdag_operator.py
[2025-02-14 14:17:04,405] {processor.py:651} INFO - DAG(s) dict_keys(['example_subdag_operator.section-1', 'example_subdag_operator.section-2', 'example_subdag_operator']) retrieved from /opt/conda/lib/python3.8/site-packages/airflow/example_dags/example_subdag_operator.py
[2025-02-14 14:17:04,426] {logging_mixin.py:115} INFO - [2025-02-14 14:17:04,426] {dag.py:2420} INFO - Sync 3 DAGs
[2025-02-14 14:17:04,438] {logging_mixin.py:115} INFO - [2025-02-14 14:17:04,438] {dag.py:2968} INFO - Setting next_dagrun for example_subdag_operator to 2022-01-01T00:00:00+00:00, run_after=2022-01-01T00:00:00+00:00
[2025-02-14 14:17:04,438] {logging_mixin.py:115} INFO - [2025-02-14 14:17:04,438] {dag.py:2968} INFO - Setting next_dagrun for example_subdag_operator.section-1 to None, run_after=None
[2025-02-14 14:17:04,438] {logging_mixin.py:115} INFO - [2025-02-14 14:17:04,438] {dag.py:2968} INFO - Setting next_dagrun for example_subdag_operator.section-2 to None, run_after=None
[2025-02-14 14:17:04,442] {logging_mixin.py:115} INFO - [2025-02-14 14:17:04,442] {dag.py:2420} INFO - Sync 2 DAGs
[2025-02-14 14:17:04,445] {logging_mixin.py:115} INFO - [2025-02-14 14:17:04,445] {dag.py:2968} INFO - Setting next_dagrun for example_subdag_operator.section-1 to None, run_after=None
[2025-02-14 14:17:04,445] {logging_mixin.py:115} INFO - [2025-02-14 14:17:04,445] {dag.py:2968} INFO - Setting next_dagrun for example_subdag_operator.section-2 to None, run_after=None
[2025-02-14 14:17:04,466] {processor.py:161} INFO - Processing /opt/conda/lib/python3.8/site-packages/airflow/example_dags/example_subdag_operator.py took 0.221 seconds
[2025-02-14 14:17:53,606] {processor.py:153} INFO - Started process (PID=3096) to work on /opt/conda/lib/python3.8/site-packages/airflow/example_dags/example_subdag_operator.py
[2025-02-14 14:17:53,608] {processor.py:641} INFO - Processing file /opt/conda/lib/python3.8/site-packages/airflow/example_dags/example_subdag_operator.py for tasks to queue
[2025-02-14 14:17:53,608] {logging_mixin.py:115} INFO - [2025-02-14 14:17:53,608] {dagbag.py:508} INFO - Filling up the DagBag from /opt/conda/lib/python3.8/site-packages/airflow/example_dags/example_subdag_operator.py
[2025-02-14 14:17:53,757] {processor.py:651} INFO - DAG(s) dict_keys(['example_subdag_operator.section-1', 'example_subdag_operator.section-2', 'example_subdag_operator']) retrieved from /opt/conda/lib/python3.8/site-packages/airflow/example_dags/example_subdag_operator.py
[2025-02-14 14:17:53,778] {logging_mixin.py:115} INFO - [2025-02-14 14:17:53,778] {dag.py:2420} INFO - Sync 3 DAGs
[2025-02-14 14:17:53,790] {logging_mixin.py:115} INFO - [2025-02-14 14:17:53,790] {dag.py:2968} INFO - Setting next_dagrun for example_subdag_operator to 2022-01-01T00:00:00+00:00, run_after=2022-01-01T00:00:00+00:00
[2025-02-14 14:17:53,790] {logging_mixin.py:115} INFO - [2025-02-14 14:17:53,790] {dag.py:2968} INFO - Setting next_dagrun for example_subdag_operator.section-1 to None, run_after=None
[2025-02-14 14:17:53,790] {logging_mixin.py:115} INFO - [2025-02-14 14:17:53,790] {dag.py:2968} INFO - Setting next_dagrun for example_subdag_operator.section-2 to None, run_after=None
[2025-02-14 14:17:53,793] {logging_mixin.py:115} INFO - [2025-02-14 14:17:53,793] {dag.py:2420} INFO - Sync 2 DAGs
[2025-02-14 14:17:53,796] {logging_mixin.py:115} INFO - [2025-02-14 14:17:53,796] {dag.py:2968} INFO - Setting next_dagrun for example_subdag_operator.section-1 to None, run_after=None
[2025-02-14 14:17:53,797] {logging_mixin.py:115} INFO - [2025-02-14 14:17:53,797] {dag.py:2968} INFO - Setting next_dagrun for example_subdag_operator.section-2 to None, run_after=None
[2025-02-14 14:17:53,813] {processor.py:161} INFO - Processing /opt/conda/lib/python3.8/site-packages/airflow/example_dags/example_subdag_operator.py took 0.210 seconds
[2025-02-14 14:21:08,221] {processor.py:153} INFO - Started process (PID=3308) to work on /opt/conda/lib/python3.8/site-packages/airflow/example_dags/example_subdag_operator.py
[2025-02-14 14:21:08,223] {processor.py:641} INFO - Processing file /opt/conda/lib/python3.8/site-packages/airflow/example_dags/example_subdag_operator.py for tasks to queue
[2025-02-14 14:21:08,223] {logging_mixin.py:115} INFO - [2025-02-14 14:21:08,223] {dagbag.py:508} INFO - Filling up the DagBag from /opt/conda/lib/python3.8/site-packages/airflow/example_dags/example_subdag_operator.py
[2025-02-14 14:21:08,375] {processor.py:651} INFO - DAG(s) dict_keys(['example_subdag_operator.section-1', 'example_subdag_operator.section-2', 'example_subdag_operator']) retrieved from /opt/conda/lib/python3.8/site-packages/airflow/example_dags/example_subdag_operator.py
[2025-02-14 14:21:08,395] {logging_mixin.py:115} INFO - [2025-02-14 14:21:08,395] {dag.py:2420} INFO - Sync 3 DAGs
[2025-02-14 14:21:08,407] {logging_mixin.py:115} INFO - [2025-02-14 14:21:08,407] {dag.py:2968} INFO - Setting next_dagrun for example_subdag_operator to 2022-01-01T00:00:00+00:00, run_after=2022-01-01T00:00:00+00:00
[2025-02-14 14:21:08,407] {logging_mixin.py:115} INFO - [2025-02-14 14:21:08,407] {dag.py:2968} INFO - Setting next_dagrun for example_subdag_operator.section-1 to None, run_after=None
[2025-02-14 14:21:08,407] {logging_mixin.py:115} INFO - [2025-02-14 14:21:08,407] {dag.py:2968} INFO - Setting next_dagrun for example_subdag_operator.section-2 to None, run_after=None
[2025-02-14 14:21:08,411] {logging_mixin.py:115} INFO - [2025-02-14 14:21:08,411] {dag.py:2420} INFO - Sync 2 DAGs
[2025-02-14 14:21:08,414] {logging_mixin.py:115} INFO - [2025-02-14 14:21:08,414] {dag.py:2968} INFO - Setting next_dagrun for example_subdag_operator.section-1 to None, run_after=None
[2025-02-14 14:21:08,414] {logging_mixin.py:115} INFO - [2025-02-14 14:21:08,414] {dag.py:2968} INFO - Setting next_dagrun for example_subdag_operator.section-2 to None, run_after=None
[2025-02-14 14:21:08,431] {processor.py:161} INFO - Processing /opt/conda/lib/python3.8/site-packages/airflow/example_dags/example_subdag_operator.py took 0.213 seconds
[2025-02-14 14:21:55,673] {processor.py:153} INFO - Started process (PID=3372) to work on /opt/conda/lib/python3.8/site-packages/airflow/example_dags/example_subdag_operator.py
[2025-02-14 14:21:55,674] {processor.py:641} INFO - Processing file /opt/conda/lib/python3.8/site-packages/airflow/example_dags/example_subdag_operator.py for tasks to queue
[2025-02-14 14:21:55,675] {logging_mixin.py:115} INFO - [2025-02-14 14:21:55,674] {dagbag.py:508} INFO - Filling up the DagBag from /opt/conda/lib/python3.8/site-packages/airflow/example_dags/example_subdag_operator.py
[2025-02-14 14:21:55,842] {processor.py:651} INFO - DAG(s) dict_keys(['example_subdag_operator.section-1', 'example_subdag_operator.section-2', 'example_subdag_operator']) retrieved from /opt/conda/lib/python3.8/site-packages/airflow/example_dags/example_subdag_operator.py
[2025-02-14 14:21:55,863] {logging_mixin.py:115} INFO - [2025-02-14 14:21:55,863] {dag.py:2420} INFO - Sync 3 DAGs
[2025-02-14 14:21:55,875] {logging_mixin.py:115} INFO - [2025-02-14 14:21:55,875] {dag.py:2968} INFO - Setting next_dagrun for example_subdag_operator to 2022-01-01T00:00:00+00:00, run_after=2022-01-01T00:00:00+00:00
[2025-02-14 14:21:55,875] {logging_mixin.py:115} INFO - [2025-02-14 14:21:55,875] {dag.py:2968} INFO - Setting next_dagrun for example_subdag_operator.section-1 to None, run_after=None
[2025-02-14 14:21:55,875] {logging_mixin.py:115} INFO - [2025-02-14 14:21:55,875] {dag.py:2968} INFO - Setting next_dagrun for example_subdag_operator.section-2 to None, run_after=None
[2025-02-14 14:21:55,879] {logging_mixin.py:115} INFO - [2025-02-14 14:21:55,879] {dag.py:2420} INFO - Sync 2 DAGs
[2025-02-14 14:21:55,882] {logging_mixin.py:115} INFO - [2025-02-14 14:21:55,882] {dag.py:2968} INFO - Setting next_dagrun for example_subdag_operator.section-1 to None, run_after=None
[2025-02-14 14:21:55,882] {logging_mixin.py:115} INFO - [2025-02-14 14:21:55,882] {dag.py:2968} INFO - Setting next_dagrun for example_subdag_operator.section-2 to None, run_after=None
[2025-02-14 14:21:55,900] {processor.py:161} INFO - Processing /opt/conda/lib/python3.8/site-packages/airflow/example_dags/example_subdag_operator.py took 0.231 seconds
[2025-02-14 14:22:43,225] {processor.py:153} INFO - Started process (PID=3436) to work on /opt/conda/lib/python3.8/site-packages/airflow/example_dags/example_subdag_operator.py
[2025-02-14 14:22:43,226] {processor.py:641} INFO - Processing file /opt/conda/lib/python3.8/site-packages/airflow/example_dags/example_subdag_operator.py for tasks to queue
[2025-02-14 14:22:43,226] {logging_mixin.py:115} INFO - [2025-02-14 14:22:43,226] {dagbag.py:508} INFO - Filling up the DagBag from /opt/conda/lib/python3.8/site-packages/airflow/example_dags/example_subdag_operator.py
[2025-02-14 14:22:43,387] {processor.py:651} INFO - DAG(s) dict_keys(['example_subdag_operator.section-1', 'example_subdag_operator.section-2', 'example_subdag_operator']) retrieved from /opt/conda/lib/python3.8/site-packages/airflow/example_dags/example_subdag_operator.py
[2025-02-14 14:22:43,408] {logging_mixin.py:115} INFO - [2025-02-14 14:22:43,408] {dag.py:2420} INFO - Sync 3 DAGs
[2025-02-14 14:22:43,420] {logging_mixin.py:115} INFO - [2025-02-14 14:22:43,419] {dag.py:2968} INFO - Setting next_dagrun for example_subdag_operator to 2022-01-01T00:00:00+00:00, run_after=2022-01-01T00:00:00+00:00
[2025-02-14 14:22:43,420] {logging_mixin.py:115} INFO - [2025-02-14 14:22:43,420] {dag.py:2968} INFO - Setting next_dagrun for example_subdag_operator.section-1 to None, run_after=None
[2025-02-14 14:22:43,420] {logging_mixin.py:115} INFO - [2025-02-14 14:22:43,420] {dag.py:2968} INFO - Setting next_dagrun for example_subdag_operator.section-2 to None, run_after=None
[2025-02-14 14:22:43,423] {logging_mixin.py:115} INFO - [2025-02-14 14:22:43,423] {dag.py:2420} INFO - Sync 2 DAGs
[2025-02-14 14:22:43,426] {logging_mixin.py:115} INFO - [2025-02-14 14:22:43,426] {dag.py:2968} INFO - Setting next_dagrun for example_subdag_operator.section-1 to None, run_after=None
[2025-02-14 14:22:43,427] {logging_mixin.py:115} INFO - [2025-02-14 14:22:43,427] {dag.py:2968} INFO - Setting next_dagrun for example_subdag_operator.section-2 to None, run_after=None
[2025-02-14 14:22:43,446] {processor.py:161} INFO - Processing /opt/conda/lib/python3.8/site-packages/airflow/example_dags/example_subdag_operator.py took 0.225 seconds
[2025-02-14 14:23:55,445] {processor.py:153} INFO - Started process (PID=3564) to work on /opt/conda/lib/python3.8/site-packages/airflow/example_dags/example_subdag_operator.py
[2025-02-14 14:23:55,447] {processor.py:641} INFO - Processing file /opt/conda/lib/python3.8/site-packages/airflow/example_dags/example_subdag_operator.py for tasks to queue
[2025-02-14 14:23:55,447] {logging_mixin.py:115} INFO - [2025-02-14 14:23:55,447] {dagbag.py:508} INFO - Filling up the DagBag from /opt/conda/lib/python3.8/site-packages/airflow/example_dags/example_subdag_operator.py
[2025-02-14 14:23:55,580] {processor.py:651} INFO - DAG(s) dict_keys(['example_subdag_operator.section-1', 'example_subdag_operator.section-2', 'example_subdag_operator']) retrieved from /opt/conda/lib/python3.8/site-packages/airflow/example_dags/example_subdag_operator.py
[2025-02-14 14:23:55,601] {logging_mixin.py:115} INFO - [2025-02-14 14:23:55,601] {dag.py:2420} INFO - Sync 3 DAGs
[2025-02-14 14:23:55,612] {logging_mixin.py:115} INFO - [2025-02-14 14:23:55,612] {dag.py:2968} INFO - Setting next_dagrun for example_subdag_operator to 2022-01-01T00:00:00+00:00, run_after=2022-01-01T00:00:00+00:00
[2025-02-14 14:23:55,612] {logging_mixin.py:115} INFO - [2025-02-14 14:23:55,612] {dag.py:2968} INFO - Setting next_dagrun for example_subdag_operator.section-1 to None, run_after=None
[2025-02-14 14:23:55,612] {logging_mixin.py:115} INFO - [2025-02-14 14:23:55,612] {dag.py:2968} INFO - Setting next_dagrun for example_subdag_operator.section-2 to None, run_after=None
[2025-02-14 14:23:55,616] {logging_mixin.py:115} INFO - [2025-02-14 14:23:55,616] {dag.py:2420} INFO - Sync 2 DAGs
[2025-02-14 14:23:55,619] {logging_mixin.py:115} INFO - [2025-02-14 14:23:55,619] {dag.py:2968} INFO - Setting next_dagrun for example_subdag_operator.section-1 to None, run_after=None
[2025-02-14 14:23:55,619] {logging_mixin.py:115} INFO - [2025-02-14 14:23:55,619] {dag.py:2968} INFO - Setting next_dagrun for example_subdag_operator.section-2 to None, run_after=None
[2025-02-14 14:23:55,640] {processor.py:161} INFO - Processing /opt/conda/lib/python3.8/site-packages/airflow/example_dags/example_subdag_operator.py took 0.198 seconds
[2025-02-14 14:24:38,645] {processor.py:153} INFO - Started process (PID=3618) to work on /opt/conda/lib/python3.8/site-packages/airflow/example_dags/example_subdag_operator.py
[2025-02-14 14:24:38,648] {processor.py:641} INFO - Processing file /opt/conda/lib/python3.8/site-packages/airflow/example_dags/example_subdag_operator.py for tasks to queue
[2025-02-14 14:24:38,648] {logging_mixin.py:115} INFO - [2025-02-14 14:24:38,648] {dagbag.py:508} INFO - Filling up the DagBag from /opt/conda/lib/python3.8/site-packages/airflow/example_dags/example_subdag_operator.py
[2025-02-14 14:24:38,787] {processor.py:651} INFO - DAG(s) dict_keys(['example_subdag_operator.section-1', 'example_subdag_operator.section-2', 'example_subdag_operator']) retrieved from /opt/conda/lib/python3.8/site-packages/airflow/example_dags/example_subdag_operator.py
[2025-02-14 14:24:38,808] {logging_mixin.py:115} INFO - [2025-02-14 14:24:38,807] {dag.py:2420} INFO - Sync 3 DAGs
[2025-02-14 14:24:38,819] {logging_mixin.py:115} INFO - [2025-02-14 14:24:38,819] {dag.py:2968} INFO - Setting next_dagrun for example_subdag_operator to 2022-01-01T00:00:00+00:00, run_after=2022-01-01T00:00:00+00:00
[2025-02-14 14:24:38,819] {logging_mixin.py:115} INFO - [2025-02-14 14:24:38,819] {dag.py:2968} INFO - Setting next_dagrun for example_subdag_operator.section-1 to None, run_after=None
[2025-02-14 14:24:38,819] {logging_mixin.py:115} INFO - [2025-02-14 14:24:38,819] {dag.py:2968} INFO - Setting next_dagrun for example_subdag_operator.section-2 to None, run_after=None
[2025-02-14 14:24:38,823] {logging_mixin.py:115} INFO - [2025-02-14 14:24:38,823] {dag.py:2420} INFO - Sync 2 DAGs
[2025-02-14 14:24:38,826] {logging_mixin.py:115} INFO - [2025-02-14 14:24:38,826] {dag.py:2968} INFO - Setting next_dagrun for example_subdag_operator.section-1 to None, run_after=None
[2025-02-14 14:24:38,826] {logging_mixin.py:115} INFO - [2025-02-14 14:24:38,826] {dag.py:2968} INFO - Setting next_dagrun for example_subdag_operator.section-2 to None, run_after=None
[2025-02-14 14:24:38,843] {processor.py:161} INFO - Processing /opt/conda/lib/python3.8/site-packages/airflow/example_dags/example_subdag_operator.py took 0.201 seconds
[2025-02-14 14:25:25,396] {processor.py:153} INFO - Started process (PID=3672) to work on /opt/conda/lib/python3.8/site-packages/airflow/example_dags/example_subdag_operator.py
[2025-02-14 14:25:25,398] {processor.py:641} INFO - Processing file /opt/conda/lib/python3.8/site-packages/airflow/example_dags/example_subdag_operator.py for tasks to queue
[2025-02-14 14:25:25,398] {logging_mixin.py:115} INFO - [2025-02-14 14:25:25,398] {dagbag.py:508} INFO - Filling up the DagBag from /opt/conda/lib/python3.8/site-packages/airflow/example_dags/example_subdag_operator.py
[2025-02-14 14:25:25,547] {processor.py:651} INFO - DAG(s) dict_keys(['example_subdag_operator.section-1', 'example_subdag_operator.section-2', 'example_subdag_operator']) retrieved from /opt/conda/lib/python3.8/site-packages/airflow/example_dags/example_subdag_operator.py
[2025-02-14 14:25:25,568] {logging_mixin.py:115} INFO - [2025-02-14 14:25:25,568] {dag.py:2420} INFO - Sync 3 DAGs
[2025-02-14 14:25:25,580] {logging_mixin.py:115} INFO - [2025-02-14 14:25:25,580] {dag.py:2968} INFO - Setting next_dagrun for example_subdag_operator to 2022-01-01T00:00:00+00:00, run_after=2022-01-01T00:00:00+00:00
[2025-02-14 14:25:25,580] {logging_mixin.py:115} INFO - [2025-02-14 14:25:25,580] {dag.py:2968} INFO - Setting next_dagrun for example_subdag_operator.section-1 to None, run_after=None
[2025-02-14 14:25:25,580] {logging_mixin.py:115} INFO - [2025-02-14 14:25:25,580] {dag.py:2968} INFO - Setting next_dagrun for example_subdag_operator.section-2 to None, run_after=None
[2025-02-14 14:25:25,583] {logging_mixin.py:115} INFO - [2025-02-14 14:25:25,583] {dag.py:2420} INFO - Sync 2 DAGs
[2025-02-14 14:25:25,586] {logging_mixin.py:115} INFO - [2025-02-14 14:25:25,586] {dag.py:2968} INFO - Setting next_dagrun for example_subdag_operator.section-1 to None, run_after=None
[2025-02-14 14:25:25,587] {logging_mixin.py:115} INFO - [2025-02-14 14:25:25,586] {dag.py:2968} INFO - Setting next_dagrun for example_subdag_operator.section-2 to None, run_after=None
[2025-02-14 14:25:25,603] {processor.py:161} INFO - Processing /opt/conda/lib/python3.8/site-packages/airflow/example_dags/example_subdag_operator.py took 0.210 seconds
[2025-02-14 14:26:08,004] {processor.py:153} INFO - Started process (PID=3726) to work on /opt/conda/lib/python3.8/site-packages/airflow/example_dags/example_subdag_operator.py
[2025-02-14 14:26:08,042] {processor.py:641} INFO - Processing file /opt/conda/lib/python3.8/site-packages/airflow/example_dags/example_subdag_operator.py for tasks to queue
[2025-02-14 14:26:08,043] {logging_mixin.py:115} INFO - [2025-02-14 14:26:08,043] {dagbag.py:508} INFO - Filling up the DagBag from /opt/conda/lib/python3.8/site-packages/airflow/example_dags/example_subdag_operator.py
[2025-02-14 14:26:08,182] {processor.py:651} INFO - DAG(s) dict_keys(['example_subdag_operator.section-1', 'example_subdag_operator.section-2', 'example_subdag_operator']) retrieved from /opt/conda/lib/python3.8/site-packages/airflow/example_dags/example_subdag_operator.py
[2025-02-14 14:26:08,203] {logging_mixin.py:115} INFO - [2025-02-14 14:26:08,203] {dag.py:2420} INFO - Sync 3 DAGs
[2025-02-14 14:26:08,214] {logging_mixin.py:115} INFO - [2025-02-14 14:26:08,214] {dag.py:2968} INFO - Setting next_dagrun for example_subdag_operator to 2022-01-01T00:00:00+00:00, run_after=2022-01-01T00:00:00+00:00
[2025-02-14 14:26:08,215] {logging_mixin.py:115} INFO - [2025-02-14 14:26:08,215] {dag.py:2968} INFO - Setting next_dagrun for example_subdag_operator.section-1 to None, run_after=None
[2025-02-14 14:26:08,215] {logging_mixin.py:115} INFO - [2025-02-14 14:26:08,215] {dag.py:2968} INFO - Setting next_dagrun for example_subdag_operator.section-2 to None, run_after=None
[2025-02-14 14:26:08,218] {logging_mixin.py:115} INFO - [2025-02-14 14:26:08,218] {dag.py:2420} INFO - Sync 2 DAGs
[2025-02-14 14:26:08,221] {logging_mixin.py:115} INFO - [2025-02-14 14:26:08,221] {dag.py:2968} INFO - Setting next_dagrun for example_subdag_operator.section-1 to None, run_after=None
[2025-02-14 14:26:08,221] {logging_mixin.py:115} INFO - [2025-02-14 14:26:08,221] {dag.py:2968} INFO - Setting next_dagrun for example_subdag_operator.section-2 to None, run_after=None
[2025-02-14 14:26:08,238] {processor.py:161} INFO - Processing /opt/conda/lib/python3.8/site-packages/airflow/example_dags/example_subdag_operator.py took 0.237 seconds
[2025-02-14 14:27:04,604] {processor.py:153} INFO - Started process (PID=3806) to work on /opt/conda/lib/python3.8/site-packages/airflow/example_dags/example_subdag_operator.py
[2025-02-14 14:27:04,605] {processor.py:641} INFO - Processing file /opt/conda/lib/python3.8/site-packages/airflow/example_dags/example_subdag_operator.py for tasks to queue
[2025-02-14 14:27:04,606] {logging_mixin.py:115} INFO - [2025-02-14 14:27:04,606] {dagbag.py:508} INFO - Filling up the DagBag from /opt/conda/lib/python3.8/site-packages/airflow/example_dags/example_subdag_operator.py
[2025-02-14 14:27:04,751] {processor.py:651} INFO - DAG(s) dict_keys(['example_subdag_operator.section-1', 'example_subdag_operator.section-2', 'example_subdag_operator']) retrieved from /opt/conda/lib/python3.8/site-packages/airflow/example_dags/example_subdag_operator.py
[2025-02-14 14:27:04,772] {logging_mixin.py:115} INFO - [2025-02-14 14:27:04,771] {dag.py:2420} INFO - Sync 3 DAGs
[2025-02-14 14:27:04,783] {logging_mixin.py:115} INFO - [2025-02-14 14:27:04,783] {dag.py:2968} INFO - Setting next_dagrun for example_subdag_operator to 2022-01-01T00:00:00+00:00, run_after=2022-01-01T00:00:00+00:00
[2025-02-14 14:27:04,783] {logging_mixin.py:115} INFO - [2025-02-14 14:27:04,783] {dag.py:2968} INFO - Setting next_dagrun for example_subdag_operator.section-1 to None, run_after=None
[2025-02-14 14:27:04,783] {logging_mixin.py:115} INFO - [2025-02-14 14:27:04,783] {dag.py:2968} INFO - Setting next_dagrun for example_subdag_operator.section-2 to None, run_after=None
[2025-02-14 14:27:04,787] {logging_mixin.py:115} INFO - [2025-02-14 14:27:04,787] {dag.py:2420} INFO - Sync 2 DAGs
[2025-02-14 14:27:04,790] {logging_mixin.py:115} INFO - [2025-02-14 14:27:04,790] {dag.py:2968} INFO - Setting next_dagrun for example_subdag_operator.section-1 to None, run_after=None
[2025-02-14 14:27:04,790] {logging_mixin.py:115} INFO - [2025-02-14 14:27:04,790] {dag.py:2968} INFO - Setting next_dagrun for example_subdag_operator.section-2 to None, run_after=None
[2025-02-14 14:27:04,807] {processor.py:161} INFO - Processing /opt/conda/lib/python3.8/site-packages/airflow/example_dags/example_subdag_operator.py took 0.206 seconds
[2025-02-14 14:27:49,422] {processor.py:153} INFO - Started process (PID=3860) to work on /opt/conda/lib/python3.8/site-packages/airflow/example_dags/example_subdag_operator.py
[2025-02-14 14:27:49,449] {processor.py:641} INFO - Processing file /opt/conda/lib/python3.8/site-packages/airflow/example_dags/example_subdag_operator.py for tasks to queue
[2025-02-14 14:27:49,450] {logging_mixin.py:115} INFO - [2025-02-14 14:27:49,450] {dagbag.py:508} INFO - Filling up the DagBag from /opt/conda/lib/python3.8/site-packages/airflow/example_dags/example_subdag_operator.py
[2025-02-14 14:27:49,592] {processor.py:651} INFO - DAG(s) dict_keys(['example_subdag_operator.section-1', 'example_subdag_operator.section-2', 'example_subdag_operator']) retrieved from /opt/conda/lib/python3.8/site-packages/airflow/example_dags/example_subdag_operator.py
[2025-02-14 14:27:49,613] {logging_mixin.py:115} INFO - [2025-02-14 14:27:49,612] {dag.py:2420} INFO - Sync 3 DAGs
[2025-02-14 14:27:49,624] {logging_mixin.py:115} INFO - [2025-02-14 14:27:49,624] {dag.py:2968} INFO - Setting next_dagrun for example_subdag_operator to 2022-01-01T00:00:00+00:00, run_after=2022-01-01T00:00:00+00:00
[2025-02-14 14:27:49,624] {logging_mixin.py:115} INFO - [2025-02-14 14:27:49,624] {dag.py:2968} INFO - Setting next_dagrun for example_subdag_operator.section-1 to None, run_after=None
[2025-02-14 14:27:49,624] {logging_mixin.py:115} INFO - [2025-02-14 14:27:49,624] {dag.py:2968} INFO - Setting next_dagrun for example_subdag_operator.section-2 to None, run_after=None
[2025-02-14 14:27:49,628] {logging_mixin.py:115} INFO - [2025-02-14 14:27:49,628] {dag.py:2420} INFO - Sync 2 DAGs
[2025-02-14 14:27:49,631] {logging_mixin.py:115} INFO - [2025-02-14 14:27:49,631] {dag.py:2968} INFO - Setting next_dagrun for example_subdag_operator.section-1 to None, run_after=None
[2025-02-14 14:27:49,631] {logging_mixin.py:115} INFO - [2025-02-14 14:27:49,631] {dag.py:2968} INFO - Setting next_dagrun for example_subdag_operator.section-2 to None, run_after=None
[2025-02-14 14:27:49,647] {processor.py:161} INFO - Processing /opt/conda/lib/python3.8/site-packages/airflow/example_dags/example_subdag_operator.py took 0.229 seconds
[2025-02-14 14:28:36,602] {processor.py:153} INFO - Started process (PID=3916) to work on /opt/conda/lib/python3.8/site-packages/airflow/example_dags/example_subdag_operator.py
[2025-02-14 14:28:36,603] {processor.py:641} INFO - Processing file /opt/conda/lib/python3.8/site-packages/airflow/example_dags/example_subdag_operator.py for tasks to queue
[2025-02-14 14:28:36,604] {logging_mixin.py:115} INFO - [2025-02-14 14:28:36,603] {dagbag.py:508} INFO - Filling up the DagBag from /opt/conda/lib/python3.8/site-packages/airflow/example_dags/example_subdag_operator.py
[2025-02-14 14:28:36,624] {processor.py:651} INFO - DAG(s) dict_keys(['example_subdag_operator.section-1', 'example_subdag_operator.section-2', 'example_subdag_operator']) retrieved from /opt/conda/lib/python3.8/site-packages/airflow/example_dags/example_subdag_operator.py
[2025-02-14 14:28:36,653] {logging_mixin.py:115} INFO - [2025-02-14 14:28:36,653] {dag.py:2420} INFO - Sync 3 DAGs
[2025-02-14 14:28:36,666] {logging_mixin.py:115} INFO - [2025-02-14 14:28:36,666] {dag.py:2968} INFO - Setting next_dagrun for example_subdag_operator to 2022-01-01T00:00:00+00:00, run_after=2022-01-01T00:00:00+00:00
[2025-02-14 14:28:36,666] {logging_mixin.py:115} INFO - [2025-02-14 14:28:36,666] {dag.py:2968} INFO - Setting next_dagrun for example_subdag_operator.section-1 to None, run_after=None
[2025-02-14 14:28:36,667] {logging_mixin.py:115} INFO - [2025-02-14 14:28:36,667] {dag.py:2968} INFO - Setting next_dagrun for example_subdag_operator.section-2 to None, run_after=None
[2025-02-14 14:28:36,670] {logging_mixin.py:115} INFO - [2025-02-14 14:28:36,670] {dag.py:2420} INFO - Sync 2 DAGs
[2025-02-14 14:28:36,674] {logging_mixin.py:115} INFO - [2025-02-14 14:28:36,674] {dag.py:2968} INFO - Setting next_dagrun for example_subdag_operator.section-1 to None, run_after=None
[2025-02-14 14:28:36,674] {logging_mixin.py:115} INFO - [2025-02-14 14:28:36,674] {dag.py:2968} INFO - Setting next_dagrun for example_subdag_operator.section-2 to None, run_after=None
[2025-02-14 14:28:36,693] {processor.py:161} INFO - Processing /opt/conda/lib/python3.8/site-packages/airflow/example_dags/example_subdag_operator.py took 0.094 seconds
[2025-02-14 14:29:24,582] {processor.py:153} INFO - Started process (PID=3985) to work on /opt/conda/lib/python3.8/site-packages/airflow/example_dags/example_subdag_operator.py
[2025-02-14 14:29:24,585] {processor.py:641} INFO - Processing file /opt/conda/lib/python3.8/site-packages/airflow/example_dags/example_subdag_operator.py for tasks to queue
[2025-02-14 14:29:24,585] {logging_mixin.py:115} INFO - [2025-02-14 14:29:24,585] {dagbag.py:508} INFO - Filling up the DagBag from /opt/conda/lib/python3.8/site-packages/airflow/example_dags/example_subdag_operator.py
[2025-02-14 14:29:24,603] {processor.py:651} INFO - DAG(s) dict_keys(['example_subdag_operator.section-1', 'example_subdag_operator.section-2', 'example_subdag_operator']) retrieved from /opt/conda/lib/python3.8/site-packages/airflow/example_dags/example_subdag_operator.py
[2025-02-14 14:29:24,627] {logging_mixin.py:115} INFO - [2025-02-14 14:29:24,627] {dag.py:2420} INFO - Sync 3 DAGs
[2025-02-14 14:29:24,640] {logging_mixin.py:115} INFO - [2025-02-14 14:29:24,640] {dag.py:2968} INFO - Setting next_dagrun for example_subdag_operator to 2022-01-01T00:00:00+00:00, run_after=2022-01-01T00:00:00+00:00
[2025-02-14 14:29:24,640] {logging_mixin.py:115} INFO - [2025-02-14 14:29:24,640] {dag.py:2968} INFO - Setting next_dagrun for example_subdag_operator.section-1 to None, run_after=None
[2025-02-14 14:29:24,641] {logging_mixin.py:115} INFO - [2025-02-14 14:29:24,641] {dag.py:2968} INFO - Setting next_dagrun for example_subdag_operator.section-2 to None, run_after=None
[2025-02-14 14:29:24,644] {logging_mixin.py:115} INFO - [2025-02-14 14:29:24,644] {dag.py:2420} INFO - Sync 2 DAGs
[2025-02-14 14:29:24,647] {logging_mixin.py:115} INFO - [2025-02-14 14:29:24,647] {dag.py:2968} INFO - Setting next_dagrun for example_subdag_operator.section-1 to None, run_after=None
[2025-02-14 14:29:24,647] {logging_mixin.py:115} INFO - [2025-02-14 14:29:24,647] {dag.py:2968} INFO - Setting next_dagrun for example_subdag_operator.section-2 to None, run_after=None
[2025-02-14 14:29:24,664] {processor.py:161} INFO - Processing /opt/conda/lib/python3.8/site-packages/airflow/example_dags/example_subdag_operator.py took 0.085 seconds
[2025-02-14 14:30:07,653] {processor.py:153} INFO - Started process (PID=4049) to work on /opt/conda/lib/python3.8/site-packages/airflow/example_dags/example_subdag_operator.py
[2025-02-14 14:30:07,654] {processor.py:641} INFO - Processing file /opt/conda/lib/python3.8/site-packages/airflow/example_dags/example_subdag_operator.py for tasks to queue
[2025-02-14 14:30:07,655] {logging_mixin.py:115} INFO - [2025-02-14 14:30:07,655] {dagbag.py:508} INFO - Filling up the DagBag from /opt/conda/lib/python3.8/site-packages/airflow/example_dags/example_subdag_operator.py
[2025-02-14 14:30:07,674] {processor.py:651} INFO - DAG(s) dict_keys(['example_subdag_operator.section-1', 'example_subdag_operator.section-2', 'example_subdag_operator']) retrieved from /opt/conda/lib/python3.8/site-packages/airflow/example_dags/example_subdag_operator.py
[2025-02-14 14:30:07,698] {logging_mixin.py:115} INFO - [2025-02-14 14:30:07,698] {dag.py:2420} INFO - Sync 3 DAGs
[2025-02-14 14:30:07,712] {logging_mixin.py:115} INFO - [2025-02-14 14:30:07,712] {dag.py:2968} INFO - Setting next_dagrun for example_subdag_operator to 2022-01-01T00:00:00+00:00, run_after=2022-01-01T00:00:00+00:00
[2025-02-14 14:30:07,712] {logging_mixin.py:115} INFO - [2025-02-14 14:30:07,712] {dag.py:2968} INFO - Setting next_dagrun for example_subdag_operator.section-1 to None, run_after=None
[2025-02-14 14:30:07,712] {logging_mixin.py:115} INFO - [2025-02-14 14:30:07,712] {dag.py:2968} INFO - Setting next_dagrun for example_subdag_operator.section-2 to None, run_after=None
[2025-02-14 14:30:07,716] {logging_mixin.py:115} INFO - [2025-02-14 14:30:07,716] {dag.py:2420} INFO - Sync 2 DAGs
[2025-02-14 14:30:07,719] {logging_mixin.py:115} INFO - [2025-02-14 14:30:07,719] {dag.py:2968} INFO - Setting next_dagrun for example_subdag_operator.section-1 to None, run_after=None
[2025-02-14 14:30:07,719] {logging_mixin.py:115} INFO - [2025-02-14 14:30:07,719] {dag.py:2968} INFO - Setting next_dagrun for example_subdag_operator.section-2 to None, run_after=None
[2025-02-14 14:30:07,735] {processor.py:161} INFO - Processing /opt/conda/lib/python3.8/site-packages/airflow/example_dags/example_subdag_operator.py took 0.085 seconds
[2025-02-14 14:30:50,908] {processor.py:153} INFO - Started process (PID=4109) to work on /opt/conda/lib/python3.8/site-packages/airflow/example_dags/example_subdag_operator.py
[2025-02-14 14:30:51,050] {processor.py:641} INFO - Processing file /opt/conda/lib/python3.8/site-packages/airflow/example_dags/example_subdag_operator.py for tasks to queue
[2025-02-14 14:30:51,051] {logging_mixin.py:115} INFO - [2025-02-14 14:30:51,051] {dagbag.py:508} INFO - Filling up the DagBag from /opt/conda/lib/python3.8/site-packages/airflow/example_dags/example_subdag_operator.py
[2025-02-14 14:30:51,072] {processor.py:651} INFO - DAG(s) dict_keys(['example_subdag_operator.section-1', 'example_subdag_operator.section-2', 'example_subdag_operator']) retrieved from /opt/conda/lib/python3.8/site-packages/airflow/example_dags/example_subdag_operator.py
[2025-02-14 14:30:51,103] {logging_mixin.py:115} INFO - [2025-02-14 14:30:51,102] {dag.py:2420} INFO - Sync 3 DAGs
[2025-02-14 14:30:51,119] {logging_mixin.py:115} INFO - [2025-02-14 14:30:51,118] {dag.py:2968} INFO - Setting next_dagrun for example_subdag_operator to 2022-01-01T00:00:00+00:00, run_after=2022-01-01T00:00:00+00:00
[2025-02-14 14:30:51,119] {logging_mixin.py:115} INFO - [2025-02-14 14:30:51,119] {dag.py:2968} INFO - Setting next_dagrun for example_subdag_operator.section-1 to None, run_after=None
[2025-02-14 14:30:51,119] {logging_mixin.py:115} INFO - [2025-02-14 14:30:51,119] {dag.py:2968} INFO - Setting next_dagrun for example_subdag_operator.section-2 to None, run_after=None
[2025-02-14 14:30:51,123] {logging_mixin.py:115} INFO - [2025-02-14 14:30:51,123] {dag.py:2420} INFO - Sync 2 DAGs
[2025-02-14 14:30:51,126] {logging_mixin.py:115} INFO - [2025-02-14 14:30:51,126] {dag.py:2968} INFO - Setting next_dagrun for example_subdag_operator.section-1 to None, run_after=None
[2025-02-14 14:30:51,127] {logging_mixin.py:115} INFO - [2025-02-14 14:30:51,127] {dag.py:2968} INFO - Setting next_dagrun for example_subdag_operator.section-2 to None, run_after=None
[2025-02-14 14:30:51,144] {processor.py:161} INFO - Processing /opt/conda/lib/python3.8/site-packages/airflow/example_dags/example_subdag_operator.py took 0.239 seconds
[2025-02-14 14:31:38,566] {processor.py:153} INFO - Started process (PID=4193) to work on /opt/conda/lib/python3.8/site-packages/airflow/example_dags/example_subdag_operator.py
[2025-02-14 14:31:38,569] {processor.py:641} INFO - Processing file /opt/conda/lib/python3.8/site-packages/airflow/example_dags/example_subdag_operator.py for tasks to queue
[2025-02-14 14:31:38,570] {logging_mixin.py:115} INFO - [2025-02-14 14:31:38,569] {dagbag.py:508} INFO - Filling up the DagBag from /opt/conda/lib/python3.8/site-packages/airflow/example_dags/example_subdag_operator.py
[2025-02-14 14:31:38,592] {processor.py:651} INFO - DAG(s) dict_keys(['example_subdag_operator.section-1', 'example_subdag_operator.section-2', 'example_subdag_operator']) retrieved from /opt/conda/lib/python3.8/site-packages/airflow/example_dags/example_subdag_operator.py
[2025-02-14 14:31:38,619] {logging_mixin.py:115} INFO - [2025-02-14 14:31:38,619] {dag.py:2420} INFO - Sync 3 DAGs
[2025-02-14 14:31:38,633] {logging_mixin.py:115} INFO - [2025-02-14 14:31:38,633] {dag.py:2968} INFO - Setting next_dagrun for example_subdag_operator to 2022-01-01T00:00:00+00:00, run_after=2022-01-01T00:00:00+00:00
[2025-02-14 14:31:38,633] {logging_mixin.py:115} INFO - [2025-02-14 14:31:38,633] {dag.py:2968} INFO - Setting next_dagrun for example_subdag_operator.section-1 to None, run_after=None
[2025-02-14 14:31:38,633] {logging_mixin.py:115} INFO - [2025-02-14 14:31:38,633] {dag.py:2968} INFO - Setting next_dagrun for example_subdag_operator.section-2 to None, run_after=None
[2025-02-14 14:31:38,637] {logging_mixin.py:115} INFO - [2025-02-14 14:31:38,637] {dag.py:2420} INFO - Sync 2 DAGs
[2025-02-14 14:31:38,641] {logging_mixin.py:115} INFO - [2025-02-14 14:31:38,641] {dag.py:2968} INFO - Setting next_dagrun for example_subdag_operator.section-1 to None, run_after=None
[2025-02-14 14:31:38,641] {logging_mixin.py:115} INFO - [2025-02-14 14:31:38,641] {dag.py:2968} INFO - Setting next_dagrun for example_subdag_operator.section-2 to None, run_after=None
[2025-02-14 14:31:38,658] {processor.py:161} INFO - Processing /opt/conda/lib/python3.8/site-packages/airflow/example_dags/example_subdag_operator.py took 0.096 seconds
[2025-02-14 14:33:29,668] {processor.py:153} INFO - Started process (PID=4360) to work on /opt/conda/lib/python3.8/site-packages/airflow/example_dags/example_subdag_operator.py
[2025-02-14 14:33:29,670] {processor.py:641} INFO - Processing file /opt/conda/lib/python3.8/site-packages/airflow/example_dags/example_subdag_operator.py for tasks to queue
[2025-02-14 14:33:29,670] {logging_mixin.py:115} INFO - [2025-02-14 14:33:29,670] {dagbag.py:508} INFO - Filling up the DagBag from /opt/conda/lib/python3.8/site-packages/airflow/example_dags/example_subdag_operator.py
[2025-02-14 14:33:29,690] {processor.py:651} INFO - DAG(s) dict_keys(['example_subdag_operator.section-1', 'example_subdag_operator.section-2', 'example_subdag_operator']) retrieved from /opt/conda/lib/python3.8/site-packages/airflow/example_dags/example_subdag_operator.py
[2025-02-14 14:33:29,713] {logging_mixin.py:115} INFO - [2025-02-14 14:33:29,713] {dag.py:2420} INFO - Sync 3 DAGs
[2025-02-14 14:33:29,727] {logging_mixin.py:115} INFO - [2025-02-14 14:33:29,726] {dag.py:2968} INFO - Setting next_dagrun for example_subdag_operator to 2022-01-01T00:00:00+00:00, run_after=2022-01-01T00:00:00+00:00
[2025-02-14 14:33:29,727] {logging_mixin.py:115} INFO - [2025-02-14 14:33:29,727] {dag.py:2968} INFO - Setting next_dagrun for example_subdag_operator.section-1 to None, run_after=None
[2025-02-14 14:33:29,727] {logging_mixin.py:115} INFO - [2025-02-14 14:33:29,727] {dag.py:2968} INFO - Setting next_dagrun for example_subdag_operator.section-2 to None, run_after=None
[2025-02-14 14:33:29,731] {logging_mixin.py:115} INFO - [2025-02-14 14:33:29,731] {dag.py:2420} INFO - Sync 2 DAGs
[2025-02-14 14:33:29,734] {logging_mixin.py:115} INFO - [2025-02-14 14:33:29,734] {dag.py:2968} INFO - Setting next_dagrun for example_subdag_operator.section-1 to None, run_after=None
[2025-02-14 14:33:29,734] {logging_mixin.py:115} INFO - [2025-02-14 14:33:29,734] {dag.py:2968} INFO - Setting next_dagrun for example_subdag_operator.section-2 to None, run_after=None
[2025-02-14 14:33:29,752] {processor.py:161} INFO - Processing /opt/conda/lib/python3.8/site-packages/airflow/example_dags/example_subdag_operator.py took 0.087 seconds
[2025-02-14 14:34:17,629] {processor.py:153} INFO - Started process (PID=4420) to work on /opt/conda/lib/python3.8/site-packages/airflow/example_dags/example_subdag_operator.py
[2025-02-14 14:34:17,653] {processor.py:641} INFO - Processing file /opt/conda/lib/python3.8/site-packages/airflow/example_dags/example_subdag_operator.py for tasks to queue
[2025-02-14 14:34:17,654] {logging_mixin.py:115} INFO - [2025-02-14 14:34:17,654] {dagbag.py:508} INFO - Filling up the DagBag from /opt/conda/lib/python3.8/site-packages/airflow/example_dags/example_subdag_operator.py
[2025-02-14 14:34:17,675] {processor.py:651} INFO - DAG(s) dict_keys(['example_subdag_operator.section-1', 'example_subdag_operator.section-2', 'example_subdag_operator']) retrieved from /opt/conda/lib/python3.8/site-packages/airflow/example_dags/example_subdag_operator.py
[2025-02-14 14:34:17,705] {logging_mixin.py:115} INFO - [2025-02-14 14:34:17,705] {dag.py:2420} INFO - Sync 3 DAGs
[2025-02-14 14:34:17,722] {logging_mixin.py:115} INFO - [2025-02-14 14:34:17,722] {dag.py:2968} INFO - Setting next_dagrun for example_subdag_operator to 2022-01-01T00:00:00+00:00, run_after=2022-01-01T00:00:00+00:00
[2025-02-14 14:34:17,723] {logging_mixin.py:115} INFO - [2025-02-14 14:34:17,723] {dag.py:2968} INFO - Setting next_dagrun for example_subdag_operator.section-1 to None, run_after=None
[2025-02-14 14:34:17,723] {logging_mixin.py:115} INFO - [2025-02-14 14:34:17,723] {dag.py:2968} INFO - Setting next_dagrun for example_subdag_operator.section-2 to None, run_after=None
[2025-02-14 14:34:17,728] {logging_mixin.py:115} INFO - [2025-02-14 14:34:17,728] {dag.py:2420} INFO - Sync 2 DAGs
[2025-02-14 14:34:17,732] {logging_mixin.py:115} INFO - [2025-02-14 14:34:17,732] {dag.py:2968} INFO - Setting next_dagrun for example_subdag_operator.section-1 to None, run_after=None
[2025-02-14 14:34:17,732] {logging_mixin.py:115} INFO - [2025-02-14 14:34:17,732] {dag.py:2968} INFO - Setting next_dagrun for example_subdag_operator.section-2 to None, run_after=None
[2025-02-14 14:34:17,760] {processor.py:161} INFO - Processing /opt/conda/lib/python3.8/site-packages/airflow/example_dags/example_subdag_operator.py took 0.135 seconds
[2025-02-14 14:35:03,088] {processor.py:153} INFO - Started process (PID=4494) to work on /opt/conda/lib/python3.8/site-packages/airflow/example_dags/example_subdag_operator.py
[2025-02-14 14:35:03,090] {processor.py:641} INFO - Processing file /opt/conda/lib/python3.8/site-packages/airflow/example_dags/example_subdag_operator.py for tasks to queue
[2025-02-14 14:35:03,090] {logging_mixin.py:115} INFO - [2025-02-14 14:35:03,090] {dagbag.py:508} INFO - Filling up the DagBag from /opt/conda/lib/python3.8/site-packages/airflow/example_dags/example_subdag_operator.py
[2025-02-14 14:35:03,110] {processor.py:651} INFO - DAG(s) dict_keys(['example_subdag_operator.section-1', 'example_subdag_operator.section-2', 'example_subdag_operator']) retrieved from /opt/conda/lib/python3.8/site-packages/airflow/example_dags/example_subdag_operator.py
[2025-02-14 14:35:03,133] {logging_mixin.py:115} INFO - [2025-02-14 14:35:03,133] {dag.py:2420} INFO - Sync 3 DAGs
[2025-02-14 14:35:03,146] {logging_mixin.py:115} INFO - [2025-02-14 14:35:03,146] {dag.py:2968} INFO - Setting next_dagrun for example_subdag_operator to 2022-01-01T00:00:00+00:00, run_after=2022-01-01T00:00:00+00:00
[2025-02-14 14:35:03,146] {logging_mixin.py:115} INFO - [2025-02-14 14:35:03,146] {dag.py:2968} INFO - Setting next_dagrun for example_subdag_operator.section-1 to None, run_after=None
[2025-02-14 14:35:03,146] {logging_mixin.py:115} INFO - [2025-02-14 14:35:03,146] {dag.py:2968} INFO - Setting next_dagrun for example_subdag_operator.section-2 to None, run_after=None
[2025-02-14 14:35:03,150] {logging_mixin.py:115} INFO - [2025-02-14 14:35:03,150] {dag.py:2420} INFO - Sync 2 DAGs
[2025-02-14 14:35:03,153] {logging_mixin.py:115} INFO - [2025-02-14 14:35:03,153] {dag.py:2968} INFO - Setting next_dagrun for example_subdag_operator.section-1 to None, run_after=None
[2025-02-14 14:35:03,153] {logging_mixin.py:115} INFO - [2025-02-14 14:35:03,153] {dag.py:2968} INFO - Setting next_dagrun for example_subdag_operator.section-2 to None, run_after=None
[2025-02-14 14:35:03,171] {processor.py:161} INFO - Processing /opt/conda/lib/python3.8/site-packages/airflow/example_dags/example_subdag_operator.py took 0.086 seconds
[2025-02-14 14:35:50,445] {processor.py:153} INFO - Started process (PID=4556) to work on /opt/conda/lib/python3.8/site-packages/airflow/example_dags/example_subdag_operator.py
[2025-02-14 14:35:50,447] {processor.py:641} INFO - Processing file /opt/conda/lib/python3.8/site-packages/airflow/example_dags/example_subdag_operator.py for tasks to queue
[2025-02-14 14:35:50,447] {logging_mixin.py:115} INFO - [2025-02-14 14:35:50,447] {dagbag.py:508} INFO - Filling up the DagBag from /opt/conda/lib/python3.8/site-packages/airflow/example_dags/example_subdag_operator.py
[2025-02-14 14:35:50,468] {processor.py:651} INFO - DAG(s) dict_keys(['example_subdag_operator.section-1', 'example_subdag_operator.section-2', 'example_subdag_operator']) retrieved from /opt/conda/lib/python3.8/site-packages/airflow/example_dags/example_subdag_operator.py
[2025-02-14 14:35:50,498] {logging_mixin.py:115} INFO - [2025-02-14 14:35:50,498] {dag.py:2420} INFO - Sync 3 DAGs
[2025-02-14 14:35:50,514] {logging_mixin.py:115} INFO - [2025-02-14 14:35:50,513] {dag.py:2968} INFO - Setting next_dagrun for example_subdag_operator to 2022-01-01T00:00:00+00:00, run_after=2022-01-01T00:00:00+00:00
[2025-02-14 14:35:50,514] {logging_mixin.py:115} INFO - [2025-02-14 14:35:50,514] {dag.py:2968} INFO - Setting next_dagrun for example_subdag_operator.section-1 to None, run_after=None
[2025-02-14 14:35:50,514] {logging_mixin.py:115} INFO - [2025-02-14 14:35:50,514] {dag.py:2968} INFO - Setting next_dagrun for example_subdag_operator.section-2 to None, run_after=None
[2025-02-14 14:35:50,518] {logging_mixin.py:115} INFO - [2025-02-14 14:35:50,518] {dag.py:2420} INFO - Sync 2 DAGs
[2025-02-14 14:35:50,521] {logging_mixin.py:115} INFO - [2025-02-14 14:35:50,521] {dag.py:2968} INFO - Setting next_dagrun for example_subdag_operator.section-1 to None, run_after=None
[2025-02-14 14:35:50,521] {logging_mixin.py:115} INFO - [2025-02-14 14:35:50,521] {dag.py:2968} INFO - Setting next_dagrun for example_subdag_operator.section-2 to None, run_after=None
[2025-02-14 14:35:50,537] {processor.py:161} INFO - Processing /opt/conda/lib/python3.8/site-packages/airflow/example_dags/example_subdag_operator.py took 0.095 seconds
[2025-02-14 14:36:37,824] {processor.py:153} INFO - Started process (PID=4615) to work on /opt/conda/lib/python3.8/site-packages/airflow/example_dags/example_subdag_operator.py
[2025-02-14 14:36:37,826] {processor.py:641} INFO - Processing file /opt/conda/lib/python3.8/site-packages/airflow/example_dags/example_subdag_operator.py for tasks to queue
[2025-02-14 14:36:37,826] {logging_mixin.py:115} INFO - [2025-02-14 14:36:37,826] {dagbag.py:508} INFO - Filling up the DagBag from /opt/conda/lib/python3.8/site-packages/airflow/example_dags/example_subdag_operator.py
[2025-02-14 14:36:37,847] {processor.py:651} INFO - DAG(s) dict_keys(['example_subdag_operator.section-1', 'example_subdag_operator.section-2', 'example_subdag_operator']) retrieved from /opt/conda/lib/python3.8/site-packages/airflow/example_dags/example_subdag_operator.py
[2025-02-14 14:36:37,877] {logging_mixin.py:115} INFO - [2025-02-14 14:36:37,877] {dag.py:2420} INFO - Sync 3 DAGs
[2025-02-14 14:36:37,894] {logging_mixin.py:115} INFO - [2025-02-14 14:36:37,894] {dag.py:2968} INFO - Setting next_dagrun for example_subdag_operator to 2022-01-01T00:00:00+00:00, run_after=2022-01-01T00:00:00+00:00
[2025-02-14 14:36:37,895] {logging_mixin.py:115} INFO - [2025-02-14 14:36:37,895] {dag.py:2968} INFO - Setting next_dagrun for example_subdag_operator.section-1 to None, run_after=None
[2025-02-14 14:36:37,895] {logging_mixin.py:115} INFO - [2025-02-14 14:36:37,895] {dag.py:2968} INFO - Setting next_dagrun for example_subdag_operator.section-2 to None, run_after=None
[2025-02-14 14:36:37,899] {logging_mixin.py:115} INFO - [2025-02-14 14:36:37,899] {dag.py:2420} INFO - Sync 2 DAGs
[2025-02-14 14:36:37,902] {logging_mixin.py:115} INFO - [2025-02-14 14:36:37,902] {dag.py:2968} INFO - Setting next_dagrun for example_subdag_operator.section-1 to None, run_after=None
[2025-02-14 14:36:37,902] {logging_mixin.py:115} INFO - [2025-02-14 14:36:37,902] {dag.py:2968} INFO - Setting next_dagrun for example_subdag_operator.section-2 to None, run_after=None
[2025-02-14 14:36:37,919] {processor.py:161} INFO - Processing /opt/conda/lib/python3.8/site-packages/airflow/example_dags/example_subdag_operator.py took 0.098 seconds
[2025-02-14 14:37:22,725] {processor.py:153} INFO - Started process (PID=4673) to work on /opt/conda/lib/python3.8/site-packages/airflow/example_dags/example_subdag_operator.py
[2025-02-14 14:37:22,727] {processor.py:641} INFO - Processing file /opt/conda/lib/python3.8/site-packages/airflow/example_dags/example_subdag_operator.py for tasks to queue
[2025-02-14 14:37:22,727] {logging_mixin.py:115} INFO - [2025-02-14 14:37:22,727] {dagbag.py:508} INFO - Filling up the DagBag from /opt/conda/lib/python3.8/site-packages/airflow/example_dags/example_subdag_operator.py
[2025-02-14 14:37:22,748] {processor.py:651} INFO - DAG(s) dict_keys(['example_subdag_operator.section-1', 'example_subdag_operator.section-2', 'example_subdag_operator']) retrieved from /opt/conda/lib/python3.8/site-packages/airflow/example_dags/example_subdag_operator.py
[2025-02-14 14:37:22,771] {logging_mixin.py:115} INFO - [2025-02-14 14:37:22,771] {dag.py:2420} INFO - Sync 3 DAGs
[2025-02-14 14:37:22,785] {logging_mixin.py:115} INFO - [2025-02-14 14:37:22,785] {dag.py:2968} INFO - Setting next_dagrun for example_subdag_operator to 2022-01-01T00:00:00+00:00, run_after=2022-01-01T00:00:00+00:00
[2025-02-14 14:37:22,785] {logging_mixin.py:115} INFO - [2025-02-14 14:37:22,785] {dag.py:2968} INFO - Setting next_dagrun for example_subdag_operator.section-1 to None, run_after=None
[2025-02-14 14:37:22,785] {logging_mixin.py:115} INFO - [2025-02-14 14:37:22,785] {dag.py:2968} INFO - Setting next_dagrun for example_subdag_operator.section-2 to None, run_after=None
[2025-02-14 14:37:22,789] {logging_mixin.py:115} INFO - [2025-02-14 14:37:22,789] {dag.py:2420} INFO - Sync 2 DAGs
[2025-02-14 14:37:22,792] {logging_mixin.py:115} INFO - [2025-02-14 14:37:22,792] {dag.py:2968} INFO - Setting next_dagrun for example_subdag_operator.section-1 to None, run_after=None
[2025-02-14 14:37:22,792] {logging_mixin.py:115} INFO - [2025-02-14 14:37:22,792] {dag.py:2968} INFO - Setting next_dagrun for example_subdag_operator.section-2 to None, run_after=None
[2025-02-14 14:37:22,811] {processor.py:161} INFO - Processing /opt/conda/lib/python3.8/site-packages/airflow/example_dags/example_subdag_operator.py took 0.088 seconds
[2025-02-14 14:42:29,086] {processor.py:153} INFO - Started process (PID=4780) to work on /opt/conda/lib/python3.8/site-packages/airflow/example_dags/example_subdag_operator.py
[2025-02-14 14:42:29,088] {processor.py:641} INFO - Processing file /opt/conda/lib/python3.8/site-packages/airflow/example_dags/example_subdag_operator.py for tasks to queue
[2025-02-14 14:42:29,088] {logging_mixin.py:115} INFO - [2025-02-14 14:42:29,088] {dagbag.py:508} INFO - Filling up the DagBag from /opt/conda/lib/python3.8/site-packages/airflow/example_dags/example_subdag_operator.py
[2025-02-14 14:42:29,241] {processor.py:651} INFO - DAG(s) dict_keys(['example_subdag_operator.section-1', 'example_subdag_operator.section-2', 'example_subdag_operator']) retrieved from /opt/conda/lib/python3.8/site-packages/airflow/example_dags/example_subdag_operator.py
[2025-02-14 14:42:29,262] {logging_mixin.py:115} INFO - [2025-02-14 14:42:29,262] {dag.py:2420} INFO - Sync 3 DAGs
[2025-02-14 14:42:29,274] {logging_mixin.py:115} INFO - [2025-02-14 14:42:29,274] {dag.py:2968} INFO - Setting next_dagrun for example_subdag_operator to 2022-01-01T00:00:00+00:00, run_after=2022-01-01T00:00:00+00:00
[2025-02-14 14:42:29,274] {logging_mixin.py:115} INFO - [2025-02-14 14:42:29,274] {dag.py:2968} INFO - Setting next_dagrun for example_subdag_operator.section-1 to None, run_after=None
[2025-02-14 14:42:29,274] {logging_mixin.py:115} INFO - [2025-02-14 14:42:29,274] {dag.py:2968} INFO - Setting next_dagrun for example_subdag_operator.section-2 to None, run_after=None
[2025-02-14 14:42:29,278] {logging_mixin.py:115} INFO - [2025-02-14 14:42:29,278] {dag.py:2420} INFO - Sync 2 DAGs
[2025-02-14 14:42:29,281] {logging_mixin.py:115} INFO - [2025-02-14 14:42:29,281] {dag.py:2968} INFO - Setting next_dagrun for example_subdag_operator.section-1 to None, run_after=None
[2025-02-14 14:42:29,281] {logging_mixin.py:115} INFO - [2025-02-14 14:42:29,281] {dag.py:2968} INFO - Setting next_dagrun for example_subdag_operator.section-2 to None, run_after=None
[2025-02-14 14:42:29,333] {processor.py:161} INFO - Processing /opt/conda/lib/python3.8/site-packages/airflow/example_dags/example_subdag_operator.py took 0.250 seconds
[2025-02-14 17:09:51,189] {processor.py:153} INFO - Started process (PID=6371) to work on /opt/conda/lib/python3.8/site-packages/airflow/example_dags/example_subdag_operator.py
[2025-02-14 17:09:51,191] {processor.py:641} INFO - Processing file /opt/conda/lib/python3.8/site-packages/airflow/example_dags/example_subdag_operator.py for tasks to queue
[2025-02-14 17:09:51,191] {logging_mixin.py:115} INFO - [2025-02-14 17:09:51,191] {dagbag.py:508} INFO - Filling up the DagBag from /opt/conda/lib/python3.8/site-packages/airflow/example_dags/example_subdag_operator.py
[2025-02-14 17:09:51,402] {processor.py:651} INFO - DAG(s) dict_keys(['example_subdag_operator.section-1', 'example_subdag_operator.section-2', 'example_subdag_operator']) retrieved from /opt/conda/lib/python3.8/site-packages/airflow/example_dags/example_subdag_operator.py
[2025-02-14 17:09:51,436] {logging_mixin.py:115} INFO - [2025-02-14 17:09:51,435] {dag.py:2420} INFO - Sync 3 DAGs
[2025-02-14 17:09:51,455] {logging_mixin.py:115} INFO - [2025-02-14 17:09:51,455] {dag.py:2968} INFO - Setting next_dagrun for example_subdag_operator to 2022-01-01T00:00:00+00:00, run_after=2022-01-01T00:00:00+00:00
[2025-02-14 17:09:51,455] {logging_mixin.py:115} INFO - [2025-02-14 17:09:51,455] {dag.py:2968} INFO - Setting next_dagrun for example_subdag_operator.section-1 to None, run_after=None
[2025-02-14 17:09:51,456] {logging_mixin.py:115} INFO - [2025-02-14 17:09:51,456] {dag.py:2968} INFO - Setting next_dagrun for example_subdag_operator.section-2 to None, run_after=None
[2025-02-14 17:09:51,461] {logging_mixin.py:115} INFO - [2025-02-14 17:09:51,461] {dag.py:2420} INFO - Sync 2 DAGs
[2025-02-14 17:09:51,466] {logging_mixin.py:115} INFO - [2025-02-14 17:09:51,466] {dag.py:2968} INFO - Setting next_dagrun for example_subdag_operator.section-1 to None, run_after=None
[2025-02-14 17:09:51,466] {logging_mixin.py:115} INFO - [2025-02-14 17:09:51,466] {dag.py:2968} INFO - Setting next_dagrun for example_subdag_operator.section-2 to None, run_after=None
[2025-02-14 17:09:51,486] {processor.py:161} INFO - Processing /opt/conda/lib/python3.8/site-packages/airflow/example_dags/example_subdag_operator.py took 0.300 seconds
[2025-02-14 17:11:12,736] {processor.py:153} INFO - Started process (PID=6517) to work on /opt/conda/lib/python3.8/site-packages/airflow/example_dags/example_subdag_operator.py
[2025-02-14 17:11:12,738] {processor.py:641} INFO - Processing file /opt/conda/lib/python3.8/site-packages/airflow/example_dags/example_subdag_operator.py for tasks to queue
[2025-02-14 17:11:12,739] {logging_mixin.py:115} INFO - [2025-02-14 17:11:12,738] {dagbag.py:508} INFO - Filling up the DagBag from /opt/conda/lib/python3.8/site-packages/airflow/example_dags/example_subdag_operator.py
[2025-02-14 17:11:12,949] {processor.py:651} INFO - DAG(s) dict_keys(['example_subdag_operator.section-1', 'example_subdag_operator.section-2', 'example_subdag_operator']) retrieved from /opt/conda/lib/python3.8/site-packages/airflow/example_dags/example_subdag_operator.py
[2025-02-14 17:11:12,983] {logging_mixin.py:115} INFO - [2025-02-14 17:11:12,983] {dag.py:2420} INFO - Sync 3 DAGs
[2025-02-14 17:11:13,002] {logging_mixin.py:115} INFO - [2025-02-14 17:11:13,001] {dag.py:2968} INFO - Setting next_dagrun for example_subdag_operator to 2022-01-01T00:00:00+00:00, run_after=2022-01-01T00:00:00+00:00
[2025-02-14 17:11:13,002] {logging_mixin.py:115} INFO - [2025-02-14 17:11:13,002] {dag.py:2968} INFO - Setting next_dagrun for example_subdag_operator.section-1 to None, run_after=None
[2025-02-14 17:11:13,002] {logging_mixin.py:115} INFO - [2025-02-14 17:11:13,002] {dag.py:2968} INFO - Setting next_dagrun for example_subdag_operator.section-2 to None, run_after=None
[2025-02-14 17:11:13,008] {logging_mixin.py:115} INFO - [2025-02-14 17:11:13,008] {dag.py:2420} INFO - Sync 2 DAGs
[2025-02-14 17:11:13,012] {logging_mixin.py:115} INFO - [2025-02-14 17:11:13,012] {dag.py:2968} INFO - Setting next_dagrun for example_subdag_operator.section-1 to None, run_after=None
[2025-02-14 17:11:13,013] {logging_mixin.py:115} INFO - [2025-02-14 17:11:13,013] {dag.py:2968} INFO - Setting next_dagrun for example_subdag_operator.section-2 to None, run_after=None
[2025-02-14 17:11:13,032] {processor.py:161} INFO - Processing /opt/conda/lib/python3.8/site-packages/airflow/example_dags/example_subdag_operator.py took 0.299 seconds
[2025-02-14 17:12:07,945] {processor.py:153} INFO - Started process (PID=6590) to work on /opt/conda/lib/python3.8/site-packages/airflow/example_dags/example_subdag_operator.py
[2025-02-14 17:12:07,947] {processor.py:641} INFO - Processing file /opt/conda/lib/python3.8/site-packages/airflow/example_dags/example_subdag_operator.py for tasks to queue
[2025-02-14 17:12:07,948] {logging_mixin.py:115} INFO - [2025-02-14 17:12:07,947] {dagbag.py:508} INFO - Filling up the DagBag from /opt/conda/lib/python3.8/site-packages/airflow/example_dags/example_subdag_operator.py
[2025-02-14 17:12:08,153] {processor.py:651} INFO - DAG(s) dict_keys(['example_subdag_operator.section-1', 'example_subdag_operator.section-2', 'example_subdag_operator']) retrieved from /opt/conda/lib/python3.8/site-packages/airflow/example_dags/example_subdag_operator.py
[2025-02-14 17:12:08,186] {logging_mixin.py:115} INFO - [2025-02-14 17:12:08,186] {dag.py:2420} INFO - Sync 3 DAGs
[2025-02-14 17:12:08,205] {logging_mixin.py:115} INFO - [2025-02-14 17:12:08,204] {dag.py:2968} INFO - Setting next_dagrun for example_subdag_operator to 2022-01-01T00:00:00+00:00, run_after=2022-01-01T00:00:00+00:00
[2025-02-14 17:12:08,205] {logging_mixin.py:115} INFO - [2025-02-14 17:12:08,205] {dag.py:2968} INFO - Setting next_dagrun for example_subdag_operator.section-1 to None, run_after=None
[2025-02-14 17:12:08,205] {logging_mixin.py:115} INFO - [2025-02-14 17:12:08,205] {dag.py:2968} INFO - Setting next_dagrun for example_subdag_operator.section-2 to None, run_after=None
[2025-02-14 17:12:08,211] {logging_mixin.py:115} INFO - [2025-02-14 17:12:08,211] {dag.py:2420} INFO - Sync 2 DAGs
[2025-02-14 17:12:08,215] {logging_mixin.py:115} INFO - [2025-02-14 17:12:08,215] {dag.py:2968} INFO - Setting next_dagrun for example_subdag_operator.section-1 to None, run_after=None
[2025-02-14 17:12:08,215] {logging_mixin.py:115} INFO - [2025-02-14 17:12:08,215] {dag.py:2968} INFO - Setting next_dagrun for example_subdag_operator.section-2 to None, run_after=None
[2025-02-14 17:12:08,235] {processor.py:161} INFO - Processing /opt/conda/lib/python3.8/site-packages/airflow/example_dags/example_subdag_operator.py took 0.293 seconds
[2025-02-14 17:13:23,449] {processor.py:153} INFO - Started process (PID=6707) to work on /opt/conda/lib/python3.8/site-packages/airflow/example_dags/example_subdag_operator.py
[2025-02-14 17:13:23,451] {processor.py:641} INFO - Processing file /opt/conda/lib/python3.8/site-packages/airflow/example_dags/example_subdag_operator.py for tasks to queue
[2025-02-14 17:13:23,451] {logging_mixin.py:115} INFO - [2025-02-14 17:13:23,451] {dagbag.py:508} INFO - Filling up the DagBag from /opt/conda/lib/python3.8/site-packages/airflow/example_dags/example_subdag_operator.py
[2025-02-14 17:13:23,608] {processor.py:651} INFO - DAG(s) dict_keys(['example_subdag_operator.section-1', 'example_subdag_operator.section-2', 'example_subdag_operator']) retrieved from /opt/conda/lib/python3.8/site-packages/airflow/example_dags/example_subdag_operator.py
[2025-02-14 17:13:23,629] {logging_mixin.py:115} INFO - [2025-02-14 17:13:23,629] {dag.py:2420} INFO - Sync 3 DAGs
[2025-02-14 17:13:23,640] {logging_mixin.py:115} INFO - [2025-02-14 17:13:23,640] {dag.py:2968} INFO - Setting next_dagrun for example_subdag_operator to 2022-01-01T00:00:00+00:00, run_after=2022-01-01T00:00:00+00:00
[2025-02-14 17:13:23,641] {logging_mixin.py:115} INFO - [2025-02-14 17:13:23,641] {dag.py:2968} INFO - Setting next_dagrun for example_subdag_operator.section-1 to None, run_after=None
[2025-02-14 17:13:23,641] {logging_mixin.py:115} INFO - [2025-02-14 17:13:23,641] {dag.py:2968} INFO - Setting next_dagrun for example_subdag_operator.section-2 to None, run_after=None
[2025-02-14 17:13:23,644] {logging_mixin.py:115} INFO - [2025-02-14 17:13:23,644] {dag.py:2420} INFO - Sync 2 DAGs
[2025-02-14 17:13:23,647] {logging_mixin.py:115} INFO - [2025-02-14 17:13:23,647] {dag.py:2968} INFO - Setting next_dagrun for example_subdag_operator.section-1 to None, run_after=None
[2025-02-14 17:13:23,648] {logging_mixin.py:115} INFO - [2025-02-14 17:13:23,648] {dag.py:2968} INFO - Setting next_dagrun for example_subdag_operator.section-2 to None, run_after=None
[2025-02-14 17:13:23,663] {processor.py:161} INFO - Processing /opt/conda/lib/python3.8/site-packages/airflow/example_dags/example_subdag_operator.py took 0.217 seconds
[2025-02-14 17:14:32,795] {processor.py:153} INFO - Started process (PID=6797) to work on /opt/conda/lib/python3.8/site-packages/airflow/example_dags/example_subdag_operator.py
[2025-02-14 17:14:32,797] {processor.py:641} INFO - Processing file /opt/conda/lib/python3.8/site-packages/airflow/example_dags/example_subdag_operator.py for tasks to queue
[2025-02-14 17:14:32,797] {logging_mixin.py:115} INFO - [2025-02-14 17:14:32,797] {dagbag.py:508} INFO - Filling up the DagBag from /opt/conda/lib/python3.8/site-packages/airflow/example_dags/example_subdag_operator.py
[2025-02-14 17:14:32,821] {processor.py:651} INFO - DAG(s) dict_keys(['example_subdag_operator.section-1', 'example_subdag_operator.section-2', 'example_subdag_operator']) retrieved from /opt/conda/lib/python3.8/site-packages/airflow/example_dags/example_subdag_operator.py
[2025-02-14 17:14:32,858] {logging_mixin.py:115} INFO - [2025-02-14 17:14:32,858] {dag.py:2420} INFO - Sync 3 DAGs
[2025-02-14 17:14:32,880] {logging_mixin.py:115} INFO - [2025-02-14 17:14:32,880] {dag.py:2968} INFO - Setting next_dagrun for example_subdag_operator to 2022-01-01T00:00:00+00:00, run_after=2022-01-01T00:00:00+00:00
[2025-02-14 17:14:32,880] {logging_mixin.py:115} INFO - [2025-02-14 17:14:32,880] {dag.py:2968} INFO - Setting next_dagrun for example_subdag_operator.section-1 to None, run_after=None
[2025-02-14 17:14:32,880] {logging_mixin.py:115} INFO - [2025-02-14 17:14:32,880] {dag.py:2968} INFO - Setting next_dagrun for example_subdag_operator.section-2 to None, run_after=None
[2025-02-14 17:14:32,887] {logging_mixin.py:115} INFO - [2025-02-14 17:14:32,887] {dag.py:2420} INFO - Sync 2 DAGs
[2025-02-14 17:14:32,892] {logging_mixin.py:115} INFO - [2025-02-14 17:14:32,892] {dag.py:2968} INFO - Setting next_dagrun for example_subdag_operator.section-1 to None, run_after=None
[2025-02-14 17:14:32,892] {logging_mixin.py:115} INFO - [2025-02-14 17:14:32,892] {dag.py:2968} INFO - Setting next_dagrun for example_subdag_operator.section-2 to None, run_after=None
[2025-02-14 17:14:32,913] {processor.py:161} INFO - Processing /opt/conda/lib/python3.8/site-packages/airflow/example_dags/example_subdag_operator.py took 0.121 seconds
[2025-02-14 17:15:24,721] {processor.py:153} INFO - Started process (PID=6879) to work on /opt/conda/lib/python3.8/site-packages/airflow/example_dags/example_subdag_operator.py
[2025-02-14 17:15:24,722] {processor.py:641} INFO - Processing file /opt/conda/lib/python3.8/site-packages/airflow/example_dags/example_subdag_operator.py for tasks to queue
[2025-02-14 17:15:24,723] {logging_mixin.py:115} INFO - [2025-02-14 17:15:24,723] {dagbag.py:508} INFO - Filling up the DagBag from /opt/conda/lib/python3.8/site-packages/airflow/example_dags/example_subdag_operator.py
[2025-02-14 17:15:24,747] {processor.py:651} INFO - DAG(s) dict_keys(['example_subdag_operator.section-1', 'example_subdag_operator.section-2', 'example_subdag_operator']) retrieved from /opt/conda/lib/python3.8/site-packages/airflow/example_dags/example_subdag_operator.py
[2025-02-14 17:15:24,782] {logging_mixin.py:115} INFO - [2025-02-14 17:15:24,782] {dag.py:2420} INFO - Sync 3 DAGs
[2025-02-14 17:15:24,803] {logging_mixin.py:115} INFO - [2025-02-14 17:15:24,803] {dag.py:2968} INFO - Setting next_dagrun for example_subdag_operator to 2022-01-01T00:00:00+00:00, run_after=2022-01-01T00:00:00+00:00
[2025-02-14 17:15:24,803] {logging_mixin.py:115} INFO - [2025-02-14 17:15:24,803] {dag.py:2968} INFO - Setting next_dagrun for example_subdag_operator.section-1 to None, run_after=None
[2025-02-14 17:15:24,803] {logging_mixin.py:115} INFO - [2025-02-14 17:15:24,803] {dag.py:2968} INFO - Setting next_dagrun for example_subdag_operator.section-2 to None, run_after=None
[2025-02-14 17:15:24,809] {logging_mixin.py:115} INFO - [2025-02-14 17:15:24,809] {dag.py:2420} INFO - Sync 2 DAGs
[2025-02-14 17:15:24,814] {logging_mixin.py:115} INFO - [2025-02-14 17:15:24,814] {dag.py:2968} INFO - Setting next_dagrun for example_subdag_operator.section-1 to None, run_after=None
[2025-02-14 17:15:24,814] {logging_mixin.py:115} INFO - [2025-02-14 17:15:24,814] {dag.py:2968} INFO - Setting next_dagrun for example_subdag_operator.section-2 to None, run_after=None
[2025-02-14 17:15:24,835] {processor.py:161} INFO - Processing /opt/conda/lib/python3.8/site-packages/airflow/example_dags/example_subdag_operator.py took 0.117 seconds
[2025-02-14 17:16:09,363] {processor.py:153} INFO - Started process (PID=7118) to work on /opt/conda/lib/python3.8/site-packages/airflow/example_dags/example_subdag_operator.py
[2025-02-14 17:16:09,364] {processor.py:641} INFO - Processing file /opt/conda/lib/python3.8/site-packages/airflow/example_dags/example_subdag_operator.py for tasks to queue
[2025-02-14 17:16:09,365] {logging_mixin.py:115} INFO - [2025-02-14 17:16:09,365] {dagbag.py:508} INFO - Filling up the DagBag from /opt/conda/lib/python3.8/site-packages/airflow/example_dags/example_subdag_operator.py
[2025-02-14 17:16:09,387] {processor.py:651} INFO - DAG(s) dict_keys(['example_subdag_operator.section-1', 'example_subdag_operator.section-2', 'example_subdag_operator']) retrieved from /opt/conda/lib/python3.8/site-packages/airflow/example_dags/example_subdag_operator.py
[2025-02-14 17:16:09,423] {logging_mixin.py:115} INFO - [2025-02-14 17:16:09,423] {dag.py:2420} INFO - Sync 3 DAGs
[2025-02-14 17:16:09,444] {logging_mixin.py:115} INFO - [2025-02-14 17:16:09,444] {dag.py:2968} INFO - Setting next_dagrun for example_subdag_operator to 2022-01-01T00:00:00+00:00, run_after=2022-01-01T00:00:00+00:00
[2025-02-14 17:16:09,444] {logging_mixin.py:115} INFO - [2025-02-14 17:16:09,444] {dag.py:2968} INFO - Setting next_dagrun for example_subdag_operator.section-1 to None, run_after=None
[2025-02-14 17:16:09,444] {logging_mixin.py:115} INFO - [2025-02-14 17:16:09,444] {dag.py:2968} INFO - Setting next_dagrun for example_subdag_operator.section-2 to None, run_after=None
[2025-02-14 17:16:09,450] {logging_mixin.py:115} INFO - [2025-02-14 17:16:09,450] {dag.py:2420} INFO - Sync 2 DAGs
[2025-02-14 17:16:09,455] {logging_mixin.py:115} INFO - [2025-02-14 17:16:09,455] {dag.py:2968} INFO - Setting next_dagrun for example_subdag_operator.section-1 to None, run_after=None
[2025-02-14 17:16:09,456] {logging_mixin.py:115} INFO - [2025-02-14 17:16:09,455] {dag.py:2968} INFO - Setting next_dagrun for example_subdag_operator.section-2 to None, run_after=None
[2025-02-14 17:16:09,476] {processor.py:161} INFO - Processing /opt/conda/lib/python3.8/site-packages/airflow/example_dags/example_subdag_operator.py took 0.116 seconds
[2025-02-14 18:18:21,708] {processor.py:153} INFO - Started process (PID=7912) to work on /opt/conda/lib/python3.8/site-packages/airflow/example_dags/example_subdag_operator.py
[2025-02-14 18:18:21,709] {processor.py:641} INFO - Processing file /opt/conda/lib/python3.8/site-packages/airflow/example_dags/example_subdag_operator.py for tasks to queue
[2025-02-14 18:18:21,710] {logging_mixin.py:115} INFO - [2025-02-14 18:18:21,710] {dagbag.py:508} INFO - Filling up the DagBag from /opt/conda/lib/python3.8/site-packages/airflow/example_dags/example_subdag_operator.py
[2025-02-14 18:18:21,910] {processor.py:651} INFO - DAG(s) dict_keys(['example_subdag_operator.section-1', 'example_subdag_operator.section-2', 'example_subdag_operator']) retrieved from /opt/conda/lib/python3.8/site-packages/airflow/example_dags/example_subdag_operator.py
[2025-02-14 18:18:21,943] {logging_mixin.py:115} INFO - [2025-02-14 18:18:21,943] {dag.py:2420} INFO - Sync 3 DAGs
[2025-02-14 18:18:21,961] {logging_mixin.py:115} INFO - [2025-02-14 18:18:21,961] {dag.py:2968} INFO - Setting next_dagrun for example_subdag_operator to 2022-01-01T00:00:00+00:00, run_after=2022-01-01T00:00:00+00:00
[2025-02-14 18:18:21,961] {logging_mixin.py:115} INFO - [2025-02-14 18:18:21,961] {dag.py:2968} INFO - Setting next_dagrun for example_subdag_operator.section-1 to None, run_after=None
[2025-02-14 18:18:21,962] {logging_mixin.py:115} INFO - [2025-02-14 18:18:21,962] {dag.py:2968} INFO - Setting next_dagrun for example_subdag_operator.section-2 to None, run_after=None
[2025-02-14 18:18:21,967] {logging_mixin.py:115} INFO - [2025-02-14 18:18:21,967] {dag.py:2420} INFO - Sync 2 DAGs
[2025-02-14 18:18:21,972] {logging_mixin.py:115} INFO - [2025-02-14 18:18:21,972] {dag.py:2968} INFO - Setting next_dagrun for example_subdag_operator.section-1 to None, run_after=None
[2025-02-14 18:18:21,972] {logging_mixin.py:115} INFO - [2025-02-14 18:18:21,972] {dag.py:2968} INFO - Setting next_dagrun for example_subdag_operator.section-2 to None, run_after=None
[2025-02-14 18:18:21,991] {processor.py:161} INFO - Processing /opt/conda/lib/python3.8/site-packages/airflow/example_dags/example_subdag_operator.py took 0.287 seconds
[2025-02-14 18:19:38,376] {processor.py:153} INFO - Started process (PID=8052) to work on /opt/conda/lib/python3.8/site-packages/airflow/example_dags/example_subdag_operator.py
[2025-02-14 18:19:38,377] {processor.py:641} INFO - Processing file /opt/conda/lib/python3.8/site-packages/airflow/example_dags/example_subdag_operator.py for tasks to queue
[2025-02-14 18:19:38,378] {logging_mixin.py:115} INFO - [2025-02-14 18:19:38,378] {dagbag.py:508} INFO - Filling up the DagBag from /opt/conda/lib/python3.8/site-packages/airflow/example_dags/example_subdag_operator.py
[2025-02-14 18:19:38,575] {processor.py:651} INFO - DAG(s) dict_keys(['example_subdag_operator.section-1', 'example_subdag_operator.section-2', 'example_subdag_operator']) retrieved from /opt/conda/lib/python3.8/site-packages/airflow/example_dags/example_subdag_operator.py
[2025-02-14 18:19:38,609] {logging_mixin.py:115} INFO - [2025-02-14 18:19:38,609] {dag.py:2420} INFO - Sync 3 DAGs
[2025-02-14 18:19:38,627] {logging_mixin.py:115} INFO - [2025-02-14 18:19:38,627] {dag.py:2968} INFO - Setting next_dagrun for example_subdag_operator to 2022-01-01T00:00:00+00:00, run_after=2022-01-01T00:00:00+00:00
[2025-02-14 18:19:38,627] {logging_mixin.py:115} INFO - [2025-02-14 18:19:38,627] {dag.py:2968} INFO - Setting next_dagrun for example_subdag_operator.section-1 to None, run_after=None
[2025-02-14 18:19:38,627] {logging_mixin.py:115} INFO - [2025-02-14 18:19:38,627] {dag.py:2968} INFO - Setting next_dagrun for example_subdag_operator.section-2 to None, run_after=None
[2025-02-14 18:19:38,633] {logging_mixin.py:115} INFO - [2025-02-14 18:19:38,633] {dag.py:2420} INFO - Sync 2 DAGs
[2025-02-14 18:19:38,637] {logging_mixin.py:115} INFO - [2025-02-14 18:19:38,637] {dag.py:2968} INFO - Setting next_dagrun for example_subdag_operator.section-1 to None, run_after=None
[2025-02-14 18:19:38,637] {logging_mixin.py:115} INFO - [2025-02-14 18:19:38,637] {dag.py:2968} INFO - Setting next_dagrun for example_subdag_operator.section-2 to None, run_after=None
[2025-02-14 18:19:38,657] {processor.py:161} INFO - Processing /opt/conda/lib/python3.8/site-packages/airflow/example_dags/example_subdag_operator.py took 0.285 seconds
[2025-02-14 18:20:52,754] {processor.py:153} INFO - Started process (PID=8174) to work on /opt/conda/lib/python3.8/site-packages/airflow/example_dags/example_subdag_operator.py
[2025-02-14 18:20:52,755] {processor.py:641} INFO - Processing file /opt/conda/lib/python3.8/site-packages/airflow/example_dags/example_subdag_operator.py for tasks to queue
[2025-02-14 18:20:52,756] {logging_mixin.py:115} INFO - [2025-02-14 18:20:52,756] {dagbag.py:508} INFO - Filling up the DagBag from /opt/conda/lib/python3.8/site-packages/airflow/example_dags/example_subdag_operator.py
[2025-02-14 18:20:52,955] {processor.py:651} INFO - DAG(s) dict_keys(['example_subdag_operator.section-1', 'example_subdag_operator.section-2', 'example_subdag_operator']) retrieved from /opt/conda/lib/python3.8/site-packages/airflow/example_dags/example_subdag_operator.py
[2025-02-14 18:20:52,989] {logging_mixin.py:115} INFO - [2025-02-14 18:20:52,989] {dag.py:2420} INFO - Sync 3 DAGs
[2025-02-14 18:20:53,007] {logging_mixin.py:115} INFO - [2025-02-14 18:20:53,007] {dag.py:2968} INFO - Setting next_dagrun for example_subdag_operator to 2022-01-01T00:00:00+00:00, run_after=2022-01-01T00:00:00+00:00
[2025-02-14 18:20:53,007] {logging_mixin.py:115} INFO - [2025-02-14 18:20:53,007] {dag.py:2968} INFO - Setting next_dagrun for example_subdag_operator.section-1 to None, run_after=None
[2025-02-14 18:20:53,007] {logging_mixin.py:115} INFO - [2025-02-14 18:20:53,007] {dag.py:2968} INFO - Setting next_dagrun for example_subdag_operator.section-2 to None, run_after=None
[2025-02-14 18:20:53,013] {logging_mixin.py:115} INFO - [2025-02-14 18:20:53,013] {dag.py:2420} INFO - Sync 2 DAGs
[2025-02-14 18:20:53,018] {logging_mixin.py:115} INFO - [2025-02-14 18:20:53,018] {dag.py:2968} INFO - Setting next_dagrun for example_subdag_operator.section-1 to None, run_after=None
[2025-02-14 18:20:53,018] {logging_mixin.py:115} INFO - [2025-02-14 18:20:53,018] {dag.py:2968} INFO - Setting next_dagrun for example_subdag_operator.section-2 to None, run_after=None
[2025-02-14 18:20:53,096] {processor.py:161} INFO - Processing /opt/conda/lib/python3.8/site-packages/airflow/example_dags/example_subdag_operator.py took 0.345 seconds
[2025-02-14 18:22:04,350] {processor.py:153} INFO - Started process (PID=8309) to work on /opt/conda/lib/python3.8/site-packages/airflow/example_dags/example_subdag_operator.py
[2025-02-14 18:22:04,351] {processor.py:641} INFO - Processing file /opt/conda/lib/python3.8/site-packages/airflow/example_dags/example_subdag_operator.py for tasks to queue
[2025-02-14 18:22:04,352] {logging_mixin.py:115} INFO - [2025-02-14 18:22:04,352] {dagbag.py:508} INFO - Filling up the DagBag from /opt/conda/lib/python3.8/site-packages/airflow/example_dags/example_subdag_operator.py
[2025-02-14 18:22:04,377] {processor.py:651} INFO - DAG(s) dict_keys(['example_subdag_operator.section-1', 'example_subdag_operator.section-2', 'example_subdag_operator']) retrieved from /opt/conda/lib/python3.8/site-packages/airflow/example_dags/example_subdag_operator.py
[2025-02-14 18:22:04,414] {logging_mixin.py:115} INFO - [2025-02-14 18:22:04,414] {dag.py:2420} INFO - Sync 3 DAGs
[2025-02-14 18:22:04,435] {logging_mixin.py:115} INFO - [2025-02-14 18:22:04,434] {dag.py:2968} INFO - Setting next_dagrun for example_subdag_operator to 2022-01-01T00:00:00+00:00, run_after=2022-01-01T00:00:00+00:00
[2025-02-14 18:22:04,435] {logging_mixin.py:115} INFO - [2025-02-14 18:22:04,435] {dag.py:2968} INFO - Setting next_dagrun for example_subdag_operator.section-1 to None, run_after=None
[2025-02-14 18:22:04,435] {logging_mixin.py:115} INFO - [2025-02-14 18:22:04,435] {dag.py:2968} INFO - Setting next_dagrun for example_subdag_operator.section-2 to None, run_after=None
[2025-02-14 18:22:04,442] {logging_mixin.py:115} INFO - [2025-02-14 18:22:04,441] {dag.py:2420} INFO - Sync 2 DAGs
[2025-02-14 18:22:04,446] {logging_mixin.py:115} INFO - [2025-02-14 18:22:04,446] {dag.py:2968} INFO - Setting next_dagrun for example_subdag_operator.section-1 to None, run_after=None
[2025-02-14 18:22:04,446] {logging_mixin.py:115} INFO - [2025-02-14 18:22:04,446] {dag.py:2968} INFO - Setting next_dagrun for example_subdag_operator.section-2 to None, run_after=None
[2025-02-14 18:22:04,468] {processor.py:161} INFO - Processing /opt/conda/lib/python3.8/site-packages/airflow/example_dags/example_subdag_operator.py took 0.122 seconds
[2025-02-14 18:23:06,880] {processor.py:153} INFO - Started process (PID=8426) to work on /opt/conda/lib/python3.8/site-packages/airflow/example_dags/example_subdag_operator.py
[2025-02-14 18:23:06,881] {processor.py:641} INFO - Processing file /opt/conda/lib/python3.8/site-packages/airflow/example_dags/example_subdag_operator.py for tasks to queue
[2025-02-14 18:23:06,882] {logging_mixin.py:115} INFO - [2025-02-14 18:23:06,882] {dagbag.py:508} INFO - Filling up the DagBag from /opt/conda/lib/python3.8/site-packages/airflow/example_dags/example_subdag_operator.py
[2025-02-14 18:23:06,907] {processor.py:651} INFO - DAG(s) dict_keys(['example_subdag_operator.section-1', 'example_subdag_operator.section-2', 'example_subdag_operator']) retrieved from /opt/conda/lib/python3.8/site-packages/airflow/example_dags/example_subdag_operator.py
[2025-02-14 18:23:06,943] {logging_mixin.py:115} INFO - [2025-02-14 18:23:06,943] {dag.py:2420} INFO - Sync 3 DAGs
[2025-02-14 18:23:06,964] {logging_mixin.py:115} INFO - [2025-02-14 18:23:06,964] {dag.py:2968} INFO - Setting next_dagrun for example_subdag_operator to 2022-01-01T00:00:00+00:00, run_after=2022-01-01T00:00:00+00:00
[2025-02-14 18:23:06,964] {logging_mixin.py:115} INFO - [2025-02-14 18:23:06,964] {dag.py:2968} INFO - Setting next_dagrun for example_subdag_operator.section-1 to None, run_after=None
[2025-02-14 18:23:06,964] {logging_mixin.py:115} INFO - [2025-02-14 18:23:06,964] {dag.py:2968} INFO - Setting next_dagrun for example_subdag_operator.section-2 to None, run_after=None
[2025-02-14 18:23:06,970] {logging_mixin.py:115} INFO - [2025-02-14 18:23:06,970] {dag.py:2420} INFO - Sync 2 DAGs
[2025-02-14 18:23:06,975] {logging_mixin.py:115} INFO - [2025-02-14 18:23:06,975] {dag.py:2968} INFO - Setting next_dagrun for example_subdag_operator.section-1 to None, run_after=None
[2025-02-14 18:23:06,975] {logging_mixin.py:115} INFO - [2025-02-14 18:23:06,975] {dag.py:2968} INFO - Setting next_dagrun for example_subdag_operator.section-2 to None, run_after=None
[2025-02-14 18:23:06,997] {processor.py:161} INFO - Processing /opt/conda/lib/python3.8/site-packages/airflow/example_dags/example_subdag_operator.py took 0.120 seconds
[2025-02-14 18:24:10,032] {processor.py:153} INFO - Started process (PID=8558) to work on /opt/conda/lib/python3.8/site-packages/airflow/example_dags/example_subdag_operator.py
[2025-02-14 18:24:10,033] {processor.py:641} INFO - Processing file /opt/conda/lib/python3.8/site-packages/airflow/example_dags/example_subdag_operator.py for tasks to queue
[2025-02-14 18:24:10,034] {logging_mixin.py:115} INFO - [2025-02-14 18:24:10,034] {dagbag.py:508} INFO - Filling up the DagBag from /opt/conda/lib/python3.8/site-packages/airflow/example_dags/example_subdag_operator.py
[2025-02-14 18:24:10,055] {processor.py:651} INFO - DAG(s) dict_keys(['example_subdag_operator.section-1', 'example_subdag_operator.section-2', 'example_subdag_operator']) retrieved from /opt/conda/lib/python3.8/site-packages/airflow/example_dags/example_subdag_operator.py
[2025-02-14 18:24:10,086] {logging_mixin.py:115} INFO - [2025-02-14 18:24:10,086] {dag.py:2420} INFO - Sync 3 DAGs
[2025-02-14 18:24:10,104] {logging_mixin.py:115} INFO - [2025-02-14 18:24:10,104] {dag.py:2968} INFO - Setting next_dagrun for example_subdag_operator to 2022-01-01T00:00:00+00:00, run_after=2022-01-01T00:00:00+00:00
[2025-02-14 18:24:10,104] {logging_mixin.py:115} INFO - [2025-02-14 18:24:10,104] {dag.py:2968} INFO - Setting next_dagrun for example_subdag_operator.section-1 to None, run_after=None
[2025-02-14 18:24:10,104] {logging_mixin.py:115} INFO - [2025-02-14 18:24:10,104] {dag.py:2968} INFO - Setting next_dagrun for example_subdag_operator.section-2 to None, run_after=None
[2025-02-14 18:24:10,109] {logging_mixin.py:115} INFO - [2025-02-14 18:24:10,109] {dag.py:2420} INFO - Sync 2 DAGs
[2025-02-14 18:24:10,113] {logging_mixin.py:115} INFO - [2025-02-14 18:24:10,113] {dag.py:2968} INFO - Setting next_dagrun for example_subdag_operator.section-1 to None, run_after=None
[2025-02-14 18:24:10,114] {logging_mixin.py:115} INFO - [2025-02-14 18:24:10,113] {dag.py:2968} INFO - Setting next_dagrun for example_subdag_operator.section-2 to None, run_after=None
[2025-02-14 18:24:10,132] {processor.py:161} INFO - Processing /opt/conda/lib/python3.8/site-packages/airflow/example_dags/example_subdag_operator.py took 0.103 seconds
[2025-02-14 18:30:56,702] {processor.py:153} INFO - Started process (PID=8911) to work on /opt/conda/lib/python3.8/site-packages/airflow/example_dags/example_subdag_operator.py
[2025-02-14 18:30:56,703] {processor.py:641} INFO - Processing file /opt/conda/lib/python3.8/site-packages/airflow/example_dags/example_subdag_operator.py for tasks to queue
[2025-02-14 18:30:56,704] {logging_mixin.py:115} INFO - [2025-02-14 18:30:56,704] {dagbag.py:508} INFO - Filling up the DagBag from /opt/conda/lib/python3.8/site-packages/airflow/example_dags/example_subdag_operator.py
[2025-02-14 18:30:56,854] {processor.py:651} INFO - DAG(s) dict_keys(['example_subdag_operator.section-1', 'example_subdag_operator.section-2', 'example_subdag_operator']) retrieved from /opt/conda/lib/python3.8/site-packages/airflow/example_dags/example_subdag_operator.py
[2025-02-14 18:30:56,881] {logging_mixin.py:115} INFO - [2025-02-14 18:30:56,881] {dag.py:2420} INFO - Sync 3 DAGs
[2025-02-14 18:30:56,896] {logging_mixin.py:115} INFO - [2025-02-14 18:30:56,896] {dag.py:2968} INFO - Setting next_dagrun for example_subdag_operator to 2022-01-01T00:00:00+00:00, run_after=2022-01-01T00:00:00+00:00
[2025-02-14 18:30:56,897] {logging_mixin.py:115} INFO - [2025-02-14 18:30:56,897] {dag.py:2968} INFO - Setting next_dagrun for example_subdag_operator.section-1 to None, run_after=None
[2025-02-14 18:30:56,897] {logging_mixin.py:115} INFO - [2025-02-14 18:30:56,897] {dag.py:2968} INFO - Setting next_dagrun for example_subdag_operator.section-2 to None, run_after=None
[2025-02-14 18:30:56,902] {logging_mixin.py:115} INFO - [2025-02-14 18:30:56,902] {dag.py:2420} INFO - Sync 2 DAGs
[2025-02-14 18:30:56,905] {logging_mixin.py:115} INFO - [2025-02-14 18:30:56,905] {dag.py:2968} INFO - Setting next_dagrun for example_subdag_operator.section-1 to None, run_after=None
[2025-02-14 18:30:56,906] {logging_mixin.py:115} INFO - [2025-02-14 18:30:56,906] {dag.py:2968} INFO - Setting next_dagrun for example_subdag_operator.section-2 to None, run_after=None
[2025-02-14 18:30:57,069] {processor.py:161} INFO - Processing /opt/conda/lib/python3.8/site-packages/airflow/example_dags/example_subdag_operator.py took 0.371 seconds
[2025-02-14 18:33:00,252] {processor.py:153} INFO - Started process (PID=9285) to work on /opt/conda/lib/python3.8/site-packages/airflow/example_dags/example_subdag_operator.py
[2025-02-14 18:33:00,254] {processor.py:641} INFO - Processing file /opt/conda/lib/python3.8/site-packages/airflow/example_dags/example_subdag_operator.py for tasks to queue
[2025-02-14 18:33:00,254] {logging_mixin.py:115} INFO - [2025-02-14 18:33:00,254] {dagbag.py:508} INFO - Filling up the DagBag from /opt/conda/lib/python3.8/site-packages/airflow/example_dags/example_subdag_operator.py
[2025-02-14 18:33:00,387] {processor.py:651} INFO - DAG(s) dict_keys(['example_subdag_operator.section-1', 'example_subdag_operator.section-2', 'example_subdag_operator']) retrieved from /opt/conda/lib/python3.8/site-packages/airflow/example_dags/example_subdag_operator.py
[2025-02-14 18:33:00,407] {logging_mixin.py:115} INFO - [2025-02-14 18:33:00,406] {dag.py:2420} INFO - Sync 3 DAGs
[2025-02-14 18:33:00,417] {logging_mixin.py:115} INFO - [2025-02-14 18:33:00,417] {dag.py:2968} INFO - Setting next_dagrun for example_subdag_operator to 2022-01-01T00:00:00+00:00, run_after=2022-01-01T00:00:00+00:00
[2025-02-14 18:33:00,418] {logging_mixin.py:115} INFO - [2025-02-14 18:33:00,418] {dag.py:2968} INFO - Setting next_dagrun for example_subdag_operator.section-1 to None, run_after=None
[2025-02-14 18:33:00,418] {logging_mixin.py:115} INFO - [2025-02-14 18:33:00,418] {dag.py:2968} INFO - Setting next_dagrun for example_subdag_operator.section-2 to None, run_after=None
[2025-02-14 18:33:00,421] {logging_mixin.py:115} INFO - [2025-02-14 18:33:00,421] {dag.py:2420} INFO - Sync 2 DAGs
[2025-02-14 18:33:00,424] {logging_mixin.py:115} INFO - [2025-02-14 18:33:00,424] {dag.py:2968} INFO - Setting next_dagrun for example_subdag_operator.section-1 to None, run_after=None
[2025-02-14 18:33:00,424] {logging_mixin.py:115} INFO - [2025-02-14 18:33:00,424] {dag.py:2968} INFO - Setting next_dagrun for example_subdag_operator.section-2 to None, run_after=None
[2025-02-14 18:33:00,469] {processor.py:161} INFO - Processing /opt/conda/lib/python3.8/site-packages/airflow/example_dags/example_subdag_operator.py took 0.220 seconds
[2025-02-14 18:34:21,488] {processor.py:153} INFO - Started process (PID=9476) to work on /opt/conda/lib/python3.8/site-packages/airflow/example_dags/example_subdag_operator.py
[2025-02-14 18:34:21,490] {processor.py:641} INFO - Processing file /opt/conda/lib/python3.8/site-packages/airflow/example_dags/example_subdag_operator.py for tasks to queue
[2025-02-14 18:34:21,490] {logging_mixin.py:115} INFO - [2025-02-14 18:34:21,490] {dagbag.py:508} INFO - Filling up the DagBag from /opt/conda/lib/python3.8/site-packages/airflow/example_dags/example_subdag_operator.py
[2025-02-14 18:34:21,618] {processor.py:651} INFO - DAG(s) dict_keys(['example_subdag_operator.section-1', 'example_subdag_operator.section-2', 'example_subdag_operator']) retrieved from /opt/conda/lib/python3.8/site-packages/airflow/example_dags/example_subdag_operator.py
[2025-02-14 18:34:21,638] {logging_mixin.py:115} INFO - [2025-02-14 18:34:21,638] {dag.py:2420} INFO - Sync 3 DAGs
[2025-02-14 18:34:21,649] {logging_mixin.py:115} INFO - [2025-02-14 18:34:21,649] {dag.py:2968} INFO - Setting next_dagrun for example_subdag_operator to 2022-01-01T00:00:00+00:00, run_after=2022-01-01T00:00:00+00:00
[2025-02-14 18:34:21,650] {logging_mixin.py:115} INFO - [2025-02-14 18:34:21,650] {dag.py:2968} INFO - Setting next_dagrun for example_subdag_operator.section-1 to None, run_after=None
[2025-02-14 18:34:21,650] {logging_mixin.py:115} INFO - [2025-02-14 18:34:21,650] {dag.py:2968} INFO - Setting next_dagrun for example_subdag_operator.section-2 to None, run_after=None
[2025-02-14 18:34:21,653] {logging_mixin.py:115} INFO - [2025-02-14 18:34:21,653] {dag.py:2420} INFO - Sync 2 DAGs
[2025-02-14 18:34:21,656] {logging_mixin.py:115} INFO - [2025-02-14 18:34:21,656] {dag.py:2968} INFO - Setting next_dagrun for example_subdag_operator.section-1 to None, run_after=None
[2025-02-14 18:34:21,656] {logging_mixin.py:115} INFO - [2025-02-14 18:34:21,656] {dag.py:2968} INFO - Setting next_dagrun for example_subdag_operator.section-2 to None, run_after=None
[2025-02-14 18:34:21,776] {processor.py:161} INFO - Processing /opt/conda/lib/python3.8/site-packages/airflow/example_dags/example_subdag_operator.py took 0.291 seconds
[2025-02-14 18:35:21,253] {processor.py:153} INFO - Started process (PID=9607) to work on /opt/conda/lib/python3.8/site-packages/airflow/example_dags/example_subdag_operator.py
[2025-02-14 18:35:21,254] {processor.py:641} INFO - Processing file /opt/conda/lib/python3.8/site-packages/airflow/example_dags/example_subdag_operator.py for tasks to queue
[2025-02-14 18:35:21,255] {logging_mixin.py:115} INFO - [2025-02-14 18:35:21,255] {dagbag.py:508} INFO - Filling up the DagBag from /opt/conda/lib/python3.8/site-packages/airflow/example_dags/example_subdag_operator.py
[2025-02-14 18:35:21,275] {processor.py:651} INFO - DAG(s) dict_keys(['example_subdag_operator.section-1', 'example_subdag_operator.section-2', 'example_subdag_operator']) retrieved from /opt/conda/lib/python3.8/site-packages/airflow/example_dags/example_subdag_operator.py
[2025-02-14 18:35:21,304] {logging_mixin.py:115} INFO - [2025-02-14 18:35:21,304] {dag.py:2420} INFO - Sync 3 DAGs
[2025-02-14 18:35:21,317] {logging_mixin.py:115} INFO - [2025-02-14 18:35:21,317] {dag.py:2968} INFO - Setting next_dagrun for example_subdag_operator to 2022-01-01T00:00:00+00:00, run_after=2022-01-01T00:00:00+00:00
[2025-02-14 18:35:21,317] {logging_mixin.py:115} INFO - [2025-02-14 18:35:21,317] {dag.py:2968} INFO - Setting next_dagrun for example_subdag_operator.section-1 to None, run_after=None
[2025-02-14 18:35:21,317] {logging_mixin.py:115} INFO - [2025-02-14 18:35:21,317] {dag.py:2968} INFO - Setting next_dagrun for example_subdag_operator.section-2 to None, run_after=None
[2025-02-14 18:35:21,321] {logging_mixin.py:115} INFO - [2025-02-14 18:35:21,321] {dag.py:2420} INFO - Sync 2 DAGs
[2025-02-14 18:35:21,324] {logging_mixin.py:115} INFO - [2025-02-14 18:35:21,324] {dag.py:2968} INFO - Setting next_dagrun for example_subdag_operator.section-1 to None, run_after=None
[2025-02-14 18:35:21,325] {logging_mixin.py:115} INFO - [2025-02-14 18:35:21,325] {dag.py:2968} INFO - Setting next_dagrun for example_subdag_operator.section-2 to None, run_after=None
[2025-02-14 18:35:21,345] {processor.py:161} INFO - Processing /opt/conda/lib/python3.8/site-packages/airflow/example_dags/example_subdag_operator.py took 0.096 seconds
[2025-02-14 18:36:19,309] {processor.py:153} INFO - Started process (PID=9886) to work on /opt/conda/lib/python3.8/site-packages/airflow/example_dags/example_subdag_operator.py
[2025-02-14 18:36:19,311] {processor.py:641} INFO - Processing file /opt/conda/lib/python3.8/site-packages/airflow/example_dags/example_subdag_operator.py for tasks to queue
[2025-02-14 18:36:19,311] {logging_mixin.py:115} INFO - [2025-02-14 18:36:19,311] {dagbag.py:508} INFO - Filling up the DagBag from /opt/conda/lib/python3.8/site-packages/airflow/example_dags/example_subdag_operator.py
[2025-02-14 18:36:19,331] {processor.py:651} INFO - DAG(s) dict_keys(['example_subdag_operator.section-1', 'example_subdag_operator.section-2', 'example_subdag_operator']) retrieved from /opt/conda/lib/python3.8/site-packages/airflow/example_dags/example_subdag_operator.py
[2025-02-14 18:36:19,361] {logging_mixin.py:115} INFO - [2025-02-14 18:36:19,361] {dag.py:2420} INFO - Sync 3 DAGs
[2025-02-14 18:36:19,378] {logging_mixin.py:115} INFO - [2025-02-14 18:36:19,377] {dag.py:2968} INFO - Setting next_dagrun for example_subdag_operator to 2022-01-01T00:00:00+00:00, run_after=2022-01-01T00:00:00+00:00
[2025-02-14 18:36:19,378] {logging_mixin.py:115} INFO - [2025-02-14 18:36:19,378] {dag.py:2968} INFO - Setting next_dagrun for example_subdag_operator.section-1 to None, run_after=None
[2025-02-14 18:36:19,378] {logging_mixin.py:115} INFO - [2025-02-14 18:36:19,378] {dag.py:2968} INFO - Setting next_dagrun for example_subdag_operator.section-2 to None, run_after=None
[2025-02-14 18:36:19,382] {logging_mixin.py:115} INFO - [2025-02-14 18:36:19,382] {dag.py:2420} INFO - Sync 2 DAGs
[2025-02-14 18:36:19,385] {logging_mixin.py:115} INFO - [2025-02-14 18:36:19,384] {dag.py:2968} INFO - Setting next_dagrun for example_subdag_operator.section-1 to None, run_after=None
[2025-02-14 18:36:19,385] {logging_mixin.py:115} INFO - [2025-02-14 18:36:19,385] {dag.py:2968} INFO - Setting next_dagrun for example_subdag_operator.section-2 to None, run_after=None
[2025-02-14 18:36:19,408] {processor.py:161} INFO - Processing /opt/conda/lib/python3.8/site-packages/airflow/example_dags/example_subdag_operator.py took 0.103 seconds
[2025-02-14 18:40:32,337] {processor.py:153} INFO - Started process (PID=998) to work on /opt/conda/lib/python3.8/site-packages/airflow/example_dags/example_subdag_operator.py
[2025-02-14 18:40:32,339] {processor.py:641} INFO - Processing file /opt/conda/lib/python3.8/site-packages/airflow/example_dags/example_subdag_operator.py for tasks to queue
[2025-02-14 18:40:32,340] {logging_mixin.py:115} INFO - [2025-02-14 18:40:32,340] {dagbag.py:508} INFO - Filling up the DagBag from /opt/conda/lib/python3.8/site-packages/airflow/example_dags/example_subdag_operator.py
[2025-02-14 18:40:32,475] {processor.py:651} INFO - DAG(s) dict_keys(['example_subdag_operator.section-1', 'example_subdag_operator.section-2', 'example_subdag_operator']) retrieved from /opt/conda/lib/python3.8/site-packages/airflow/example_dags/example_subdag_operator.py
[2025-02-14 18:40:32,494] {logging_mixin.py:115} INFO - [2025-02-14 18:40:32,494] {dag.py:2420} INFO - Sync 3 DAGs
[2025-02-14 18:40:32,505] {logging_mixin.py:115} INFO - [2025-02-14 18:40:32,505] {dag.py:2968} INFO - Setting next_dagrun for example_subdag_operator to 2022-01-01T00:00:00+00:00, run_after=2022-01-01T00:00:00+00:00
[2025-02-14 18:40:32,505] {logging_mixin.py:115} INFO - [2025-02-14 18:40:32,505] {dag.py:2968} INFO - Setting next_dagrun for example_subdag_operator.section-1 to None, run_after=None
[2025-02-14 18:40:32,505] {logging_mixin.py:115} INFO - [2025-02-14 18:40:32,505] {dag.py:2968} INFO - Setting next_dagrun for example_subdag_operator.section-2 to None, run_after=None
[2025-02-14 18:40:32,509] {logging_mixin.py:115} INFO - [2025-02-14 18:40:32,509] {dag.py:2420} INFO - Sync 2 DAGs
[2025-02-14 18:40:32,511] {logging_mixin.py:115} INFO - [2025-02-14 18:40:32,511] {dag.py:2968} INFO - Setting next_dagrun for example_subdag_operator.section-1 to None, run_after=None
[2025-02-14 18:40:32,512] {logging_mixin.py:115} INFO - [2025-02-14 18:40:32,512] {dag.py:2968} INFO - Setting next_dagrun for example_subdag_operator.section-2 to None, run_after=None
[2025-02-14 18:40:32,530] {processor.py:161} INFO - Processing /opt/conda/lib/python3.8/site-packages/airflow/example_dags/example_subdag_operator.py took 0.196 seconds
[2025-02-14 18:41:34,709] {processor.py:153} INFO - Started process (PID=1110) to work on /opt/conda/lib/python3.8/site-packages/airflow/example_dags/example_subdag_operator.py
[2025-02-14 18:41:34,710] {processor.py:641} INFO - Processing file /opt/conda/lib/python3.8/site-packages/airflow/example_dags/example_subdag_operator.py for tasks to queue
[2025-02-14 18:41:34,711] {logging_mixin.py:115} INFO - [2025-02-14 18:41:34,711] {dagbag.py:508} INFO - Filling up the DagBag from /opt/conda/lib/python3.8/site-packages/airflow/example_dags/example_subdag_operator.py
[2025-02-14 18:41:34,845] {processor.py:651} INFO - DAG(s) dict_keys(['example_subdag_operator.section-1', 'example_subdag_operator.section-2', 'example_subdag_operator']) retrieved from /opt/conda/lib/python3.8/site-packages/airflow/example_dags/example_subdag_operator.py
[2025-02-14 18:41:34,865] {logging_mixin.py:115} INFO - [2025-02-14 18:41:34,865] {dag.py:2420} INFO - Sync 3 DAGs
[2025-02-14 18:41:34,876] {logging_mixin.py:115} INFO - [2025-02-14 18:41:34,876] {dag.py:2968} INFO - Setting next_dagrun for example_subdag_operator to 2022-01-01T00:00:00+00:00, run_after=2022-01-01T00:00:00+00:00
[2025-02-14 18:41:34,876] {logging_mixin.py:115} INFO - [2025-02-14 18:41:34,876] {dag.py:2968} INFO - Setting next_dagrun for example_subdag_operator.section-1 to None, run_after=None
[2025-02-14 18:41:34,876] {logging_mixin.py:115} INFO - [2025-02-14 18:41:34,876] {dag.py:2968} INFO - Setting next_dagrun for example_subdag_operator.section-2 to None, run_after=None
[2025-02-14 18:41:34,880] {logging_mixin.py:115} INFO - [2025-02-14 18:41:34,880] {dag.py:2420} INFO - Sync 2 DAGs
[2025-02-14 18:41:34,882] {logging_mixin.py:115} INFO - [2025-02-14 18:41:34,882] {dag.py:2968} INFO - Setting next_dagrun for example_subdag_operator.section-1 to None, run_after=None
[2025-02-14 18:41:34,883] {logging_mixin.py:115} INFO - [2025-02-14 18:41:34,883] {dag.py:2968} INFO - Setting next_dagrun for example_subdag_operator.section-2 to None, run_after=None
[2025-02-14 18:41:34,901] {processor.py:161} INFO - Processing /opt/conda/lib/python3.8/site-packages/airflow/example_dags/example_subdag_operator.py took 0.195 seconds
[2025-02-14 18:42:38,289] {processor.py:153} INFO - Started process (PID=1222) to work on /opt/conda/lib/python3.8/site-packages/airflow/example_dags/example_subdag_operator.py
[2025-02-14 18:42:38,290] {processor.py:641} INFO - Processing file /opt/conda/lib/python3.8/site-packages/airflow/example_dags/example_subdag_operator.py for tasks to queue
[2025-02-14 18:42:38,291] {logging_mixin.py:115} INFO - [2025-02-14 18:42:38,291] {dagbag.py:508} INFO - Filling up the DagBag from /opt/conda/lib/python3.8/site-packages/airflow/example_dags/example_subdag_operator.py
[2025-02-14 18:42:38,425] {processor.py:651} INFO - DAG(s) dict_keys(['example_subdag_operator.section-1', 'example_subdag_operator.section-2', 'example_subdag_operator']) retrieved from /opt/conda/lib/python3.8/site-packages/airflow/example_dags/example_subdag_operator.py
[2025-02-14 18:42:38,444] {logging_mixin.py:115} INFO - [2025-02-14 18:42:38,444] {dag.py:2420} INFO - Sync 3 DAGs
[2025-02-14 18:42:38,455] {logging_mixin.py:115} INFO - [2025-02-14 18:42:38,455] {dag.py:2968} INFO - Setting next_dagrun for example_subdag_operator to 2022-01-01T00:00:00+00:00, run_after=2022-01-01T00:00:00+00:00
[2025-02-14 18:42:38,455] {logging_mixin.py:115} INFO - [2025-02-14 18:42:38,455] {dag.py:2968} INFO - Setting next_dagrun for example_subdag_operator.section-1 to None, run_after=None
[2025-02-14 18:42:38,456] {logging_mixin.py:115} INFO - [2025-02-14 18:42:38,456] {dag.py:2968} INFO - Setting next_dagrun for example_subdag_operator.section-2 to None, run_after=None
[2025-02-14 18:42:38,459] {logging_mixin.py:115} INFO - [2025-02-14 18:42:38,459] {dag.py:2420} INFO - Sync 2 DAGs
[2025-02-14 18:42:38,462] {logging_mixin.py:115} INFO - [2025-02-14 18:42:38,462] {dag.py:2968} INFO - Setting next_dagrun for example_subdag_operator.section-1 to None, run_after=None
[2025-02-14 18:42:38,462] {logging_mixin.py:115} INFO - [2025-02-14 18:42:38,462] {dag.py:2968} INFO - Setting next_dagrun for example_subdag_operator.section-2 to None, run_after=None
[2025-02-14 18:42:38,499] {processor.py:161} INFO - Processing /opt/conda/lib/python3.8/site-packages/airflow/example_dags/example_subdag_operator.py took 0.214 seconds
[2025-02-14 18:43:48,581] {processor.py:153} INFO - Started process (PID=1356) to work on /opt/conda/lib/python3.8/site-packages/airflow/example_dags/example_subdag_operator.py
[2025-02-14 18:43:48,582] {processor.py:641} INFO - Processing file /opt/conda/lib/python3.8/site-packages/airflow/example_dags/example_subdag_operator.py for tasks to queue
[2025-02-14 18:43:48,583] {logging_mixin.py:115} INFO - [2025-02-14 18:43:48,583] {dagbag.py:508} INFO - Filling up the DagBag from /opt/conda/lib/python3.8/site-packages/airflow/example_dags/example_subdag_operator.py
[2025-02-14 18:43:48,719] {processor.py:651} INFO - DAG(s) dict_keys(['example_subdag_operator.section-1', 'example_subdag_operator.section-2', 'example_subdag_operator']) retrieved from /opt/conda/lib/python3.8/site-packages/airflow/example_dags/example_subdag_operator.py
[2025-02-14 18:43:48,739] {logging_mixin.py:115} INFO - [2025-02-14 18:43:48,739] {dag.py:2420} INFO - Sync 3 DAGs
[2025-02-14 18:43:48,750] {logging_mixin.py:115} INFO - [2025-02-14 18:43:48,750] {dag.py:2968} INFO - Setting next_dagrun for example_subdag_operator to 2022-01-01T00:00:00+00:00, run_after=2022-01-01T00:00:00+00:00
[2025-02-14 18:43:48,750] {logging_mixin.py:115} INFO - [2025-02-14 18:43:48,750] {dag.py:2968} INFO - Setting next_dagrun for example_subdag_operator.section-1 to None, run_after=None
[2025-02-14 18:43:48,750] {logging_mixin.py:115} INFO - [2025-02-14 18:43:48,750] {dag.py:2968} INFO - Setting next_dagrun for example_subdag_operator.section-2 to None, run_after=None
[2025-02-14 18:43:48,754] {logging_mixin.py:115} INFO - [2025-02-14 18:43:48,754] {dag.py:2420} INFO - Sync 2 DAGs
[2025-02-14 18:43:48,756] {logging_mixin.py:115} INFO - [2025-02-14 18:43:48,756] {dag.py:2968} INFO - Setting next_dagrun for example_subdag_operator.section-1 to None, run_after=None
[2025-02-14 18:43:48,757] {logging_mixin.py:115} INFO - [2025-02-14 18:43:48,757] {dag.py:2968} INFO - Setting next_dagrun for example_subdag_operator.section-2 to None, run_after=None
[2025-02-14 18:43:48,775] {processor.py:161} INFO - Processing /opt/conda/lib/python3.8/site-packages/airflow/example_dags/example_subdag_operator.py took 0.198 seconds
[2025-02-14 18:44:46,952] {processor.py:153} INFO - Started process (PID=1467) to work on /opt/conda/lib/python3.8/site-packages/airflow/example_dags/example_subdag_operator.py
[2025-02-14 18:44:46,954] {processor.py:641} INFO - Processing file /opt/conda/lib/python3.8/site-packages/airflow/example_dags/example_subdag_operator.py for tasks to queue
[2025-02-14 18:44:46,954] {logging_mixin.py:115} INFO - [2025-02-14 18:44:46,954] {dagbag.py:508} INFO - Filling up the DagBag from /opt/conda/lib/python3.8/site-packages/airflow/example_dags/example_subdag_operator.py
[2025-02-14 18:44:46,975] {processor.py:651} INFO - DAG(s) dict_keys(['example_subdag_operator.section-1', 'example_subdag_operator.section-2', 'example_subdag_operator']) retrieved from /opt/conda/lib/python3.8/site-packages/airflow/example_dags/example_subdag_operator.py
[2025-02-14 18:44:47,005] {logging_mixin.py:115} INFO - [2025-02-14 18:44:47,005] {dag.py:2420} INFO - Sync 3 DAGs
[2025-02-14 18:44:47,022] {logging_mixin.py:115} INFO - [2025-02-14 18:44:47,022] {dag.py:2968} INFO - Setting next_dagrun for example_subdag_operator to 2022-01-01T00:00:00+00:00, run_after=2022-01-01T00:00:00+00:00
[2025-02-14 18:44:47,022] {logging_mixin.py:115} INFO - [2025-02-14 18:44:47,022] {dag.py:2968} INFO - Setting next_dagrun for example_subdag_operator.section-1 to None, run_after=None
[2025-02-14 18:44:47,022] {logging_mixin.py:115} INFO - [2025-02-14 18:44:47,022] {dag.py:2968} INFO - Setting next_dagrun for example_subdag_operator.section-2 to None, run_after=None
[2025-02-14 18:44:47,026] {logging_mixin.py:115} INFO - [2025-02-14 18:44:47,026] {dag.py:2420} INFO - Sync 2 DAGs
[2025-02-14 18:44:47,029] {logging_mixin.py:115} INFO - [2025-02-14 18:44:47,029] {dag.py:2968} INFO - Setting next_dagrun for example_subdag_operator.section-1 to None, run_after=None
[2025-02-14 18:44:47,029] {logging_mixin.py:115} INFO - [2025-02-14 18:44:47,029] {dag.py:2968} INFO - Setting next_dagrun for example_subdag_operator.section-2 to None, run_after=None
[2025-02-14 18:44:47,048] {processor.py:161} INFO - Processing /opt/conda/lib/python3.8/site-packages/airflow/example_dags/example_subdag_operator.py took 0.099 seconds
[2025-02-14 18:45:42,301] {processor.py:153} INFO - Started process (PID=1578) to work on /opt/conda/lib/python3.8/site-packages/airflow/example_dags/example_subdag_operator.py
[2025-02-14 18:45:42,303] {processor.py:641} INFO - Processing file /opt/conda/lib/python3.8/site-packages/airflow/example_dags/example_subdag_operator.py for tasks to queue
[2025-02-14 18:45:42,303] {logging_mixin.py:115} INFO - [2025-02-14 18:45:42,303] {dagbag.py:508} INFO - Filling up the DagBag from /opt/conda/lib/python3.8/site-packages/airflow/example_dags/example_subdag_operator.py
[2025-02-14 18:45:42,324] {processor.py:651} INFO - DAG(s) dict_keys(['example_subdag_operator.section-1', 'example_subdag_operator.section-2', 'example_subdag_operator']) retrieved from /opt/conda/lib/python3.8/site-packages/airflow/example_dags/example_subdag_operator.py
[2025-02-14 18:45:42,355] {logging_mixin.py:115} INFO - [2025-02-14 18:45:42,355] {dag.py:2420} INFO - Sync 3 DAGs
[2025-02-14 18:45:42,372] {logging_mixin.py:115} INFO - [2025-02-14 18:45:42,372] {dag.py:2968} INFO - Setting next_dagrun for example_subdag_operator to 2022-01-01T00:00:00+00:00, run_after=2022-01-01T00:00:00+00:00
[2025-02-14 18:45:42,372] {logging_mixin.py:115} INFO - [2025-02-14 18:45:42,372] {dag.py:2968} INFO - Setting next_dagrun for example_subdag_operator.section-1 to None, run_after=None
[2025-02-14 18:45:42,372] {logging_mixin.py:115} INFO - [2025-02-14 18:45:42,372] {dag.py:2968} INFO - Setting next_dagrun for example_subdag_operator.section-2 to None, run_after=None
[2025-02-14 18:45:42,376] {logging_mixin.py:115} INFO - [2025-02-14 18:45:42,376] {dag.py:2420} INFO - Sync 2 DAGs
[2025-02-14 18:45:42,379] {logging_mixin.py:115} INFO - [2025-02-14 18:45:42,379] {dag.py:2968} INFO - Setting next_dagrun for example_subdag_operator.section-1 to None, run_after=None
[2025-02-14 18:45:42,379] {logging_mixin.py:115} INFO - [2025-02-14 18:45:42,379] {dag.py:2968} INFO - Setting next_dagrun for example_subdag_operator.section-2 to None, run_after=None
[2025-02-14 18:45:42,409] {processor.py:161} INFO - Processing /opt/conda/lib/python3.8/site-packages/airflow/example_dags/example_subdag_operator.py took 0.111 seconds
[2025-02-14 18:54:58,124] {processor.py:153} INFO - Started process (PID=2246) to work on /opt/conda/lib/python3.8/site-packages/airflow/example_dags/example_subdag_operator.py
[2025-02-14 18:54:58,125] {processor.py:641} INFO - Processing file /opt/conda/lib/python3.8/site-packages/airflow/example_dags/example_subdag_operator.py for tasks to queue
[2025-02-14 18:54:58,126] {logging_mixin.py:115} INFO - [2025-02-14 18:54:58,126] {dagbag.py:508} INFO - Filling up the DagBag from /opt/conda/lib/python3.8/site-packages/airflow/example_dags/example_subdag_operator.py
[2025-02-14 18:54:58,146] {processor.py:651} INFO - DAG(s) dict_keys(['example_subdag_operator.section-1', 'example_subdag_operator.section-2', 'example_subdag_operator']) retrieved from /opt/conda/lib/python3.8/site-packages/airflow/example_dags/example_subdag_operator.py
[2025-02-14 18:54:58,174] {logging_mixin.py:115} INFO - [2025-02-14 18:54:58,174] {dag.py:2420} INFO - Sync 3 DAGs
[2025-02-14 18:54:58,184] {logging_mixin.py:115} INFO - [2025-02-14 18:54:58,184] {dag.py:2968} INFO - Setting next_dagrun for example_subdag_operator to 2022-01-01T00:00:00+00:00, run_after=2022-01-01T00:00:00+00:00
[2025-02-14 18:54:58,184] {logging_mixin.py:115} INFO - [2025-02-14 18:54:58,184] {dag.py:2968} INFO - Setting next_dagrun for example_subdag_operator.section-1 to None, run_after=None
[2025-02-14 18:54:58,185] {logging_mixin.py:115} INFO - [2025-02-14 18:54:58,185] {dag.py:2968} INFO - Setting next_dagrun for example_subdag_operator.section-2 to None, run_after=None
[2025-02-14 18:54:58,188] {logging_mixin.py:115} INFO - [2025-02-14 18:54:58,188] {dag.py:2420} INFO - Sync 2 DAGs
[2025-02-14 18:54:58,191] {logging_mixin.py:115} INFO - [2025-02-14 18:54:58,191] {dag.py:2968} INFO - Setting next_dagrun for example_subdag_operator.section-1 to None, run_after=None
[2025-02-14 18:54:58,191] {logging_mixin.py:115} INFO - [2025-02-14 18:54:58,191] {dag.py:2968} INFO - Setting next_dagrun for example_subdag_operator.section-2 to None, run_after=None
[2025-02-14 18:54:58,209] {processor.py:161} INFO - Processing /opt/conda/lib/python3.8/site-packages/airflow/example_dags/example_subdag_operator.py took 0.088 seconds
[2025-02-14 19:03:30,393] {processor.py:153} INFO - Started process (PID=2722) to work on /opt/conda/lib/python3.8/site-packages/airflow/example_dags/example_subdag_operator.py
[2025-02-14 19:03:30,395] {processor.py:641} INFO - Processing file /opt/conda/lib/python3.8/site-packages/airflow/example_dags/example_subdag_operator.py for tasks to queue
[2025-02-14 19:03:30,395] {logging_mixin.py:115} INFO - [2025-02-14 19:03:30,395] {dagbag.py:508} INFO - Filling up the DagBag from /opt/conda/lib/python3.8/site-packages/airflow/example_dags/example_subdag_operator.py
[2025-02-14 19:03:30,525] {processor.py:651} INFO - DAG(s) dict_keys(['example_subdag_operator.section-1', 'example_subdag_operator.section-2', 'example_subdag_operator']) retrieved from /opt/conda/lib/python3.8/site-packages/airflow/example_dags/example_subdag_operator.py
[2025-02-14 19:03:30,545] {logging_mixin.py:115} INFO - [2025-02-14 19:03:30,545] {dag.py:2420} INFO - Sync 3 DAGs
[2025-02-14 19:03:30,556] {logging_mixin.py:115} INFO - [2025-02-14 19:03:30,555] {dag.py:2968} INFO - Setting next_dagrun for example_subdag_operator to 2022-01-01T00:00:00+00:00, run_after=2022-01-01T00:00:00+00:00
[2025-02-14 19:03:30,556] {logging_mixin.py:115} INFO - [2025-02-14 19:03:30,556] {dag.py:2968} INFO - Setting next_dagrun for example_subdag_operator.section-1 to None, run_after=None
[2025-02-14 19:03:30,556] {logging_mixin.py:115} INFO - [2025-02-14 19:03:30,556] {dag.py:2968} INFO - Setting next_dagrun for example_subdag_operator.section-2 to None, run_after=None
[2025-02-14 19:03:30,559] {logging_mixin.py:115} INFO - [2025-02-14 19:03:30,559] {dag.py:2420} INFO - Sync 2 DAGs
[2025-02-14 19:03:30,562] {logging_mixin.py:115} INFO - [2025-02-14 19:03:30,562] {dag.py:2968} INFO - Setting next_dagrun for example_subdag_operator.section-1 to None, run_after=None
[2025-02-14 19:03:30,562] {logging_mixin.py:115} INFO - [2025-02-14 19:03:30,562] {dag.py:2968} INFO - Setting next_dagrun for example_subdag_operator.section-2 to None, run_after=None
[2025-02-14 19:03:30,580] {processor.py:161} INFO - Processing /opt/conda/lib/python3.8/site-packages/airflow/example_dags/example_subdag_operator.py took 0.190 seconds
[2025-02-14 19:04:34,057] {processor.py:153} INFO - Started process (PID=2836) to work on /opt/conda/lib/python3.8/site-packages/airflow/example_dags/example_subdag_operator.py
[2025-02-14 19:04:34,059] {processor.py:641} INFO - Processing file /opt/conda/lib/python3.8/site-packages/airflow/example_dags/example_subdag_operator.py for tasks to queue
[2025-02-14 19:04:34,060] {logging_mixin.py:115} INFO - [2025-02-14 19:04:34,059] {dagbag.py:508} INFO - Filling up the DagBag from /opt/conda/lib/python3.8/site-packages/airflow/example_dags/example_subdag_operator.py
[2025-02-14 19:04:34,192] {processor.py:651} INFO - DAG(s) dict_keys(['example_subdag_operator.section-1', 'example_subdag_operator.section-2', 'example_subdag_operator']) retrieved from /opt/conda/lib/python3.8/site-packages/airflow/example_dags/example_subdag_operator.py
[2025-02-14 19:04:34,213] {logging_mixin.py:115} INFO - [2025-02-14 19:04:34,213] {dag.py:2420} INFO - Sync 3 DAGs
[2025-02-14 19:04:34,224] {logging_mixin.py:115} INFO - [2025-02-14 19:04:34,224] {dag.py:2968} INFO - Setting next_dagrun for example_subdag_operator to 2022-01-01T00:00:00+00:00, run_after=2022-01-01T00:00:00+00:00
[2025-02-14 19:04:34,224] {logging_mixin.py:115} INFO - [2025-02-14 19:04:34,224] {dag.py:2968} INFO - Setting next_dagrun for example_subdag_operator.section-1 to None, run_after=None
[2025-02-14 19:04:34,224] {logging_mixin.py:115} INFO - [2025-02-14 19:04:34,224] {dag.py:2968} INFO - Setting next_dagrun for example_subdag_operator.section-2 to None, run_after=None
[2025-02-14 19:04:34,228] {logging_mixin.py:115} INFO - [2025-02-14 19:04:34,228] {dag.py:2420} INFO - Sync 2 DAGs
[2025-02-14 19:04:34,231] {logging_mixin.py:115} INFO - [2025-02-14 19:04:34,231] {dag.py:2968} INFO - Setting next_dagrun for example_subdag_operator.section-1 to None, run_after=None
[2025-02-14 19:04:34,231] {logging_mixin.py:115} INFO - [2025-02-14 19:04:34,231] {dag.py:2968} INFO - Setting next_dagrun for example_subdag_operator.section-2 to None, run_after=None
[2025-02-14 19:04:34,249] {processor.py:161} INFO - Processing /opt/conda/lib/python3.8/site-packages/airflow/example_dags/example_subdag_operator.py took 0.194 seconds
[2025-02-14 19:05:38,685] {processor.py:153} INFO - Started process (PID=2949) to work on /opt/conda/lib/python3.8/site-packages/airflow/example_dags/example_subdag_operator.py
[2025-02-14 19:05:38,687] {processor.py:641} INFO - Processing file /opt/conda/lib/python3.8/site-packages/airflow/example_dags/example_subdag_operator.py for tasks to queue
[2025-02-14 19:05:38,688] {logging_mixin.py:115} INFO - [2025-02-14 19:05:38,688] {dagbag.py:508} INFO - Filling up the DagBag from /opt/conda/lib/python3.8/site-packages/airflow/example_dags/example_subdag_operator.py
[2025-02-14 19:05:38,822] {processor.py:651} INFO - DAG(s) dict_keys(['example_subdag_operator.section-1', 'example_subdag_operator.section-2', 'example_subdag_operator']) retrieved from /opt/conda/lib/python3.8/site-packages/airflow/example_dags/example_subdag_operator.py
[2025-02-14 19:05:38,842] {logging_mixin.py:115} INFO - [2025-02-14 19:05:38,842] {dag.py:2420} INFO - Sync 3 DAGs
[2025-02-14 19:05:38,853] {logging_mixin.py:115} INFO - [2025-02-14 19:05:38,853] {dag.py:2968} INFO - Setting next_dagrun for example_subdag_operator to 2022-01-01T00:00:00+00:00, run_after=2022-01-01T00:00:00+00:00
[2025-02-14 19:05:38,853] {logging_mixin.py:115} INFO - [2025-02-14 19:05:38,853] {dag.py:2968} INFO - Setting next_dagrun for example_subdag_operator.section-1 to None, run_after=None
[2025-02-14 19:05:38,853] {logging_mixin.py:115} INFO - [2025-02-14 19:05:38,853] {dag.py:2968} INFO - Setting next_dagrun for example_subdag_operator.section-2 to None, run_after=None
[2025-02-14 19:05:38,857] {logging_mixin.py:115} INFO - [2025-02-14 19:05:38,857] {dag.py:2420} INFO - Sync 2 DAGs
[2025-02-14 19:05:38,860] {logging_mixin.py:115} INFO - [2025-02-14 19:05:38,859] {dag.py:2968} INFO - Setting next_dagrun for example_subdag_operator.section-1 to None, run_after=None
[2025-02-14 19:05:38,860] {logging_mixin.py:115} INFO - [2025-02-14 19:05:38,860] {dag.py:2968} INFO - Setting next_dagrun for example_subdag_operator.section-2 to None, run_after=None
[2025-02-14 19:05:38,979] {processor.py:161} INFO - Processing /opt/conda/lib/python3.8/site-packages/airflow/example_dags/example_subdag_operator.py took 0.297 seconds
[2025-02-14 19:06:43,182] {processor.py:153} INFO - Started process (PID=3063) to work on /opt/conda/lib/python3.8/site-packages/airflow/example_dags/example_subdag_operator.py
[2025-02-14 19:06:43,183] {processor.py:641} INFO - Processing file /opt/conda/lib/python3.8/site-packages/airflow/example_dags/example_subdag_operator.py for tasks to queue
[2025-02-14 19:06:43,184] {logging_mixin.py:115} INFO - [2025-02-14 19:06:43,184] {dagbag.py:508} INFO - Filling up the DagBag from /opt/conda/lib/python3.8/site-packages/airflow/example_dags/example_subdag_operator.py
[2025-02-14 19:06:43,322] {processor.py:651} INFO - DAG(s) dict_keys(['example_subdag_operator.section-1', 'example_subdag_operator.section-2', 'example_subdag_operator']) retrieved from /opt/conda/lib/python3.8/site-packages/airflow/example_dags/example_subdag_operator.py
[2025-02-14 19:06:43,341] {logging_mixin.py:115} INFO - [2025-02-14 19:06:43,341] {dag.py:2420} INFO - Sync 3 DAGs
[2025-02-14 19:06:43,352] {logging_mixin.py:115} INFO - [2025-02-14 19:06:43,352] {dag.py:2968} INFO - Setting next_dagrun for example_subdag_operator to 2022-01-01T00:00:00+00:00, run_after=2022-01-01T00:00:00+00:00
[2025-02-14 19:06:43,352] {logging_mixin.py:115} INFO - [2025-02-14 19:06:43,352] {dag.py:2968} INFO - Setting next_dagrun for example_subdag_operator.section-1 to None, run_after=None
[2025-02-14 19:06:43,352] {logging_mixin.py:115} INFO - [2025-02-14 19:06:43,352] {dag.py:2968} INFO - Setting next_dagrun for example_subdag_operator.section-2 to None, run_after=None
[2025-02-14 19:06:43,356] {logging_mixin.py:115} INFO - [2025-02-14 19:06:43,356] {dag.py:2420} INFO - Sync 2 DAGs
[2025-02-14 19:06:43,359] {logging_mixin.py:115} INFO - [2025-02-14 19:06:43,359] {dag.py:2968} INFO - Setting next_dagrun for example_subdag_operator.section-1 to None, run_after=None
[2025-02-14 19:06:43,359] {logging_mixin.py:115} INFO - [2025-02-14 19:06:43,359] {dag.py:2968} INFO - Setting next_dagrun for example_subdag_operator.section-2 to None, run_after=None
[2025-02-14 19:06:43,376] {processor.py:161} INFO - Processing /opt/conda/lib/python3.8/site-packages/airflow/example_dags/example_subdag_operator.py took 0.197 seconds
[2025-02-14 19:07:47,386] {processor.py:153} INFO - Started process (PID=3186) to work on /opt/conda/lib/python3.8/site-packages/airflow/example_dags/example_subdag_operator.py
[2025-02-14 19:07:47,388] {processor.py:641} INFO - Processing file /opt/conda/lib/python3.8/site-packages/airflow/example_dags/example_subdag_operator.py for tasks to queue
[2025-02-14 19:07:47,388] {logging_mixin.py:115} INFO - [2025-02-14 19:07:47,388] {dagbag.py:508} INFO - Filling up the DagBag from /opt/conda/lib/python3.8/site-packages/airflow/example_dags/example_subdag_operator.py
[2025-02-14 19:07:47,413] {processor.py:651} INFO - DAG(s) dict_keys(['example_subdag_operator.section-1', 'example_subdag_operator.section-2', 'example_subdag_operator']) retrieved from /opt/conda/lib/python3.8/site-packages/airflow/example_dags/example_subdag_operator.py
[2025-02-14 19:07:47,444] {logging_mixin.py:115} INFO - [2025-02-14 19:07:47,444] {dag.py:2420} INFO - Sync 3 DAGs
[2025-02-14 19:07:47,461] {logging_mixin.py:115} INFO - [2025-02-14 19:07:47,461] {dag.py:2968} INFO - Setting next_dagrun for example_subdag_operator to 2022-01-01T00:00:00+00:00, run_after=2022-01-01T00:00:00+00:00
[2025-02-14 19:07:47,462] {logging_mixin.py:115} INFO - [2025-02-14 19:07:47,462] {dag.py:2968} INFO - Setting next_dagrun for example_subdag_operator.section-1 to None, run_after=None
[2025-02-14 19:07:47,462] {logging_mixin.py:115} INFO - [2025-02-14 19:07:47,462] {dag.py:2968} INFO - Setting next_dagrun for example_subdag_operator.section-2 to None, run_after=None
[2025-02-14 19:07:47,467] {logging_mixin.py:115} INFO - [2025-02-14 19:07:47,467] {dag.py:2420} INFO - Sync 2 DAGs
[2025-02-14 19:07:47,471] {logging_mixin.py:115} INFO - [2025-02-14 19:07:47,471] {dag.py:2968} INFO - Setting next_dagrun for example_subdag_operator.section-1 to None, run_after=None
[2025-02-14 19:07:47,471] {logging_mixin.py:115} INFO - [2025-02-14 19:07:47,471] {dag.py:2968} INFO - Setting next_dagrun for example_subdag_operator.section-2 to None, run_after=None
[2025-02-14 19:07:47,612] {processor.py:161} INFO - Processing /opt/conda/lib/python3.8/site-packages/airflow/example_dags/example_subdag_operator.py took 0.230 seconds
[2025-02-14 19:08:45,076] {processor.py:153} INFO - Started process (PID=3298) to work on /opt/conda/lib/python3.8/site-packages/airflow/example_dags/example_subdag_operator.py
[2025-02-14 19:08:45,078] {processor.py:641} INFO - Processing file /opt/conda/lib/python3.8/site-packages/airflow/example_dags/example_subdag_operator.py for tasks to queue
[2025-02-14 19:08:45,078] {logging_mixin.py:115} INFO - [2025-02-14 19:08:45,078] {dagbag.py:508} INFO - Filling up the DagBag from /opt/conda/lib/python3.8/site-packages/airflow/example_dags/example_subdag_operator.py
[2025-02-14 19:08:45,099] {processor.py:651} INFO - DAG(s) dict_keys(['example_subdag_operator.section-1', 'example_subdag_operator.section-2', 'example_subdag_operator']) retrieved from /opt/conda/lib/python3.8/site-packages/airflow/example_dags/example_subdag_operator.py
[2025-02-14 19:08:45,129] {logging_mixin.py:115} INFO - [2025-02-14 19:08:45,129] {dag.py:2420} INFO - Sync 3 DAGs
[2025-02-14 19:08:45,143] {logging_mixin.py:115} INFO - [2025-02-14 19:08:45,143] {dag.py:2968} INFO - Setting next_dagrun for example_subdag_operator to 2022-01-01T00:00:00+00:00, run_after=2022-01-01T00:00:00+00:00
[2025-02-14 19:08:45,143] {logging_mixin.py:115} INFO - [2025-02-14 19:08:45,143] {dag.py:2968} INFO - Setting next_dagrun for example_subdag_operator.section-1 to None, run_after=None
[2025-02-14 19:08:45,143] {logging_mixin.py:115} INFO - [2025-02-14 19:08:45,143] {dag.py:2968} INFO - Setting next_dagrun for example_subdag_operator.section-2 to None, run_after=None
[2025-02-14 19:08:45,147] {logging_mixin.py:115} INFO - [2025-02-14 19:08:45,147] {dag.py:2420} INFO - Sync 2 DAGs
[2025-02-14 19:08:45,150] {logging_mixin.py:115} INFO - [2025-02-14 19:08:45,150] {dag.py:2968} INFO - Setting next_dagrun for example_subdag_operator.section-1 to None, run_after=None
[2025-02-14 19:08:45,150] {logging_mixin.py:115} INFO - [2025-02-14 19:08:45,150] {dag.py:2968} INFO - Setting next_dagrun for example_subdag_operator.section-2 to None, run_after=None
[2025-02-14 19:08:45,168] {processor.py:161} INFO - Processing /opt/conda/lib/python3.8/site-packages/airflow/example_dags/example_subdag_operator.py took 0.095 seconds
[2025-02-14 19:09:42,210] {processor.py:153} INFO - Started process (PID=3410) to work on /opt/conda/lib/python3.8/site-packages/airflow/example_dags/example_subdag_operator.py
[2025-02-14 19:09:42,212] {processor.py:641} INFO - Processing file /opt/conda/lib/python3.8/site-packages/airflow/example_dags/example_subdag_operator.py for tasks to queue
[2025-02-14 19:09:42,212] {logging_mixin.py:115} INFO - [2025-02-14 19:09:42,212] {dagbag.py:508} INFO - Filling up the DagBag from /opt/conda/lib/python3.8/site-packages/airflow/example_dags/example_subdag_operator.py
[2025-02-14 19:09:42,232] {processor.py:651} INFO - DAG(s) dict_keys(['example_subdag_operator.section-1', 'example_subdag_operator.section-2', 'example_subdag_operator']) retrieved from /opt/conda/lib/python3.8/site-packages/airflow/example_dags/example_subdag_operator.py
[2025-02-14 19:09:42,255] {logging_mixin.py:115} INFO - [2025-02-14 19:09:42,255] {dag.py:2420} INFO - Sync 3 DAGs
[2025-02-14 19:09:42,268] {logging_mixin.py:115} INFO - [2025-02-14 19:09:42,268] {dag.py:2968} INFO - Setting next_dagrun for example_subdag_operator to 2022-01-01T00:00:00+00:00, run_after=2022-01-01T00:00:00+00:00
[2025-02-14 19:09:42,268] {logging_mixin.py:115} INFO - [2025-02-14 19:09:42,268] {dag.py:2968} INFO - Setting next_dagrun for example_subdag_operator.section-1 to None, run_after=None
[2025-02-14 19:09:42,268] {logging_mixin.py:115} INFO - [2025-02-14 19:09:42,268] {dag.py:2968} INFO - Setting next_dagrun for example_subdag_operator.section-2 to None, run_after=None
[2025-02-14 19:09:42,272] {logging_mixin.py:115} INFO - [2025-02-14 19:09:42,272] {dag.py:2420} INFO - Sync 2 DAGs
[2025-02-14 19:09:42,275] {logging_mixin.py:115} INFO - [2025-02-14 19:09:42,275] {dag.py:2968} INFO - Setting next_dagrun for example_subdag_operator.section-1 to None, run_after=None
[2025-02-14 19:09:42,275] {logging_mixin.py:115} INFO - [2025-02-14 19:09:42,275] {dag.py:2968} INFO - Setting next_dagrun for example_subdag_operator.section-2 to None, run_after=None
[2025-02-14 19:09:42,292] {processor.py:161} INFO - Processing /opt/conda/lib/python3.8/site-packages/airflow/example_dags/example_subdag_operator.py took 0.085 seconds
