[2025-02-14 13:59:34,790] {processor.py:153} INFO - Started process (PID=1826) to work on /opt/conda/lib/python3.8/site-packages/airflow/example_dags/example_branch_operator_decorator.py
[2025-02-14 13:59:34,791] {processor.py:641} INFO - Processing file /opt/conda/lib/python3.8/site-packages/airflow/example_dags/example_branch_operator_decorator.py for tasks to queue
[2025-02-14 13:59:34,791] {logging_mixin.py:115} INFO - [2025-02-14 13:59:34,791] {dagbag.py:508} INFO - Filling up the DagBag from /opt/conda/lib/python3.8/site-packages/airflow/example_dags/example_branch_operator_decorator.py
[2025-02-14 13:59:34,935] {processor.py:651} INFO - DAG(s) dict_keys(['example_branch_python_operator_decorator']) retrieved from /opt/conda/lib/python3.8/site-packages/airflow/example_dags/example_branch_operator_decorator.py
[2025-02-14 13:59:35,006] {logging_mixin.py:115} INFO - [2025-02-14 13:59:35,006] {manager.py:508} INFO - Created Permission View: can read on DAG:example_branch_python_operator_decorator
[2025-02-14 13:59:35,024] {logging_mixin.py:115} INFO - [2025-02-14 13:59:35,024] {manager.py:508} INFO - Created Permission View: can delete on DAG:example_branch_python_operator_decorator
[2025-02-14 13:59:35,038] {logging_mixin.py:115} INFO - [2025-02-14 13:59:35,038] {manager.py:508} INFO - Created Permission View: can edit on DAG:example_branch_python_operator_decorator
[2025-02-14 13:59:35,039] {logging_mixin.py:115} INFO - [2025-02-14 13:59:35,039] {dag.py:2420} INFO - Sync 1 DAGs
[2025-02-14 13:59:35,045] {logging_mixin.py:115} INFO - [2025-02-14 13:59:35,045] {dag.py:2439} INFO - Creating ORM DAG for example_branch_python_operator_decorator
[2025-02-14 13:59:35,053] {logging_mixin.py:115} INFO - [2025-02-14 13:59:35,053] {dag.py:2968} INFO - Setting next_dagrun for example_branch_python_operator_decorator to 2025-02-13T00:00:00+00:00, run_after=2025-02-14T00:00:00+00:00
[2025-02-14 13:59:35,075] {processor.py:161} INFO - Processing /opt/conda/lib/python3.8/site-packages/airflow/example_dags/example_branch_operator_decorator.py took 0.288 seconds
[2025-02-14 14:00:20,795] {processor.py:153} INFO - Started process (PID=1863) to work on /opt/conda/lib/python3.8/site-packages/airflow/example_dags/example_branch_operator_decorator.py
[2025-02-14 14:00:20,796] {processor.py:641} INFO - Processing file /opt/conda/lib/python3.8/site-packages/airflow/example_dags/example_branch_operator_decorator.py for tasks to queue
[2025-02-14 14:00:20,797] {logging_mixin.py:115} INFO - [2025-02-14 14:00:20,797] {dagbag.py:508} INFO - Filling up the DagBag from /opt/conda/lib/python3.8/site-packages/airflow/example_dags/example_branch_operator_decorator.py
[2025-02-14 14:00:20,949] {processor.py:651} INFO - DAG(s) dict_keys(['example_branch_python_operator_decorator']) retrieved from /opt/conda/lib/python3.8/site-packages/airflow/example_dags/example_branch_operator_decorator.py
[2025-02-14 14:00:20,959] {logging_mixin.py:115} INFO - [2025-02-14 14:00:20,958] {dag.py:2420} INFO - Sync 1 DAGs
[2025-02-14 14:00:20,971] {logging_mixin.py:115} INFO - [2025-02-14 14:00:20,971] {dag.py:2968} INFO - Setting next_dagrun for example_branch_python_operator_decorator to 2025-02-13T00:00:00+00:00, run_after=2025-02-14T00:00:00+00:00
[2025-02-14 14:00:20,989] {processor.py:161} INFO - Processing /opt/conda/lib/python3.8/site-packages/airflow/example_dags/example_branch_operator_decorator.py took 0.198 seconds
[2025-02-14 14:01:04,886] {processor.py:153} INFO - Started process (PID=1900) to work on /opt/conda/lib/python3.8/site-packages/airflow/example_dags/example_branch_operator_decorator.py
[2025-02-14 14:01:04,887] {processor.py:641} INFO - Processing file /opt/conda/lib/python3.8/site-packages/airflow/example_dags/example_branch_operator_decorator.py for tasks to queue
[2025-02-14 14:01:04,888] {logging_mixin.py:115} INFO - [2025-02-14 14:01:04,888] {dagbag.py:508} INFO - Filling up the DagBag from /opt/conda/lib/python3.8/site-packages/airflow/example_dags/example_branch_operator_decorator.py
[2025-02-14 14:01:05,034] {processor.py:651} INFO - DAG(s) dict_keys(['example_branch_python_operator_decorator']) retrieved from /opt/conda/lib/python3.8/site-packages/airflow/example_dags/example_branch_operator_decorator.py
[2025-02-14 14:01:05,043] {logging_mixin.py:115} INFO - [2025-02-14 14:01:05,043] {dag.py:2420} INFO - Sync 1 DAGs
[2025-02-14 14:01:05,056] {logging_mixin.py:115} INFO - [2025-02-14 14:01:05,056] {dag.py:2968} INFO - Setting next_dagrun for example_branch_python_operator_decorator to 2025-02-13T00:00:00+00:00, run_after=2025-02-14T00:00:00+00:00
[2025-02-14 14:01:05,076] {processor.py:161} INFO - Processing /opt/conda/lib/python3.8/site-packages/airflow/example_dags/example_branch_operator_decorator.py took 0.194 seconds
[2025-02-14 14:01:45,617] {processor.py:153} INFO - Started process (PID=1937) to work on /opt/conda/lib/python3.8/site-packages/airflow/example_dags/example_branch_operator_decorator.py
[2025-02-14 14:01:45,618] {processor.py:641} INFO - Processing file /opt/conda/lib/python3.8/site-packages/airflow/example_dags/example_branch_operator_decorator.py for tasks to queue
[2025-02-14 14:01:45,619] {logging_mixin.py:115} INFO - [2025-02-14 14:01:45,619] {dagbag.py:508} INFO - Filling up the DagBag from /opt/conda/lib/python3.8/site-packages/airflow/example_dags/example_branch_operator_decorator.py
[2025-02-14 14:01:45,768] {processor.py:651} INFO - DAG(s) dict_keys(['example_branch_python_operator_decorator']) retrieved from /opt/conda/lib/python3.8/site-packages/airflow/example_dags/example_branch_operator_decorator.py
[2025-02-14 14:01:45,777] {logging_mixin.py:115} INFO - [2025-02-14 14:01:45,777] {dag.py:2420} INFO - Sync 1 DAGs
[2025-02-14 14:01:45,790] {logging_mixin.py:115} INFO - [2025-02-14 14:01:45,790] {dag.py:2968} INFO - Setting next_dagrun for example_branch_python_operator_decorator to 2025-02-13T00:00:00+00:00, run_after=2025-02-14T00:00:00+00:00
[2025-02-14 14:01:45,812] {processor.py:161} INFO - Processing /opt/conda/lib/python3.8/site-packages/airflow/example_dags/example_branch_operator_decorator.py took 0.198 seconds
[2025-02-14 14:02:20,340] {processor.py:153} INFO - Started process (PID=1968) to work on /opt/conda/lib/python3.8/site-packages/airflow/example_dags/example_branch_operator_decorator.py
[2025-02-14 14:02:20,342] {processor.py:641} INFO - Processing file /opt/conda/lib/python3.8/site-packages/airflow/example_dags/example_branch_operator_decorator.py for tasks to queue
[2025-02-14 14:02:20,342] {logging_mixin.py:115} INFO - [2025-02-14 14:02:20,342] {dagbag.py:508} INFO - Filling up the DagBag from /opt/conda/lib/python3.8/site-packages/airflow/example_dags/example_branch_operator_decorator.py
[2025-02-14 14:02:20,491] {processor.py:651} INFO - DAG(s) dict_keys(['example_branch_python_operator_decorator']) retrieved from /opt/conda/lib/python3.8/site-packages/airflow/example_dags/example_branch_operator_decorator.py
[2025-02-14 14:02:20,501] {logging_mixin.py:115} INFO - [2025-02-14 14:02:20,501] {dag.py:2420} INFO - Sync 1 DAGs
[2025-02-14 14:02:20,514] {logging_mixin.py:115} INFO - [2025-02-14 14:02:20,514] {dag.py:2968} INFO - Setting next_dagrun for example_branch_python_operator_decorator to 2025-02-13T00:00:00+00:00, run_after=2025-02-14T00:00:00+00:00
[2025-02-14 14:02:20,534] {processor.py:161} INFO - Processing /opt/conda/lib/python3.8/site-packages/airflow/example_dags/example_branch_operator_decorator.py took 0.197 seconds
[2025-02-14 14:02:57,241] {processor.py:153} INFO - Started process (PID=2002) to work on /opt/conda/lib/python3.8/site-packages/airflow/example_dags/example_branch_operator_decorator.py
[2025-02-14 14:02:57,242] {processor.py:641} INFO - Processing file /opt/conda/lib/python3.8/site-packages/airflow/example_dags/example_branch_operator_decorator.py for tasks to queue
[2025-02-14 14:02:57,243] {logging_mixin.py:115} INFO - [2025-02-14 14:02:57,243] {dagbag.py:508} INFO - Filling up the DagBag from /opt/conda/lib/python3.8/site-packages/airflow/example_dags/example_branch_operator_decorator.py
[2025-02-14 14:02:57,390] {processor.py:651} INFO - DAG(s) dict_keys(['example_branch_python_operator_decorator']) retrieved from /opt/conda/lib/python3.8/site-packages/airflow/example_dags/example_branch_operator_decorator.py
[2025-02-14 14:02:57,400] {logging_mixin.py:115} INFO - [2025-02-14 14:02:57,400] {dag.py:2420} INFO - Sync 1 DAGs
[2025-02-14 14:02:57,412] {logging_mixin.py:115} INFO - [2025-02-14 14:02:57,412] {dag.py:2968} INFO - Setting next_dagrun for example_branch_python_operator_decorator to 2025-02-13T00:00:00+00:00, run_after=2025-02-14T00:00:00+00:00
[2025-02-14 14:02:57,432] {processor.py:161} INFO - Processing /opt/conda/lib/python3.8/site-packages/airflow/example_dags/example_branch_operator_decorator.py took 0.195 seconds
[2025-02-14 14:03:42,917] {processor.py:153} INFO - Started process (PID=2042) to work on /opt/conda/lib/python3.8/site-packages/airflow/example_dags/example_branch_operator_decorator.py
[2025-02-14 14:03:42,919] {processor.py:641} INFO - Processing file /opt/conda/lib/python3.8/site-packages/airflow/example_dags/example_branch_operator_decorator.py for tasks to queue
[2025-02-14 14:03:42,920] {logging_mixin.py:115} INFO - [2025-02-14 14:03:42,919] {dagbag.py:508} INFO - Filling up the DagBag from /opt/conda/lib/python3.8/site-packages/airflow/example_dags/example_branch_operator_decorator.py
[2025-02-14 14:03:43,060] {processor.py:651} INFO - DAG(s) dict_keys(['example_branch_python_operator_decorator']) retrieved from /opt/conda/lib/python3.8/site-packages/airflow/example_dags/example_branch_operator_decorator.py
[2025-02-14 14:03:43,070] {logging_mixin.py:115} INFO - [2025-02-14 14:03:43,070] {dag.py:2420} INFO - Sync 1 DAGs
[2025-02-14 14:03:43,083] {logging_mixin.py:115} INFO - [2025-02-14 14:03:43,083] {dag.py:2968} INFO - Setting next_dagrun for example_branch_python_operator_decorator to 2025-02-13T00:00:00+00:00, run_after=2025-02-14T00:00:00+00:00
[2025-02-14 14:03:43,101] {processor.py:161} INFO - Processing /opt/conda/lib/python3.8/site-packages/airflow/example_dags/example_branch_operator_decorator.py took 0.187 seconds
[2025-02-14 14:05:20,246] {processor.py:153} INFO - Started process (PID=2170) to work on /opt/conda/lib/python3.8/site-packages/airflow/example_dags/example_branch_operator_decorator.py
[2025-02-14 14:05:20,247] {processor.py:641} INFO - Processing file /opt/conda/lib/python3.8/site-packages/airflow/example_dags/example_branch_operator_decorator.py for tasks to queue
[2025-02-14 14:05:20,248] {logging_mixin.py:115} INFO - [2025-02-14 14:05:20,248] {dagbag.py:508} INFO - Filling up the DagBag from /opt/conda/lib/python3.8/site-packages/airflow/example_dags/example_branch_operator_decorator.py
[2025-02-14 14:05:20,380] {processor.py:651} INFO - DAG(s) dict_keys(['example_branch_python_operator_decorator']) retrieved from /opt/conda/lib/python3.8/site-packages/airflow/example_dags/example_branch_operator_decorator.py
[2025-02-14 14:05:20,390] {logging_mixin.py:115} INFO - [2025-02-14 14:05:20,390] {dag.py:2420} INFO - Sync 1 DAGs
[2025-02-14 14:05:20,403] {logging_mixin.py:115} INFO - [2025-02-14 14:05:20,403] {dag.py:2968} INFO - Setting next_dagrun for example_branch_python_operator_decorator to 2025-02-13T00:00:00+00:00, run_after=2025-02-14T00:00:00+00:00
[2025-02-14 14:05:20,420] {processor.py:161} INFO - Processing /opt/conda/lib/python3.8/site-packages/airflow/example_dags/example_branch_operator_decorator.py took 0.177 seconds
[2025-02-14 14:06:05,625] {processor.py:153} INFO - Started process (PID=2224) to work on /opt/conda/lib/python3.8/site-packages/airflow/example_dags/example_branch_operator_decorator.py
[2025-02-14 14:06:05,626] {processor.py:641} INFO - Processing file /opt/conda/lib/python3.8/site-packages/airflow/example_dags/example_branch_operator_decorator.py for tasks to queue
[2025-02-14 14:06:05,627] {logging_mixin.py:115} INFO - [2025-02-14 14:06:05,626] {dagbag.py:508} INFO - Filling up the DagBag from /opt/conda/lib/python3.8/site-packages/airflow/example_dags/example_branch_operator_decorator.py
[2025-02-14 14:06:05,761] {processor.py:651} INFO - DAG(s) dict_keys(['example_branch_python_operator_decorator']) retrieved from /opt/conda/lib/python3.8/site-packages/airflow/example_dags/example_branch_operator_decorator.py
[2025-02-14 14:06:05,771] {logging_mixin.py:115} INFO - [2025-02-14 14:06:05,771] {dag.py:2420} INFO - Sync 1 DAGs
[2025-02-14 14:06:05,784] {logging_mixin.py:115} INFO - [2025-02-14 14:06:05,784] {dag.py:2968} INFO - Setting next_dagrun for example_branch_python_operator_decorator to 2025-02-13T00:00:00+00:00, run_after=2025-02-14T00:00:00+00:00
[2025-02-14 14:06:05,801] {processor.py:161} INFO - Processing /opt/conda/lib/python3.8/site-packages/airflow/example_dags/example_branch_operator_decorator.py took 0.180 seconds
[2025-02-14 14:06:51,773] {processor.py:153} INFO - Started process (PID=2280) to work on /opt/conda/lib/python3.8/site-packages/airflow/example_dags/example_branch_operator_decorator.py
[2025-02-14 14:06:51,775] {processor.py:641} INFO - Processing file /opt/conda/lib/python3.8/site-packages/airflow/example_dags/example_branch_operator_decorator.py for tasks to queue
[2025-02-14 14:06:51,776] {logging_mixin.py:115} INFO - [2025-02-14 14:06:51,775] {dagbag.py:508} INFO - Filling up the DagBag from /opt/conda/lib/python3.8/site-packages/airflow/example_dags/example_branch_operator_decorator.py
[2025-02-14 14:06:51,925] {processor.py:651} INFO - DAG(s) dict_keys(['example_branch_python_operator_decorator']) retrieved from /opt/conda/lib/python3.8/site-packages/airflow/example_dags/example_branch_operator_decorator.py
[2025-02-14 14:06:51,935] {logging_mixin.py:115} INFO - [2025-02-14 14:06:51,935] {dag.py:2420} INFO - Sync 1 DAGs
[2025-02-14 14:06:51,948] {logging_mixin.py:115} INFO - [2025-02-14 14:06:51,948] {dag.py:2968} INFO - Setting next_dagrun for example_branch_python_operator_decorator to 2025-02-13T00:00:00+00:00, run_after=2025-02-14T00:00:00+00:00
[2025-02-14 14:06:51,967] {processor.py:161} INFO - Processing /opt/conda/lib/python3.8/site-packages/airflow/example_dags/example_branch_operator_decorator.py took 0.196 seconds
[2025-02-14 14:07:38,705] {processor.py:153} INFO - Started process (PID=2319) to work on /opt/conda/lib/python3.8/site-packages/airflow/example_dags/example_branch_operator_decorator.py
[2025-02-14 14:07:38,706] {processor.py:641} INFO - Processing file /opt/conda/lib/python3.8/site-packages/airflow/example_dags/example_branch_operator_decorator.py for tasks to queue
[2025-02-14 14:07:38,707] {logging_mixin.py:115} INFO - [2025-02-14 14:07:38,707] {dagbag.py:508} INFO - Filling up the DagBag from /opt/conda/lib/python3.8/site-packages/airflow/example_dags/example_branch_operator_decorator.py
[2025-02-14 14:07:38,846] {processor.py:651} INFO - DAG(s) dict_keys(['example_branch_python_operator_decorator']) retrieved from /opt/conda/lib/python3.8/site-packages/airflow/example_dags/example_branch_operator_decorator.py
[2025-02-14 14:07:38,856] {logging_mixin.py:115} INFO - [2025-02-14 14:07:38,856] {dag.py:2420} INFO - Sync 1 DAGs
[2025-02-14 14:07:38,869] {logging_mixin.py:115} INFO - [2025-02-14 14:07:38,868] {dag.py:2968} INFO - Setting next_dagrun for example_branch_python_operator_decorator to 2025-02-13T00:00:00+00:00, run_after=2025-02-14T00:00:00+00:00
[2025-02-14 14:07:38,887] {processor.py:161} INFO - Processing /opt/conda/lib/python3.8/site-packages/airflow/example_dags/example_branch_operator_decorator.py took 0.185 seconds
[2025-02-14 14:08:21,141] {processor.py:153} INFO - Started process (PID=2358) to work on /opt/conda/lib/python3.8/site-packages/airflow/example_dags/example_branch_operator_decorator.py
[2025-02-14 14:08:21,142] {processor.py:641} INFO - Processing file /opt/conda/lib/python3.8/site-packages/airflow/example_dags/example_branch_operator_decorator.py for tasks to queue
[2025-02-14 14:08:21,143] {logging_mixin.py:115} INFO - [2025-02-14 14:08:21,143] {dagbag.py:508} INFO - Filling up the DagBag from /opt/conda/lib/python3.8/site-packages/airflow/example_dags/example_branch_operator_decorator.py
[2025-02-14 14:08:21,288] {processor.py:651} INFO - DAG(s) dict_keys(['example_branch_python_operator_decorator']) retrieved from /opt/conda/lib/python3.8/site-packages/airflow/example_dags/example_branch_operator_decorator.py
[2025-02-14 14:08:21,298] {logging_mixin.py:115} INFO - [2025-02-14 14:08:21,297] {dag.py:2420} INFO - Sync 1 DAGs
[2025-02-14 14:08:21,310] {logging_mixin.py:115} INFO - [2025-02-14 14:08:21,310] {dag.py:2968} INFO - Setting next_dagrun for example_branch_python_operator_decorator to 2025-02-13T00:00:00+00:00, run_after=2025-02-14T00:00:00+00:00
[2025-02-14 14:08:21,331] {processor.py:161} INFO - Processing /opt/conda/lib/python3.8/site-packages/airflow/example_dags/example_branch_operator_decorator.py took 0.193 seconds
[2025-02-14 14:09:15,175] {processor.py:153} INFO - Started process (PID=2428) to work on /opt/conda/lib/python3.8/site-packages/airflow/example_dags/example_branch_operator_decorator.py
[2025-02-14 14:09:15,176] {processor.py:641} INFO - Processing file /opt/conda/lib/python3.8/site-packages/airflow/example_dags/example_branch_operator_decorator.py for tasks to queue
[2025-02-14 14:09:15,176] {logging_mixin.py:115} INFO - [2025-02-14 14:09:15,176] {dagbag.py:508} INFO - Filling up the DagBag from /opt/conda/lib/python3.8/site-packages/airflow/example_dags/example_branch_operator_decorator.py
[2025-02-14 14:09:15,311] {processor.py:651} INFO - DAG(s) dict_keys(['example_branch_python_operator_decorator']) retrieved from /opt/conda/lib/python3.8/site-packages/airflow/example_dags/example_branch_operator_decorator.py
[2025-02-14 14:09:15,320] {logging_mixin.py:115} INFO - [2025-02-14 14:09:15,320] {dag.py:2420} INFO - Sync 1 DAGs
[2025-02-14 14:09:15,334] {logging_mixin.py:115} INFO - [2025-02-14 14:09:15,334] {dag.py:2968} INFO - Setting next_dagrun for example_branch_python_operator_decorator to 2025-02-13T00:00:00+00:00, run_after=2025-02-14T00:00:00+00:00
[2025-02-14 14:09:15,476] {processor.py:161} INFO - Processing /opt/conda/lib/python3.8/site-packages/airflow/example_dags/example_branch_operator_decorator.py took 0.305 seconds
[2025-02-14 14:09:58,617] {processor.py:153} INFO - Started process (PID=2466) to work on /opt/conda/lib/python3.8/site-packages/airflow/example_dags/example_branch_operator_decorator.py
[2025-02-14 14:09:58,618] {processor.py:641} INFO - Processing file /opt/conda/lib/python3.8/site-packages/airflow/example_dags/example_branch_operator_decorator.py for tasks to queue
[2025-02-14 14:09:58,619] {logging_mixin.py:115} INFO - [2025-02-14 14:09:58,619] {dagbag.py:508} INFO - Filling up the DagBag from /opt/conda/lib/python3.8/site-packages/airflow/example_dags/example_branch_operator_decorator.py
[2025-02-14 14:09:58,764] {processor.py:651} INFO - DAG(s) dict_keys(['example_branch_python_operator_decorator']) retrieved from /opt/conda/lib/python3.8/site-packages/airflow/example_dags/example_branch_operator_decorator.py
[2025-02-14 14:09:58,774] {logging_mixin.py:115} INFO - [2025-02-14 14:09:58,773] {dag.py:2420} INFO - Sync 1 DAGs
[2025-02-14 14:09:58,787] {logging_mixin.py:115} INFO - [2025-02-14 14:09:58,787] {dag.py:2968} INFO - Setting next_dagrun for example_branch_python_operator_decorator to 2025-02-13T00:00:00+00:00, run_after=2025-02-14T00:00:00+00:00
[2025-02-14 14:09:58,807] {processor.py:161} INFO - Processing /opt/conda/lib/python3.8/site-packages/airflow/example_dags/example_branch_operator_decorator.py took 0.193 seconds
[2025-02-14 14:10:44,601] {processor.py:153} INFO - Started process (PID=2506) to work on /opt/conda/lib/python3.8/site-packages/airflow/example_dags/example_branch_operator_decorator.py
[2025-02-14 14:10:44,602] {processor.py:641} INFO - Processing file /opt/conda/lib/python3.8/site-packages/airflow/example_dags/example_branch_operator_decorator.py for tasks to queue
[2025-02-14 14:10:44,602] {logging_mixin.py:115} INFO - [2025-02-14 14:10:44,602] {dagbag.py:508} INFO - Filling up the DagBag from /opt/conda/lib/python3.8/site-packages/airflow/example_dags/example_branch_operator_decorator.py
[2025-02-14 14:10:44,739] {processor.py:651} INFO - DAG(s) dict_keys(['example_branch_python_operator_decorator']) retrieved from /opt/conda/lib/python3.8/site-packages/airflow/example_dags/example_branch_operator_decorator.py
[2025-02-14 14:10:44,749] {logging_mixin.py:115} INFO - [2025-02-14 14:10:44,749] {dag.py:2420} INFO - Sync 1 DAGs
[2025-02-14 14:10:44,762] {logging_mixin.py:115} INFO - [2025-02-14 14:10:44,762] {dag.py:2968} INFO - Setting next_dagrun for example_branch_python_operator_decorator to 2025-02-13T00:00:00+00:00, run_after=2025-02-14T00:00:00+00:00
[2025-02-14 14:10:44,781] {processor.py:161} INFO - Processing /opt/conda/lib/python3.8/site-packages/airflow/example_dags/example_branch_operator_decorator.py took 0.183 seconds
[2025-02-14 14:11:32,312] {processor.py:153} INFO - Started process (PID=2563) to work on /opt/conda/lib/python3.8/site-packages/airflow/example_dags/example_branch_operator_decorator.py
[2025-02-14 14:11:32,314] {processor.py:641} INFO - Processing file /opt/conda/lib/python3.8/site-packages/airflow/example_dags/example_branch_operator_decorator.py for tasks to queue
[2025-02-14 14:11:32,314] {logging_mixin.py:115} INFO - [2025-02-14 14:11:32,314] {dagbag.py:508} INFO - Filling up the DagBag from /opt/conda/lib/python3.8/site-packages/airflow/example_dags/example_branch_operator_decorator.py
[2025-02-14 14:11:32,524] {processor.py:651} INFO - DAG(s) dict_keys(['example_branch_python_operator_decorator']) retrieved from /opt/conda/lib/python3.8/site-packages/airflow/example_dags/example_branch_operator_decorator.py
[2025-02-14 14:11:32,540] {logging_mixin.py:115} INFO - [2025-02-14 14:11:32,540] {dag.py:2420} INFO - Sync 1 DAGs
[2025-02-14 14:11:32,560] {logging_mixin.py:115} INFO - [2025-02-14 14:11:32,559] {dag.py:2968} INFO - Setting next_dagrun for example_branch_python_operator_decorator to 2025-02-13T00:00:00+00:00, run_after=2025-02-14T00:00:00+00:00
[2025-02-14 14:11:32,583] {processor.py:161} INFO - Processing /opt/conda/lib/python3.8/site-packages/airflow/example_dags/example_branch_operator_decorator.py took 0.275 seconds
[2025-02-14 14:12:14,776] {processor.py:153} INFO - Started process (PID=2617) to work on /opt/conda/lib/python3.8/site-packages/airflow/example_dags/example_branch_operator_decorator.py
[2025-02-14 14:12:14,778] {processor.py:641} INFO - Processing file /opt/conda/lib/python3.8/site-packages/airflow/example_dags/example_branch_operator_decorator.py for tasks to queue
[2025-02-14 14:12:14,778] {logging_mixin.py:115} INFO - [2025-02-14 14:12:14,778] {dagbag.py:508} INFO - Filling up the DagBag from /opt/conda/lib/python3.8/site-packages/airflow/example_dags/example_branch_operator_decorator.py
[2025-02-14 14:12:14,914] {processor.py:651} INFO - DAG(s) dict_keys(['example_branch_python_operator_decorator']) retrieved from /opt/conda/lib/python3.8/site-packages/airflow/example_dags/example_branch_operator_decorator.py
[2025-02-14 14:12:14,924] {logging_mixin.py:115} INFO - [2025-02-14 14:12:14,924] {dag.py:2420} INFO - Sync 1 DAGs
[2025-02-14 14:12:14,937] {logging_mixin.py:115} INFO - [2025-02-14 14:12:14,936] {dag.py:2968} INFO - Setting next_dagrun for example_branch_python_operator_decorator to 2025-02-13T00:00:00+00:00, run_after=2025-02-14T00:00:00+00:00
[2025-02-14 14:12:14,954] {processor.py:161} INFO - Processing /opt/conda/lib/python3.8/site-packages/airflow/example_dags/example_branch_operator_decorator.py took 0.181 seconds
[2025-02-14 14:12:54,041] {processor.py:153} INFO - Started process (PID=2667) to work on /opt/conda/lib/python3.8/site-packages/airflow/example_dags/example_branch_operator_decorator.py
[2025-02-14 14:12:54,042] {processor.py:641} INFO - Processing file /opt/conda/lib/python3.8/site-packages/airflow/example_dags/example_branch_operator_decorator.py for tasks to queue
[2025-02-14 14:12:54,043] {logging_mixin.py:115} INFO - [2025-02-14 14:12:54,043] {dagbag.py:508} INFO - Filling up the DagBag from /opt/conda/lib/python3.8/site-packages/airflow/example_dags/example_branch_operator_decorator.py
[2025-02-14 14:12:54,195] {processor.py:651} INFO - DAG(s) dict_keys(['example_branch_python_operator_decorator']) retrieved from /opt/conda/lib/python3.8/site-packages/airflow/example_dags/example_branch_operator_decorator.py
[2025-02-14 14:12:54,205] {logging_mixin.py:115} INFO - [2025-02-14 14:12:54,205] {dag.py:2420} INFO - Sync 1 DAGs
[2025-02-14 14:12:54,217] {logging_mixin.py:115} INFO - [2025-02-14 14:12:54,217] {dag.py:2968} INFO - Setting next_dagrun for example_branch_python_operator_decorator to 2025-02-13T00:00:00+00:00, run_after=2025-02-14T00:00:00+00:00
[2025-02-14 14:12:54,235] {processor.py:161} INFO - Processing /opt/conda/lib/python3.8/site-packages/airflow/example_dags/example_branch_operator_decorator.py took 0.197 seconds
[2025-02-14 14:13:33,084] {processor.py:153} INFO - Started process (PID=2718) to work on /opt/conda/lib/python3.8/site-packages/airflow/example_dags/example_branch_operator_decorator.py
[2025-02-14 14:13:33,086] {processor.py:641} INFO - Processing file /opt/conda/lib/python3.8/site-packages/airflow/example_dags/example_branch_operator_decorator.py for tasks to queue
[2025-02-14 14:13:33,086] {logging_mixin.py:115} INFO - [2025-02-14 14:13:33,086] {dagbag.py:508} INFO - Filling up the DagBag from /opt/conda/lib/python3.8/site-packages/airflow/example_dags/example_branch_operator_decorator.py
[2025-02-14 14:13:33,231] {processor.py:651} INFO - DAG(s) dict_keys(['example_branch_python_operator_decorator']) retrieved from /opt/conda/lib/python3.8/site-packages/airflow/example_dags/example_branch_operator_decorator.py
[2025-02-14 14:13:33,241] {logging_mixin.py:115} INFO - [2025-02-14 14:13:33,240] {dag.py:2420} INFO - Sync 1 DAGs
[2025-02-14 14:13:33,253] {logging_mixin.py:115} INFO - [2025-02-14 14:13:33,253] {dag.py:2968} INFO - Setting next_dagrun for example_branch_python_operator_decorator to 2025-02-13T00:00:00+00:00, run_after=2025-02-14T00:00:00+00:00
[2025-02-14 14:13:33,270] {processor.py:161} INFO - Processing /opt/conda/lib/python3.8/site-packages/airflow/example_dags/example_branch_operator_decorator.py took 0.189 seconds
[2025-02-14 14:14:14,881] {processor.py:153} INFO - Started process (PID=2770) to work on /opt/conda/lib/python3.8/site-packages/airflow/example_dags/example_branch_operator_decorator.py
[2025-02-14 14:14:14,883] {processor.py:641} INFO - Processing file /opt/conda/lib/python3.8/site-packages/airflow/example_dags/example_branch_operator_decorator.py for tasks to queue
[2025-02-14 14:14:14,884] {logging_mixin.py:115} INFO - [2025-02-14 14:14:14,884] {dagbag.py:508} INFO - Filling up the DagBag from /opt/conda/lib/python3.8/site-packages/airflow/example_dags/example_branch_operator_decorator.py
[2025-02-14 14:14:14,907] {processor.py:651} INFO - DAG(s) dict_keys(['example_branch_python_operator_decorator']) retrieved from /opt/conda/lib/python3.8/site-packages/airflow/example_dags/example_branch_operator_decorator.py
[2025-02-14 14:14:14,928] {logging_mixin.py:115} INFO - [2025-02-14 14:14:14,928] {dag.py:2420} INFO - Sync 1 DAGs
[2025-02-14 14:14:14,951] {logging_mixin.py:115} INFO - [2025-02-14 14:14:14,951] {dag.py:2968} INFO - Setting next_dagrun for example_branch_python_operator_decorator to 2025-02-13T00:00:00+00:00, run_after=2025-02-14T00:00:00+00:00
[2025-02-14 14:14:14,976] {processor.py:161} INFO - Processing /opt/conda/lib/python3.8/site-packages/airflow/example_dags/example_branch_operator_decorator.py took 0.098 seconds
[2025-02-14 14:14:51,136] {processor.py:153} INFO - Started process (PID=2821) to work on /opt/conda/lib/python3.8/site-packages/airflow/example_dags/example_branch_operator_decorator.py
[2025-02-14 14:14:51,138] {processor.py:641} INFO - Processing file /opt/conda/lib/python3.8/site-packages/airflow/example_dags/example_branch_operator_decorator.py for tasks to queue
[2025-02-14 14:14:51,139] {logging_mixin.py:115} INFO - [2025-02-14 14:14:51,138] {dagbag.py:508} INFO - Filling up the DagBag from /opt/conda/lib/python3.8/site-packages/airflow/example_dags/example_branch_operator_decorator.py
[2025-02-14 14:14:51,158] {processor.py:651} INFO - DAG(s) dict_keys(['example_branch_python_operator_decorator']) retrieved from /opt/conda/lib/python3.8/site-packages/airflow/example_dags/example_branch_operator_decorator.py
[2025-02-14 14:14:51,175] {logging_mixin.py:115} INFO - [2025-02-14 14:14:51,175] {dag.py:2420} INFO - Sync 1 DAGs
[2025-02-14 14:14:51,195] {logging_mixin.py:115} INFO - [2025-02-14 14:14:51,194] {dag.py:2968} INFO - Setting next_dagrun for example_branch_python_operator_decorator to 2025-02-13T00:00:00+00:00, run_after=2025-02-14T00:00:00+00:00
[2025-02-14 14:14:51,217] {processor.py:161} INFO - Processing /opt/conda/lib/python3.8/site-packages/airflow/example_dags/example_branch_operator_decorator.py took 0.083 seconds
[2025-02-14 14:15:30,948] {processor.py:153} INFO - Started process (PID=2876) to work on /opt/conda/lib/python3.8/site-packages/airflow/example_dags/example_branch_operator_decorator.py
[2025-02-14 14:15:30,950] {processor.py:641} INFO - Processing file /opt/conda/lib/python3.8/site-packages/airflow/example_dags/example_branch_operator_decorator.py for tasks to queue
[2025-02-14 14:15:30,950] {logging_mixin.py:115} INFO - [2025-02-14 14:15:30,950] {dagbag.py:508} INFO - Filling up the DagBag from /opt/conda/lib/python3.8/site-packages/airflow/example_dags/example_branch_operator_decorator.py
[2025-02-14 14:15:30,970] {processor.py:651} INFO - DAG(s) dict_keys(['example_branch_python_operator_decorator']) retrieved from /opt/conda/lib/python3.8/site-packages/airflow/example_dags/example_branch_operator_decorator.py
[2025-02-14 14:15:30,987] {logging_mixin.py:115} INFO - [2025-02-14 14:15:30,987] {dag.py:2420} INFO - Sync 1 DAGs
[2025-02-14 14:15:31,006] {logging_mixin.py:115} INFO - [2025-02-14 14:15:31,006] {dag.py:2968} INFO - Setting next_dagrun for example_branch_python_operator_decorator to 2025-02-13T00:00:00+00:00, run_after=2025-02-14T00:00:00+00:00
[2025-02-14 14:15:31,028] {processor.py:161} INFO - Processing /opt/conda/lib/python3.8/site-packages/airflow/example_dags/example_branch_operator_decorator.py took 0.083 seconds
[2025-02-14 14:16:40,021] {processor.py:153} INFO - Started process (PID=3005) to work on /opt/conda/lib/python3.8/site-packages/airflow/example_dags/example_branch_operator_decorator.py
[2025-02-14 14:16:40,083] {processor.py:641} INFO - Processing file /opt/conda/lib/python3.8/site-packages/airflow/example_dags/example_branch_operator_decorator.py for tasks to queue
[2025-02-14 14:16:40,084] {logging_mixin.py:115} INFO - [2025-02-14 14:16:40,083] {dagbag.py:508} INFO - Filling up the DagBag from /opt/conda/lib/python3.8/site-packages/airflow/example_dags/example_branch_operator_decorator.py
[2025-02-14 14:16:40,235] {processor.py:651} INFO - DAG(s) dict_keys(['example_branch_python_operator_decorator']) retrieved from /opt/conda/lib/python3.8/site-packages/airflow/example_dags/example_branch_operator_decorator.py
[2025-02-14 14:16:40,245] {logging_mixin.py:115} INFO - [2025-02-14 14:16:40,245] {dag.py:2420} INFO - Sync 1 DAGs
[2025-02-14 14:16:40,257] {logging_mixin.py:115} INFO - [2025-02-14 14:16:40,257] {dag.py:2968} INFO - Setting next_dagrun for example_branch_python_operator_decorator to 2025-02-13T00:00:00+00:00, run_after=2025-02-14T00:00:00+00:00
[2025-02-14 14:16:40,277] {processor.py:161} INFO - Processing /opt/conda/lib/python3.8/site-packages/airflow/example_dags/example_branch_operator_decorator.py took 0.259 seconds
[2025-02-14 14:17:26,501] {processor.py:153} INFO - Started process (PID=3059) to work on /opt/conda/lib/python3.8/site-packages/airflow/example_dags/example_branch_operator_decorator.py
[2025-02-14 14:17:26,502] {processor.py:641} INFO - Processing file /opt/conda/lib/python3.8/site-packages/airflow/example_dags/example_branch_operator_decorator.py for tasks to queue
[2025-02-14 14:17:26,502] {logging_mixin.py:115} INFO - [2025-02-14 14:17:26,502] {dagbag.py:508} INFO - Filling up the DagBag from /opt/conda/lib/python3.8/site-packages/airflow/example_dags/example_branch_operator_decorator.py
[2025-02-14 14:17:26,643] {processor.py:651} INFO - DAG(s) dict_keys(['example_branch_python_operator_decorator']) retrieved from /opt/conda/lib/python3.8/site-packages/airflow/example_dags/example_branch_operator_decorator.py
[2025-02-14 14:17:26,653] {logging_mixin.py:115} INFO - [2025-02-14 14:17:26,652] {dag.py:2420} INFO - Sync 1 DAGs
[2025-02-14 14:17:26,665] {logging_mixin.py:115} INFO - [2025-02-14 14:17:26,665] {dag.py:2968} INFO - Setting next_dagrun for example_branch_python_operator_decorator to 2025-02-13T00:00:00+00:00, run_after=2025-02-14T00:00:00+00:00
[2025-02-14 14:17:26,684] {processor.py:161} INFO - Processing /opt/conda/lib/python3.8/site-packages/airflow/example_dags/example_branch_operator_decorator.py took 0.187 seconds
[2025-02-14 14:18:10,693] {processor.py:153} INFO - Started process (PID=3113) to work on /opt/conda/lib/python3.8/site-packages/airflow/example_dags/example_branch_operator_decorator.py
[2025-02-14 14:18:10,694] {processor.py:641} INFO - Processing file /opt/conda/lib/python3.8/site-packages/airflow/example_dags/example_branch_operator_decorator.py for tasks to queue
[2025-02-14 14:18:10,695] {logging_mixin.py:115} INFO - [2025-02-14 14:18:10,695] {dagbag.py:508} INFO - Filling up the DagBag from /opt/conda/lib/python3.8/site-packages/airflow/example_dags/example_branch_operator_decorator.py
[2025-02-14 14:18:10,861] {processor.py:651} INFO - DAG(s) dict_keys(['example_branch_python_operator_decorator']) retrieved from /opt/conda/lib/python3.8/site-packages/airflow/example_dags/example_branch_operator_decorator.py
[2025-02-14 14:18:10,871] {logging_mixin.py:115} INFO - [2025-02-14 14:18:10,871] {dag.py:2420} INFO - Sync 1 DAGs
[2025-02-14 14:18:10,884] {logging_mixin.py:115} INFO - [2025-02-14 14:18:10,884] {dag.py:2968} INFO - Setting next_dagrun for example_branch_python_operator_decorator to 2025-02-13T00:00:00+00:00, run_after=2025-02-14T00:00:00+00:00
[2025-02-14 14:18:10,903] {processor.py:161} INFO - Processing /opt/conda/lib/python3.8/site-packages/airflow/example_dags/example_branch_operator_decorator.py took 0.213 seconds
[2025-02-14 14:18:55,477] {processor.py:153} INFO - Started process (PID=3197) to work on /opt/conda/lib/python3.8/site-packages/airflow/example_dags/example_branch_operator_decorator.py
[2025-02-14 14:18:55,478] {processor.py:641} INFO - Processing file /opt/conda/lib/python3.8/site-packages/airflow/example_dags/example_branch_operator_decorator.py for tasks to queue
[2025-02-14 14:18:55,479] {logging_mixin.py:115} INFO - [2025-02-14 14:18:55,479] {dagbag.py:508} INFO - Filling up the DagBag from /opt/conda/lib/python3.8/site-packages/airflow/example_dags/example_branch_operator_decorator.py
[2025-02-14 14:18:55,612] {processor.py:651} INFO - DAG(s) dict_keys(['example_branch_python_operator_decorator']) retrieved from /opt/conda/lib/python3.8/site-packages/airflow/example_dags/example_branch_operator_decorator.py
[2025-02-14 14:18:55,622] {logging_mixin.py:115} INFO - [2025-02-14 14:18:55,622] {dag.py:2420} INFO - Sync 1 DAGs
[2025-02-14 14:18:55,635] {logging_mixin.py:115} INFO - [2025-02-14 14:18:55,635] {dag.py:2968} INFO - Setting next_dagrun for example_branch_python_operator_decorator to 2025-02-13T00:00:00+00:00, run_after=2025-02-14T00:00:00+00:00
[2025-02-14 14:18:55,653] {processor.py:161} INFO - Processing /opt/conda/lib/python3.8/site-packages/airflow/example_dags/example_branch_operator_decorator.py took 0.180 seconds
[2025-02-14 14:20:46,265] {processor.py:153} INFO - Started process (PID=3288) to work on /opt/conda/lib/python3.8/site-packages/airflow/example_dags/example_branch_operator_decorator.py
[2025-02-14 14:20:46,267] {processor.py:641} INFO - Processing file /opt/conda/lib/python3.8/site-packages/airflow/example_dags/example_branch_operator_decorator.py for tasks to queue
[2025-02-14 14:20:46,267] {logging_mixin.py:115} INFO - [2025-02-14 14:20:46,267] {dagbag.py:508} INFO - Filling up the DagBag from /opt/conda/lib/python3.8/site-packages/airflow/example_dags/example_branch_operator_decorator.py
[2025-02-14 14:20:46,430] {processor.py:651} INFO - DAG(s) dict_keys(['example_branch_python_operator_decorator']) retrieved from /opt/conda/lib/python3.8/site-packages/airflow/example_dags/example_branch_operator_decorator.py
[2025-02-14 14:20:46,440] {logging_mixin.py:115} INFO - [2025-02-14 14:20:46,440] {dag.py:2420} INFO - Sync 1 DAGs
[2025-02-14 14:20:46,453] {logging_mixin.py:115} INFO - [2025-02-14 14:20:46,453] {dag.py:2968} INFO - Setting next_dagrun for example_branch_python_operator_decorator to 2025-02-13T00:00:00+00:00, run_after=2025-02-14T00:00:00+00:00
[2025-02-14 14:20:46,473] {processor.py:161} INFO - Processing /opt/conda/lib/python3.8/site-packages/airflow/example_dags/example_branch_operator_decorator.py took 0.211 seconds
[2025-02-14 14:21:31,535] {processor.py:153} INFO - Started process (PID=3344) to work on /opt/conda/lib/python3.8/site-packages/airflow/example_dags/example_branch_operator_decorator.py
[2025-02-14 14:21:31,537] {processor.py:641} INFO - Processing file /opt/conda/lib/python3.8/site-packages/airflow/example_dags/example_branch_operator_decorator.py for tasks to queue
[2025-02-14 14:21:31,537] {logging_mixin.py:115} INFO - [2025-02-14 14:21:31,537] {dagbag.py:508} INFO - Filling up the DagBag from /opt/conda/lib/python3.8/site-packages/airflow/example_dags/example_branch_operator_decorator.py
[2025-02-14 14:21:31,693] {processor.py:651} INFO - DAG(s) dict_keys(['example_branch_python_operator_decorator']) retrieved from /opt/conda/lib/python3.8/site-packages/airflow/example_dags/example_branch_operator_decorator.py
[2025-02-14 14:21:31,703] {logging_mixin.py:115} INFO - [2025-02-14 14:21:31,703] {dag.py:2420} INFO - Sync 1 DAGs
[2025-02-14 14:21:31,716] {logging_mixin.py:115} INFO - [2025-02-14 14:21:31,716] {dag.py:2968} INFO - Setting next_dagrun for example_branch_python_operator_decorator to 2025-02-13T00:00:00+00:00, run_after=2025-02-14T00:00:00+00:00
[2025-02-14 14:21:31,735] {processor.py:161} INFO - Processing /opt/conda/lib/python3.8/site-packages/airflow/example_dags/example_branch_operator_decorator.py took 0.203 seconds
[2025-02-14 14:22:17,130] {processor.py:153} INFO - Started process (PID=3398) to work on /opt/conda/lib/python3.8/site-packages/airflow/example_dags/example_branch_operator_decorator.py
[2025-02-14 14:22:17,131] {processor.py:641} INFO - Processing file /opt/conda/lib/python3.8/site-packages/airflow/example_dags/example_branch_operator_decorator.py for tasks to queue
[2025-02-14 14:22:17,131] {logging_mixin.py:115} INFO - [2025-02-14 14:22:17,131] {dagbag.py:508} INFO - Filling up the DagBag from /opt/conda/lib/python3.8/site-packages/airflow/example_dags/example_branch_operator_decorator.py
[2025-02-14 14:22:17,283] {processor.py:651} INFO - DAG(s) dict_keys(['example_branch_python_operator_decorator']) retrieved from /opt/conda/lib/python3.8/site-packages/airflow/example_dags/example_branch_operator_decorator.py
[2025-02-14 14:22:17,293] {logging_mixin.py:115} INFO - [2025-02-14 14:22:17,293] {dag.py:2420} INFO - Sync 1 DAGs
[2025-02-14 14:22:17,305] {logging_mixin.py:115} INFO - [2025-02-14 14:22:17,305] {dag.py:2968} INFO - Setting next_dagrun for example_branch_python_operator_decorator to 2025-02-13T00:00:00+00:00, run_after=2025-02-14T00:00:00+00:00
[2025-02-14 14:22:17,325] {processor.py:161} INFO - Processing /opt/conda/lib/python3.8/site-packages/airflow/example_dags/example_branch_operator_decorator.py took 0.198 seconds
[2025-02-14 14:23:01,409] {processor.py:153} INFO - Started process (PID=3452) to work on /opt/conda/lib/python3.8/site-packages/airflow/example_dags/example_branch_operator_decorator.py
[2025-02-14 14:23:01,410] {processor.py:641} INFO - Processing file /opt/conda/lib/python3.8/site-packages/airflow/example_dags/example_branch_operator_decorator.py for tasks to queue
[2025-02-14 14:23:01,411] {logging_mixin.py:115} INFO - [2025-02-14 14:23:01,411] {dagbag.py:508} INFO - Filling up the DagBag from /opt/conda/lib/python3.8/site-packages/airflow/example_dags/example_branch_operator_decorator.py
[2025-02-14 14:23:01,564] {processor.py:651} INFO - DAG(s) dict_keys(['example_branch_python_operator_decorator']) retrieved from /opt/conda/lib/python3.8/site-packages/airflow/example_dags/example_branch_operator_decorator.py
[2025-02-14 14:23:01,574] {logging_mixin.py:115} INFO - [2025-02-14 14:23:01,574] {dag.py:2420} INFO - Sync 1 DAGs
[2025-02-14 14:23:01,587] {logging_mixin.py:115} INFO - [2025-02-14 14:23:01,587] {dag.py:2968} INFO - Setting next_dagrun for example_branch_python_operator_decorator to 2025-02-13T00:00:00+00:00, run_after=2025-02-14T00:00:00+00:00
[2025-02-14 14:23:01,606] {processor.py:161} INFO - Processing /opt/conda/lib/python3.8/site-packages/airflow/example_dags/example_branch_operator_decorator.py took 0.201 seconds
[2025-02-14 14:23:35,133] {processor.py:153} INFO - Started process (PID=3545) to work on /opt/conda/lib/python3.8/site-packages/airflow/example_dags/example_branch_operator_decorator.py
[2025-02-14 14:23:35,134] {processor.py:641} INFO - Processing file /opt/conda/lib/python3.8/site-packages/airflow/example_dags/example_branch_operator_decorator.py for tasks to queue
[2025-02-14 14:23:35,135] {logging_mixin.py:115} INFO - [2025-02-14 14:23:35,134] {dagbag.py:508} INFO - Filling up the DagBag from /opt/conda/lib/python3.8/site-packages/airflow/example_dags/example_branch_operator_decorator.py
[2025-02-14 14:23:35,282] {processor.py:651} INFO - DAG(s) dict_keys(['example_branch_python_operator_decorator']) retrieved from /opt/conda/lib/python3.8/site-packages/airflow/example_dags/example_branch_operator_decorator.py
[2025-02-14 14:23:35,291] {logging_mixin.py:115} INFO - [2025-02-14 14:23:35,291] {dag.py:2420} INFO - Sync 1 DAGs
[2025-02-14 14:23:35,304] {logging_mixin.py:115} INFO - [2025-02-14 14:23:35,304] {dag.py:2968} INFO - Setting next_dagrun for example_branch_python_operator_decorator to 2025-02-13T00:00:00+00:00, run_after=2025-02-14T00:00:00+00:00
[2025-02-14 14:23:35,323] {processor.py:161} INFO - Processing /opt/conda/lib/python3.8/site-packages/airflow/example_dags/example_branch_operator_decorator.py took 0.193 seconds
[2025-02-14 14:24:16,789] {processor.py:153} INFO - Started process (PID=3599) to work on /opt/conda/lib/python3.8/site-packages/airflow/example_dags/example_branch_operator_decorator.py
[2025-02-14 14:24:16,791] {processor.py:641} INFO - Processing file /opt/conda/lib/python3.8/site-packages/airflow/example_dags/example_branch_operator_decorator.py for tasks to queue
[2025-02-14 14:24:16,792] {logging_mixin.py:115} INFO - [2025-02-14 14:24:16,792] {dagbag.py:508} INFO - Filling up the DagBag from /opt/conda/lib/python3.8/site-packages/airflow/example_dags/example_branch_operator_decorator.py
[2025-02-14 14:24:16,925] {processor.py:651} INFO - DAG(s) dict_keys(['example_branch_python_operator_decorator']) retrieved from /opt/conda/lib/python3.8/site-packages/airflow/example_dags/example_branch_operator_decorator.py
[2025-02-14 14:24:16,935] {logging_mixin.py:115} INFO - [2025-02-14 14:24:16,935] {dag.py:2420} INFO - Sync 1 DAGs
[2025-02-14 14:24:16,948] {logging_mixin.py:115} INFO - [2025-02-14 14:24:16,948] {dag.py:2968} INFO - Setting next_dagrun for example_branch_python_operator_decorator to 2025-02-13T00:00:00+00:00, run_after=2025-02-14T00:00:00+00:00
[2025-02-14 14:24:16,974] {processor.py:161} INFO - Processing /opt/conda/lib/python3.8/site-packages/airflow/example_dags/example_branch_operator_decorator.py took 0.188 seconds
[2025-02-14 14:25:01,121] {processor.py:153} INFO - Started process (PID=3653) to work on /opt/conda/lib/python3.8/site-packages/airflow/example_dags/example_branch_operator_decorator.py
[2025-02-14 14:25:01,122] {processor.py:641} INFO - Processing file /opt/conda/lib/python3.8/site-packages/airflow/example_dags/example_branch_operator_decorator.py for tasks to queue
[2025-02-14 14:25:01,123] {logging_mixin.py:115} INFO - [2025-02-14 14:25:01,122] {dagbag.py:508} INFO - Filling up the DagBag from /opt/conda/lib/python3.8/site-packages/airflow/example_dags/example_branch_operator_decorator.py
[2025-02-14 14:25:01,258] {processor.py:651} INFO - DAG(s) dict_keys(['example_branch_python_operator_decorator']) retrieved from /opt/conda/lib/python3.8/site-packages/airflow/example_dags/example_branch_operator_decorator.py
[2025-02-14 14:25:01,268] {logging_mixin.py:115} INFO - [2025-02-14 14:25:01,268] {dag.py:2420} INFO - Sync 1 DAGs
[2025-02-14 14:25:01,281] {logging_mixin.py:115} INFO - [2025-02-14 14:25:01,281] {dag.py:2968} INFO - Setting next_dagrun for example_branch_python_operator_decorator to 2025-02-13T00:00:00+00:00, run_after=2025-02-14T00:00:00+00:00
[2025-02-14 14:25:01,299] {processor.py:161} INFO - Processing /opt/conda/lib/python3.8/site-packages/airflow/example_dags/example_branch_operator_decorator.py took 0.182 seconds
[2025-02-14 14:25:46,237] {processor.py:153} INFO - Started process (PID=3707) to work on /opt/conda/lib/python3.8/site-packages/airflow/example_dags/example_branch_operator_decorator.py
[2025-02-14 14:25:46,238] {processor.py:641} INFO - Processing file /opt/conda/lib/python3.8/site-packages/airflow/example_dags/example_branch_operator_decorator.py for tasks to queue
[2025-02-14 14:25:46,239] {logging_mixin.py:115} INFO - [2025-02-14 14:25:46,239] {dagbag.py:508} INFO - Filling up the DagBag from /opt/conda/lib/python3.8/site-packages/airflow/example_dags/example_branch_operator_decorator.py
[2025-02-14 14:25:46,376] {processor.py:651} INFO - DAG(s) dict_keys(['example_branch_python_operator_decorator']) retrieved from /opt/conda/lib/python3.8/site-packages/airflow/example_dags/example_branch_operator_decorator.py
[2025-02-14 14:25:46,386] {logging_mixin.py:115} INFO - [2025-02-14 14:25:46,386] {dag.py:2420} INFO - Sync 1 DAGs
[2025-02-14 14:25:46,399] {logging_mixin.py:115} INFO - [2025-02-14 14:25:46,399] {dag.py:2968} INFO - Setting next_dagrun for example_branch_python_operator_decorator to 2025-02-13T00:00:00+00:00, run_after=2025-02-14T00:00:00+00:00
[2025-02-14 14:25:46,426] {processor.py:161} INFO - Processing /opt/conda/lib/python3.8/site-packages/airflow/example_dags/example_branch_operator_decorator.py took 0.192 seconds
[2025-02-14 14:26:27,053] {processor.py:153} INFO - Started process (PID=3759) to work on /opt/conda/lib/python3.8/site-packages/airflow/example_dags/example_branch_operator_decorator.py
[2025-02-14 14:26:27,055] {processor.py:641} INFO - Processing file /opt/conda/lib/python3.8/site-packages/airflow/example_dags/example_branch_operator_decorator.py for tasks to queue
[2025-02-14 14:26:27,055] {logging_mixin.py:115} INFO - [2025-02-14 14:26:27,055] {dagbag.py:508} INFO - Filling up the DagBag from /opt/conda/lib/python3.8/site-packages/airflow/example_dags/example_branch_operator_decorator.py
[2025-02-14 14:26:27,197] {processor.py:651} INFO - DAG(s) dict_keys(['example_branch_python_operator_decorator']) retrieved from /opt/conda/lib/python3.8/site-packages/airflow/example_dags/example_branch_operator_decorator.py
[2025-02-14 14:26:27,207] {logging_mixin.py:115} INFO - [2025-02-14 14:26:27,207] {dag.py:2420} INFO - Sync 1 DAGs
[2025-02-14 14:26:27,220] {logging_mixin.py:115} INFO - [2025-02-14 14:26:27,220] {dag.py:2968} INFO - Setting next_dagrun for example_branch_python_operator_decorator to 2025-02-13T00:00:00+00:00, run_after=2025-02-14T00:00:00+00:00
[2025-02-14 14:26:27,239] {processor.py:161} INFO - Processing /opt/conda/lib/python3.8/site-packages/airflow/example_dags/example_branch_operator_decorator.py took 0.189 seconds
[2025-02-14 14:27:09,742] {processor.py:153} INFO - Started process (PID=3811) to work on /opt/conda/lib/python3.8/site-packages/airflow/example_dags/example_branch_operator_decorator.py
[2025-02-14 14:27:09,847] {processor.py:641} INFO - Processing file /opt/conda/lib/python3.8/site-packages/airflow/example_dags/example_branch_operator_decorator.py for tasks to queue
[2025-02-14 14:27:09,847] {logging_mixin.py:115} INFO - [2025-02-14 14:27:09,847] {dagbag.py:508} INFO - Filling up the DagBag from /opt/conda/lib/python3.8/site-packages/airflow/example_dags/example_branch_operator_decorator.py
[2025-02-14 14:27:09,988] {processor.py:651} INFO - DAG(s) dict_keys(['example_branch_python_operator_decorator']) retrieved from /opt/conda/lib/python3.8/site-packages/airflow/example_dags/example_branch_operator_decorator.py
[2025-02-14 14:27:09,998] {logging_mixin.py:115} INFO - [2025-02-14 14:27:09,997] {dag.py:2420} INFO - Sync 1 DAGs
[2025-02-14 14:27:10,010] {logging_mixin.py:115} INFO - [2025-02-14 14:27:10,010] {dag.py:2968} INFO - Setting next_dagrun for example_branch_python_operator_decorator to 2025-02-13T00:00:00+00:00, run_after=2025-02-14T00:00:00+00:00
[2025-02-14 14:27:10,029] {processor.py:161} INFO - Processing /opt/conda/lib/python3.8/site-packages/airflow/example_dags/example_branch_operator_decorator.py took 0.290 seconds
[2025-02-14 14:27:55,469] {processor.py:153} INFO - Started process (PID=3865) to work on /opt/conda/lib/python3.8/site-packages/airflow/example_dags/example_branch_operator_decorator.py
[2025-02-14 14:27:55,495] {processor.py:641} INFO - Processing file /opt/conda/lib/python3.8/site-packages/airflow/example_dags/example_branch_operator_decorator.py for tasks to queue
[2025-02-14 14:27:55,496] {logging_mixin.py:115} INFO - [2025-02-14 14:27:55,496] {dagbag.py:508} INFO - Filling up the DagBag from /opt/conda/lib/python3.8/site-packages/airflow/example_dags/example_branch_operator_decorator.py
[2025-02-14 14:27:55,639] {processor.py:651} INFO - DAG(s) dict_keys(['example_branch_python_operator_decorator']) retrieved from /opt/conda/lib/python3.8/site-packages/airflow/example_dags/example_branch_operator_decorator.py
[2025-02-14 14:27:55,649] {logging_mixin.py:115} INFO - [2025-02-14 14:27:55,649] {dag.py:2420} INFO - Sync 1 DAGs
[2025-02-14 14:27:55,662] {logging_mixin.py:115} INFO - [2025-02-14 14:27:55,662] {dag.py:2968} INFO - Setting next_dagrun for example_branch_python_operator_decorator to 2025-02-13T00:00:00+00:00, run_after=2025-02-14T00:00:00+00:00
[2025-02-14 14:27:55,680] {processor.py:161} INFO - Processing /opt/conda/lib/python3.8/site-packages/airflow/example_dags/example_branch_operator_decorator.py took 0.214 seconds
[2025-02-14 14:28:40,601] {processor.py:153} INFO - Started process (PID=3928) to work on /opt/conda/lib/python3.8/site-packages/airflow/example_dags/example_branch_operator_decorator.py
[2025-02-14 14:28:40,603] {processor.py:641} INFO - Processing file /opt/conda/lib/python3.8/site-packages/airflow/example_dags/example_branch_operator_decorator.py for tasks to queue
[2025-02-14 14:28:40,603] {logging_mixin.py:115} INFO - [2025-02-14 14:28:40,603] {dagbag.py:508} INFO - Filling up the DagBag from /opt/conda/lib/python3.8/site-packages/airflow/example_dags/example_branch_operator_decorator.py
[2025-02-14 14:28:40,622] {processor.py:651} INFO - DAG(s) dict_keys(['example_branch_python_operator_decorator']) retrieved from /opt/conda/lib/python3.8/site-packages/airflow/example_dags/example_branch_operator_decorator.py
[2025-02-14 14:28:40,636] {logging_mixin.py:115} INFO - [2025-02-14 14:28:40,636] {dag.py:2420} INFO - Sync 1 DAGs
[2025-02-14 14:28:40,651] {logging_mixin.py:115} INFO - [2025-02-14 14:28:40,651] {dag.py:2968} INFO - Setting next_dagrun for example_branch_python_operator_decorator to 2025-02-13T00:00:00+00:00, run_after=2025-02-14T00:00:00+00:00
[2025-02-14 14:28:40,671] {processor.py:161} INFO - Processing /opt/conda/lib/python3.8/site-packages/airflow/example_dags/example_branch_operator_decorator.py took 0.073 seconds
[2025-02-14 14:29:18,637] {processor.py:153} INFO - Started process (PID=3980) to work on /opt/conda/lib/python3.8/site-packages/airflow/example_dags/example_branch_operator_decorator.py
[2025-02-14 14:29:18,638] {processor.py:641} INFO - Processing file /opt/conda/lib/python3.8/site-packages/airflow/example_dags/example_branch_operator_decorator.py for tasks to queue
[2025-02-14 14:29:18,639] {logging_mixin.py:115} INFO - [2025-02-14 14:29:18,638] {dagbag.py:508} INFO - Filling up the DagBag from /opt/conda/lib/python3.8/site-packages/airflow/example_dags/example_branch_operator_decorator.py
[2025-02-14 14:29:18,658] {processor.py:651} INFO - DAG(s) dict_keys(['example_branch_python_operator_decorator']) retrieved from /opt/conda/lib/python3.8/site-packages/airflow/example_dags/example_branch_operator_decorator.py
[2025-02-14 14:29:18,675] {logging_mixin.py:115} INFO - [2025-02-14 14:29:18,675] {dag.py:2420} INFO - Sync 1 DAGs
[2025-02-14 14:29:18,694] {logging_mixin.py:115} INFO - [2025-02-14 14:29:18,694] {dag.py:2968} INFO - Setting next_dagrun for example_branch_python_operator_decorator to 2025-02-13T00:00:00+00:00, run_after=2025-02-14T00:00:00+00:00
[2025-02-14 14:29:18,713] {processor.py:161} INFO - Processing /opt/conda/lib/python3.8/site-packages/airflow/example_dags/example_branch_operator_decorator.py took 0.080 seconds
[2025-02-14 14:30:00,492] {processor.py:153} INFO - Started process (PID=4043) to work on /opt/conda/lib/python3.8/site-packages/airflow/example_dags/example_branch_operator_decorator.py
[2025-02-14 14:30:00,494] {processor.py:641} INFO - Processing file /opt/conda/lib/python3.8/site-packages/airflow/example_dags/example_branch_operator_decorator.py for tasks to queue
[2025-02-14 14:30:00,494] {logging_mixin.py:115} INFO - [2025-02-14 14:30:00,494] {dagbag.py:508} INFO - Filling up the DagBag from /opt/conda/lib/python3.8/site-packages/airflow/example_dags/example_branch_operator_decorator.py
[2025-02-14 14:30:00,513] {processor.py:651} INFO - DAG(s) dict_keys(['example_branch_python_operator_decorator']) retrieved from /opt/conda/lib/python3.8/site-packages/airflow/example_dags/example_branch_operator_decorator.py
[2025-02-14 14:30:00,527] {logging_mixin.py:115} INFO - [2025-02-14 14:30:00,527] {dag.py:2420} INFO - Sync 1 DAGs
[2025-02-14 14:30:00,542] {logging_mixin.py:115} INFO - [2025-02-14 14:30:00,541] {dag.py:2968} INFO - Setting next_dagrun for example_branch_python_operator_decorator to 2025-02-13T00:00:00+00:00, run_after=2025-02-14T00:00:00+00:00
[2025-02-14 14:30:00,561] {processor.py:161} INFO - Processing /opt/conda/lib/python3.8/site-packages/airflow/example_dags/example_branch_operator_decorator.py took 0.071 seconds
[2025-02-14 14:30:39,172] {processor.py:153} INFO - Started process (PID=4097) to work on /opt/conda/lib/python3.8/site-packages/airflow/example_dags/example_branch_operator_decorator.py
[2025-02-14 14:30:39,174] {processor.py:641} INFO - Processing file /opt/conda/lib/python3.8/site-packages/airflow/example_dags/example_branch_operator_decorator.py for tasks to queue
[2025-02-14 14:30:39,174] {logging_mixin.py:115} INFO - [2025-02-14 14:30:39,174] {dagbag.py:508} INFO - Filling up the DagBag from /opt/conda/lib/python3.8/site-packages/airflow/example_dags/example_branch_operator_decorator.py
[2025-02-14 14:30:39,194] {processor.py:651} INFO - DAG(s) dict_keys(['example_branch_python_operator_decorator']) retrieved from /opt/conda/lib/python3.8/site-packages/airflow/example_dags/example_branch_operator_decorator.py
[2025-02-14 14:30:39,211] {logging_mixin.py:115} INFO - [2025-02-14 14:30:39,211] {dag.py:2420} INFO - Sync 1 DAGs
[2025-02-14 14:30:39,230] {logging_mixin.py:115} INFO - [2025-02-14 14:30:39,230] {dag.py:2968} INFO - Setting next_dagrun for example_branch_python_operator_decorator to 2025-02-13T00:00:00+00:00, run_after=2025-02-14T00:00:00+00:00
[2025-02-14 14:30:39,252] {processor.py:161} INFO - Processing /opt/conda/lib/python3.8/site-packages/airflow/example_dags/example_branch_operator_decorator.py took 0.083 seconds
[2025-02-14 14:31:16,682] {processor.py:153} INFO - Started process (PID=4150) to work on /opt/conda/lib/python3.8/site-packages/airflow/example_dags/example_branch_operator_decorator.py
[2025-02-14 14:31:16,684] {processor.py:641} INFO - Processing file /opt/conda/lib/python3.8/site-packages/airflow/example_dags/example_branch_operator_decorator.py for tasks to queue
[2025-02-14 14:31:16,684] {logging_mixin.py:115} INFO - [2025-02-14 14:31:16,684] {dagbag.py:508} INFO - Filling up the DagBag from /opt/conda/lib/python3.8/site-packages/airflow/example_dags/example_branch_operator_decorator.py
[2025-02-14 14:31:16,705] {processor.py:651} INFO - DAG(s) dict_keys(['example_branch_python_operator_decorator']) retrieved from /opt/conda/lib/python3.8/site-packages/airflow/example_dags/example_branch_operator_decorator.py
[2025-02-14 14:31:16,722] {logging_mixin.py:115} INFO - [2025-02-14 14:31:16,722] {dag.py:2420} INFO - Sync 1 DAGs
[2025-02-14 14:31:16,741] {logging_mixin.py:115} INFO - [2025-02-14 14:31:16,741] {dag.py:2968} INFO - Setting next_dagrun for example_branch_python_operator_decorator to 2025-02-13T00:00:00+00:00, run_after=2025-02-14T00:00:00+00:00
[2025-02-14 14:31:16,770] {processor.py:161} INFO - Processing /opt/conda/lib/python3.8/site-packages/airflow/example_dags/example_branch_operator_decorator.py took 0.091 seconds
[2025-02-14 14:32:57,600] {processor.py:153} INFO - Started process (PID=4315) to work on /opt/conda/lib/python3.8/site-packages/airflow/example_dags/example_branch_operator_decorator.py
[2025-02-14 14:32:57,602] {processor.py:641} INFO - Processing file /opt/conda/lib/python3.8/site-packages/airflow/example_dags/example_branch_operator_decorator.py for tasks to queue
[2025-02-14 14:32:57,602] {logging_mixin.py:115} INFO - [2025-02-14 14:32:57,602] {dagbag.py:508} INFO - Filling up the DagBag from /opt/conda/lib/python3.8/site-packages/airflow/example_dags/example_branch_operator_decorator.py
[2025-02-14 14:32:57,622] {processor.py:651} INFO - DAG(s) dict_keys(['example_branch_python_operator_decorator']) retrieved from /opt/conda/lib/python3.8/site-packages/airflow/example_dags/example_branch_operator_decorator.py
[2025-02-14 14:32:57,639] {logging_mixin.py:115} INFO - [2025-02-14 14:32:57,639] {dag.py:2420} INFO - Sync 1 DAGs
[2025-02-14 14:32:57,655] {logging_mixin.py:115} INFO - [2025-02-14 14:32:57,654] {dag.py:2968} INFO - Setting next_dagrun for example_branch_python_operator_decorator to 2025-02-13T00:00:00+00:00, run_after=2025-02-14T00:00:00+00:00
[2025-02-14 14:32:57,682] {processor.py:161} INFO - Processing /opt/conda/lib/python3.8/site-packages/airflow/example_dags/example_branch_operator_decorator.py took 0.085 seconds
[2025-02-14 14:33:39,261] {processor.py:153} INFO - Started process (PID=4369) to work on /opt/conda/lib/python3.8/site-packages/airflow/example_dags/example_branch_operator_decorator.py
[2025-02-14 14:33:39,262] {processor.py:641} INFO - Processing file /opt/conda/lib/python3.8/site-packages/airflow/example_dags/example_branch_operator_decorator.py for tasks to queue
[2025-02-14 14:33:39,263] {logging_mixin.py:115} INFO - [2025-02-14 14:33:39,262] {dagbag.py:508} INFO - Filling up the DagBag from /opt/conda/lib/python3.8/site-packages/airflow/example_dags/example_branch_operator_decorator.py
[2025-02-14 14:33:39,282] {processor.py:651} INFO - DAG(s) dict_keys(['example_branch_python_operator_decorator']) retrieved from /opt/conda/lib/python3.8/site-packages/airflow/example_dags/example_branch_operator_decorator.py
[2025-02-14 14:33:39,297] {logging_mixin.py:115} INFO - [2025-02-14 14:33:39,297] {dag.py:2420} INFO - Sync 1 DAGs
[2025-02-14 14:33:39,312] {logging_mixin.py:115} INFO - [2025-02-14 14:33:39,312] {dag.py:2968} INFO - Setting next_dagrun for example_branch_python_operator_decorator to 2025-02-13T00:00:00+00:00, run_after=2025-02-14T00:00:00+00:00
[2025-02-14 14:33:39,333] {processor.py:161} INFO - Processing /opt/conda/lib/python3.8/site-packages/airflow/example_dags/example_branch_operator_decorator.py took 0.075 seconds
[2025-02-14 14:34:26,460] {processor.py:153} INFO - Started process (PID=4443) to work on /opt/conda/lib/python3.8/site-packages/airflow/example_dags/example_branch_operator_decorator.py
[2025-02-14 14:34:26,462] {processor.py:641} INFO - Processing file /opt/conda/lib/python3.8/site-packages/airflow/example_dags/example_branch_operator_decorator.py for tasks to queue
[2025-02-14 14:34:26,463] {logging_mixin.py:115} INFO - [2025-02-14 14:34:26,463] {dagbag.py:508} INFO - Filling up the DagBag from /opt/conda/lib/python3.8/site-packages/airflow/example_dags/example_branch_operator_decorator.py
[2025-02-14 14:34:26,483] {processor.py:651} INFO - DAG(s) dict_keys(['example_branch_python_operator_decorator']) retrieved from /opt/conda/lib/python3.8/site-packages/airflow/example_dags/example_branch_operator_decorator.py
[2025-02-14 14:34:26,499] {logging_mixin.py:115} INFO - [2025-02-14 14:34:26,499] {dag.py:2420} INFO - Sync 1 DAGs
[2025-02-14 14:34:26,519] {logging_mixin.py:115} INFO - [2025-02-14 14:34:26,518] {dag.py:2968} INFO - Setting next_dagrun for example_branch_python_operator_decorator to 2025-02-13T00:00:00+00:00, run_after=2025-02-14T00:00:00+00:00
[2025-02-14 14:34:26,541] {processor.py:161} INFO - Processing /opt/conda/lib/python3.8/site-packages/airflow/example_dags/example_branch_operator_decorator.py took 0.084 seconds
[2025-02-14 14:35:07,786] {processor.py:153} INFO - Started process (PID=4499) to work on /opt/conda/lib/python3.8/site-packages/airflow/example_dags/example_branch_operator_decorator.py
[2025-02-14 14:35:07,787] {processor.py:641} INFO - Processing file /opt/conda/lib/python3.8/site-packages/airflow/example_dags/example_branch_operator_decorator.py for tasks to queue
[2025-02-14 14:35:07,788] {logging_mixin.py:115} INFO - [2025-02-14 14:35:07,788] {dagbag.py:508} INFO - Filling up the DagBag from /opt/conda/lib/python3.8/site-packages/airflow/example_dags/example_branch_operator_decorator.py
[2025-02-14 14:35:07,808] {processor.py:651} INFO - DAG(s) dict_keys(['example_branch_python_operator_decorator']) retrieved from /opt/conda/lib/python3.8/site-packages/airflow/example_dags/example_branch_operator_decorator.py
[2025-02-14 14:35:07,825] {logging_mixin.py:115} INFO - [2025-02-14 14:35:07,825] {dag.py:2420} INFO - Sync 1 DAGs
[2025-02-14 14:35:07,843] {logging_mixin.py:115} INFO - [2025-02-14 14:35:07,843] {dag.py:2968} INFO - Setting next_dagrun for example_branch_python_operator_decorator to 2025-02-13T00:00:00+00:00, run_after=2025-02-14T00:00:00+00:00
[2025-02-14 14:35:07,981] {processor.py:161} INFO - Processing /opt/conda/lib/python3.8/site-packages/airflow/example_dags/example_branch_operator_decorator.py took 0.198 seconds
[2025-02-14 14:35:44,878] {processor.py:153} INFO - Started process (PID=4551) to work on /opt/conda/lib/python3.8/site-packages/airflow/example_dags/example_branch_operator_decorator.py
[2025-02-14 14:35:44,879] {processor.py:641} INFO - Processing file /opt/conda/lib/python3.8/site-packages/airflow/example_dags/example_branch_operator_decorator.py for tasks to queue
[2025-02-14 14:35:44,880] {logging_mixin.py:115} INFO - [2025-02-14 14:35:44,880] {dagbag.py:508} INFO - Filling up the DagBag from /opt/conda/lib/python3.8/site-packages/airflow/example_dags/example_branch_operator_decorator.py
[2025-02-14 14:35:44,900] {processor.py:651} INFO - DAG(s) dict_keys(['example_branch_python_operator_decorator']) retrieved from /opt/conda/lib/python3.8/site-packages/airflow/example_dags/example_branch_operator_decorator.py
[2025-02-14 14:35:44,917] {logging_mixin.py:115} INFO - [2025-02-14 14:35:44,916] {dag.py:2420} INFO - Sync 1 DAGs
[2025-02-14 14:35:44,934] {logging_mixin.py:115} INFO - [2025-02-14 14:35:44,934] {dag.py:2968} INFO - Setting next_dagrun for example_branch_python_operator_decorator to 2025-02-13T00:00:00+00:00, run_after=2025-02-14T00:00:00+00:00
[2025-02-14 14:35:44,953] {processor.py:161} INFO - Processing /opt/conda/lib/python3.8/site-packages/airflow/example_dags/example_branch_operator_decorator.py took 0.078 seconds
[2025-02-14 14:36:30,498] {processor.py:153} INFO - Started process (PID=4607) to work on /opt/conda/lib/python3.8/site-packages/airflow/example_dags/example_branch_operator_decorator.py
[2025-02-14 14:36:30,499] {processor.py:641} INFO - Processing file /opt/conda/lib/python3.8/site-packages/airflow/example_dags/example_branch_operator_decorator.py for tasks to queue
[2025-02-14 14:36:30,500] {logging_mixin.py:115} INFO - [2025-02-14 14:36:30,500] {dagbag.py:508} INFO - Filling up the DagBag from /opt/conda/lib/python3.8/site-packages/airflow/example_dags/example_branch_operator_decorator.py
[2025-02-14 14:36:30,521] {processor.py:651} INFO - DAG(s) dict_keys(['example_branch_python_operator_decorator']) retrieved from /opt/conda/lib/python3.8/site-packages/airflow/example_dags/example_branch_operator_decorator.py
[2025-02-14 14:36:30,541] {logging_mixin.py:115} INFO - [2025-02-14 14:36:30,540] {dag.py:2420} INFO - Sync 1 DAGs
[2025-02-14 14:36:30,561] {logging_mixin.py:115} INFO - [2025-02-14 14:36:30,561] {dag.py:2968} INFO - Setting next_dagrun for example_branch_python_operator_decorator to 2025-02-13T00:00:00+00:00, run_after=2025-02-14T00:00:00+00:00
[2025-02-14 14:36:30,584] {processor.py:161} INFO - Processing /opt/conda/lib/python3.8/site-packages/airflow/example_dags/example_branch_operator_decorator.py took 0.089 seconds
[2025-02-14 14:37:06,441] {processor.py:153} INFO - Started process (PID=4658) to work on /opt/conda/lib/python3.8/site-packages/airflow/example_dags/example_branch_operator_decorator.py
[2025-02-14 14:37:06,443] {processor.py:641} INFO - Processing file /opt/conda/lib/python3.8/site-packages/airflow/example_dags/example_branch_operator_decorator.py for tasks to queue
[2025-02-14 14:37:06,443] {logging_mixin.py:115} INFO - [2025-02-14 14:37:06,443] {dagbag.py:508} INFO - Filling up the DagBag from /opt/conda/lib/python3.8/site-packages/airflow/example_dags/example_branch_operator_decorator.py
[2025-02-14 14:37:06,462] {processor.py:651} INFO - DAG(s) dict_keys(['example_branch_python_operator_decorator']) retrieved from /opt/conda/lib/python3.8/site-packages/airflow/example_dags/example_branch_operator_decorator.py
[2025-02-14 14:37:06,476] {logging_mixin.py:115} INFO - [2025-02-14 14:37:06,476] {dag.py:2420} INFO - Sync 1 DAGs
[2025-02-14 14:37:06,491] {logging_mixin.py:115} INFO - [2025-02-14 14:37:06,491] {dag.py:2968} INFO - Setting next_dagrun for example_branch_python_operator_decorator to 2025-02-13T00:00:00+00:00, run_after=2025-02-14T00:00:00+00:00
[2025-02-14 14:37:06,510] {processor.py:161} INFO - Processing /opt/conda/lib/python3.8/site-packages/airflow/example_dags/example_branch_operator_decorator.py took 0.072 seconds
[2025-02-14 14:42:05,661] {processor.py:153} INFO - Started process (PID=4761) to work on /opt/conda/lib/python3.8/site-packages/airflow/example_dags/example_branch_operator_decorator.py
[2025-02-14 14:42:05,662] {processor.py:641} INFO - Processing file /opt/conda/lib/python3.8/site-packages/airflow/example_dags/example_branch_operator_decorator.py for tasks to queue
[2025-02-14 14:42:05,663] {logging_mixin.py:115} INFO - [2025-02-14 14:42:05,663] {dagbag.py:508} INFO - Filling up the DagBag from /opt/conda/lib/python3.8/site-packages/airflow/example_dags/example_branch_operator_decorator.py
[2025-02-14 14:42:05,799] {processor.py:651} INFO - DAG(s) dict_keys(['example_branch_python_operator_decorator']) retrieved from /opt/conda/lib/python3.8/site-packages/airflow/example_dags/example_branch_operator_decorator.py
[2025-02-14 14:42:05,809] {logging_mixin.py:115} INFO - [2025-02-14 14:42:05,809] {dag.py:2420} INFO - Sync 1 DAGs
[2025-02-14 14:42:05,822] {logging_mixin.py:115} INFO - [2025-02-14 14:42:05,822] {dag.py:2968} INFO - Setting next_dagrun for example_branch_python_operator_decorator to 2025-02-13T00:00:00+00:00, run_after=2025-02-14T00:00:00+00:00
[2025-02-14 14:42:05,842] {processor.py:161} INFO - Processing /opt/conda/lib/python3.8/site-packages/airflow/example_dags/example_branch_operator_decorator.py took 0.185 seconds
[2025-02-14 14:42:51,291] {processor.py:153} INFO - Started process (PID=4853) to work on /opt/conda/lib/python3.8/site-packages/airflow/example_dags/example_branch_operator_decorator.py
[2025-02-14 14:42:51,293] {processor.py:641} INFO - Processing file /opt/conda/lib/python3.8/site-packages/airflow/example_dags/example_branch_operator_decorator.py for tasks to queue
[2025-02-14 14:42:51,294] {logging_mixin.py:115} INFO - [2025-02-14 14:42:51,293] {dagbag.py:508} INFO - Filling up the DagBag from /opt/conda/lib/python3.8/site-packages/airflow/example_dags/example_branch_operator_decorator.py
[2025-02-14 14:42:51,441] {processor.py:651} INFO - DAG(s) dict_keys(['example_branch_python_operator_decorator']) retrieved from /opt/conda/lib/python3.8/site-packages/airflow/example_dags/example_branch_operator_decorator.py
[2025-02-14 14:42:51,451] {logging_mixin.py:115} INFO - [2025-02-14 14:42:51,451] {dag.py:2420} INFO - Sync 1 DAGs
[2025-02-14 14:42:51,464] {logging_mixin.py:115} INFO - [2025-02-14 14:42:51,464] {dag.py:2968} INFO - Setting next_dagrun for example_branch_python_operator_decorator to 2025-02-13T00:00:00+00:00, run_after=2025-02-14T00:00:00+00:00
[2025-02-14 14:42:51,489] {processor.py:161} INFO - Processing /opt/conda/lib/python3.8/site-packages/airflow/example_dags/example_branch_operator_decorator.py took 0.200 seconds
[2025-02-14 17:09:26,690] {processor.py:153} INFO - Started process (PID=6352) to work on /opt/conda/lib/python3.8/site-packages/airflow/example_dags/example_branch_operator_decorator.py
[2025-02-14 17:09:26,691] {processor.py:641} INFO - Processing file /opt/conda/lib/python3.8/site-packages/airflow/example_dags/example_branch_operator_decorator.py for tasks to queue
[2025-02-14 17:09:26,692] {logging_mixin.py:115} INFO - [2025-02-14 17:09:26,692] {dagbag.py:508} INFO - Filling up the DagBag from /opt/conda/lib/python3.8/site-packages/airflow/example_dags/example_branch_operator_decorator.py
[2025-02-14 17:09:26,897] {processor.py:651} INFO - DAG(s) dict_keys(['example_branch_python_operator_decorator']) retrieved from /opt/conda/lib/python3.8/site-packages/airflow/example_dags/example_branch_operator_decorator.py
[2025-02-14 17:09:26,912] {logging_mixin.py:115} INFO - [2025-02-14 17:09:26,912] {dag.py:2420} INFO - Sync 1 DAGs
[2025-02-14 17:09:26,932] {logging_mixin.py:115} INFO - [2025-02-14 17:09:26,932] {dag.py:2968} INFO - Setting next_dagrun for example_branch_python_operator_decorator to 2025-02-13T00:00:00+00:00, run_after=2025-02-14T00:00:00+00:00
[2025-02-14 17:09:26,954] {processor.py:161} INFO - Processing /opt/conda/lib/python3.8/site-packages/airflow/example_dags/example_branch_operator_decorator.py took 0.268 seconds
[2025-02-14 17:10:22,302] {processor.py:153} INFO - Started process (PID=6425) to work on /opt/conda/lib/python3.8/site-packages/airflow/example_dags/example_branch_operator_decorator.py
[2025-02-14 17:10:22,304] {processor.py:641} INFO - Processing file /opt/conda/lib/python3.8/site-packages/airflow/example_dags/example_branch_operator_decorator.py for tasks to queue
[2025-02-14 17:10:22,305] {logging_mixin.py:115} INFO - [2025-02-14 17:10:22,304] {dagbag.py:508} INFO - Filling up the DagBag from /opt/conda/lib/python3.8/site-packages/airflow/example_dags/example_branch_operator_decorator.py
[2025-02-14 17:10:22,460] {processor.py:651} INFO - DAG(s) dict_keys(['example_branch_python_operator_decorator']) retrieved from /opt/conda/lib/python3.8/site-packages/airflow/example_dags/example_branch_operator_decorator.py
[2025-02-14 17:10:22,479] {logging_mixin.py:115} INFO - [2025-02-14 17:10:22,479] {dag.py:2420} INFO - Sync 1 DAGs
[2025-02-14 17:10:22,492] {logging_mixin.py:115} INFO - [2025-02-14 17:10:22,492] {dag.py:2968} INFO - Setting next_dagrun for example_branch_python_operator_decorator to 2025-02-13T00:00:00+00:00, run_after=2025-02-14T00:00:00+00:00
[2025-02-14 17:10:22,510] {processor.py:161} INFO - Processing /opt/conda/lib/python3.8/site-packages/airflow/example_dags/example_branch_operator_decorator.py took 0.211 seconds
[2025-02-14 17:11:43,340] {processor.py:153} INFO - Started process (PID=6571) to work on /opt/conda/lib/python3.8/site-packages/airflow/example_dags/example_branch_operator_decorator.py
[2025-02-14 17:11:43,342] {processor.py:641} INFO - Processing file /opt/conda/lib/python3.8/site-packages/airflow/example_dags/example_branch_operator_decorator.py for tasks to queue
[2025-02-14 17:11:43,343] {logging_mixin.py:115} INFO - [2025-02-14 17:11:43,342] {dagbag.py:508} INFO - Filling up the DagBag from /opt/conda/lib/python3.8/site-packages/airflow/example_dags/example_branch_operator_decorator.py
[2025-02-14 17:11:43,550] {processor.py:651} INFO - DAG(s) dict_keys(['example_branch_python_operator_decorator']) retrieved from /opt/conda/lib/python3.8/site-packages/airflow/example_dags/example_branch_operator_decorator.py
[2025-02-14 17:11:43,565] {logging_mixin.py:115} INFO - [2025-02-14 17:11:43,565] {dag.py:2420} INFO - Sync 1 DAGs
[2025-02-14 17:11:43,585] {logging_mixin.py:115} INFO - [2025-02-14 17:11:43,585] {dag.py:2968} INFO - Setting next_dagrun for example_branch_python_operator_decorator to 2025-02-13T00:00:00+00:00, run_after=2025-02-14T00:00:00+00:00
[2025-02-14 17:11:43,609] {processor.py:161} INFO - Processing /opt/conda/lib/python3.8/site-packages/airflow/example_dags/example_branch_operator_decorator.py took 0.272 seconds
[2025-02-14 17:12:39,536] {processor.py:153} INFO - Started process (PID=6644) to work on /opt/conda/lib/python3.8/site-packages/airflow/example_dags/example_branch_operator_decorator.py
[2025-02-14 17:12:39,537] {processor.py:641} INFO - Processing file /opt/conda/lib/python3.8/site-packages/airflow/example_dags/example_branch_operator_decorator.py for tasks to queue
[2025-02-14 17:12:39,538] {logging_mixin.py:115} INFO - [2025-02-14 17:12:39,538] {dagbag.py:508} INFO - Filling up the DagBag from /opt/conda/lib/python3.8/site-packages/airflow/example_dags/example_branch_operator_decorator.py
[2025-02-14 17:12:39,747] {processor.py:651} INFO - DAG(s) dict_keys(['example_branch_python_operator_decorator']) retrieved from /opt/conda/lib/python3.8/site-packages/airflow/example_dags/example_branch_operator_decorator.py
[2025-02-14 17:12:39,762] {logging_mixin.py:115} INFO - [2025-02-14 17:12:39,762] {dag.py:2420} INFO - Sync 1 DAGs
[2025-02-14 17:12:39,782] {logging_mixin.py:115} INFO - [2025-02-14 17:12:39,782] {dag.py:2968} INFO - Setting next_dagrun for example_branch_python_operator_decorator to 2025-02-13T00:00:00+00:00, run_after=2025-02-14T00:00:00+00:00
[2025-02-14 17:12:39,806] {processor.py:161} INFO - Processing /opt/conda/lib/python3.8/site-packages/airflow/example_dags/example_branch_operator_decorator.py took 0.274 seconds
[2025-02-14 17:13:31,615] {processor.py:153} INFO - Started process (PID=6714) to work on /opt/conda/lib/python3.8/site-packages/airflow/example_dags/example_branch_operator_decorator.py
[2025-02-14 17:13:31,617] {processor.py:641} INFO - Processing file /opt/conda/lib/python3.8/site-packages/airflow/example_dags/example_branch_operator_decorator.py for tasks to queue
[2025-02-14 17:13:31,618] {logging_mixin.py:115} INFO - [2025-02-14 17:13:31,618] {dagbag.py:508} INFO - Filling up the DagBag from /opt/conda/lib/python3.8/site-packages/airflow/example_dags/example_branch_operator_decorator.py
[2025-02-14 17:13:31,825] {processor.py:651} INFO - DAG(s) dict_keys(['example_branch_python_operator_decorator']) retrieved from /opt/conda/lib/python3.8/site-packages/airflow/example_dags/example_branch_operator_decorator.py
[2025-02-14 17:13:31,840] {logging_mixin.py:115} INFO - [2025-02-14 17:13:31,840] {dag.py:2420} INFO - Sync 1 DAGs
[2025-02-14 17:13:31,860] {logging_mixin.py:115} INFO - [2025-02-14 17:13:31,860] {dag.py:2968} INFO - Setting next_dagrun for example_branch_python_operator_decorator to 2025-02-13T00:00:00+00:00, run_after=2025-02-14T00:00:00+00:00
[2025-02-14 17:13:31,882] {processor.py:161} INFO - Processing /opt/conda/lib/python3.8/site-packages/airflow/example_dags/example_branch_operator_decorator.py took 0.270 seconds
[2025-02-14 17:14:19,960] {processor.py:153} INFO - Started process (PID=6784) to work on /opt/conda/lib/python3.8/site-packages/airflow/example_dags/example_branch_operator_decorator.py
[2025-02-14 17:14:19,962] {processor.py:641} INFO - Processing file /opt/conda/lib/python3.8/site-packages/airflow/example_dags/example_branch_operator_decorator.py for tasks to queue
[2025-02-14 17:14:19,963] {logging_mixin.py:115} INFO - [2025-02-14 17:14:19,963] {dagbag.py:508} INFO - Filling up the DagBag from /opt/conda/lib/python3.8/site-packages/airflow/example_dags/example_branch_operator_decorator.py
[2025-02-14 17:14:19,985] {processor.py:651} INFO - DAG(s) dict_keys(['example_branch_python_operator_decorator']) retrieved from /opt/conda/lib/python3.8/site-packages/airflow/example_dags/example_branch_operator_decorator.py
[2025-02-14 17:14:20,005] {logging_mixin.py:115} INFO - [2025-02-14 17:14:20,005] {dag.py:2420} INFO - Sync 1 DAGs
[2025-02-14 17:14:20,027] {logging_mixin.py:115} INFO - [2025-02-14 17:14:20,027] {dag.py:2968} INFO - Setting next_dagrun for example_branch_python_operator_decorator to 2025-02-13T00:00:00+00:00, run_after=2025-02-14T00:00:00+00:00
[2025-02-14 17:14:20,064] {processor.py:161} INFO - Processing /opt/conda/lib/python3.8/site-packages/airflow/example_dags/example_branch_operator_decorator.py took 0.107 seconds
[2025-02-14 17:15:03,470] {processor.py:153} INFO - Started process (PID=6853) to work on /opt/conda/lib/python3.8/site-packages/airflow/example_dags/example_branch_operator_decorator.py
[2025-02-14 17:15:03,471] {processor.py:641} INFO - Processing file /opt/conda/lib/python3.8/site-packages/airflow/example_dags/example_branch_operator_decorator.py for tasks to queue
[2025-02-14 17:15:03,472] {logging_mixin.py:115} INFO - [2025-02-14 17:15:03,472] {dagbag.py:508} INFO - Filling up the DagBag from /opt/conda/lib/python3.8/site-packages/airflow/example_dags/example_branch_operator_decorator.py
[2025-02-14 17:15:03,494] {processor.py:651} INFO - DAG(s) dict_keys(['example_branch_python_operator_decorator']) retrieved from /opt/conda/lib/python3.8/site-packages/airflow/example_dags/example_branch_operator_decorator.py
[2025-02-14 17:15:03,514] {logging_mixin.py:115} INFO - [2025-02-14 17:15:03,514] {dag.py:2420} INFO - Sync 1 DAGs
[2025-02-14 17:15:03,537] {logging_mixin.py:115} INFO - [2025-02-14 17:15:03,537] {dag.py:2968} INFO - Setting next_dagrun for example_branch_python_operator_decorator to 2025-02-13T00:00:00+00:00, run_after=2025-02-14T00:00:00+00:00
[2025-02-14 17:15:03,562] {processor.py:161} INFO - Processing /opt/conda/lib/python3.8/site-packages/airflow/example_dags/example_branch_operator_decorator.py took 0.095 seconds
[2025-02-14 17:15:49,796] {processor.py:153} INFO - Started process (PID=6926) to work on /opt/conda/lib/python3.8/site-packages/airflow/example_dags/example_branch_operator_decorator.py
[2025-02-14 17:15:49,798] {processor.py:641} INFO - Processing file /opt/conda/lib/python3.8/site-packages/airflow/example_dags/example_branch_operator_decorator.py for tasks to queue
[2025-02-14 17:15:49,799] {logging_mixin.py:115} INFO - [2025-02-14 17:15:49,798] {dagbag.py:508} INFO - Filling up the DagBag from /opt/conda/lib/python3.8/site-packages/airflow/example_dags/example_branch_operator_decorator.py
[2025-02-14 17:15:49,821] {processor.py:651} INFO - DAG(s) dict_keys(['example_branch_python_operator_decorator']) retrieved from /opt/conda/lib/python3.8/site-packages/airflow/example_dags/example_branch_operator_decorator.py
[2025-02-14 17:15:49,841] {logging_mixin.py:115} INFO - [2025-02-14 17:15:49,841] {dag.py:2420} INFO - Sync 1 DAGs
[2025-02-14 17:15:49,863] {logging_mixin.py:115} INFO - [2025-02-14 17:15:49,863] {dag.py:2968} INFO - Setting next_dagrun for example_branch_python_operator_decorator to 2025-02-13T00:00:00+00:00, run_after=2025-02-14T00:00:00+00:00
[2025-02-14 17:15:49,888] {processor.py:161} INFO - Processing /opt/conda/lib/python3.8/site-packages/airflow/example_dags/example_branch_operator_decorator.py took 0.096 seconds
[2025-02-14 17:16:34,403] {processor.py:153} INFO - Started process (PID=7167) to work on /opt/conda/lib/python3.8/site-packages/airflow/example_dags/example_branch_operator_decorator.py
[2025-02-14 17:16:34,405] {processor.py:641} INFO - Processing file /opt/conda/lib/python3.8/site-packages/airflow/example_dags/example_branch_operator_decorator.py for tasks to queue
[2025-02-14 17:16:34,406] {logging_mixin.py:115} INFO - [2025-02-14 17:16:34,406] {dagbag.py:508} INFO - Filling up the DagBag from /opt/conda/lib/python3.8/site-packages/airflow/example_dags/example_branch_operator_decorator.py
[2025-02-14 17:16:34,428] {processor.py:651} INFO - DAG(s) dict_keys(['example_branch_python_operator_decorator']) retrieved from /opt/conda/lib/python3.8/site-packages/airflow/example_dags/example_branch_operator_decorator.py
[2025-02-14 17:16:34,448] {logging_mixin.py:115} INFO - [2025-02-14 17:16:34,448] {dag.py:2420} INFO - Sync 1 DAGs
[2025-02-14 17:16:34,471] {logging_mixin.py:115} INFO - [2025-02-14 17:16:34,470] {dag.py:2968} INFO - Setting next_dagrun for example_branch_python_operator_decorator to 2025-02-13T00:00:00+00:00, run_after=2025-02-14T00:00:00+00:00
[2025-02-14 17:16:34,494] {processor.py:161} INFO - Processing /opt/conda/lib/python3.8/site-packages/airflow/example_dags/example_branch_operator_decorator.py took 0.094 seconds
[2025-02-14 18:17:34,550] {processor.py:153} INFO - Started process (PID=7853) to work on /opt/conda/lib/python3.8/site-packages/airflow/example_dags/example_branch_operator_decorator.py
[2025-02-14 18:17:34,552] {processor.py:641} INFO - Processing file /opt/conda/lib/python3.8/site-packages/airflow/example_dags/example_branch_operator_decorator.py for tasks to queue
[2025-02-14 18:17:34,552] {logging_mixin.py:115} INFO - [2025-02-14 18:17:34,552] {dagbag.py:508} INFO - Filling up the DagBag from /opt/conda/lib/python3.8/site-packages/airflow/example_dags/example_branch_operator_decorator.py
[2025-02-14 18:17:34,750] {processor.py:651} INFO - DAG(s) dict_keys(['example_branch_python_operator_decorator']) retrieved from /opt/conda/lib/python3.8/site-packages/airflow/example_dags/example_branch_operator_decorator.py
[2025-02-14 18:17:34,765] {logging_mixin.py:115} INFO - [2025-02-14 18:17:34,765] {dag.py:2420} INFO - Sync 1 DAGs
[2025-02-14 18:17:34,785] {logging_mixin.py:115} INFO - [2025-02-14 18:17:34,785] {dag.py:2968} INFO - Setting next_dagrun for example_branch_python_operator_decorator to 2025-02-13T00:00:00+00:00, run_after=2025-02-14T00:00:00+00:00
[2025-02-14 18:17:34,809] {processor.py:161} INFO - Processing /opt/conda/lib/python3.8/site-packages/airflow/example_dags/example_branch_operator_decorator.py took 0.262 seconds
[2025-02-14 18:19:06,254] {processor.py:153} INFO - Started process (PID=8004) to work on /opt/conda/lib/python3.8/site-packages/airflow/example_dags/example_branch_operator_decorator.py
[2025-02-14 18:19:06,255] {processor.py:641} INFO - Processing file /opt/conda/lib/python3.8/site-packages/airflow/example_dags/example_branch_operator_decorator.py for tasks to queue
[2025-02-14 18:19:06,256] {logging_mixin.py:115} INFO - [2025-02-14 18:19:06,256] {dagbag.py:508} INFO - Filling up the DagBag from /opt/conda/lib/python3.8/site-packages/airflow/example_dags/example_branch_operator_decorator.py
[2025-02-14 18:19:06,413] {processor.py:651} INFO - DAG(s) dict_keys(['example_branch_python_operator_decorator']) retrieved from /opt/conda/lib/python3.8/site-packages/airflow/example_dags/example_branch_operator_decorator.py
[2025-02-14 18:19:06,423] {logging_mixin.py:115} INFO - [2025-02-14 18:19:06,423] {dag.py:2420} INFO - Sync 1 DAGs
[2025-02-14 18:19:06,436] {logging_mixin.py:115} INFO - [2025-02-14 18:19:06,436] {dag.py:2968} INFO - Setting next_dagrun for example_branch_python_operator_decorator to 2025-02-13T00:00:00+00:00, run_after=2025-02-14T00:00:00+00:00
[2025-02-14 18:19:06,456] {processor.py:161} INFO - Processing /opt/conda/lib/python3.8/site-packages/airflow/example_dags/example_branch_operator_decorator.py took 0.205 seconds
[2025-02-14 18:20:21,045] {processor.py:153} INFO - Started process (PID=8135) to work on /opt/conda/lib/python3.8/site-packages/airflow/example_dags/example_branch_operator_decorator.py
[2025-02-14 18:20:21,047] {processor.py:641} INFO - Processing file /opt/conda/lib/python3.8/site-packages/airflow/example_dags/example_branch_operator_decorator.py for tasks to queue
[2025-02-14 18:20:21,048] {logging_mixin.py:115} INFO - [2025-02-14 18:20:21,047] {dagbag.py:508} INFO - Filling up the DagBag from /opt/conda/lib/python3.8/site-packages/airflow/example_dags/example_branch_operator_decorator.py
[2025-02-14 18:20:21,246] {processor.py:651} INFO - DAG(s) dict_keys(['example_branch_python_operator_decorator']) retrieved from /opt/conda/lib/python3.8/site-packages/airflow/example_dags/example_branch_operator_decorator.py
[2025-02-14 18:20:21,261] {logging_mixin.py:115} INFO - [2025-02-14 18:20:21,261] {dag.py:2420} INFO - Sync 1 DAGs
[2025-02-14 18:20:21,281] {logging_mixin.py:115} INFO - [2025-02-14 18:20:21,281] {dag.py:2968} INFO - Setting next_dagrun for example_branch_python_operator_decorator to 2025-02-13T00:00:00+00:00, run_after=2025-02-14T00:00:00+00:00
[2025-02-14 18:20:21,304] {processor.py:161} INFO - Processing /opt/conda/lib/python3.8/site-packages/airflow/example_dags/example_branch_operator_decorator.py took 0.263 seconds
[2025-02-14 18:21:35,544] {processor.py:153} INFO - Started process (PID=8261) to work on /opt/conda/lib/python3.8/site-packages/airflow/example_dags/example_branch_operator_decorator.py
[2025-02-14 18:21:35,546] {processor.py:641} INFO - Processing file /opt/conda/lib/python3.8/site-packages/airflow/example_dags/example_branch_operator_decorator.py for tasks to queue
[2025-02-14 18:21:35,546] {logging_mixin.py:115} INFO - [2025-02-14 18:21:35,546] {dagbag.py:508} INFO - Filling up the DagBag from /opt/conda/lib/python3.8/site-packages/airflow/example_dags/example_branch_operator_decorator.py
[2025-02-14 18:21:35,747] {processor.py:651} INFO - DAG(s) dict_keys(['example_branch_python_operator_decorator']) retrieved from /opt/conda/lib/python3.8/site-packages/airflow/example_dags/example_branch_operator_decorator.py
[2025-02-14 18:21:35,762] {logging_mixin.py:115} INFO - [2025-02-14 18:21:35,762] {dag.py:2420} INFO - Sync 1 DAGs
[2025-02-14 18:21:35,782] {logging_mixin.py:115} INFO - [2025-02-14 18:21:35,782] {dag.py:2968} INFO - Setting next_dagrun for example_branch_python_operator_decorator to 2025-02-13T00:00:00+00:00, run_after=2025-02-14T00:00:00+00:00
[2025-02-14 18:21:35,806] {processor.py:161} INFO - Processing /opt/conda/lib/python3.8/site-packages/airflow/example_dags/example_branch_operator_decorator.py took 0.266 seconds
[2025-02-14 18:22:35,865] {processor.py:153} INFO - Started process (PID=8376) to work on /opt/conda/lib/python3.8/site-packages/airflow/example_dags/example_branch_operator_decorator.py
[2025-02-14 18:22:35,867] {processor.py:641} INFO - Processing file /opt/conda/lib/python3.8/site-packages/airflow/example_dags/example_branch_operator_decorator.py for tasks to queue
[2025-02-14 18:22:35,868] {logging_mixin.py:115} INFO - [2025-02-14 18:22:35,868] {dagbag.py:508} INFO - Filling up the DagBag from /opt/conda/lib/python3.8/site-packages/airflow/example_dags/example_branch_operator_decorator.py
[2025-02-14 18:22:35,888] {processor.py:651} INFO - DAG(s) dict_keys(['example_branch_python_operator_decorator']) retrieved from /opt/conda/lib/python3.8/site-packages/airflow/example_dags/example_branch_operator_decorator.py
[2025-02-14 18:22:35,904] {logging_mixin.py:115} INFO - [2025-02-14 18:22:35,904] {dag.py:2420} INFO - Sync 1 DAGs
[2025-02-14 18:22:35,919] {logging_mixin.py:115} INFO - [2025-02-14 18:22:35,919] {dag.py:2968} INFO - Setting next_dagrun for example_branch_python_operator_decorator to 2025-02-13T00:00:00+00:00, run_after=2025-02-14T00:00:00+00:00
[2025-02-14 18:22:35,939] {processor.py:161} INFO - Processing /opt/conda/lib/python3.8/site-packages/airflow/example_dags/example_branch_operator_decorator.py took 0.076 seconds
[2025-02-14 18:23:38,516] {processor.py:153} INFO - Started process (PID=8489) to work on /opt/conda/lib/python3.8/site-packages/airflow/example_dags/example_branch_operator_decorator.py
[2025-02-14 18:23:38,518] {processor.py:641} INFO - Processing file /opt/conda/lib/python3.8/site-packages/airflow/example_dags/example_branch_operator_decorator.py for tasks to queue
[2025-02-14 18:23:38,518] {logging_mixin.py:115} INFO - [2025-02-14 18:23:38,518] {dagbag.py:508} INFO - Filling up the DagBag from /opt/conda/lib/python3.8/site-packages/airflow/example_dags/example_branch_operator_decorator.py
[2025-02-14 18:23:38,541] {processor.py:651} INFO - DAG(s) dict_keys(['example_branch_python_operator_decorator']) retrieved from /opt/conda/lib/python3.8/site-packages/airflow/example_dags/example_branch_operator_decorator.py
[2025-02-14 18:23:38,562] {logging_mixin.py:115} INFO - [2025-02-14 18:23:38,562] {dag.py:2420} INFO - Sync 1 DAGs
[2025-02-14 18:23:38,585] {logging_mixin.py:115} INFO - [2025-02-14 18:23:38,585] {dag.py:2968} INFO - Setting next_dagrun for example_branch_python_operator_decorator to 2025-02-13T00:00:00+00:00, run_after=2025-02-14T00:00:00+00:00
[2025-02-14 18:23:38,612] {processor.py:161} INFO - Processing /opt/conda/lib/python3.8/site-packages/airflow/example_dags/example_branch_operator_decorator.py took 0.100 seconds
[2025-02-14 18:24:39,353] {processor.py:153} INFO - Started process (PID=8630) to work on /opt/conda/lib/python3.8/site-packages/airflow/example_dags/example_branch_operator_decorator.py
[2025-02-14 18:24:39,355] {processor.py:641} INFO - Processing file /opt/conda/lib/python3.8/site-packages/airflow/example_dags/example_branch_operator_decorator.py for tasks to queue
[2025-02-14 18:24:39,355] {logging_mixin.py:115} INFO - [2025-02-14 18:24:39,355] {dagbag.py:508} INFO - Filling up the DagBag from /opt/conda/lib/python3.8/site-packages/airflow/example_dags/example_branch_operator_decorator.py
[2025-02-14 18:24:39,375] {processor.py:651} INFO - DAG(s) dict_keys(['example_branch_python_operator_decorator']) retrieved from /opt/conda/lib/python3.8/site-packages/airflow/example_dags/example_branch_operator_decorator.py
[2025-02-14 18:24:39,391] {logging_mixin.py:115} INFO - [2025-02-14 18:24:39,391] {dag.py:2420} INFO - Sync 1 DAGs
[2025-02-14 18:24:39,406] {logging_mixin.py:115} INFO - [2025-02-14 18:24:39,406] {dag.py:2968} INFO - Setting next_dagrun for example_branch_python_operator_decorator to 2025-02-13T00:00:00+00:00, run_after=2025-02-14T00:00:00+00:00
[2025-02-14 18:24:39,425] {processor.py:161} INFO - Processing /opt/conda/lib/python3.8/site-packages/airflow/example_dags/example_branch_operator_decorator.py took 0.075 seconds
[2025-02-14 18:30:10,912] {processor.py:153} INFO - Started process (PID=8773) to work on /opt/conda/lib/python3.8/site-packages/airflow/example_dags/example_branch_operator_decorator.py
[2025-02-14 18:30:10,914] {processor.py:641} INFO - Processing file /opt/conda/lib/python3.8/site-packages/airflow/example_dags/example_branch_operator_decorator.py for tasks to queue
[2025-02-14 18:30:10,914] {logging_mixin.py:115} INFO - [2025-02-14 18:30:10,914] {dagbag.py:508} INFO - Filling up the DagBag from /opt/conda/lib/python3.8/site-packages/airflow/example_dags/example_branch_operator_decorator.py
[2025-02-14 18:30:11,056] {processor.py:651} INFO - DAG(s) dict_keys(['example_branch_python_operator_decorator']) retrieved from /opt/conda/lib/python3.8/site-packages/airflow/example_dags/example_branch_operator_decorator.py
[2025-02-14 18:30:11,066] {logging_mixin.py:115} INFO - [2025-02-14 18:30:11,065] {dag.py:2420} INFO - Sync 1 DAGs
[2025-02-14 18:30:11,077] {logging_mixin.py:115} INFO - [2025-02-14 18:30:11,077] {dag.py:2968} INFO - Setting next_dagrun for example_branch_python_operator_decorator to 2025-02-13T00:00:00+00:00, run_after=2025-02-14T00:00:00+00:00
[2025-02-14 18:30:11,098] {processor.py:161} INFO - Processing /opt/conda/lib/python3.8/site-packages/airflow/example_dags/example_branch_operator_decorator.py took 0.189 seconds
[2025-02-14 18:31:55,025] {processor.py:153} INFO - Started process (PID=9077) to work on /opt/conda/lib/python3.8/site-packages/airflow/example_dags/example_branch_operator_decorator.py
[2025-02-14 18:31:55,027] {processor.py:641} INFO - Processing file /opt/conda/lib/python3.8/site-packages/airflow/example_dags/example_branch_operator_decorator.py for tasks to queue
[2025-02-14 18:31:55,028] {logging_mixin.py:115} INFO - [2025-02-14 18:31:55,028] {dagbag.py:508} INFO - Filling up the DagBag from /opt/conda/lib/python3.8/site-packages/airflow/example_dags/example_branch_operator_decorator.py
[2025-02-14 18:31:55,155] {processor.py:651} INFO - DAG(s) dict_keys(['example_branch_python_operator_decorator']) retrieved from /opt/conda/lib/python3.8/site-packages/airflow/example_dags/example_branch_operator_decorator.py
[2025-02-14 18:31:55,165] {logging_mixin.py:115} INFO - [2025-02-14 18:31:55,165] {dag.py:2420} INFO - Sync 1 DAGs
[2025-02-14 18:31:55,177] {logging_mixin.py:115} INFO - [2025-02-14 18:31:55,177] {dag.py:2968} INFO - Setting next_dagrun for example_branch_python_operator_decorator to 2025-02-13T00:00:00+00:00, run_after=2025-02-14T00:00:00+00:00
[2025-02-14 18:31:55,200] {processor.py:161} INFO - Processing /opt/conda/lib/python3.8/site-packages/airflow/example_dags/example_branch_operator_decorator.py took 0.178 seconds
[2025-02-14 18:33:40,801] {processor.py:153} INFO - Started process (PID=9392) to work on /opt/conda/lib/python3.8/site-packages/airflow/example_dags/example_branch_operator_decorator.py
[2025-02-14 18:33:40,803] {processor.py:641} INFO - Processing file /opt/conda/lib/python3.8/site-packages/airflow/example_dags/example_branch_operator_decorator.py for tasks to queue
[2025-02-14 18:33:40,803] {logging_mixin.py:115} INFO - [2025-02-14 18:33:40,803] {dagbag.py:508} INFO - Filling up the DagBag from /opt/conda/lib/python3.8/site-packages/airflow/example_dags/example_branch_operator_decorator.py
[2025-02-14 18:33:40,944] {processor.py:651} INFO - DAG(s) dict_keys(['example_branch_python_operator_decorator']) retrieved from /opt/conda/lib/python3.8/site-packages/airflow/example_dags/example_branch_operator_decorator.py
[2025-02-14 18:33:40,954] {logging_mixin.py:115} INFO - [2025-02-14 18:33:40,954] {dag.py:2420} INFO - Sync 1 DAGs
[2025-02-14 18:33:40,967] {logging_mixin.py:115} INFO - [2025-02-14 18:33:40,967] {dag.py:2968} INFO - Setting next_dagrun for example_branch_python_operator_decorator to 2025-02-13T00:00:00+00:00, run_after=2025-02-14T00:00:00+00:00
[2025-02-14 18:33:40,987] {processor.py:161} INFO - Processing /opt/conda/lib/python3.8/site-packages/airflow/example_dags/example_branch_operator_decorator.py took 0.189 seconds
[2025-02-14 18:34:46,057] {processor.py:153} INFO - Started process (PID=9521) to work on /opt/conda/lib/python3.8/site-packages/airflow/example_dags/example_branch_operator_decorator.py
[2025-02-14 18:34:46,059] {processor.py:641} INFO - Processing file /opt/conda/lib/python3.8/site-packages/airflow/example_dags/example_branch_operator_decorator.py for tasks to queue
[2025-02-14 18:34:46,059] {logging_mixin.py:115} INFO - [2025-02-14 18:34:46,059] {dagbag.py:508} INFO - Filling up the DagBag from /opt/conda/lib/python3.8/site-packages/airflow/example_dags/example_branch_operator_decorator.py
[2025-02-14 18:34:46,079] {processor.py:651} INFO - DAG(s) dict_keys(['example_branch_python_operator_decorator']) retrieved from /opt/conda/lib/python3.8/site-packages/airflow/example_dags/example_branch_operator_decorator.py
[2025-02-14 18:34:46,095] {logging_mixin.py:115} INFO - [2025-02-14 18:34:46,095] {dag.py:2420} INFO - Sync 1 DAGs
[2025-02-14 18:34:46,110] {logging_mixin.py:115} INFO - [2025-02-14 18:34:46,110] {dag.py:2968} INFO - Setting next_dagrun for example_branch_python_operator_decorator to 2025-02-13T00:00:00+00:00, run_after=2025-02-14T00:00:00+00:00
[2025-02-14 18:34:46,130] {processor.py:161} INFO - Processing /opt/conda/lib/python3.8/site-packages/airflow/example_dags/example_branch_operator_decorator.py took 0.076 seconds
[2025-02-14 18:35:45,732] {processor.py:153} INFO - Started process (PID=9817) to work on /opt/conda/lib/python3.8/site-packages/airflow/example_dags/example_branch_operator_decorator.py
[2025-02-14 18:35:45,733] {processor.py:641} INFO - Processing file /opt/conda/lib/python3.8/site-packages/airflow/example_dags/example_branch_operator_decorator.py for tasks to queue
[2025-02-14 18:35:45,734] {logging_mixin.py:115} INFO - [2025-02-14 18:35:45,734] {dagbag.py:508} INFO - Filling up the DagBag from /opt/conda/lib/python3.8/site-packages/airflow/example_dags/example_branch_operator_decorator.py
[2025-02-14 18:35:45,753] {processor.py:651} INFO - DAG(s) dict_keys(['example_branch_python_operator_decorator']) retrieved from /opt/conda/lib/python3.8/site-packages/airflow/example_dags/example_branch_operator_decorator.py
[2025-02-14 18:35:45,770] {logging_mixin.py:115} INFO - [2025-02-14 18:35:45,770] {dag.py:2420} INFO - Sync 1 DAGs
[2025-02-14 18:35:45,788] {logging_mixin.py:115} INFO - [2025-02-14 18:35:45,788] {dag.py:2968} INFO - Setting next_dagrun for example_branch_python_operator_decorator to 2025-02-13T00:00:00+00:00, run_after=2025-02-14T00:00:00+00:00
[2025-02-14 18:35:45,827] {processor.py:161} INFO - Processing /opt/conda/lib/python3.8/site-packages/airflow/example_dags/example_branch_operator_decorator.py took 0.098 seconds
[2025-02-14 18:36:48,575] {processor.py:153} INFO - Started process (PID=9982) to work on /opt/conda/lib/python3.8/site-packages/airflow/example_dags/example_branch_operator_decorator.py
[2025-02-14 18:36:48,577] {processor.py:641} INFO - Processing file /opt/conda/lib/python3.8/site-packages/airflow/example_dags/example_branch_operator_decorator.py for tasks to queue
[2025-02-14 18:36:48,578] {logging_mixin.py:115} INFO - [2025-02-14 18:36:48,577] {dagbag.py:508} INFO - Filling up the DagBag from /opt/conda/lib/python3.8/site-packages/airflow/example_dags/example_branch_operator_decorator.py
[2025-02-14 18:36:48,597] {processor.py:651} INFO - DAG(s) dict_keys(['example_branch_python_operator_decorator']) retrieved from /opt/conda/lib/python3.8/site-packages/airflow/example_dags/example_branch_operator_decorator.py
[2025-02-14 18:36:48,614] {logging_mixin.py:115} INFO - [2025-02-14 18:36:48,614] {dag.py:2420} INFO - Sync 1 DAGs
[2025-02-14 18:36:48,633] {logging_mixin.py:115} INFO - [2025-02-14 18:36:48,633] {dag.py:2968} INFO - Setting next_dagrun for example_branch_python_operator_decorator to 2025-02-13T00:00:00+00:00, run_after=2025-02-14T00:00:00+00:00
[2025-02-14 18:36:48,671] {processor.py:161} INFO - Processing /opt/conda/lib/python3.8/site-packages/airflow/example_dags/example_branch_operator_decorator.py took 0.099 seconds
[2025-02-14 18:40:11,056] {processor.py:153} INFO - Started process (PID=979) to work on /opt/conda/lib/python3.8/site-packages/airflow/example_dags/example_branch_operator_decorator.py
[2025-02-14 18:40:11,058] {processor.py:641} INFO - Processing file /opt/conda/lib/python3.8/site-packages/airflow/example_dags/example_branch_operator_decorator.py for tasks to queue
[2025-02-14 18:40:11,059] {logging_mixin.py:115} INFO - [2025-02-14 18:40:11,059] {dagbag.py:508} INFO - Filling up the DagBag from /opt/conda/lib/python3.8/site-packages/airflow/example_dags/example_branch_operator_decorator.py
[2025-02-14 18:40:11,199] {processor.py:651} INFO - DAG(s) dict_keys(['example_branch_python_operator_decorator']) retrieved from /opt/conda/lib/python3.8/site-packages/airflow/example_dags/example_branch_operator_decorator.py
[2025-02-14 18:40:11,208] {logging_mixin.py:115} INFO - [2025-02-14 18:40:11,208] {dag.py:2420} INFO - Sync 1 DAGs
[2025-02-14 18:40:11,221] {logging_mixin.py:115} INFO - [2025-02-14 18:40:11,221] {dag.py:2968} INFO - Setting next_dagrun for example_branch_python_operator_decorator to 2025-02-13T00:00:00+00:00, run_after=2025-02-14T00:00:00+00:00
[2025-02-14 18:40:11,264] {processor.py:161} INFO - Processing /opt/conda/lib/python3.8/site-packages/airflow/example_dags/example_branch_operator_decorator.py took 0.211 seconds
[2025-02-14 18:41:12,569] {processor.py:153} INFO - Started process (PID=1091) to work on /opt/conda/lib/python3.8/site-packages/airflow/example_dags/example_branch_operator_decorator.py
[2025-02-14 18:41:12,570] {processor.py:641} INFO - Processing file /opt/conda/lib/python3.8/site-packages/airflow/example_dags/example_branch_operator_decorator.py for tasks to queue
[2025-02-14 18:41:12,571] {logging_mixin.py:115} INFO - [2025-02-14 18:41:12,571] {dagbag.py:508} INFO - Filling up the DagBag from /opt/conda/lib/python3.8/site-packages/airflow/example_dags/example_branch_operator_decorator.py
[2025-02-14 18:41:12,712] {processor.py:651} INFO - DAG(s) dict_keys(['example_branch_python_operator_decorator']) retrieved from /opt/conda/lib/python3.8/site-packages/airflow/example_dags/example_branch_operator_decorator.py
[2025-02-14 18:41:12,721] {logging_mixin.py:115} INFO - [2025-02-14 18:41:12,721] {dag.py:2420} INFO - Sync 1 DAGs
[2025-02-14 18:41:12,734] {logging_mixin.py:115} INFO - [2025-02-14 18:41:12,734] {dag.py:2968} INFO - Setting next_dagrun for example_branch_python_operator_decorator to 2025-02-13T00:00:00+00:00, run_after=2025-02-14T00:00:00+00:00
[2025-02-14 18:41:12,754] {processor.py:161} INFO - Processing /opt/conda/lib/python3.8/site-packages/airflow/example_dags/example_branch_operator_decorator.py took 0.188 seconds
[2025-02-14 18:42:14,778] {processor.py:153} INFO - Started process (PID=1203) to work on /opt/conda/lib/python3.8/site-packages/airflow/example_dags/example_branch_operator_decorator.py
[2025-02-14 18:42:14,779] {processor.py:641} INFO - Processing file /opt/conda/lib/python3.8/site-packages/airflow/example_dags/example_branch_operator_decorator.py for tasks to queue
[2025-02-14 18:42:14,780] {logging_mixin.py:115} INFO - [2025-02-14 18:42:14,780] {dagbag.py:508} INFO - Filling up the DagBag from /opt/conda/lib/python3.8/site-packages/airflow/example_dags/example_branch_operator_decorator.py
[2025-02-14 18:42:14,926] {processor.py:651} INFO - DAG(s) dict_keys(['example_branch_python_operator_decorator']) retrieved from /opt/conda/lib/python3.8/site-packages/airflow/example_dags/example_branch_operator_decorator.py
[2025-02-14 18:42:14,936] {logging_mixin.py:115} INFO - [2025-02-14 18:42:14,936] {dag.py:2420} INFO - Sync 1 DAGs
[2025-02-14 18:42:14,948] {logging_mixin.py:115} INFO - [2025-02-14 18:42:14,948] {dag.py:2968} INFO - Setting next_dagrun for example_branch_python_operator_decorator to 2025-02-13T00:00:00+00:00, run_after=2025-02-14T00:00:00+00:00
[2025-02-14 18:42:14,968] {processor.py:161} INFO - Processing /opt/conda/lib/python3.8/site-packages/airflow/example_dags/example_branch_operator_decorator.py took 0.194 seconds
[2025-02-14 18:43:20,645] {processor.py:153} INFO - Started process (PID=1314) to work on /opt/conda/lib/python3.8/site-packages/airflow/example_dags/example_branch_operator_decorator.py
[2025-02-14 18:43:20,647] {processor.py:641} INFO - Processing file /opt/conda/lib/python3.8/site-packages/airflow/example_dags/example_branch_operator_decorator.py for tasks to queue
[2025-02-14 18:43:20,647] {logging_mixin.py:115} INFO - [2025-02-14 18:43:20,647] {dagbag.py:508} INFO - Filling up the DagBag from /opt/conda/lib/python3.8/site-packages/airflow/example_dags/example_branch_operator_decorator.py
[2025-02-14 18:43:20,781] {processor.py:651} INFO - DAG(s) dict_keys(['example_branch_python_operator_decorator']) retrieved from /opt/conda/lib/python3.8/site-packages/airflow/example_dags/example_branch_operator_decorator.py
[2025-02-14 18:43:20,790] {logging_mixin.py:115} INFO - [2025-02-14 18:43:20,790] {dag.py:2420} INFO - Sync 1 DAGs
[2025-02-14 18:43:20,802] {logging_mixin.py:115} INFO - [2025-02-14 18:43:20,802] {dag.py:2968} INFO - Setting next_dagrun for example_branch_python_operator_decorator to 2025-02-13T00:00:00+00:00, run_after=2025-02-14T00:00:00+00:00
[2025-02-14 18:43:20,852] {processor.py:161} INFO - Processing /opt/conda/lib/python3.8/site-packages/airflow/example_dags/example_branch_operator_decorator.py took 0.210 seconds
[2025-02-14 18:44:23,165] {processor.py:153} INFO - Started process (PID=1430) to work on /opt/conda/lib/python3.8/site-packages/airflow/example_dags/example_branch_operator_decorator.py
[2025-02-14 18:44:23,166] {processor.py:641} INFO - Processing file /opt/conda/lib/python3.8/site-packages/airflow/example_dags/example_branch_operator_decorator.py for tasks to queue
[2025-02-14 18:44:23,167] {logging_mixin.py:115} INFO - [2025-02-14 18:44:23,167] {dagbag.py:508} INFO - Filling up the DagBag from /opt/conda/lib/python3.8/site-packages/airflow/example_dags/example_branch_operator_decorator.py
[2025-02-14 18:44:23,187] {processor.py:651} INFO - DAG(s) dict_keys(['example_branch_python_operator_decorator']) retrieved from /opt/conda/lib/python3.8/site-packages/airflow/example_dags/example_branch_operator_decorator.py
[2025-02-14 18:44:23,204] {logging_mixin.py:115} INFO - [2025-02-14 18:44:23,204] {dag.py:2420} INFO - Sync 1 DAGs
[2025-02-14 18:44:23,219] {logging_mixin.py:115} INFO - [2025-02-14 18:44:23,219] {dag.py:2968} INFO - Setting next_dagrun for example_branch_python_operator_decorator to 2025-02-13T00:00:00+00:00, run_after=2025-02-14T00:00:00+00:00
[2025-02-14 18:44:23,240] {processor.py:161} INFO - Processing /opt/conda/lib/python3.8/site-packages/airflow/example_dags/example_branch_operator_decorator.py took 0.078 seconds
[2025-02-14 18:45:23,130] {processor.py:153} INFO - Started process (PID=1559) to work on /opt/conda/lib/python3.8/site-packages/airflow/example_dags/example_branch_operator_decorator.py
[2025-02-14 18:45:23,131] {processor.py:641} INFO - Processing file /opt/conda/lib/python3.8/site-packages/airflow/example_dags/example_branch_operator_decorator.py for tasks to queue
[2025-02-14 18:45:23,132] {logging_mixin.py:115} INFO - [2025-02-14 18:45:23,132] {dagbag.py:508} INFO - Filling up the DagBag from /opt/conda/lib/python3.8/site-packages/airflow/example_dags/example_branch_operator_decorator.py
[2025-02-14 18:45:23,152] {processor.py:651} INFO - DAG(s) dict_keys(['example_branch_python_operator_decorator']) retrieved from /opt/conda/lib/python3.8/site-packages/airflow/example_dags/example_branch_operator_decorator.py
[2025-02-14 18:45:23,169] {logging_mixin.py:115} INFO - [2025-02-14 18:45:23,169] {dag.py:2420} INFO - Sync 1 DAGs
[2025-02-14 18:45:23,188] {logging_mixin.py:115} INFO - [2025-02-14 18:45:23,188] {dag.py:2968} INFO - Setting next_dagrun for example_branch_python_operator_decorator to 2025-02-13T00:00:00+00:00, run_after=2025-02-14T00:00:00+00:00
[2025-02-14 18:45:23,209] {processor.py:161} INFO - Processing /opt/conda/lib/python3.8/site-packages/airflow/example_dags/example_branch_operator_decorator.py took 0.083 seconds
[2025-02-14 18:46:18,864] {processor.py:153} INFO - Started process (PID=1670) to work on /opt/conda/lib/python3.8/site-packages/airflow/example_dags/example_branch_operator_decorator.py
[2025-02-14 18:46:18,866] {processor.py:641} INFO - Processing file /opt/conda/lib/python3.8/site-packages/airflow/example_dags/example_branch_operator_decorator.py for tasks to queue
[2025-02-14 18:46:18,866] {logging_mixin.py:115} INFO - [2025-02-14 18:46:18,866] {dagbag.py:508} INFO - Filling up the DagBag from /opt/conda/lib/python3.8/site-packages/airflow/example_dags/example_branch_operator_decorator.py
[2025-02-14 18:46:18,886] {processor.py:651} INFO - DAG(s) dict_keys(['example_branch_python_operator_decorator']) retrieved from /opt/conda/lib/python3.8/site-packages/airflow/example_dags/example_branch_operator_decorator.py
[2025-02-14 18:46:18,901] {logging_mixin.py:115} INFO - [2025-02-14 18:46:18,901] {dag.py:2420} INFO - Sync 1 DAGs
[2025-02-14 18:46:18,915] {logging_mixin.py:115} INFO - [2025-02-14 18:46:18,915] {dag.py:2968} INFO - Setting next_dagrun for example_branch_python_operator_decorator to 2025-02-13T00:00:00+00:00, run_after=2025-02-14T00:00:00+00:00
[2025-02-14 18:46:18,935] {processor.py:161} INFO - Processing /opt/conda/lib/python3.8/site-packages/airflow/example_dags/example_branch_operator_decorator.py took 0.074 seconds
[2025-02-14 18:54:29,416] {processor.py:153} INFO - Started process (PID=2152) to work on /opt/conda/lib/python3.8/site-packages/airflow/example_dags/example_branch_operator_decorator.py
[2025-02-14 18:54:29,418] {processor.py:641} INFO - Processing file /opt/conda/lib/python3.8/site-packages/airflow/example_dags/example_branch_operator_decorator.py for tasks to queue
[2025-02-14 18:54:29,419] {logging_mixin.py:115} INFO - [2025-02-14 18:54:29,419] {dagbag.py:508} INFO - Filling up the DagBag from /opt/conda/lib/python3.8/site-packages/airflow/example_dags/example_branch_operator_decorator.py
[2025-02-14 18:54:29,437] {processor.py:651} INFO - DAG(s) dict_keys(['example_branch_python_operator_decorator']) retrieved from /opt/conda/lib/python3.8/site-packages/airflow/example_dags/example_branch_operator_decorator.py
[2025-02-14 18:54:29,450] {logging_mixin.py:115} INFO - [2025-02-14 18:54:29,450] {dag.py:2420} INFO - Sync 1 DAGs
[2025-02-14 18:54:29,463] {logging_mixin.py:115} INFO - [2025-02-14 18:54:29,463] {dag.py:2968} INFO - Setting next_dagrun for example_branch_python_operator_decorator to 2025-02-13T00:00:00+00:00, run_after=2025-02-14T00:00:00+00:00
[2025-02-14 18:54:29,508] {processor.py:161} INFO - Processing /opt/conda/lib/python3.8/site-packages/airflow/example_dags/example_branch_operator_decorator.py took 0.095 seconds
[2025-02-14 18:55:37,138] {processor.py:153} INFO - Started process (PID=2338) to work on /opt/conda/lib/python3.8/site-packages/airflow/example_dags/example_branch_operator_decorator.py
[2025-02-14 18:55:37,140] {processor.py:641} INFO - Processing file /opt/conda/lib/python3.8/site-packages/airflow/example_dags/example_branch_operator_decorator.py for tasks to queue
[2025-02-14 18:55:37,140] {logging_mixin.py:115} INFO - [2025-02-14 18:55:37,140] {dagbag.py:508} INFO - Filling up the DagBag from /opt/conda/lib/python3.8/site-packages/airflow/example_dags/example_branch_operator_decorator.py
[2025-02-14 18:55:37,159] {processor.py:651} INFO - DAG(s) dict_keys(['example_branch_python_operator_decorator']) retrieved from /opt/conda/lib/python3.8/site-packages/airflow/example_dags/example_branch_operator_decorator.py
[2025-02-14 18:55:37,175] {logging_mixin.py:115} INFO - [2025-02-14 18:55:37,175] {dag.py:2420} INFO - Sync 1 DAGs
[2025-02-14 18:55:37,189] {logging_mixin.py:115} INFO - [2025-02-14 18:55:37,189] {dag.py:2968} INFO - Setting next_dagrun for example_branch_python_operator_decorator to 2025-02-13T00:00:00+00:00, run_after=2025-02-14T00:00:00+00:00
[2025-02-14 18:55:37,221] {processor.py:161} INFO - Processing /opt/conda/lib/python3.8/site-packages/airflow/example_dags/example_branch_operator_decorator.py took 0.086 seconds
[2025-02-14 19:03:08,237] {processor.py:153} INFO - Started process (PID=2703) to work on /opt/conda/lib/python3.8/site-packages/airflow/example_dags/example_branch_operator_decorator.py
[2025-02-14 19:03:08,238] {processor.py:641} INFO - Processing file /opt/conda/lib/python3.8/site-packages/airflow/example_dags/example_branch_operator_decorator.py for tasks to queue
[2025-02-14 19:03:08,239] {logging_mixin.py:115} INFO - [2025-02-14 19:03:08,239] {dagbag.py:508} INFO - Filling up the DagBag from /opt/conda/lib/python3.8/site-packages/airflow/example_dags/example_branch_operator_decorator.py
[2025-02-14 19:03:08,373] {processor.py:651} INFO - DAG(s) dict_keys(['example_branch_python_operator_decorator']) retrieved from /opt/conda/lib/python3.8/site-packages/airflow/example_dags/example_branch_operator_decorator.py
[2025-02-14 19:03:08,382] {logging_mixin.py:115} INFO - [2025-02-14 19:03:08,382] {dag.py:2420} INFO - Sync 1 DAGs
[2025-02-14 19:03:08,395] {logging_mixin.py:115} INFO - [2025-02-14 19:03:08,395] {dag.py:2968} INFO - Setting next_dagrun for example_branch_python_operator_decorator to 2025-02-13T00:00:00+00:00, run_after=2025-02-14T00:00:00+00:00
[2025-02-14 19:03:08,416] {processor.py:161} INFO - Processing /opt/conda/lib/python3.8/site-packages/airflow/example_dags/example_branch_operator_decorator.py took 0.182 seconds
[2025-02-14 19:04:12,941] {processor.py:153} INFO - Started process (PID=2817) to work on /opt/conda/lib/python3.8/site-packages/airflow/example_dags/example_branch_operator_decorator.py
[2025-02-14 19:04:12,943] {processor.py:641} INFO - Processing file /opt/conda/lib/python3.8/site-packages/airflow/example_dags/example_branch_operator_decorator.py for tasks to queue
[2025-02-14 19:04:12,943] {logging_mixin.py:115} INFO - [2025-02-14 19:04:12,943] {dagbag.py:508} INFO - Filling up the DagBag from /opt/conda/lib/python3.8/site-packages/airflow/example_dags/example_branch_operator_decorator.py
[2025-02-14 19:04:13,078] {processor.py:651} INFO - DAG(s) dict_keys(['example_branch_python_operator_decorator']) retrieved from /opt/conda/lib/python3.8/site-packages/airflow/example_dags/example_branch_operator_decorator.py
[2025-02-14 19:04:13,087] {logging_mixin.py:115} INFO - [2025-02-14 19:04:13,087] {dag.py:2420} INFO - Sync 1 DAGs
[2025-02-14 19:04:13,099] {logging_mixin.py:115} INFO - [2025-02-14 19:04:13,099] {dag.py:2968} INFO - Setting next_dagrun for example_branch_python_operator_decorator to 2025-02-13T00:00:00+00:00, run_after=2025-02-14T00:00:00+00:00
[2025-02-14 19:04:13,119] {processor.py:161} INFO - Processing /opt/conda/lib/python3.8/site-packages/airflow/example_dags/example_branch_operator_decorator.py took 0.181 seconds
[2025-02-14 19:05:15,397] {processor.py:153} INFO - Started process (PID=2930) to work on /opt/conda/lib/python3.8/site-packages/airflow/example_dags/example_branch_operator_decorator.py
[2025-02-14 19:05:15,405] {processor.py:641} INFO - Processing file /opt/conda/lib/python3.8/site-packages/airflow/example_dags/example_branch_operator_decorator.py for tasks to queue
[2025-02-14 19:05:15,406] {logging_mixin.py:115} INFO - [2025-02-14 19:05:15,406] {dagbag.py:508} INFO - Filling up the DagBag from /opt/conda/lib/python3.8/site-packages/airflow/example_dags/example_branch_operator_decorator.py
[2025-02-14 19:05:15,544] {processor.py:651} INFO - DAG(s) dict_keys(['example_branch_python_operator_decorator']) retrieved from /opt/conda/lib/python3.8/site-packages/airflow/example_dags/example_branch_operator_decorator.py
[2025-02-14 19:05:15,553] {logging_mixin.py:115} INFO - [2025-02-14 19:05:15,553] {dag.py:2420} INFO - Sync 1 DAGs
[2025-02-14 19:05:15,566] {logging_mixin.py:115} INFO - [2025-02-14 19:05:15,566] {dag.py:2968} INFO - Setting next_dagrun for example_branch_python_operator_decorator to 2025-02-13T00:00:00+00:00, run_after=2025-02-14T00:00:00+00:00
[2025-02-14 19:05:15,787] {processor.py:161} INFO - Processing /opt/conda/lib/python3.8/site-packages/airflow/example_dags/example_branch_operator_decorator.py took 0.393 seconds
[2025-02-14 19:06:21,357] {processor.py:153} INFO - Started process (PID=3044) to work on /opt/conda/lib/python3.8/site-packages/airflow/example_dags/example_branch_operator_decorator.py
[2025-02-14 19:06:21,359] {processor.py:641} INFO - Processing file /opt/conda/lib/python3.8/site-packages/airflow/example_dags/example_branch_operator_decorator.py for tasks to queue
[2025-02-14 19:06:21,359] {logging_mixin.py:115} INFO - [2025-02-14 19:06:21,359] {dagbag.py:508} INFO - Filling up the DagBag from /opt/conda/lib/python3.8/site-packages/airflow/example_dags/example_branch_operator_decorator.py
[2025-02-14 19:06:21,495] {processor.py:651} INFO - DAG(s) dict_keys(['example_branch_python_operator_decorator']) retrieved from /opt/conda/lib/python3.8/site-packages/airflow/example_dags/example_branch_operator_decorator.py
[2025-02-14 19:06:21,504] {logging_mixin.py:115} INFO - [2025-02-14 19:06:21,504] {dag.py:2420} INFO - Sync 1 DAGs
[2025-02-14 19:06:21,517] {logging_mixin.py:115} INFO - [2025-02-14 19:06:21,517] {dag.py:2968} INFO - Setting next_dagrun for example_branch_python_operator_decorator to 2025-02-13T00:00:00+00:00, run_after=2025-02-14T00:00:00+00:00
[2025-02-14 19:06:21,538] {processor.py:161} INFO - Processing /opt/conda/lib/python3.8/site-packages/airflow/example_dags/example_branch_operator_decorator.py took 0.184 seconds
[2025-02-14 19:07:27,569] {processor.py:153} INFO - Started process (PID=3167) to work on /opt/conda/lib/python3.8/site-packages/airflow/example_dags/example_branch_operator_decorator.py
[2025-02-14 19:07:27,571] {processor.py:641} INFO - Processing file /opt/conda/lib/python3.8/site-packages/airflow/example_dags/example_branch_operator_decorator.py for tasks to queue
[2025-02-14 19:07:27,572] {logging_mixin.py:115} INFO - [2025-02-14 19:07:27,572] {dagbag.py:508} INFO - Filling up the DagBag from /opt/conda/lib/python3.8/site-packages/airflow/example_dags/example_branch_operator_decorator.py
[2025-02-14 19:07:27,709] {processor.py:651} INFO - DAG(s) dict_keys(['example_branch_python_operator_decorator']) retrieved from /opt/conda/lib/python3.8/site-packages/airflow/example_dags/example_branch_operator_decorator.py
[2025-02-14 19:07:27,719] {logging_mixin.py:115} INFO - [2025-02-14 19:07:27,719] {dag.py:2420} INFO - Sync 1 DAGs
[2025-02-14 19:07:27,732] {logging_mixin.py:115} INFO - [2025-02-14 19:07:27,732] {dag.py:2968} INFO - Setting next_dagrun for example_branch_python_operator_decorator to 2025-02-13T00:00:00+00:00, run_after=2025-02-14T00:00:00+00:00
[2025-02-14 19:07:27,808] {processor.py:161} INFO - Processing /opt/conda/lib/python3.8/site-packages/airflow/example_dags/example_branch_operator_decorator.py took 0.241 seconds
[2025-02-14 19:08:26,321] {processor.py:153} INFO - Started process (PID=3279) to work on /opt/conda/lib/python3.8/site-packages/airflow/example_dags/example_branch_operator_decorator.py
[2025-02-14 19:08:26,323] {processor.py:641} INFO - Processing file /opt/conda/lib/python3.8/site-packages/airflow/example_dags/example_branch_operator_decorator.py for tasks to queue
[2025-02-14 19:08:26,324] {logging_mixin.py:115} INFO - [2025-02-14 19:08:26,324] {dagbag.py:508} INFO - Filling up the DagBag from /opt/conda/lib/python3.8/site-packages/airflow/example_dags/example_branch_operator_decorator.py
[2025-02-14 19:08:26,342] {processor.py:651} INFO - DAG(s) dict_keys(['example_branch_python_operator_decorator']) retrieved from /opt/conda/lib/python3.8/site-packages/airflow/example_dags/example_branch_operator_decorator.py
[2025-02-14 19:08:26,356] {logging_mixin.py:115} INFO - [2025-02-14 19:08:26,356] {dag.py:2420} INFO - Sync 1 DAGs
[2025-02-14 19:08:26,370] {logging_mixin.py:115} INFO - [2025-02-14 19:08:26,370] {dag.py:2968} INFO - Setting next_dagrun for example_branch_python_operator_decorator to 2025-02-13T00:00:00+00:00, run_after=2025-02-14T00:00:00+00:00
[2025-02-14 19:08:26,391] {processor.py:161} INFO - Processing /opt/conda/lib/python3.8/site-packages/airflow/example_dags/example_branch_operator_decorator.py took 0.072 seconds
[2025-02-14 19:09:23,805] {processor.py:153} INFO - Started process (PID=3391) to work on /opt/conda/lib/python3.8/site-packages/airflow/example_dags/example_branch_operator_decorator.py
[2025-02-14 19:09:23,807] {processor.py:641} INFO - Processing file /opt/conda/lib/python3.8/site-packages/airflow/example_dags/example_branch_operator_decorator.py for tasks to queue
[2025-02-14 19:09:23,807] {logging_mixin.py:115} INFO - [2025-02-14 19:09:23,807] {dagbag.py:508} INFO - Filling up the DagBag from /opt/conda/lib/python3.8/site-packages/airflow/example_dags/example_branch_operator_decorator.py
[2025-02-14 19:09:23,825] {processor.py:651} INFO - DAG(s) dict_keys(['example_branch_python_operator_decorator']) retrieved from /opt/conda/lib/python3.8/site-packages/airflow/example_dags/example_branch_operator_decorator.py
[2025-02-14 19:09:23,840] {logging_mixin.py:115} INFO - [2025-02-14 19:09:23,840] {dag.py:2420} INFO - Sync 1 DAGs
[2025-02-14 19:09:23,855] {logging_mixin.py:115} INFO - [2025-02-14 19:09:23,854] {dag.py:2968} INFO - Setting next_dagrun for example_branch_python_operator_decorator to 2025-02-13T00:00:00+00:00, run_after=2025-02-14T00:00:00+00:00
[2025-02-14 19:09:23,875] {processor.py:161} INFO - Processing /opt/conda/lib/python3.8/site-packages/airflow/example_dags/example_branch_operator_decorator.py took 0.073 seconds
[2025-02-14 19:10:41,806] {processor.py:153} INFO - Started process (PID=3650) to work on /opt/conda/lib/python3.8/site-packages/airflow/example_dags/example_branch_operator_decorator.py
[2025-02-14 19:10:41,807] {processor.py:641} INFO - Processing file /opt/conda/lib/python3.8/site-packages/airflow/example_dags/example_branch_operator_decorator.py for tasks to queue
[2025-02-14 19:10:41,808] {logging_mixin.py:115} INFO - [2025-02-14 19:10:41,808] {dagbag.py:508} INFO - Filling up the DagBag from /opt/conda/lib/python3.8/site-packages/airflow/example_dags/example_branch_operator_decorator.py
[2025-02-14 19:10:41,828] {processor.py:651} INFO - DAG(s) dict_keys(['example_branch_python_operator_decorator']) retrieved from /opt/conda/lib/python3.8/site-packages/airflow/example_dags/example_branch_operator_decorator.py
[2025-02-14 19:10:41,845] {logging_mixin.py:115} INFO - [2025-02-14 19:10:41,845] {dag.py:2420} INFO - Sync 1 DAGs
[2025-02-14 19:10:41,864] {logging_mixin.py:115} INFO - [2025-02-14 19:10:41,864] {dag.py:2968} INFO - Setting next_dagrun for example_branch_python_operator_decorator to 2025-02-13T00:00:00+00:00, run_after=2025-02-14T00:00:00+00:00
[2025-02-14 19:10:41,887] {processor.py:161} INFO - Processing /opt/conda/lib/python3.8/site-packages/airflow/example_dags/example_branch_operator_decorator.py took 0.084 seconds
