[2025-02-14 13:59:37,472] {processor.py:153} INFO - Started process (PID=1829) to work on /opt/conda/lib/python3.8/site-packages/airflow/example_dags/example_latest_only.py
[2025-02-14 13:59:37,473] {processor.py:641} INFO - Processing file /opt/conda/lib/python3.8/site-packages/airflow/example_dags/example_latest_only.py for tasks to queue
[2025-02-14 13:59:37,474] {logging_mixin.py:115} INFO - [2025-02-14 13:59:37,473] {dagbag.py:508} INFO - Filling up the DagBag from /opt/conda/lib/python3.8/site-packages/airflow/example_dags/example_latest_only.py
[2025-02-14 13:59:37,480] {processor.py:651} INFO - DAG(s) dict_keys(['latest_only']) retrieved from /opt/conda/lib/python3.8/site-packages/airflow/example_dags/example_latest_only.py
[2025-02-14 13:59:37,672] {logging_mixin.py:115} INFO - [2025-02-14 13:59:37,672] {manager.py:508} INFO - Created Permission View: can read on DAG:latest_only
[2025-02-14 13:59:37,688] {logging_mixin.py:115} INFO - [2025-02-14 13:59:37,688] {manager.py:508} INFO - Created Permission View: can delete on DAG:latest_only
[2025-02-14 13:59:37,704] {logging_mixin.py:115} INFO - [2025-02-14 13:59:37,704] {manager.py:508} INFO - Created Permission View: can edit on DAG:latest_only
[2025-02-14 13:59:37,704] {logging_mixin.py:115} INFO - [2025-02-14 13:59:37,704] {dag.py:2420} INFO - Sync 1 DAGs
[2025-02-14 13:59:37,710] {logging_mixin.py:115} INFO - [2025-02-14 13:59:37,710] {dag.py:2439} INFO - Creating ORM DAG for latest_only
[2025-02-14 13:59:37,736] {logging_mixin.py:115} INFO - [2025-02-14 13:59:37,736] {dag.py:2968} INFO - Setting next_dagrun for latest_only to 2025-02-14T09:59:37.736692+00:00, run_after=2025-02-14T13:59:37.736692+00:00
[2025-02-14 13:59:37,874] {processor.py:161} INFO - Processing /opt/conda/lib/python3.8/site-packages/airflow/example_dags/example_latest_only.py took 0.405 seconds
[2025-02-14 14:00:24,669] {processor.py:153} INFO - Started process (PID=1866) to work on /opt/conda/lib/python3.8/site-packages/airflow/example_dags/example_latest_only.py
[2025-02-14 14:00:24,688] {processor.py:641} INFO - Processing file /opt/conda/lib/python3.8/site-packages/airflow/example_dags/example_latest_only.py for tasks to queue
[2025-02-14 14:00:24,689] {logging_mixin.py:115} INFO - [2025-02-14 14:00:24,689] {dagbag.py:508} INFO - Filling up the DagBag from /opt/conda/lib/python3.8/site-packages/airflow/example_dags/example_latest_only.py
[2025-02-14 14:00:24,694] {processor.py:651} INFO - DAG(s) dict_keys(['latest_only']) retrieved from /opt/conda/lib/python3.8/site-packages/airflow/example_dags/example_latest_only.py
[2025-02-14 14:00:24,825] {logging_mixin.py:115} INFO - [2025-02-14 14:00:24,825] {dag.py:2420} INFO - Sync 1 DAGs
[2025-02-14 14:00:24,837] {logging_mixin.py:115} INFO - [2025-02-14 14:00:24,837] {dag.py:2968} INFO - Setting next_dagrun for latest_only to 2025-02-14T10:00:24.837073+00:00, run_after=2025-02-14T14:00:24.837073+00:00
[2025-02-14 14:00:24,855] {processor.py:161} INFO - Processing /opt/conda/lib/python3.8/site-packages/airflow/example_dags/example_latest_only.py took 0.189 seconds
[2025-02-14 14:01:07,240] {processor.py:153} INFO - Started process (PID=1903) to work on /opt/conda/lib/python3.8/site-packages/airflow/example_dags/example_latest_only.py
[2025-02-14 14:01:07,330] {processor.py:641} INFO - Processing file /opt/conda/lib/python3.8/site-packages/airflow/example_dags/example_latest_only.py for tasks to queue
[2025-02-14 14:01:07,331] {logging_mixin.py:115} INFO - [2025-02-14 14:01:07,331] {dagbag.py:508} INFO - Filling up the DagBag from /opt/conda/lib/python3.8/site-packages/airflow/example_dags/example_latest_only.py
[2025-02-14 14:01:07,336] {processor.py:651} INFO - DAG(s) dict_keys(['latest_only']) retrieved from /opt/conda/lib/python3.8/site-packages/airflow/example_dags/example_latest_only.py
[2025-02-14 14:01:07,472] {logging_mixin.py:115} INFO - [2025-02-14 14:01:07,472] {dag.py:2420} INFO - Sync 1 DAGs
[2025-02-14 14:01:07,483] {logging_mixin.py:115} INFO - [2025-02-14 14:01:07,483] {dag.py:2968} INFO - Setting next_dagrun for latest_only to 2025-02-14T10:01:07.483428+00:00, run_after=2025-02-14T14:01:07.483428+00:00
[2025-02-14 14:01:07,504] {processor.py:161} INFO - Processing /opt/conda/lib/python3.8/site-packages/airflow/example_dags/example_latest_only.py took 0.267 seconds
[2025-02-14 14:01:48,942] {processor.py:153} INFO - Started process (PID=1940) to work on /opt/conda/lib/python3.8/site-packages/airflow/example_dags/example_latest_only.py
[2025-02-14 14:01:48,944] {processor.py:641} INFO - Processing file /opt/conda/lib/python3.8/site-packages/airflow/example_dags/example_latest_only.py for tasks to queue
[2025-02-14 14:01:48,945] {logging_mixin.py:115} INFO - [2025-02-14 14:01:48,944] {dagbag.py:508} INFO - Filling up the DagBag from /opt/conda/lib/python3.8/site-packages/airflow/example_dags/example_latest_only.py
[2025-02-14 14:01:48,951] {processor.py:651} INFO - DAG(s) dict_keys(['latest_only']) retrieved from /opt/conda/lib/python3.8/site-packages/airflow/example_dags/example_latest_only.py
[2025-02-14 14:01:49,157] {logging_mixin.py:115} INFO - [2025-02-14 14:01:49,157] {dag.py:2420} INFO - Sync 1 DAGs
[2025-02-14 14:01:49,175] {logging_mixin.py:115} INFO - [2025-02-14 14:01:49,175] {dag.py:2968} INFO - Setting next_dagrun for latest_only to 2025-02-14T10:01:49.174729+00:00, run_after=2025-02-14T14:01:49.174729+00:00
[2025-02-14 14:01:49,197] {processor.py:161} INFO - Processing /opt/conda/lib/python3.8/site-packages/airflow/example_dags/example_latest_only.py took 0.259 seconds
[2025-02-14 14:02:32,219] {processor.py:153} INFO - Started process (PID=1979) to work on /opt/conda/lib/python3.8/site-packages/airflow/example_dags/example_latest_only.py
[2025-02-14 14:02:32,221] {processor.py:641} INFO - Processing file /opt/conda/lib/python3.8/site-packages/airflow/example_dags/example_latest_only.py for tasks to queue
[2025-02-14 14:02:32,222] {logging_mixin.py:115} INFO - [2025-02-14 14:02:32,222] {dagbag.py:508} INFO - Filling up the DagBag from /opt/conda/lib/python3.8/site-packages/airflow/example_dags/example_latest_only.py
[2025-02-14 14:02:32,228] {processor.py:651} INFO - DAG(s) dict_keys(['latest_only']) retrieved from /opt/conda/lib/python3.8/site-packages/airflow/example_dags/example_latest_only.py
[2025-02-14 14:02:32,433] {logging_mixin.py:115} INFO - [2025-02-14 14:02:32,433] {dag.py:2420} INFO - Sync 1 DAGs
[2025-02-14 14:02:32,451] {logging_mixin.py:115} INFO - [2025-02-14 14:02:32,451] {dag.py:2968} INFO - Setting next_dagrun for latest_only to 2025-02-14T10:02:32.451453+00:00, run_after=2025-02-14T14:02:32.451453+00:00
[2025-02-14 14:02:32,474] {processor.py:161} INFO - Processing /opt/conda/lib/python3.8/site-packages/airflow/example_dags/example_latest_only.py took 0.258 seconds
[2025-02-14 14:03:18,009] {processor.py:153} INFO - Started process (PID=2020) to work on /opt/conda/lib/python3.8/site-packages/airflow/example_dags/example_latest_only.py
[2025-02-14 14:03:18,011] {processor.py:641} INFO - Processing file /opt/conda/lib/python3.8/site-packages/airflow/example_dags/example_latest_only.py for tasks to queue
[2025-02-14 14:03:18,011] {logging_mixin.py:115} INFO - [2025-02-14 14:03:18,011] {dagbag.py:508} INFO - Filling up the DagBag from /opt/conda/lib/python3.8/site-packages/airflow/example_dags/example_latest_only.py
[2025-02-14 14:03:18,016] {processor.py:651} INFO - DAG(s) dict_keys(['latest_only']) retrieved from /opt/conda/lib/python3.8/site-packages/airflow/example_dags/example_latest_only.py
[2025-02-14 14:03:18,151] {logging_mixin.py:115} INFO - [2025-02-14 14:03:18,151] {dag.py:2420} INFO - Sync 1 DAGs
[2025-02-14 14:03:18,163] {logging_mixin.py:115} INFO - [2025-02-14 14:03:18,163] {dag.py:2968} INFO - Setting next_dagrun for latest_only to 2025-02-14T10:03:18.163003+00:00, run_after=2025-02-14T14:03:18.163003+00:00
[2025-02-14 14:03:18,201] {processor.py:161} INFO - Processing /opt/conda/lib/python3.8/site-packages/airflow/example_dags/example_latest_only.py took 0.194 seconds
[2025-02-14 14:03:57,524] {processor.py:153} INFO - Started process (PID=2063) to work on /opt/conda/lib/python3.8/site-packages/airflow/example_dags/example_latest_only.py
[2025-02-14 14:03:57,525] {processor.py:641} INFO - Processing file /opt/conda/lib/python3.8/site-packages/airflow/example_dags/example_latest_only.py for tasks to queue
[2025-02-14 14:03:57,526] {logging_mixin.py:115} INFO - [2025-02-14 14:03:57,526] {dagbag.py:508} INFO - Filling up the DagBag from /opt/conda/lib/python3.8/site-packages/airflow/example_dags/example_latest_only.py
[2025-02-14 14:03:57,531] {processor.py:651} INFO - DAG(s) dict_keys(['latest_only']) retrieved from /opt/conda/lib/python3.8/site-packages/airflow/example_dags/example_latest_only.py
[2025-02-14 14:03:57,673] {logging_mixin.py:115} INFO - [2025-02-14 14:03:57,673] {dag.py:2420} INFO - Sync 1 DAGs
[2025-02-14 14:03:57,685] {logging_mixin.py:115} INFO - [2025-02-14 14:03:57,685] {dag.py:2968} INFO - Setting next_dagrun for latest_only to 2025-02-14T10:03:57.685053+00:00, run_after=2025-02-14T14:03:57.685053+00:00
[2025-02-14 14:03:57,703] {processor.py:161} INFO - Processing /opt/conda/lib/python3.8/site-packages/airflow/example_dags/example_latest_only.py took 0.182 seconds
[2025-02-14 14:05:23,525] {processor.py:153} INFO - Started process (PID=2173) to work on /opt/conda/lib/python3.8/site-packages/airflow/example_dags/example_latest_only.py
[2025-02-14 14:05:23,527] {processor.py:641} INFO - Processing file /opt/conda/lib/python3.8/site-packages/airflow/example_dags/example_latest_only.py for tasks to queue
[2025-02-14 14:05:23,528] {logging_mixin.py:115} INFO - [2025-02-14 14:05:23,527] {dagbag.py:508} INFO - Filling up the DagBag from /opt/conda/lib/python3.8/site-packages/airflow/example_dags/example_latest_only.py
[2025-02-14 14:05:23,533] {processor.py:651} INFO - DAG(s) dict_keys(['latest_only']) retrieved from /opt/conda/lib/python3.8/site-packages/airflow/example_dags/example_latest_only.py
[2025-02-14 14:05:23,661] {logging_mixin.py:115} INFO - [2025-02-14 14:05:23,661] {dag.py:2420} INFO - Sync 1 DAGs
[2025-02-14 14:05:23,673] {logging_mixin.py:115} INFO - [2025-02-14 14:05:23,673] {dag.py:2968} INFO - Setting next_dagrun for latest_only to 2025-02-14T10:05:23.672882+00:00, run_after=2025-02-14T14:05:23.672882+00:00
[2025-02-14 14:05:23,692] {processor.py:161} INFO - Processing /opt/conda/lib/python3.8/site-packages/airflow/example_dags/example_latest_only.py took 0.169 seconds
[2025-02-14 14:06:08,032] {processor.py:153} INFO - Started process (PID=2227) to work on /opt/conda/lib/python3.8/site-packages/airflow/example_dags/example_latest_only.py
[2025-02-14 14:06:08,033] {processor.py:641} INFO - Processing file /opt/conda/lib/python3.8/site-packages/airflow/example_dags/example_latest_only.py for tasks to queue
[2025-02-14 14:06:08,034] {logging_mixin.py:115} INFO - [2025-02-14 14:06:08,034] {dagbag.py:508} INFO - Filling up the DagBag from /opt/conda/lib/python3.8/site-packages/airflow/example_dags/example_latest_only.py
[2025-02-14 14:06:08,039] {processor.py:651} INFO - DAG(s) dict_keys(['latest_only']) retrieved from /opt/conda/lib/python3.8/site-packages/airflow/example_dags/example_latest_only.py
[2025-02-14 14:06:08,170] {logging_mixin.py:115} INFO - [2025-02-14 14:06:08,170] {dag.py:2420} INFO - Sync 1 DAGs
[2025-02-14 14:06:08,182] {logging_mixin.py:115} INFO - [2025-02-14 14:06:08,182] {dag.py:2968} INFO - Setting next_dagrun for latest_only to 2025-02-14T10:06:08.182282+00:00, run_after=2025-02-14T14:06:08.182282+00:00
[2025-02-14 14:06:08,200] {processor.py:161} INFO - Processing /opt/conda/lib/python3.8/site-packages/airflow/example_dags/example_latest_only.py took 0.171 seconds
[2025-02-14 14:06:55,536] {processor.py:153} INFO - Started process (PID=2283) to work on /opt/conda/lib/python3.8/site-packages/airflow/example_dags/example_latest_only.py
[2025-02-14 14:06:55,537] {processor.py:641} INFO - Processing file /opt/conda/lib/python3.8/site-packages/airflow/example_dags/example_latest_only.py for tasks to queue
[2025-02-14 14:06:55,538] {logging_mixin.py:115} INFO - [2025-02-14 14:06:55,538] {dagbag.py:508} INFO - Filling up the DagBag from /opt/conda/lib/python3.8/site-packages/airflow/example_dags/example_latest_only.py
[2025-02-14 14:06:55,543] {processor.py:651} INFO - DAG(s) dict_keys(['latest_only']) retrieved from /opt/conda/lib/python3.8/site-packages/airflow/example_dags/example_latest_only.py
[2025-02-14 14:06:55,668] {logging_mixin.py:115} INFO - [2025-02-14 14:06:55,667] {dag.py:2420} INFO - Sync 1 DAGs
[2025-02-14 14:06:55,679] {logging_mixin.py:115} INFO - [2025-02-14 14:06:55,679] {dag.py:2968} INFO - Setting next_dagrun for latest_only to 2025-02-14T10:06:55.679299+00:00, run_after=2025-02-14T14:06:55.679299+00:00
[2025-02-14 14:06:55,699] {processor.py:161} INFO - Processing /opt/conda/lib/python3.8/site-packages/airflow/example_dags/example_latest_only.py took 0.166 seconds
[2025-02-14 14:07:44,128] {processor.py:153} INFO - Started process (PID=2324) to work on /opt/conda/lib/python3.8/site-packages/airflow/example_dags/example_latest_only.py
[2025-02-14 14:07:44,130] {processor.py:641} INFO - Processing file /opt/conda/lib/python3.8/site-packages/airflow/example_dags/example_latest_only.py for tasks to queue
[2025-02-14 14:07:44,130] {logging_mixin.py:115} INFO - [2025-02-14 14:07:44,130] {dagbag.py:508} INFO - Filling up the DagBag from /opt/conda/lib/python3.8/site-packages/airflow/example_dags/example_latest_only.py
[2025-02-14 14:07:44,135] {processor.py:651} INFO - DAG(s) dict_keys(['latest_only']) retrieved from /opt/conda/lib/python3.8/site-packages/airflow/example_dags/example_latest_only.py
[2025-02-14 14:07:44,273] {logging_mixin.py:115} INFO - [2025-02-14 14:07:44,273] {dag.py:2420} INFO - Sync 1 DAGs
[2025-02-14 14:07:44,285] {logging_mixin.py:115} INFO - [2025-02-14 14:07:44,285] {dag.py:2968} INFO - Setting next_dagrun for latest_only to 2025-02-14T10:07:44.285205+00:00, run_after=2025-02-14T14:07:44.285205+00:00
[2025-02-14 14:07:44,304] {processor.py:161} INFO - Processing /opt/conda/lib/python3.8/site-packages/airflow/example_dags/example_latest_only.py took 0.179 seconds
[2025-02-14 14:08:26,981] {processor.py:153} INFO - Started process (PID=2363) to work on /opt/conda/lib/python3.8/site-packages/airflow/example_dags/example_latest_only.py
[2025-02-14 14:08:26,982] {processor.py:641} INFO - Processing file /opt/conda/lib/python3.8/site-packages/airflow/example_dags/example_latest_only.py for tasks to queue
[2025-02-14 14:08:26,983] {logging_mixin.py:115} INFO - [2025-02-14 14:08:26,983] {dagbag.py:508} INFO - Filling up the DagBag from /opt/conda/lib/python3.8/site-packages/airflow/example_dags/example_latest_only.py
[2025-02-14 14:08:26,988] {processor.py:651} INFO - DAG(s) dict_keys(['latest_only']) retrieved from /opt/conda/lib/python3.8/site-packages/airflow/example_dags/example_latest_only.py
[2025-02-14 14:08:27,121] {logging_mixin.py:115} INFO - [2025-02-14 14:08:27,121] {dag.py:2420} INFO - Sync 1 DAGs
[2025-02-14 14:08:27,133] {logging_mixin.py:115} INFO - [2025-02-14 14:08:27,133] {dag.py:2968} INFO - Setting next_dagrun for latest_only to 2025-02-14T10:08:27.133011+00:00, run_after=2025-02-14T14:08:27.133011+00:00
[2025-02-14 14:08:27,154] {processor.py:161} INFO - Processing /opt/conda/lib/python3.8/site-packages/airflow/example_dags/example_latest_only.py took 0.176 seconds
[2025-02-14 14:09:19,393] {processor.py:153} INFO - Started process (PID=2431) to work on /opt/conda/lib/python3.8/site-packages/airflow/example_dags/example_latest_only.py
[2025-02-14 14:09:19,394] {processor.py:641} INFO - Processing file /opt/conda/lib/python3.8/site-packages/airflow/example_dags/example_latest_only.py for tasks to queue
[2025-02-14 14:09:19,395] {logging_mixin.py:115} INFO - [2025-02-14 14:09:19,395] {dagbag.py:508} INFO - Filling up the DagBag from /opt/conda/lib/python3.8/site-packages/airflow/example_dags/example_latest_only.py
[2025-02-14 14:09:19,400] {processor.py:651} INFO - DAG(s) dict_keys(['latest_only']) retrieved from /opt/conda/lib/python3.8/site-packages/airflow/example_dags/example_latest_only.py
[2025-02-14 14:09:19,540] {logging_mixin.py:115} INFO - [2025-02-14 14:09:19,540] {dag.py:2420} INFO - Sync 1 DAGs
[2025-02-14 14:09:19,551] {logging_mixin.py:115} INFO - [2025-02-14 14:09:19,551] {dag.py:2968} INFO - Setting next_dagrun for latest_only to 2025-02-14T10:09:19.551356+00:00, run_after=2025-02-14T14:09:19.551356+00:00
[2025-02-14 14:09:19,570] {processor.py:161} INFO - Processing /opt/conda/lib/python3.8/site-packages/airflow/example_dags/example_latest_only.py took 0.180 seconds
[2025-02-14 14:10:01,257] {processor.py:153} INFO - Started process (PID=2469) to work on /opt/conda/lib/python3.8/site-packages/airflow/example_dags/example_latest_only.py
[2025-02-14 14:10:01,259] {processor.py:641} INFO - Processing file /opt/conda/lib/python3.8/site-packages/airflow/example_dags/example_latest_only.py for tasks to queue
[2025-02-14 14:10:01,259] {logging_mixin.py:115} INFO - [2025-02-14 14:10:01,259] {dagbag.py:508} INFO - Filling up the DagBag from /opt/conda/lib/python3.8/site-packages/airflow/example_dags/example_latest_only.py
[2025-02-14 14:10:01,264] {processor.py:651} INFO - DAG(s) dict_keys(['latest_only']) retrieved from /opt/conda/lib/python3.8/site-packages/airflow/example_dags/example_latest_only.py
[2025-02-14 14:10:01,395] {logging_mixin.py:115} INFO - [2025-02-14 14:10:01,395] {dag.py:2420} INFO - Sync 1 DAGs
[2025-02-14 14:10:01,407] {logging_mixin.py:115} INFO - [2025-02-14 14:10:01,407] {dag.py:2968} INFO - Setting next_dagrun for latest_only to 2025-02-14T10:10:01.407308+00:00, run_after=2025-02-14T14:10:01.407308+00:00
[2025-02-14 14:10:01,428] {processor.py:161} INFO - Processing /opt/conda/lib/python3.8/site-packages/airflow/example_dags/example_latest_only.py took 0.174 seconds
[2025-02-14 14:10:47,737] {processor.py:153} INFO - Started process (PID=2509) to work on /opt/conda/lib/python3.8/site-packages/airflow/example_dags/example_latest_only.py
[2025-02-14 14:10:47,739] {processor.py:641} INFO - Processing file /opt/conda/lib/python3.8/site-packages/airflow/example_dags/example_latest_only.py for tasks to queue
[2025-02-14 14:10:47,739] {logging_mixin.py:115} INFO - [2025-02-14 14:10:47,739] {dagbag.py:508} INFO - Filling up the DagBag from /opt/conda/lib/python3.8/site-packages/airflow/example_dags/example_latest_only.py
[2025-02-14 14:10:47,745] {processor.py:651} INFO - DAG(s) dict_keys(['latest_only']) retrieved from /opt/conda/lib/python3.8/site-packages/airflow/example_dags/example_latest_only.py
[2025-02-14 14:10:47,883] {logging_mixin.py:115} INFO - [2025-02-14 14:10:47,883] {dag.py:2420} INFO - Sync 1 DAGs
[2025-02-14 14:10:47,894] {logging_mixin.py:115} INFO - [2025-02-14 14:10:47,894] {dag.py:2968} INFO - Setting next_dagrun for latest_only to 2025-02-14T10:10:47.894528+00:00, run_after=2025-02-14T14:10:47.894528+00:00
[2025-02-14 14:10:47,914] {processor.py:161} INFO - Processing /opt/conda/lib/python3.8/site-packages/airflow/example_dags/example_latest_only.py took 0.179 seconds
[2025-02-14 14:11:36,029] {processor.py:153} INFO - Started process (PID=2566) to work on /opt/conda/lib/python3.8/site-packages/airflow/example_dags/example_latest_only.py
[2025-02-14 14:11:36,031] {processor.py:641} INFO - Processing file /opt/conda/lib/python3.8/site-packages/airflow/example_dags/example_latest_only.py for tasks to queue
[2025-02-14 14:11:36,031] {logging_mixin.py:115} INFO - [2025-02-14 14:11:36,031] {dagbag.py:508} INFO - Filling up the DagBag from /opt/conda/lib/python3.8/site-packages/airflow/example_dags/example_latest_only.py
[2025-02-14 14:11:36,036] {processor.py:651} INFO - DAG(s) dict_keys(['latest_only']) retrieved from /opt/conda/lib/python3.8/site-packages/airflow/example_dags/example_latest_only.py
[2025-02-14 14:11:36,173] {logging_mixin.py:115} INFO - [2025-02-14 14:11:36,173] {dag.py:2420} INFO - Sync 1 DAGs
[2025-02-14 14:11:36,185] {logging_mixin.py:115} INFO - [2025-02-14 14:11:36,185] {dag.py:2968} INFO - Setting next_dagrun for latest_only to 2025-02-14T10:11:36.184864+00:00, run_after=2025-02-14T14:11:36.184864+00:00
[2025-02-14 14:11:36,204] {processor.py:161} INFO - Processing /opt/conda/lib/python3.8/site-packages/airflow/example_dags/example_latest_only.py took 0.177 seconds
[2025-02-14 14:12:17,986] {processor.py:153} INFO - Started process (PID=2620) to work on /opt/conda/lib/python3.8/site-packages/airflow/example_dags/example_latest_only.py
[2025-02-14 14:12:17,987] {processor.py:641} INFO - Processing file /opt/conda/lib/python3.8/site-packages/airflow/example_dags/example_latest_only.py for tasks to queue
[2025-02-14 14:12:17,988] {logging_mixin.py:115} INFO - [2025-02-14 14:12:17,988] {dagbag.py:508} INFO - Filling up the DagBag from /opt/conda/lib/python3.8/site-packages/airflow/example_dags/example_latest_only.py
[2025-02-14 14:12:17,994] {processor.py:651} INFO - DAG(s) dict_keys(['latest_only']) retrieved from /opt/conda/lib/python3.8/site-packages/airflow/example_dags/example_latest_only.py
[2025-02-14 14:12:18,197] {logging_mixin.py:115} INFO - [2025-02-14 14:12:18,197] {dag.py:2420} INFO - Sync 1 DAGs
[2025-02-14 14:12:18,215] {logging_mixin.py:115} INFO - [2025-02-14 14:12:18,215] {dag.py:2968} INFO - Setting next_dagrun for latest_only to 2025-02-14T10:12:18.215306+00:00, run_after=2025-02-14T14:12:18.215306+00:00
[2025-02-14 14:12:18,238] {processor.py:161} INFO - Processing /opt/conda/lib/python3.8/site-packages/airflow/example_dags/example_latest_only.py took 0.255 seconds
[2025-02-14 14:12:56,673] {processor.py:153} INFO - Started process (PID=2670) to work on /opt/conda/lib/python3.8/site-packages/airflow/example_dags/example_latest_only.py
[2025-02-14 14:12:56,675] {processor.py:641} INFO - Processing file /opt/conda/lib/python3.8/site-packages/airflow/example_dags/example_latest_only.py for tasks to queue
[2025-02-14 14:12:56,676] {logging_mixin.py:115} INFO - [2025-02-14 14:12:56,676] {dagbag.py:508} INFO - Filling up the DagBag from /opt/conda/lib/python3.8/site-packages/airflow/example_dags/example_latest_only.py
[2025-02-14 14:12:56,681] {processor.py:651} INFO - DAG(s) dict_keys(['latest_only']) retrieved from /opt/conda/lib/python3.8/site-packages/airflow/example_dags/example_latest_only.py
[2025-02-14 14:12:56,812] {logging_mixin.py:115} INFO - [2025-02-14 14:12:56,812] {dag.py:2420} INFO - Sync 1 DAGs
[2025-02-14 14:12:56,823] {logging_mixin.py:115} INFO - [2025-02-14 14:12:56,823] {dag.py:2968} INFO - Setting next_dagrun for latest_only to 2025-02-14T10:12:56.823432+00:00, run_after=2025-02-14T14:12:56.823432+00:00
[2025-02-14 14:12:56,843] {processor.py:161} INFO - Processing /opt/conda/lib/python3.8/site-packages/airflow/example_dags/example_latest_only.py took 0.172 seconds
[2025-02-14 14:13:36,312] {processor.py:153} INFO - Started process (PID=2721) to work on /opt/conda/lib/python3.8/site-packages/airflow/example_dags/example_latest_only.py
[2025-02-14 14:13:36,314] {processor.py:641} INFO - Processing file /opt/conda/lib/python3.8/site-packages/airflow/example_dags/example_latest_only.py for tasks to queue
[2025-02-14 14:13:36,314] {logging_mixin.py:115} INFO - [2025-02-14 14:13:36,314] {dagbag.py:508} INFO - Filling up the DagBag from /opt/conda/lib/python3.8/site-packages/airflow/example_dags/example_latest_only.py
[2025-02-14 14:13:36,320] {processor.py:651} INFO - DAG(s) dict_keys(['latest_only']) retrieved from /opt/conda/lib/python3.8/site-packages/airflow/example_dags/example_latest_only.py
[2025-02-14 14:13:36,458] {logging_mixin.py:115} INFO - [2025-02-14 14:13:36,458] {dag.py:2420} INFO - Sync 1 DAGs
[2025-02-14 14:13:36,469] {logging_mixin.py:115} INFO - [2025-02-14 14:13:36,469] {dag.py:2968} INFO - Setting next_dagrun for latest_only to 2025-02-14T10:13:36.469564+00:00, run_after=2025-02-14T14:13:36.469564+00:00
[2025-02-14 14:13:36,487] {processor.py:161} INFO - Processing /opt/conda/lib/python3.8/site-packages/airflow/example_dags/example_latest_only.py took 0.178 seconds
[2025-02-14 14:14:17,645] {processor.py:153} INFO - Started process (PID=2773) to work on /opt/conda/lib/python3.8/site-packages/airflow/example_dags/example_latest_only.py
[2025-02-14 14:14:17,808] {processor.py:641} INFO - Processing file /opt/conda/lib/python3.8/site-packages/airflow/example_dags/example_latest_only.py for tasks to queue
[2025-02-14 14:14:17,808] {logging_mixin.py:115} INFO - [2025-02-14 14:14:17,808] {dagbag.py:508} INFO - Filling up the DagBag from /opt/conda/lib/python3.8/site-packages/airflow/example_dags/example_latest_only.py
[2025-02-14 14:14:17,814] {processor.py:651} INFO - DAG(s) dict_keys(['latest_only']) retrieved from /opt/conda/lib/python3.8/site-packages/airflow/example_dags/example_latest_only.py
[2025-02-14 14:14:17,830] {logging_mixin.py:115} INFO - [2025-02-14 14:14:17,830] {dag.py:2420} INFO - Sync 1 DAGs
[2025-02-14 14:14:17,848] {logging_mixin.py:115} INFO - [2025-02-14 14:14:17,848] {dag.py:2968} INFO - Setting next_dagrun for latest_only to 2025-02-14T10:14:17.847952+00:00, run_after=2025-02-14T14:14:17.847952+00:00
[2025-02-14 14:14:17,870] {processor.py:161} INFO - Processing /opt/conda/lib/python3.8/site-packages/airflow/example_dags/example_latest_only.py took 0.228 seconds
[2025-02-14 14:14:58,102] {processor.py:153} INFO - Started process (PID=2828) to work on /opt/conda/lib/python3.8/site-packages/airflow/example_dags/example_latest_only.py
[2025-02-14 14:14:58,103] {processor.py:641} INFO - Processing file /opt/conda/lib/python3.8/site-packages/airflow/example_dags/example_latest_only.py for tasks to queue
[2025-02-14 14:14:58,103] {logging_mixin.py:115} INFO - [2025-02-14 14:14:58,103] {dagbag.py:508} INFO - Filling up the DagBag from /opt/conda/lib/python3.8/site-packages/airflow/example_dags/example_latest_only.py
[2025-02-14 14:14:58,109] {processor.py:651} INFO - DAG(s) dict_keys(['latest_only']) retrieved from /opt/conda/lib/python3.8/site-packages/airflow/example_dags/example_latest_only.py
[2025-02-14 14:14:58,125] {logging_mixin.py:115} INFO - [2025-02-14 14:14:58,125] {dag.py:2420} INFO - Sync 1 DAGs
[2025-02-14 14:14:58,143] {logging_mixin.py:115} INFO - [2025-02-14 14:14:58,143] {dag.py:2968} INFO - Setting next_dagrun for latest_only to 2025-02-14T10:14:58.142823+00:00, run_after=2025-02-14T14:14:58.142823+00:00
[2025-02-14 14:14:58,165] {processor.py:161} INFO - Processing /opt/conda/lib/python3.8/site-packages/airflow/example_dags/example_latest_only.py took 0.067 seconds
[2025-02-14 14:15:38,570] {processor.py:153} INFO - Started process (PID=2891) to work on /opt/conda/lib/python3.8/site-packages/airflow/example_dags/example_latest_only.py
[2025-02-14 14:15:38,580] {processor.py:641} INFO - Processing file /opt/conda/lib/python3.8/site-packages/airflow/example_dags/example_latest_only.py for tasks to queue
[2025-02-14 14:15:38,581] {logging_mixin.py:115} INFO - [2025-02-14 14:15:38,581] {dagbag.py:508} INFO - Filling up the DagBag from /opt/conda/lib/python3.8/site-packages/airflow/example_dags/example_latest_only.py
[2025-02-14 14:15:38,587] {processor.py:651} INFO - DAG(s) dict_keys(['latest_only']) retrieved from /opt/conda/lib/python3.8/site-packages/airflow/example_dags/example_latest_only.py
[2025-02-14 14:15:38,603] {logging_mixin.py:115} INFO - [2025-02-14 14:15:38,602] {dag.py:2420} INFO - Sync 1 DAGs
[2025-02-14 14:15:38,621] {logging_mixin.py:115} INFO - [2025-02-14 14:15:38,621] {dag.py:2968} INFO - Setting next_dagrun for latest_only to 2025-02-14T10:15:38.620780+00:00, run_after=2025-02-14T14:15:38.620780+00:00
[2025-02-14 14:15:38,642] {processor.py:161} INFO - Processing /opt/conda/lib/python3.8/site-packages/airflow/example_dags/example_latest_only.py took 0.076 seconds
[2025-02-14 14:16:43,965] {processor.py:153} INFO - Started process (PID=3008) to work on /opt/conda/lib/python3.8/site-packages/airflow/example_dags/example_latest_only.py
[2025-02-14 14:16:43,967] {processor.py:641} INFO - Processing file /opt/conda/lib/python3.8/site-packages/airflow/example_dags/example_latest_only.py for tasks to queue
[2025-02-14 14:16:43,967] {logging_mixin.py:115} INFO - [2025-02-14 14:16:43,967] {dagbag.py:508} INFO - Filling up the DagBag from /opt/conda/lib/python3.8/site-packages/airflow/example_dags/example_latest_only.py
[2025-02-14 14:16:43,973] {processor.py:651} INFO - DAG(s) dict_keys(['latest_only']) retrieved from /opt/conda/lib/python3.8/site-packages/airflow/example_dags/example_latest_only.py
[2025-02-14 14:16:44,102] {logging_mixin.py:115} INFO - [2025-02-14 14:16:44,102] {dag.py:2420} INFO - Sync 1 DAGs
[2025-02-14 14:16:44,113] {logging_mixin.py:115} INFO - [2025-02-14 14:16:44,113] {dag.py:2968} INFO - Setting next_dagrun for latest_only to 2025-02-14T10:16:44.113493+00:00, run_after=2025-02-14T14:16:44.113493+00:00
[2025-02-14 14:16:44,134] {processor.py:161} INFO - Processing /opt/conda/lib/python3.8/site-packages/airflow/example_dags/example_latest_only.py took 0.171 seconds
[2025-02-14 14:17:30,500] {processor.py:153} INFO - Started process (PID=3062) to work on /opt/conda/lib/python3.8/site-packages/airflow/example_dags/example_latest_only.py
[2025-02-14 14:17:30,722] {processor.py:641} INFO - Processing file /opt/conda/lib/python3.8/site-packages/airflow/example_dags/example_latest_only.py for tasks to queue
[2025-02-14 14:17:30,722] {logging_mixin.py:115} INFO - [2025-02-14 14:17:30,722] {dagbag.py:508} INFO - Filling up the DagBag from /opt/conda/lib/python3.8/site-packages/airflow/example_dags/example_latest_only.py
[2025-02-14 14:17:30,728] {processor.py:651} INFO - DAG(s) dict_keys(['latest_only']) retrieved from /opt/conda/lib/python3.8/site-packages/airflow/example_dags/example_latest_only.py
[2025-02-14 14:17:30,861] {logging_mixin.py:115} INFO - [2025-02-14 14:17:30,861] {dag.py:2420} INFO - Sync 1 DAGs
[2025-02-14 14:17:30,873] {logging_mixin.py:115} INFO - [2025-02-14 14:17:30,873] {dag.py:2968} INFO - Setting next_dagrun for latest_only to 2025-02-14T10:17:30.873060+00:00, run_after=2025-02-14T14:17:30.873060+00:00
[2025-02-14 14:17:30,892] {processor.py:161} INFO - Processing /opt/conda/lib/python3.8/site-packages/airflow/example_dags/example_latest_only.py took 0.395 seconds
[2025-02-14 14:18:14,548] {processor.py:153} INFO - Started process (PID=3116) to work on /opt/conda/lib/python3.8/site-packages/airflow/example_dags/example_latest_only.py
[2025-02-14 14:18:14,550] {processor.py:641} INFO - Processing file /opt/conda/lib/python3.8/site-packages/airflow/example_dags/example_latest_only.py for tasks to queue
[2025-02-14 14:18:14,550] {logging_mixin.py:115} INFO - [2025-02-14 14:18:14,550] {dagbag.py:508} INFO - Filling up the DagBag from /opt/conda/lib/python3.8/site-packages/airflow/example_dags/example_latest_only.py
[2025-02-14 14:18:14,555] {processor.py:651} INFO - DAG(s) dict_keys(['latest_only']) retrieved from /opt/conda/lib/python3.8/site-packages/airflow/example_dags/example_latest_only.py
[2025-02-14 14:18:14,685] {logging_mixin.py:115} INFO - [2025-02-14 14:18:14,685] {dag.py:2420} INFO - Sync 1 DAGs
[2025-02-14 14:18:14,696] {logging_mixin.py:115} INFO - [2025-02-14 14:18:14,696] {dag.py:2968} INFO - Setting next_dagrun for latest_only to 2025-02-14T10:18:14.696541+00:00, run_after=2025-02-14T14:18:14.696541+00:00
[2025-02-14 14:18:14,715] {processor.py:161} INFO - Processing /opt/conda/lib/python3.8/site-packages/airflow/example_dags/example_latest_only.py took 0.170 seconds
[2025-02-14 14:18:58,824] {processor.py:153} INFO - Started process (PID=3200) to work on /opt/conda/lib/python3.8/site-packages/airflow/example_dags/example_latest_only.py
[2025-02-14 14:18:58,825] {processor.py:641} INFO - Processing file /opt/conda/lib/python3.8/site-packages/airflow/example_dags/example_latest_only.py for tasks to queue
[2025-02-14 14:18:58,826] {logging_mixin.py:115} INFO - [2025-02-14 14:18:58,826] {dagbag.py:508} INFO - Filling up the DagBag from /opt/conda/lib/python3.8/site-packages/airflow/example_dags/example_latest_only.py
[2025-02-14 14:18:58,831] {processor.py:651} INFO - DAG(s) dict_keys(['latest_only']) retrieved from /opt/conda/lib/python3.8/site-packages/airflow/example_dags/example_latest_only.py
[2025-02-14 14:18:58,962] {logging_mixin.py:115} INFO - [2025-02-14 14:18:58,962] {dag.py:2420} INFO - Sync 1 DAGs
[2025-02-14 14:18:58,974] {logging_mixin.py:115} INFO - [2025-02-14 14:18:58,974] {dag.py:2968} INFO - Setting next_dagrun for latest_only to 2025-02-14T10:18:58.974027+00:00, run_after=2025-02-14T14:18:58.974027+00:00
[2025-02-14 14:18:58,992] {processor.py:161} INFO - Processing /opt/conda/lib/python3.8/site-packages/airflow/example_dags/example_latest_only.py took 0.171 seconds
[2025-02-14 14:20:49,541] {processor.py:153} INFO - Started process (PID=3291) to work on /opt/conda/lib/python3.8/site-packages/airflow/example_dags/example_latest_only.py
[2025-02-14 14:20:49,542] {processor.py:641} INFO - Processing file /opt/conda/lib/python3.8/site-packages/airflow/example_dags/example_latest_only.py for tasks to queue
[2025-02-14 14:20:49,543] {logging_mixin.py:115} INFO - [2025-02-14 14:20:49,543] {dagbag.py:508} INFO - Filling up the DagBag from /opt/conda/lib/python3.8/site-packages/airflow/example_dags/example_latest_only.py
[2025-02-14 14:20:49,548] {processor.py:651} INFO - DAG(s) dict_keys(['latest_only']) retrieved from /opt/conda/lib/python3.8/site-packages/airflow/example_dags/example_latest_only.py
[2025-02-14 14:20:49,703] {logging_mixin.py:115} INFO - [2025-02-14 14:20:49,702] {dag.py:2420} INFO - Sync 1 DAGs
[2025-02-14 14:20:49,715] {logging_mixin.py:115} INFO - [2025-02-14 14:20:49,714] {dag.py:2968} INFO - Setting next_dagrun for latest_only to 2025-02-14T10:20:49.714662+00:00, run_after=2025-02-14T14:20:49.714662+00:00
[2025-02-14 14:20:49,735] {processor.py:161} INFO - Processing /opt/conda/lib/python3.8/site-packages/airflow/example_dags/example_latest_only.py took 0.197 seconds
[2025-02-14 14:21:35,485] {processor.py:153} INFO - Started process (PID=3347) to work on /opt/conda/lib/python3.8/site-packages/airflow/example_dags/example_latest_only.py
[2025-02-14 14:21:35,487] {processor.py:641} INFO - Processing file /opt/conda/lib/python3.8/site-packages/airflow/example_dags/example_latest_only.py for tasks to queue
[2025-02-14 14:21:35,488] {logging_mixin.py:115} INFO - [2025-02-14 14:21:35,487] {dagbag.py:508} INFO - Filling up the DagBag from /opt/conda/lib/python3.8/site-packages/airflow/example_dags/example_latest_only.py
[2025-02-14 14:21:35,493] {processor.py:651} INFO - DAG(s) dict_keys(['latest_only']) retrieved from /opt/conda/lib/python3.8/site-packages/airflow/example_dags/example_latest_only.py
[2025-02-14 14:21:35,647] {logging_mixin.py:115} INFO - [2025-02-14 14:21:35,646] {dag.py:2420} INFO - Sync 1 DAGs
[2025-02-14 14:21:35,658] {logging_mixin.py:115} INFO - [2025-02-14 14:21:35,658] {dag.py:2968} INFO - Setting next_dagrun for latest_only to 2025-02-14T10:21:35.658588+00:00, run_after=2025-02-14T14:21:35.658588+00:00
[2025-02-14 14:21:35,697] {processor.py:161} INFO - Processing /opt/conda/lib/python3.8/site-packages/airflow/example_dags/example_latest_only.py took 0.215 seconds
[2025-02-14 14:22:21,989] {processor.py:153} INFO - Started process (PID=3410) to work on /opt/conda/lib/python3.8/site-packages/airflow/example_dags/example_latest_only.py
[2025-02-14 14:22:21,990] {processor.py:641} INFO - Processing file /opt/conda/lib/python3.8/site-packages/airflow/example_dags/example_latest_only.py for tasks to queue
[2025-02-14 14:22:21,990] {logging_mixin.py:115} INFO - [2025-02-14 14:22:21,990] {dagbag.py:508} INFO - Filling up the DagBag from /opt/conda/lib/python3.8/site-packages/airflow/example_dags/example_latest_only.py
[2025-02-14 14:22:21,996] {processor.py:651} INFO - DAG(s) dict_keys(['latest_only']) retrieved from /opt/conda/lib/python3.8/site-packages/airflow/example_dags/example_latest_only.py
[2025-02-14 14:22:22,160] {logging_mixin.py:115} INFO - [2025-02-14 14:22:22,160] {dag.py:2420} INFO - Sync 1 DAGs
[2025-02-14 14:22:22,175] {logging_mixin.py:115} INFO - [2025-02-14 14:22:22,175] {dag.py:2968} INFO - Setting next_dagrun for latest_only to 2025-02-14T10:22:22.175454+00:00, run_after=2025-02-14T14:22:22.175454+00:00
[2025-02-14 14:22:22,199] {processor.py:161} INFO - Processing /opt/conda/lib/python3.8/site-packages/airflow/example_dags/example_latest_only.py took 0.213 seconds
[2025-02-14 14:23:38,385] {processor.py:153} INFO - Started process (PID=3548) to work on /opt/conda/lib/python3.8/site-packages/airflow/example_dags/example_latest_only.py
[2025-02-14 14:23:38,387] {processor.py:641} INFO - Processing file /opt/conda/lib/python3.8/site-packages/airflow/example_dags/example_latest_only.py for tasks to queue
[2025-02-14 14:23:38,388] {logging_mixin.py:115} INFO - [2025-02-14 14:23:38,388] {dagbag.py:508} INFO - Filling up the DagBag from /opt/conda/lib/python3.8/site-packages/airflow/example_dags/example_latest_only.py
[2025-02-14 14:23:38,393] {processor.py:651} INFO - DAG(s) dict_keys(['latest_only']) retrieved from /opt/conda/lib/python3.8/site-packages/airflow/example_dags/example_latest_only.py
[2025-02-14 14:23:38,531] {logging_mixin.py:115} INFO - [2025-02-14 14:23:38,531] {dag.py:2420} INFO - Sync 1 DAGs
[2025-02-14 14:23:38,542] {logging_mixin.py:115} INFO - [2025-02-14 14:23:38,542] {dag.py:2968} INFO - Setting next_dagrun for latest_only to 2025-02-14T10:23:38.542417+00:00, run_after=2025-02-14T14:23:38.542417+00:00
[2025-02-14 14:23:38,562] {processor.py:161} INFO - Processing /opt/conda/lib/python3.8/site-packages/airflow/example_dags/example_latest_only.py took 0.180 seconds
[2025-02-14 14:24:20,823] {processor.py:153} INFO - Started process (PID=3602) to work on /opt/conda/lib/python3.8/site-packages/airflow/example_dags/example_latest_only.py
[2025-02-14 14:24:20,824] {processor.py:641} INFO - Processing file /opt/conda/lib/python3.8/site-packages/airflow/example_dags/example_latest_only.py for tasks to queue
[2025-02-14 14:24:20,825] {logging_mixin.py:115} INFO - [2025-02-14 14:24:20,825] {dagbag.py:508} INFO - Filling up the DagBag from /opt/conda/lib/python3.8/site-packages/airflow/example_dags/example_latest_only.py
[2025-02-14 14:24:20,830] {processor.py:651} INFO - DAG(s) dict_keys(['latest_only']) retrieved from /opt/conda/lib/python3.8/site-packages/airflow/example_dags/example_latest_only.py
[2025-02-14 14:24:20,957] {logging_mixin.py:115} INFO - [2025-02-14 14:24:20,957] {dag.py:2420} INFO - Sync 1 DAGs
[2025-02-14 14:24:20,968] {logging_mixin.py:115} INFO - [2025-02-14 14:24:20,968] {dag.py:2968} INFO - Setting next_dagrun for latest_only to 2025-02-14T10:24:20.968638+00:00, run_after=2025-02-14T14:24:20.968638+00:00
[2025-02-14 14:24:20,988] {processor.py:161} INFO - Processing /opt/conda/lib/python3.8/site-packages/airflow/example_dags/example_latest_only.py took 0.168 seconds
[2025-02-14 14:25:05,021] {processor.py:153} INFO - Started process (PID=3656) to work on /opt/conda/lib/python3.8/site-packages/airflow/example_dags/example_latest_only.py
[2025-02-14 14:25:05,022] {processor.py:641} INFO - Processing file /opt/conda/lib/python3.8/site-packages/airflow/example_dags/example_latest_only.py for tasks to queue
[2025-02-14 14:25:05,023] {logging_mixin.py:115} INFO - [2025-02-14 14:25:05,022] {dagbag.py:508} INFO - Filling up the DagBag from /opt/conda/lib/python3.8/site-packages/airflow/example_dags/example_latest_only.py
[2025-02-14 14:25:05,028] {processor.py:651} INFO - DAG(s) dict_keys(['latest_only']) retrieved from /opt/conda/lib/python3.8/site-packages/airflow/example_dags/example_latest_only.py
[2025-02-14 14:25:05,167] {logging_mixin.py:115} INFO - [2025-02-14 14:25:05,167] {dag.py:2420} INFO - Sync 1 DAGs
[2025-02-14 14:25:05,179] {logging_mixin.py:115} INFO - [2025-02-14 14:25:05,179] {dag.py:2968} INFO - Setting next_dagrun for latest_only to 2025-02-14T10:25:05.179188+00:00, run_after=2025-02-14T14:25:05.179188+00:00
[2025-02-14 14:25:05,203] {processor.py:161} INFO - Processing /opt/conda/lib/python3.8/site-packages/airflow/example_dags/example_latest_only.py took 0.186 seconds
[2025-02-14 14:25:49,573] {processor.py:153} INFO - Started process (PID=3710) to work on /opt/conda/lib/python3.8/site-packages/airflow/example_dags/example_latest_only.py
[2025-02-14 14:25:49,575] {processor.py:641} INFO - Processing file /opt/conda/lib/python3.8/site-packages/airflow/example_dags/example_latest_only.py for tasks to queue
[2025-02-14 14:25:49,575] {logging_mixin.py:115} INFO - [2025-02-14 14:25:49,575] {dagbag.py:508} INFO - Filling up the DagBag from /opt/conda/lib/python3.8/site-packages/airflow/example_dags/example_latest_only.py
[2025-02-14 14:25:49,580] {processor.py:651} INFO - DAG(s) dict_keys(['latest_only']) retrieved from /opt/conda/lib/python3.8/site-packages/airflow/example_dags/example_latest_only.py
[2025-02-14 14:25:49,714] {logging_mixin.py:115} INFO - [2025-02-14 14:25:49,713] {dag.py:2420} INFO - Sync 1 DAGs
[2025-02-14 14:25:49,725] {logging_mixin.py:115} INFO - [2025-02-14 14:25:49,725] {dag.py:2968} INFO - Setting next_dagrun for latest_only to 2025-02-14T10:25:49.725437+00:00, run_after=2025-02-14T14:25:49.725437+00:00
[2025-02-14 14:25:49,744] {processor.py:161} INFO - Processing /opt/conda/lib/python3.8/site-packages/airflow/example_dags/example_latest_only.py took 0.174 seconds
[2025-02-14 14:26:30,464] {processor.py:153} INFO - Started process (PID=3762) to work on /opt/conda/lib/python3.8/site-packages/airflow/example_dags/example_latest_only.py
[2025-02-14 14:26:30,466] {processor.py:641} INFO - Processing file /opt/conda/lib/python3.8/site-packages/airflow/example_dags/example_latest_only.py for tasks to queue
[2025-02-14 14:26:30,467] {logging_mixin.py:115} INFO - [2025-02-14 14:26:30,467] {dagbag.py:508} INFO - Filling up the DagBag from /opt/conda/lib/python3.8/site-packages/airflow/example_dags/example_latest_only.py
[2025-02-14 14:26:30,472] {processor.py:651} INFO - DAG(s) dict_keys(['latest_only']) retrieved from /opt/conda/lib/python3.8/site-packages/airflow/example_dags/example_latest_only.py
[2025-02-14 14:26:30,614] {logging_mixin.py:115} INFO - [2025-02-14 14:26:30,614] {dag.py:2420} INFO - Sync 1 DAGs
[2025-02-14 14:26:30,626] {logging_mixin.py:115} INFO - [2025-02-14 14:26:30,626] {dag.py:2968} INFO - Setting next_dagrun for latest_only to 2025-02-14T10:26:30.625990+00:00, run_after=2025-02-14T14:26:30.625990+00:00
[2025-02-14 14:26:30,645] {processor.py:161} INFO - Processing /opt/conda/lib/python3.8/site-packages/airflow/example_dags/example_latest_only.py took 0.184 seconds
[2025-02-14 14:27:13,768] {processor.py:153} INFO - Started process (PID=3814) to work on /opt/conda/lib/python3.8/site-packages/airflow/example_dags/example_latest_only.py
[2025-02-14 14:27:13,769] {processor.py:641} INFO - Processing file /opt/conda/lib/python3.8/site-packages/airflow/example_dags/example_latest_only.py for tasks to queue
[2025-02-14 14:27:13,770] {logging_mixin.py:115} INFO - [2025-02-14 14:27:13,770] {dagbag.py:508} INFO - Filling up the DagBag from /opt/conda/lib/python3.8/site-packages/airflow/example_dags/example_latest_only.py
[2025-02-14 14:27:13,775] {processor.py:651} INFO - DAG(s) dict_keys(['latest_only']) retrieved from /opt/conda/lib/python3.8/site-packages/airflow/example_dags/example_latest_only.py
[2025-02-14 14:27:13,907] {logging_mixin.py:115} INFO - [2025-02-14 14:27:13,907] {dag.py:2420} INFO - Sync 1 DAGs
[2025-02-14 14:27:13,919] {logging_mixin.py:115} INFO - [2025-02-14 14:27:13,918] {dag.py:2968} INFO - Setting next_dagrun for latest_only to 2025-02-14T10:27:13.918673+00:00, run_after=2025-02-14T14:27:13.918673+00:00
[2025-02-14 14:27:13,937] {processor.py:161} INFO - Processing /opt/conda/lib/python3.8/site-packages/airflow/example_dags/example_latest_only.py took 0.172 seconds
[2025-02-14 14:27:58,712] {processor.py:153} INFO - Started process (PID=3868) to work on /opt/conda/lib/python3.8/site-packages/airflow/example_dags/example_latest_only.py
[2025-02-14 14:27:58,791] {processor.py:641} INFO - Processing file /opt/conda/lib/python3.8/site-packages/airflow/example_dags/example_latest_only.py for tasks to queue
[2025-02-14 14:27:58,791] {logging_mixin.py:115} INFO - [2025-02-14 14:27:58,791] {dagbag.py:508} INFO - Filling up the DagBag from /opt/conda/lib/python3.8/site-packages/airflow/example_dags/example_latest_only.py
[2025-02-14 14:27:58,797] {processor.py:651} INFO - DAG(s) dict_keys(['latest_only']) retrieved from /opt/conda/lib/python3.8/site-packages/airflow/example_dags/example_latest_only.py
[2025-02-14 14:27:58,947] {logging_mixin.py:115} INFO - [2025-02-14 14:27:58,947] {dag.py:2420} INFO - Sync 1 DAGs
[2025-02-14 14:27:58,962] {logging_mixin.py:115} INFO - [2025-02-14 14:27:58,962] {dag.py:2968} INFO - Setting next_dagrun for latest_only to 2025-02-14T10:27:58.962373+00:00, run_after=2025-02-14T14:27:58.962373+00:00
[2025-02-14 14:27:58,983] {processor.py:161} INFO - Processing /opt/conda/lib/python3.8/site-packages/airflow/example_dags/example_latest_only.py took 0.274 seconds
[2025-02-14 14:28:44,225] {processor.py:153} INFO - Started process (PID=3931) to work on /opt/conda/lib/python3.8/site-packages/airflow/example_dags/example_latest_only.py
[2025-02-14 14:28:44,505] {processor.py:641} INFO - Processing file /opt/conda/lib/python3.8/site-packages/airflow/example_dags/example_latest_only.py for tasks to queue
[2025-02-14 14:28:44,505] {logging_mixin.py:115} INFO - [2025-02-14 14:28:44,505] {dagbag.py:508} INFO - Filling up the DagBag from /opt/conda/lib/python3.8/site-packages/airflow/example_dags/example_latest_only.py
[2025-02-14 14:28:44,511] {processor.py:651} INFO - DAG(s) dict_keys(['latest_only']) retrieved from /opt/conda/lib/python3.8/site-packages/airflow/example_dags/example_latest_only.py
[2025-02-14 14:28:44,527] {logging_mixin.py:115} INFO - [2025-02-14 14:28:44,527] {dag.py:2420} INFO - Sync 1 DAGs
[2025-02-14 14:28:44,545] {logging_mixin.py:115} INFO - [2025-02-14 14:28:44,545] {dag.py:2968} INFO - Setting next_dagrun for latest_only to 2025-02-14T10:28:44.545155+00:00, run_after=2025-02-14T14:28:44.545155+00:00
[2025-02-14 14:28:44,573] {processor.py:161} INFO - Processing /opt/conda/lib/python3.8/site-packages/airflow/example_dags/example_latest_only.py took 0.351 seconds
[2025-02-14 14:29:22,148] {processor.py:153} INFO - Started process (PID=3983) to work on /opt/conda/lib/python3.8/site-packages/airflow/example_dags/example_latest_only.py
[2025-02-14 14:29:22,150] {processor.py:641} INFO - Processing file /opt/conda/lib/python3.8/site-packages/airflow/example_dags/example_latest_only.py for tasks to queue
[2025-02-14 14:29:22,150] {logging_mixin.py:115} INFO - [2025-02-14 14:29:22,150] {dagbag.py:508} INFO - Filling up the DagBag from /opt/conda/lib/python3.8/site-packages/airflow/example_dags/example_latest_only.py
[2025-02-14 14:29:22,156] {processor.py:651} INFO - DAG(s) dict_keys(['latest_only']) retrieved from /opt/conda/lib/python3.8/site-packages/airflow/example_dags/example_latest_only.py
[2025-02-14 14:29:22,172] {logging_mixin.py:115} INFO - [2025-02-14 14:29:22,171] {dag.py:2420} INFO - Sync 1 DAGs
[2025-02-14 14:29:22,189] {logging_mixin.py:115} INFO - [2025-02-14 14:29:22,189] {dag.py:2968} INFO - Setting next_dagrun for latest_only to 2025-02-14T10:29:22.189624+00:00, run_after=2025-02-14T14:29:22.189624+00:00
[2025-02-14 14:29:22,213] {processor.py:161} INFO - Processing /opt/conda/lib/python3.8/site-packages/airflow/example_dags/example_latest_only.py took 0.068 seconds
[2025-02-14 14:30:03,994] {processor.py:153} INFO - Started process (PID=4046) to work on /opt/conda/lib/python3.8/site-packages/airflow/example_dags/example_latest_only.py
[2025-02-14 14:30:04,006] {processor.py:641} INFO - Processing file /opt/conda/lib/python3.8/site-packages/airflow/example_dags/example_latest_only.py for tasks to queue
[2025-02-14 14:30:04,006] {logging_mixin.py:115} INFO - [2025-02-14 14:30:04,006] {dagbag.py:508} INFO - Filling up the DagBag from /opt/conda/lib/python3.8/site-packages/airflow/example_dags/example_latest_only.py
[2025-02-14 14:30:04,012] {processor.py:651} INFO - DAG(s) dict_keys(['latest_only']) retrieved from /opt/conda/lib/python3.8/site-packages/airflow/example_dags/example_latest_only.py
[2025-02-14 14:30:04,028] {logging_mixin.py:115} INFO - [2025-02-14 14:30:04,027] {dag.py:2420} INFO - Sync 1 DAGs
[2025-02-14 14:30:04,046] {logging_mixin.py:115} INFO - [2025-02-14 14:30:04,046] {dag.py:2968} INFO - Setting next_dagrun for latest_only to 2025-02-14T10:30:04.045727+00:00, run_after=2025-02-14T14:30:04.045727+00:00
[2025-02-14 14:30:04,068] {processor.py:161} INFO - Processing /opt/conda/lib/python3.8/site-packages/airflow/example_dags/example_latest_only.py took 0.077 seconds
[2025-02-14 14:30:41,614] {processor.py:153} INFO - Started process (PID=4100) to work on /opt/conda/lib/python3.8/site-packages/airflow/example_dags/example_latest_only.py
[2025-02-14 14:30:41,615] {processor.py:641} INFO - Processing file /opt/conda/lib/python3.8/site-packages/airflow/example_dags/example_latest_only.py for tasks to queue
[2025-02-14 14:30:41,616] {logging_mixin.py:115} INFO - [2025-02-14 14:30:41,616] {dagbag.py:508} INFO - Filling up the DagBag from /opt/conda/lib/python3.8/site-packages/airflow/example_dags/example_latest_only.py
[2025-02-14 14:30:41,621] {processor.py:651} INFO - DAG(s) dict_keys(['latest_only']) retrieved from /opt/conda/lib/python3.8/site-packages/airflow/example_dags/example_latest_only.py
[2025-02-14 14:30:41,637] {logging_mixin.py:115} INFO - [2025-02-14 14:30:41,637] {dag.py:2420} INFO - Sync 1 DAGs
[2025-02-14 14:30:41,655] {logging_mixin.py:115} INFO - [2025-02-14 14:30:41,655] {dag.py:2968} INFO - Setting next_dagrun for latest_only to 2025-02-14T10:30:41.655231+00:00, run_after=2025-02-14T14:30:41.655231+00:00
[2025-02-14 14:30:41,677] {processor.py:161} INFO - Processing /opt/conda/lib/python3.8/site-packages/airflow/example_dags/example_latest_only.py took 0.066 seconds
[2025-02-14 14:31:22,113] {processor.py:153} INFO - Started process (PID=4156) to work on /opt/conda/lib/python3.8/site-packages/airflow/example_dags/example_latest_only.py
[2025-02-14 14:31:22,114] {processor.py:641} INFO - Processing file /opt/conda/lib/python3.8/site-packages/airflow/example_dags/example_latest_only.py for tasks to queue
[2025-02-14 14:31:22,115] {logging_mixin.py:115} INFO - [2025-02-14 14:31:22,115] {dagbag.py:508} INFO - Filling up the DagBag from /opt/conda/lib/python3.8/site-packages/airflow/example_dags/example_latest_only.py
[2025-02-14 14:31:22,120] {processor.py:651} INFO - DAG(s) dict_keys(['latest_only']) retrieved from /opt/conda/lib/python3.8/site-packages/airflow/example_dags/example_latest_only.py
[2025-02-14 14:31:22,134] {logging_mixin.py:115} INFO - [2025-02-14 14:31:22,134] {dag.py:2420} INFO - Sync 1 DAGs
[2025-02-14 14:31:22,149] {logging_mixin.py:115} INFO - [2025-02-14 14:31:22,149] {dag.py:2968} INFO - Setting next_dagrun for latest_only to 2025-02-14T10:31:22.149372+00:00, run_after=2025-02-14T14:31:22.149372+00:00
[2025-02-14 14:31:22,169] {processor.py:161} INFO - Processing /opt/conda/lib/python3.8/site-packages/airflow/example_dags/example_latest_only.py took 0.060 seconds
[2025-02-14 14:33:19,304] {processor.py:153} INFO - Started process (PID=4350) to work on /opt/conda/lib/python3.8/site-packages/airflow/example_dags/example_latest_only.py
[2025-02-14 14:33:19,306] {processor.py:641} INFO - Processing file /opt/conda/lib/python3.8/site-packages/airflow/example_dags/example_latest_only.py for tasks to queue
[2025-02-14 14:33:19,307] {logging_mixin.py:115} INFO - [2025-02-14 14:33:19,307] {dagbag.py:508} INFO - Filling up the DagBag from /opt/conda/lib/python3.8/site-packages/airflow/example_dags/example_latest_only.py
[2025-02-14 14:33:19,312] {processor.py:651} INFO - DAG(s) dict_keys(['latest_only']) retrieved from /opt/conda/lib/python3.8/site-packages/airflow/example_dags/example_latest_only.py
[2025-02-14 14:33:19,328] {logging_mixin.py:115} INFO - [2025-02-14 14:33:19,328] {dag.py:2420} INFO - Sync 1 DAGs
[2025-02-14 14:33:19,346] {logging_mixin.py:115} INFO - [2025-02-14 14:33:19,346] {dag.py:2968} INFO - Setting next_dagrun for latest_only to 2025-02-14T10:33:19.346116+00:00, run_after=2025-02-14T14:33:19.346116+00:00
[2025-02-14 14:33:19,367] {processor.py:161} INFO - Processing /opt/conda/lib/python3.8/site-packages/airflow/example_dags/example_latest_only.py took 0.066 seconds
[2025-02-14 14:34:00,784] {processor.py:153} INFO - Started process (PID=4404) to work on /opt/conda/lib/python3.8/site-packages/airflow/example_dags/example_latest_only.py
[2025-02-14 14:34:00,785] {processor.py:641} INFO - Processing file /opt/conda/lib/python3.8/site-packages/airflow/example_dags/example_latest_only.py for tasks to queue
[2025-02-14 14:34:00,786] {logging_mixin.py:115} INFO - [2025-02-14 14:34:00,786] {dagbag.py:508} INFO - Filling up the DagBag from /opt/conda/lib/python3.8/site-packages/airflow/example_dags/example_latest_only.py
[2025-02-14 14:34:00,791] {processor.py:651} INFO - DAG(s) dict_keys(['latest_only']) retrieved from /opt/conda/lib/python3.8/site-packages/airflow/example_dags/example_latest_only.py
[2025-02-14 14:34:00,807] {logging_mixin.py:115} INFO - [2025-02-14 14:34:00,807] {dag.py:2420} INFO - Sync 1 DAGs
[2025-02-14 14:34:00,826] {logging_mixin.py:115} INFO - [2025-02-14 14:34:00,826] {dag.py:2968} INFO - Setting next_dagrun for latest_only to 2025-02-14T10:34:00.825964+00:00, run_after=2025-02-14T14:34:00.825964+00:00
[2025-02-14 14:34:00,849] {processor.py:161} INFO - Processing /opt/conda/lib/python3.8/site-packages/airflow/example_dags/example_latest_only.py took 0.068 seconds
[2025-02-14 14:34:33,692] {processor.py:153} INFO - Started process (PID=4451) to work on /opt/conda/lib/python3.8/site-packages/airflow/example_dags/example_latest_only.py
[2025-02-14 14:34:33,693] {processor.py:641} INFO - Processing file /opt/conda/lib/python3.8/site-packages/airflow/example_dags/example_latest_only.py for tasks to queue
[2025-02-14 14:34:33,694] {logging_mixin.py:115} INFO - [2025-02-14 14:34:33,694] {dagbag.py:508} INFO - Filling up the DagBag from /opt/conda/lib/python3.8/site-packages/airflow/example_dags/example_latest_only.py
[2025-02-14 14:34:33,700] {processor.py:651} INFO - DAG(s) dict_keys(['latest_only']) retrieved from /opt/conda/lib/python3.8/site-packages/airflow/example_dags/example_latest_only.py
[2025-02-14 14:34:33,719] {logging_mixin.py:115} INFO - [2025-02-14 14:34:33,719] {dag.py:2420} INFO - Sync 1 DAGs
[2025-02-14 14:34:33,741] {logging_mixin.py:115} INFO - [2025-02-14 14:34:33,741] {dag.py:2968} INFO - Setting next_dagrun for latest_only to 2025-02-14T10:34:33.740759+00:00, run_after=2025-02-14T14:34:33.740759+00:00
[2025-02-14 14:34:33,765] {processor.py:161} INFO - Processing /opt/conda/lib/python3.8/site-packages/airflow/example_dags/example_latest_only.py took 0.077 seconds
[2025-02-14 14:35:10,670] {processor.py:153} INFO - Started process (PID=4502) to work on /opt/conda/lib/python3.8/site-packages/airflow/example_dags/example_latest_only.py
[2025-02-14 14:35:10,671] {processor.py:641} INFO - Processing file /opt/conda/lib/python3.8/site-packages/airflow/example_dags/example_latest_only.py for tasks to queue
[2025-02-14 14:35:10,671] {logging_mixin.py:115} INFO - [2025-02-14 14:35:10,671] {dagbag.py:508} INFO - Filling up the DagBag from /opt/conda/lib/python3.8/site-packages/airflow/example_dags/example_latest_only.py
[2025-02-14 14:35:10,676] {processor.py:651} INFO - DAG(s) dict_keys(['latest_only']) retrieved from /opt/conda/lib/python3.8/site-packages/airflow/example_dags/example_latest_only.py
[2025-02-14 14:35:10,692] {logging_mixin.py:115} INFO - [2025-02-14 14:35:10,692] {dag.py:2420} INFO - Sync 1 DAGs
[2025-02-14 14:35:10,710] {logging_mixin.py:115} INFO - [2025-02-14 14:35:10,710] {dag.py:2968} INFO - Setting next_dagrun for latest_only to 2025-02-14T10:35:10.710536+00:00, run_after=2025-02-14T14:35:10.710536+00:00
[2025-02-14 14:35:10,734] {processor.py:161} INFO - Processing /opt/conda/lib/python3.8/site-packages/airflow/example_dags/example_latest_only.py took 0.067 seconds
[2025-02-14 14:35:48,390] {processor.py:153} INFO - Started process (PID=4554) to work on /opt/conda/lib/python3.8/site-packages/airflow/example_dags/example_latest_only.py
[2025-02-14 14:35:48,392] {processor.py:641} INFO - Processing file /opt/conda/lib/python3.8/site-packages/airflow/example_dags/example_latest_only.py for tasks to queue
[2025-02-14 14:35:48,393] {logging_mixin.py:115} INFO - [2025-02-14 14:35:48,393] {dagbag.py:508} INFO - Filling up the DagBag from /opt/conda/lib/python3.8/site-packages/airflow/example_dags/example_latest_only.py
[2025-02-14 14:35:48,398] {processor.py:651} INFO - DAG(s) dict_keys(['latest_only']) retrieved from /opt/conda/lib/python3.8/site-packages/airflow/example_dags/example_latest_only.py
[2025-02-14 14:35:48,413] {logging_mixin.py:115} INFO - [2025-02-14 14:35:48,413] {dag.py:2420} INFO - Sync 1 DAGs
[2025-02-14 14:35:48,431] {logging_mixin.py:115} INFO - [2025-02-14 14:35:48,431] {dag.py:2968} INFO - Setting next_dagrun for latest_only to 2025-02-14T10:35:48.430829+00:00, run_after=2025-02-14T14:35:48.430829+00:00
[2025-02-14 14:35:48,453] {processor.py:161} INFO - Processing /opt/conda/lib/python3.8/site-packages/airflow/example_dags/example_latest_only.py took 0.066 seconds
[2025-02-14 14:36:32,629] {processor.py:153} INFO - Started process (PID=4610) to work on /opt/conda/lib/python3.8/site-packages/airflow/example_dags/example_latest_only.py
[2025-02-14 14:36:32,631] {processor.py:641} INFO - Processing file /opt/conda/lib/python3.8/site-packages/airflow/example_dags/example_latest_only.py for tasks to queue
[2025-02-14 14:36:32,631] {logging_mixin.py:115} INFO - [2025-02-14 14:36:32,631] {dagbag.py:508} INFO - Filling up the DagBag from /opt/conda/lib/python3.8/site-packages/airflow/example_dags/example_latest_only.py
[2025-02-14 14:36:32,636] {processor.py:651} INFO - DAG(s) dict_keys(['latest_only']) retrieved from /opt/conda/lib/python3.8/site-packages/airflow/example_dags/example_latest_only.py
[2025-02-14 14:36:32,652] {logging_mixin.py:115} INFO - [2025-02-14 14:36:32,652] {dag.py:2420} INFO - Sync 1 DAGs
[2025-02-14 14:36:32,671] {logging_mixin.py:115} INFO - [2025-02-14 14:36:32,671] {dag.py:2968} INFO - Setting next_dagrun for latest_only to 2025-02-14T10:36:32.670787+00:00, run_after=2025-02-14T14:36:32.670787+00:00
[2025-02-14 14:36:32,694] {processor.py:161} INFO - Processing /opt/conda/lib/python3.8/site-packages/airflow/example_dags/example_latest_only.py took 0.068 seconds
[2025-02-14 14:37:09,272] {processor.py:153} INFO - Started process (PID=4661) to work on /opt/conda/lib/python3.8/site-packages/airflow/example_dags/example_latest_only.py
[2025-02-14 14:37:09,273] {processor.py:641} INFO - Processing file /opt/conda/lib/python3.8/site-packages/airflow/example_dags/example_latest_only.py for tasks to queue
[2025-02-14 14:37:09,273] {logging_mixin.py:115} INFO - [2025-02-14 14:37:09,273] {dagbag.py:508} INFO - Filling up the DagBag from /opt/conda/lib/python3.8/site-packages/airflow/example_dags/example_latest_only.py
[2025-02-14 14:37:09,279] {processor.py:651} INFO - DAG(s) dict_keys(['latest_only']) retrieved from /opt/conda/lib/python3.8/site-packages/airflow/example_dags/example_latest_only.py
[2025-02-14 14:37:09,294] {logging_mixin.py:115} INFO - [2025-02-14 14:37:09,294] {dag.py:2420} INFO - Sync 1 DAGs
[2025-02-14 14:37:09,313] {logging_mixin.py:115} INFO - [2025-02-14 14:37:09,313] {dag.py:2968} INFO - Setting next_dagrun for latest_only to 2025-02-14T10:37:09.312728+00:00, run_after=2025-02-14T14:37:09.312728+00:00
[2025-02-14 14:37:09,334] {processor.py:161} INFO - Processing /opt/conda/lib/python3.8/site-packages/airflow/example_dags/example_latest_only.py took 0.065 seconds
[2025-02-14 14:42:09,693] {processor.py:153} INFO - Started process (PID=4764) to work on /opt/conda/lib/python3.8/site-packages/airflow/example_dags/example_latest_only.py
[2025-02-14 14:42:09,694] {processor.py:641} INFO - Processing file /opt/conda/lib/python3.8/site-packages/airflow/example_dags/example_latest_only.py for tasks to queue
[2025-02-14 14:42:09,695] {logging_mixin.py:115} INFO - [2025-02-14 14:42:09,695] {dagbag.py:508} INFO - Filling up the DagBag from /opt/conda/lib/python3.8/site-packages/airflow/example_dags/example_latest_only.py
[2025-02-14 14:42:09,700] {processor.py:651} INFO - DAG(s) dict_keys(['latest_only']) retrieved from /opt/conda/lib/python3.8/site-packages/airflow/example_dags/example_latest_only.py
[2025-02-14 14:42:09,843] {logging_mixin.py:115} INFO - [2025-02-14 14:42:09,843] {dag.py:2420} INFO - Sync 1 DAGs
[2025-02-14 14:42:09,855] {logging_mixin.py:115} INFO - [2025-02-14 14:42:09,855] {dag.py:2968} INFO - Setting next_dagrun for latest_only to 2025-02-14T10:42:09.855265+00:00, run_after=2025-02-14T14:42:09.855265+00:00
[2025-02-14 14:42:09,876] {processor.py:161} INFO - Processing /opt/conda/lib/python3.8/site-packages/airflow/example_dags/example_latest_only.py took 0.186 seconds
[2025-02-14 17:09:30,692] {processor.py:153} INFO - Started process (PID=6355) to work on /opt/conda/lib/python3.8/site-packages/airflow/example_dags/example_latest_only.py
[2025-02-14 17:09:30,694] {processor.py:641} INFO - Processing file /opt/conda/lib/python3.8/site-packages/airflow/example_dags/example_latest_only.py for tasks to queue
[2025-02-14 17:09:30,694] {logging_mixin.py:115} INFO - [2025-02-14 17:09:30,694] {dagbag.py:508} INFO - Filling up the DagBag from /opt/conda/lib/python3.8/site-packages/airflow/example_dags/example_latest_only.py
[2025-02-14 17:09:30,700] {processor.py:651} INFO - DAG(s) dict_keys(['latest_only']) retrieved from /opt/conda/lib/python3.8/site-packages/airflow/example_dags/example_latest_only.py
[2025-02-14 17:09:30,905] {logging_mixin.py:115} INFO - [2025-02-14 17:09:30,905] {dag.py:2420} INFO - Sync 1 DAGs
[2025-02-14 17:09:30,926] {logging_mixin.py:115} INFO - [2025-02-14 17:09:30,925] {dag.py:2968} INFO - Setting next_dagrun for latest_only to 2025-02-14T13:09:30.925697+00:00, run_after=2025-02-14T17:09:30.925697+00:00
[2025-02-14 17:09:30,950] {processor.py:161} INFO - Processing /opt/conda/lib/python3.8/site-packages/airflow/example_dags/example_latest_only.py took 0.261 seconds
[2025-02-14 17:10:55,216] {processor.py:153} INFO - Started process (PID=6501) to work on /opt/conda/lib/python3.8/site-packages/airflow/example_dags/example_latest_only.py
[2025-02-14 17:10:55,218] {processor.py:641} INFO - Processing file /opt/conda/lib/python3.8/site-packages/airflow/example_dags/example_latest_only.py for tasks to queue
[2025-02-14 17:10:55,218] {logging_mixin.py:115} INFO - [2025-02-14 17:10:55,218] {dagbag.py:508} INFO - Filling up the DagBag from /opt/conda/lib/python3.8/site-packages/airflow/example_dags/example_latest_only.py
[2025-02-14 17:10:55,224] {processor.py:651} INFO - DAG(s) dict_keys(['latest_only']) retrieved from /opt/conda/lib/python3.8/site-packages/airflow/example_dags/example_latest_only.py
[2025-02-14 17:10:55,426] {logging_mixin.py:115} INFO - [2025-02-14 17:10:55,426] {dag.py:2420} INFO - Sync 1 DAGs
[2025-02-14 17:10:55,444] {logging_mixin.py:115} INFO - [2025-02-14 17:10:55,444] {dag.py:2968} INFO - Setting next_dagrun for latest_only to 2025-02-14T13:10:55.444134+00:00, run_after=2025-02-14T17:10:55.444134+00:00
[2025-02-14 17:10:55,468] {processor.py:161} INFO - Processing /opt/conda/lib/python3.8/site-packages/airflow/example_dags/example_latest_only.py took 0.255 seconds
[2025-02-14 17:11:47,471] {processor.py:153} INFO - Started process (PID=6574) to work on /opt/conda/lib/python3.8/site-packages/airflow/example_dags/example_latest_only.py
[2025-02-14 17:11:47,472] {processor.py:641} INFO - Processing file /opt/conda/lib/python3.8/site-packages/airflow/example_dags/example_latest_only.py for tasks to queue
[2025-02-14 17:11:47,473] {logging_mixin.py:115} INFO - [2025-02-14 17:11:47,473] {dagbag.py:508} INFO - Filling up the DagBag from /opt/conda/lib/python3.8/site-packages/airflow/example_dags/example_latest_only.py
[2025-02-14 17:11:47,479] {processor.py:651} INFO - DAG(s) dict_keys(['latest_only']) retrieved from /opt/conda/lib/python3.8/site-packages/airflow/example_dags/example_latest_only.py
[2025-02-14 17:11:47,679] {logging_mixin.py:115} INFO - [2025-02-14 17:11:47,679] {dag.py:2420} INFO - Sync 1 DAGs
[2025-02-14 17:11:47,697] {logging_mixin.py:115} INFO - [2025-02-14 17:11:47,697] {dag.py:2968} INFO - Setting next_dagrun for latest_only to 2025-02-14T13:11:47.697539+00:00, run_after=2025-02-14T17:11:47.697539+00:00
[2025-02-14 17:11:47,722] {processor.py:161} INFO - Processing /opt/conda/lib/python3.8/site-packages/airflow/example_dags/example_latest_only.py took 0.255 seconds
[2025-02-14 17:12:43,536] {processor.py:153} INFO - Started process (PID=6647) to work on /opt/conda/lib/python3.8/site-packages/airflow/example_dags/example_latest_only.py
[2025-02-14 17:12:43,537] {processor.py:641} INFO - Processing file /opt/conda/lib/python3.8/site-packages/airflow/example_dags/example_latest_only.py for tasks to queue
[2025-02-14 17:12:43,538] {logging_mixin.py:115} INFO - [2025-02-14 17:12:43,538] {dagbag.py:508} INFO - Filling up the DagBag from /opt/conda/lib/python3.8/site-packages/airflow/example_dags/example_latest_only.py
[2025-02-14 17:12:43,544] {processor.py:651} INFO - DAG(s) dict_keys(['latest_only']) retrieved from /opt/conda/lib/python3.8/site-packages/airflow/example_dags/example_latest_only.py
[2025-02-14 17:12:43,745] {logging_mixin.py:115} INFO - [2025-02-14 17:12:43,745] {dag.py:2420} INFO - Sync 1 DAGs
[2025-02-14 17:12:43,764] {logging_mixin.py:115} INFO - [2025-02-14 17:12:43,763] {dag.py:2968} INFO - Setting next_dagrun for latest_only to 2025-02-14T13:12:43.763640+00:00, run_after=2025-02-14T17:12:43.763640+00:00
[2025-02-14 17:12:43,786] {processor.py:161} INFO - Processing /opt/conda/lib/python3.8/site-packages/airflow/example_dags/example_latest_only.py took 0.254 seconds
[2025-02-14 17:13:35,638] {processor.py:153} INFO - Started process (PID=6717) to work on /opt/conda/lib/python3.8/site-packages/airflow/example_dags/example_latest_only.py
[2025-02-14 17:13:35,639] {processor.py:641} INFO - Processing file /opt/conda/lib/python3.8/site-packages/airflow/example_dags/example_latest_only.py for tasks to queue
[2025-02-14 17:13:35,640] {logging_mixin.py:115} INFO - [2025-02-14 17:13:35,640] {dagbag.py:508} INFO - Filling up the DagBag from /opt/conda/lib/python3.8/site-packages/airflow/example_dags/example_latest_only.py
[2025-02-14 17:13:35,646] {processor.py:651} INFO - DAG(s) dict_keys(['latest_only']) retrieved from /opt/conda/lib/python3.8/site-packages/airflow/example_dags/example_latest_only.py
[2025-02-14 17:13:35,792] {logging_mixin.py:115} INFO - [2025-02-14 17:13:35,792] {dag.py:2420} INFO - Sync 1 DAGs
[2025-02-14 17:13:35,804] {logging_mixin.py:115} INFO - [2025-02-14 17:13:35,804] {dag.py:2968} INFO - Setting next_dagrun for latest_only to 2025-02-14T13:13:35.804155+00:00, run_after=2025-02-14T17:13:35.804155+00:00
[2025-02-14 17:13:35,823] {processor.py:161} INFO - Processing /opt/conda/lib/python3.8/site-packages/airflow/example_dags/example_latest_only.py took 0.188 seconds
[2025-02-14 17:14:23,609] {processor.py:153} INFO - Started process (PID=6787) to work on /opt/conda/lib/python3.8/site-packages/airflow/example_dags/example_latest_only.py
[2025-02-14 17:14:23,611] {processor.py:641} INFO - Processing file /opt/conda/lib/python3.8/site-packages/airflow/example_dags/example_latest_only.py for tasks to queue
[2025-02-14 17:14:23,611] {logging_mixin.py:115} INFO - [2025-02-14 17:14:23,611] {dagbag.py:508} INFO - Filling up the DagBag from /opt/conda/lib/python3.8/site-packages/airflow/example_dags/example_latest_only.py
[2025-02-14 17:14:23,618] {processor.py:651} INFO - DAG(s) dict_keys(['latest_only']) retrieved from /opt/conda/lib/python3.8/site-packages/airflow/example_dags/example_latest_only.py
[2025-02-14 17:14:23,636] {logging_mixin.py:115} INFO - [2025-02-14 17:14:23,636] {dag.py:2420} INFO - Sync 1 DAGs
[2025-02-14 17:14:23,657] {logging_mixin.py:115} INFO - [2025-02-14 17:14:23,657] {dag.py:2968} INFO - Setting next_dagrun for latest_only to 2025-02-14T13:14:23.656914+00:00, run_after=2025-02-14T17:14:23.656914+00:00
[2025-02-14 17:14:23,681] {processor.py:161} INFO - Processing /opt/conda/lib/python3.8/site-packages/airflow/example_dags/example_latest_only.py took 0.075 seconds
[2025-02-14 17:15:06,840] {processor.py:153} INFO - Started process (PID=6856) to work on /opt/conda/lib/python3.8/site-packages/airflow/example_dags/example_latest_only.py
[2025-02-14 17:15:06,842] {processor.py:641} INFO - Processing file /opt/conda/lib/python3.8/site-packages/airflow/example_dags/example_latest_only.py for tasks to queue
[2025-02-14 17:15:06,843] {logging_mixin.py:115} INFO - [2025-02-14 17:15:06,843] {dagbag.py:508} INFO - Filling up the DagBag from /opt/conda/lib/python3.8/site-packages/airflow/example_dags/example_latest_only.py
[2025-02-14 17:15:06,849] {processor.py:651} INFO - DAG(s) dict_keys(['latest_only']) retrieved from /opt/conda/lib/python3.8/site-packages/airflow/example_dags/example_latest_only.py
[2025-02-14 17:15:06,867] {logging_mixin.py:115} INFO - [2025-02-14 17:15:06,867] {dag.py:2420} INFO - Sync 1 DAGs
[2025-02-14 17:15:06,888] {logging_mixin.py:115} INFO - [2025-02-14 17:15:06,888] {dag.py:2968} INFO - Setting next_dagrun for latest_only to 2025-02-14T13:15:06.888230+00:00, run_after=2025-02-14T17:15:06.888230+00:00
[2025-02-14 17:15:06,913] {processor.py:161} INFO - Processing /opt/conda/lib/python3.8/site-packages/airflow/example_dags/example_latest_only.py took 0.076 seconds
[2025-02-14 17:15:52,653] {processor.py:153} INFO - Started process (PID=6929) to work on /opt/conda/lib/python3.8/site-packages/airflow/example_dags/example_latest_only.py
[2025-02-14 17:15:52,655] {processor.py:641} INFO - Processing file /opt/conda/lib/python3.8/site-packages/airflow/example_dags/example_latest_only.py for tasks to queue
[2025-02-14 17:15:52,656] {logging_mixin.py:115} INFO - [2025-02-14 17:15:52,655] {dagbag.py:508} INFO - Filling up the DagBag from /opt/conda/lib/python3.8/site-packages/airflow/example_dags/example_latest_only.py
[2025-02-14 17:15:52,662] {processor.py:651} INFO - DAG(s) dict_keys(['latest_only']) retrieved from /opt/conda/lib/python3.8/site-packages/airflow/example_dags/example_latest_only.py
[2025-02-14 17:15:52,680] {logging_mixin.py:115} INFO - [2025-02-14 17:15:52,680] {dag.py:2420} INFO - Sync 1 DAGs
[2025-02-14 17:15:52,702] {logging_mixin.py:115} INFO - [2025-02-14 17:15:52,702] {dag.py:2968} INFO - Setting next_dagrun for latest_only to 2025-02-14T13:15:52.701947+00:00, run_after=2025-02-14T17:15:52.701947+00:00
[2025-02-14 17:15:52,726] {processor.py:161} INFO - Processing /opt/conda/lib/python3.8/site-packages/airflow/example_dags/example_latest_only.py took 0.076 seconds
[2025-02-14 17:16:37,262] {processor.py:153} INFO - Started process (PID=7170) to work on /opt/conda/lib/python3.8/site-packages/airflow/example_dags/example_latest_only.py
[2025-02-14 17:16:37,264] {processor.py:641} INFO - Processing file /opt/conda/lib/python3.8/site-packages/airflow/example_dags/example_latest_only.py for tasks to queue
[2025-02-14 17:16:37,264] {logging_mixin.py:115} INFO - [2025-02-14 17:16:37,264] {dagbag.py:508} INFO - Filling up the DagBag from /opt/conda/lib/python3.8/site-packages/airflow/example_dags/example_latest_only.py
[2025-02-14 17:16:37,270] {processor.py:651} INFO - DAG(s) dict_keys(['latest_only']) retrieved from /opt/conda/lib/python3.8/site-packages/airflow/example_dags/example_latest_only.py
[2025-02-14 17:16:37,285] {logging_mixin.py:115} INFO - [2025-02-14 17:16:37,285] {dag.py:2420} INFO - Sync 1 DAGs
[2025-02-14 17:16:37,300] {logging_mixin.py:115} INFO - [2025-02-14 17:16:37,300] {dag.py:2968} INFO - Setting next_dagrun for latest_only to 2025-02-14T13:16:37.300086+00:00, run_after=2025-02-14T17:16:37.300086+00:00
[2025-02-14 17:16:37,319] {processor.py:161} INFO - Processing /opt/conda/lib/python3.8/site-packages/airflow/example_dags/example_latest_only.py took 0.060 seconds
[2025-02-14 18:18:02,714] {processor.py:153} INFO - Started process (PID=7896) to work on /opt/conda/lib/python3.8/site-packages/airflow/example_dags/example_latest_only.py
[2025-02-14 18:18:02,716] {processor.py:641} INFO - Processing file /opt/conda/lib/python3.8/site-packages/airflow/example_dags/example_latest_only.py for tasks to queue
[2025-02-14 18:18:02,717] {logging_mixin.py:115} INFO - [2025-02-14 18:18:02,716] {dagbag.py:508} INFO - Filling up the DagBag from /opt/conda/lib/python3.8/site-packages/airflow/example_dags/example_latest_only.py
[2025-02-14 18:18:02,899] {processor.py:651} INFO - DAG(s) dict_keys(['latest_only']) retrieved from /opt/conda/lib/python3.8/site-packages/airflow/example_dags/example_latest_only.py
[2025-02-14 18:18:02,913] {logging_mixin.py:115} INFO - [2025-02-14 18:18:02,913] {dag.py:2420} INFO - Sync 1 DAGs
[2025-02-14 18:18:02,931] {logging_mixin.py:115} INFO - [2025-02-14 18:18:02,931] {dag.py:2968} INFO - Setting next_dagrun for latest_only to 2025-02-14T14:18:02.931167+00:00, run_after=2025-02-14T18:18:02.931167+00:00
[2025-02-14 18:18:02,955] {processor.py:161} INFO - Processing /opt/conda/lib/python3.8/site-packages/airflow/example_dags/example_latest_only.py took 0.244 seconds
[2025-02-14 18:19:21,042] {processor.py:153} INFO - Started process (PID=8036) to work on /opt/conda/lib/python3.8/site-packages/airflow/example_dags/example_latest_only.py
[2025-02-14 18:19:21,043] {processor.py:641} INFO - Processing file /opt/conda/lib/python3.8/site-packages/airflow/example_dags/example_latest_only.py for tasks to queue
[2025-02-14 18:19:21,044] {logging_mixin.py:115} INFO - [2025-02-14 18:19:21,044] {dagbag.py:508} INFO - Filling up the DagBag from /opt/conda/lib/python3.8/site-packages/airflow/example_dags/example_latest_only.py
[2025-02-14 18:19:21,229] {processor.py:651} INFO - DAG(s) dict_keys(['latest_only']) retrieved from /opt/conda/lib/python3.8/site-packages/airflow/example_dags/example_latest_only.py
[2025-02-14 18:19:21,243] {logging_mixin.py:115} INFO - [2025-02-14 18:19:21,243] {dag.py:2420} INFO - Sync 1 DAGs
[2025-02-14 18:19:21,261] {logging_mixin.py:115} INFO - [2025-02-14 18:19:21,261] {dag.py:2968} INFO - Setting next_dagrun for latest_only to 2025-02-14T14:19:21.261429+00:00, run_after=2025-02-14T18:19:21.261429+00:00
[2025-02-14 18:19:21,286] {processor.py:161} INFO - Processing /opt/conda/lib/python3.8/site-packages/airflow/example_dags/example_latest_only.py took 0.248 seconds
[2025-02-14 18:20:32,084] {processor.py:153} INFO - Started process (PID=8158) to work on /opt/conda/lib/python3.8/site-packages/airflow/example_dags/example_latest_only.py
[2025-02-14 18:20:32,086] {processor.py:641} INFO - Processing file /opt/conda/lib/python3.8/site-packages/airflow/example_dags/example_latest_only.py for tasks to queue
[2025-02-14 18:20:32,086] {logging_mixin.py:115} INFO - [2025-02-14 18:20:32,086] {dagbag.py:508} INFO - Filling up the DagBag from /opt/conda/lib/python3.8/site-packages/airflow/example_dags/example_latest_only.py
[2025-02-14 18:20:32,272] {processor.py:651} INFO - DAG(s) dict_keys(['latest_only']) retrieved from /opt/conda/lib/python3.8/site-packages/airflow/example_dags/example_latest_only.py
[2025-02-14 18:20:32,286] {logging_mixin.py:115} INFO - [2025-02-14 18:20:32,286] {dag.py:2420} INFO - Sync 1 DAGs
[2025-02-14 18:20:32,304] {logging_mixin.py:115} INFO - [2025-02-14 18:20:32,304] {dag.py:2968} INFO - Setting next_dagrun for latest_only to 2025-02-14T14:20:32.304446+00:00, run_after=2025-02-14T18:20:32.304446+00:00
[2025-02-14 18:20:32,328] {processor.py:161} INFO - Processing /opt/conda/lib/python3.8/site-packages/airflow/example_dags/example_latest_only.py took 0.247 seconds
[2025-02-14 18:21:47,937] {processor.py:153} INFO - Started process (PID=8293) to work on /opt/conda/lib/python3.8/site-packages/airflow/example_dags/example_latest_only.py
[2025-02-14 18:21:47,939] {processor.py:641} INFO - Processing file /opt/conda/lib/python3.8/site-packages/airflow/example_dags/example_latest_only.py for tasks to queue
[2025-02-14 18:21:47,939] {logging_mixin.py:115} INFO - [2025-02-14 18:21:47,939] {dagbag.py:508} INFO - Filling up the DagBag from /opt/conda/lib/python3.8/site-packages/airflow/example_dags/example_latest_only.py
[2025-02-14 18:21:47,945] {processor.py:651} INFO - DAG(s) dict_keys(['latest_only']) retrieved from /opt/conda/lib/python3.8/site-packages/airflow/example_dags/example_latest_only.py
[2025-02-14 18:21:47,965] {logging_mixin.py:115} INFO - [2025-02-14 18:21:47,964] {dag.py:2420} INFO - Sync 1 DAGs
[2025-02-14 18:21:47,986] {logging_mixin.py:115} INFO - [2025-02-14 18:21:47,986] {dag.py:2968} INFO - Setting next_dagrun for latest_only to 2025-02-14T14:21:47.986262+00:00, run_after=2025-02-14T18:21:47.986262+00:00
[2025-02-14 18:21:48,012] {processor.py:161} INFO - Processing /opt/conda/lib/python3.8/site-packages/airflow/example_dags/example_latest_only.py took 0.079 seconds
[2025-02-14 18:22:49,857] {processor.py:153} INFO - Started process (PID=8408) to work on /opt/conda/lib/python3.8/site-packages/airflow/example_dags/example_latest_only.py
[2025-02-14 18:22:49,859] {processor.py:641} INFO - Processing file /opt/conda/lib/python3.8/site-packages/airflow/example_dags/example_latest_only.py for tasks to queue
[2025-02-14 18:22:49,859] {logging_mixin.py:115} INFO - [2025-02-14 18:22:49,859] {dagbag.py:508} INFO - Filling up the DagBag from /opt/conda/lib/python3.8/site-packages/airflow/example_dags/example_latest_only.py
[2025-02-14 18:22:49,865] {processor.py:651} INFO - DAG(s) dict_keys(['latest_only']) retrieved from /opt/conda/lib/python3.8/site-packages/airflow/example_dags/example_latest_only.py
[2025-02-14 18:22:49,885] {logging_mixin.py:115} INFO - [2025-02-14 18:22:49,885] {dag.py:2420} INFO - Sync 1 DAGs
[2025-02-14 18:22:49,907] {logging_mixin.py:115} INFO - [2025-02-14 18:22:49,906] {dag.py:2968} INFO - Setting next_dagrun for latest_only to 2025-02-14T14:22:49.906517+00:00, run_after=2025-02-14T18:22:49.906517+00:00
[2025-02-14 18:22:49,932] {processor.py:161} INFO - Processing /opt/conda/lib/python3.8/site-packages/airflow/example_dags/example_latest_only.py took 0.079 seconds
[2025-02-14 18:23:54,119] {processor.py:153} INFO - Started process (PID=8536) to work on /opt/conda/lib/python3.8/site-packages/airflow/example_dags/example_latest_only.py
[2025-02-14 18:23:54,121] {processor.py:641} INFO - Processing file /opt/conda/lib/python3.8/site-packages/airflow/example_dags/example_latest_only.py for tasks to queue
[2025-02-14 18:23:54,121] {logging_mixin.py:115} INFO - [2025-02-14 18:23:54,121] {dagbag.py:508} INFO - Filling up the DagBag from /opt/conda/lib/python3.8/site-packages/airflow/example_dags/example_latest_only.py
[2025-02-14 18:23:54,126] {processor.py:651} INFO - DAG(s) dict_keys(['latest_only']) retrieved from /opt/conda/lib/python3.8/site-packages/airflow/example_dags/example_latest_only.py
[2025-02-14 18:23:54,141] {logging_mixin.py:115} INFO - [2025-02-14 18:23:54,141] {dag.py:2420} INFO - Sync 1 DAGs
[2025-02-14 18:23:54,159] {logging_mixin.py:115} INFO - [2025-02-14 18:23:54,159] {dag.py:2968} INFO - Setting next_dagrun for latest_only to 2025-02-14T14:23:54.159215+00:00, run_after=2025-02-14T18:23:54.159215+00:00
[2025-02-14 18:23:54,180] {processor.py:161} INFO - Processing /opt/conda/lib/python3.8/site-packages/airflow/example_dags/example_latest_only.py took 0.064 seconds
[2025-02-14 18:30:16,463] {processor.py:153} INFO - Started process (PID=8793) to work on /opt/conda/lib/python3.8/site-packages/airflow/example_dags/example_latest_only.py
[2025-02-14 18:30:16,465] {processor.py:641} INFO - Processing file /opt/conda/lib/python3.8/site-packages/airflow/example_dags/example_latest_only.py for tasks to queue
[2025-02-14 18:30:16,465] {logging_mixin.py:115} INFO - [2025-02-14 18:30:16,465] {dagbag.py:508} INFO - Filling up the DagBag from /opt/conda/lib/python3.8/site-packages/airflow/example_dags/example_latest_only.py
[2025-02-14 18:30:16,602] {processor.py:651} INFO - DAG(s) dict_keys(['latest_only']) retrieved from /opt/conda/lib/python3.8/site-packages/airflow/example_dags/example_latest_only.py
[2025-02-14 18:30:16,611] {logging_mixin.py:115} INFO - [2025-02-14 18:30:16,610] {dag.py:2420} INFO - Sync 1 DAGs
[2025-02-14 18:30:16,621] {logging_mixin.py:115} INFO - [2025-02-14 18:30:16,621] {dag.py:2968} INFO - Setting next_dagrun for latest_only to 2025-02-14T14:30:16.621565+00:00, run_after=2025-02-14T18:30:16.621565+00:00
[2025-02-14 18:30:16,640] {processor.py:161} INFO - Processing /opt/conda/lib/python3.8/site-packages/airflow/example_dags/example_latest_only.py took 0.180 seconds
[2025-02-14 18:31:58,945] {processor.py:153} INFO - Started process (PID=9080) to work on /opt/conda/lib/python3.8/site-packages/airflow/example_dags/example_latest_only.py
[2025-02-14 18:31:58,947] {processor.py:641} INFO - Processing file /opt/conda/lib/python3.8/site-packages/airflow/example_dags/example_latest_only.py for tasks to queue
[2025-02-14 18:31:58,948] {logging_mixin.py:115} INFO - [2025-02-14 18:31:58,948] {dagbag.py:508} INFO - Filling up the DagBag from /opt/conda/lib/python3.8/site-packages/airflow/example_dags/example_latest_only.py
[2025-02-14 18:31:59,081] {processor.py:651} INFO - DAG(s) dict_keys(['latest_only']) retrieved from /opt/conda/lib/python3.8/site-packages/airflow/example_dags/example_latest_only.py
[2025-02-14 18:31:59,090] {logging_mixin.py:115} INFO - [2025-02-14 18:31:59,090] {dag.py:2420} INFO - Sync 1 DAGs
[2025-02-14 18:31:59,101] {logging_mixin.py:115} INFO - [2025-02-14 18:31:59,101] {dag.py:2968} INFO - Setting next_dagrun for latest_only to 2025-02-14T14:31:59.101074+00:00, run_after=2025-02-14T18:31:59.101074+00:00
[2025-02-14 18:31:59,153] {processor.py:161} INFO - Processing /opt/conda/lib/python3.8/site-packages/airflow/example_dags/example_latest_only.py took 0.210 seconds
[2025-02-14 18:33:44,692] {processor.py:153} INFO - Started process (PID=9401) to work on /opt/conda/lib/python3.8/site-packages/airflow/example_dags/example_latest_only.py
[2025-02-14 18:33:44,694] {processor.py:641} INFO - Processing file /opt/conda/lib/python3.8/site-packages/airflow/example_dags/example_latest_only.py for tasks to queue
[2025-02-14 18:33:44,694] {logging_mixin.py:115} INFO - [2025-02-14 18:33:44,694] {dagbag.py:508} INFO - Filling up the DagBag from /opt/conda/lib/python3.8/site-packages/airflow/example_dags/example_latest_only.py
[2025-02-14 18:33:44,823] {processor.py:651} INFO - DAG(s) dict_keys(['latest_only']) retrieved from /opt/conda/lib/python3.8/site-packages/airflow/example_dags/example_latest_only.py
[2025-02-14 18:33:44,831] {logging_mixin.py:115} INFO - [2025-02-14 18:33:44,831] {dag.py:2420} INFO - Sync 1 DAGs
[2025-02-14 18:33:44,842] {logging_mixin.py:115} INFO - [2025-02-14 18:33:44,842] {dag.py:2968} INFO - Setting next_dagrun for latest_only to 2025-02-14T14:33:44.842644+00:00, run_after=2025-02-14T18:33:44.842644+00:00
[2025-02-14 18:33:44,867] {processor.py:161} INFO - Processing /opt/conda/lib/python3.8/site-packages/airflow/example_dags/example_latest_only.py took 0.178 seconds
[2025-02-14 18:34:48,950] {processor.py:153} INFO - Started process (PID=9524) to work on /opt/conda/lib/python3.8/site-packages/airflow/example_dags/example_latest_only.py
[2025-02-14 18:34:48,951] {processor.py:641} INFO - Processing file /opt/conda/lib/python3.8/site-packages/airflow/example_dags/example_latest_only.py for tasks to queue
[2025-02-14 18:34:48,952] {logging_mixin.py:115} INFO - [2025-02-14 18:34:48,952] {dagbag.py:508} INFO - Filling up the DagBag from /opt/conda/lib/python3.8/site-packages/airflow/example_dags/example_latest_only.py
[2025-02-14 18:34:48,957] {processor.py:651} INFO - DAG(s) dict_keys(['latest_only']) retrieved from /opt/conda/lib/python3.8/site-packages/airflow/example_dags/example_latest_only.py
[2025-02-14 18:34:48,972] {logging_mixin.py:115} INFO - [2025-02-14 18:34:48,972] {dag.py:2420} INFO - Sync 1 DAGs
[2025-02-14 18:34:48,990] {logging_mixin.py:115} INFO - [2025-02-14 18:34:48,990] {dag.py:2968} INFO - Setting next_dagrun for latest_only to 2025-02-14T14:34:48.990276+00:00, run_after=2025-02-14T18:34:48.990276+00:00
[2025-02-14 18:34:49,012] {processor.py:161} INFO - Processing /opt/conda/lib/python3.8/site-packages/airflow/example_dags/example_latest_only.py took 0.065 seconds
[2025-02-14 18:35:48,565] {processor.py:153} INFO - Started process (PID=9820) to work on /opt/conda/lib/python3.8/site-packages/airflow/example_dags/example_latest_only.py
[2025-02-14 18:35:48,567] {processor.py:641} INFO - Processing file /opt/conda/lib/python3.8/site-packages/airflow/example_dags/example_latest_only.py for tasks to queue
[2025-02-14 18:35:48,567] {logging_mixin.py:115} INFO - [2025-02-14 18:35:48,567] {dagbag.py:508} INFO - Filling up the DagBag from /opt/conda/lib/python3.8/site-packages/airflow/example_dags/example_latest_only.py
[2025-02-14 18:35:48,573] {processor.py:651} INFO - DAG(s) dict_keys(['latest_only']) retrieved from /opt/conda/lib/python3.8/site-packages/airflow/example_dags/example_latest_only.py
[2025-02-14 18:35:48,588] {logging_mixin.py:115} INFO - [2025-02-14 18:35:48,588] {dag.py:2420} INFO - Sync 1 DAGs
[2025-02-14 18:35:48,606] {logging_mixin.py:115} INFO - [2025-02-14 18:35:48,606] {dag.py:2968} INFO - Setting next_dagrun for latest_only to 2025-02-14T14:35:48.606118+00:00, run_after=2025-02-14T18:35:48.606118+00:00
[2025-02-14 18:35:48,636] {processor.py:161} INFO - Processing /opt/conda/lib/python3.8/site-packages/airflow/example_dags/example_latest_only.py took 0.074 seconds
[2025-02-14 18:37:01,449] {processor.py:153} INFO - Started process (PID=10036) to work on /opt/conda/lib/python3.8/site-packages/airflow/example_dags/example_latest_only.py
[2025-02-14 18:37:01,450] {processor.py:641} INFO - Processing file /opt/conda/lib/python3.8/site-packages/airflow/example_dags/example_latest_only.py for tasks to queue
[2025-02-14 18:37:01,451] {logging_mixin.py:115} INFO - [2025-02-14 18:37:01,451] {dagbag.py:508} INFO - Filling up the DagBag from /opt/conda/lib/python3.8/site-packages/airflow/example_dags/example_latest_only.py
[2025-02-14 18:37:01,456] {processor.py:651} INFO - DAG(s) dict_keys(['latest_only']) retrieved from /opt/conda/lib/python3.8/site-packages/airflow/example_dags/example_latest_only.py
[2025-02-14 18:37:01,472] {logging_mixin.py:115} INFO - [2025-02-14 18:37:01,472] {dag.py:2420} INFO - Sync 1 DAGs
[2025-02-14 18:37:01,488] {logging_mixin.py:115} INFO - [2025-02-14 18:37:01,488] {dag.py:2968} INFO - Setting next_dagrun for latest_only to 2025-02-14T14:37:01.488537+00:00, run_after=2025-02-14T18:37:01.488537+00:00
[2025-02-14 18:37:01,508] {processor.py:161} INFO - Processing /opt/conda/lib/python3.8/site-packages/airflow/example_dags/example_latest_only.py took 0.062 seconds
[2025-02-14 18:40:13,573] {processor.py:153} INFO - Started process (PID=982) to work on /opt/conda/lib/python3.8/site-packages/airflow/example_dags/example_latest_only.py
[2025-02-14 18:40:13,575] {processor.py:641} INFO - Processing file /opt/conda/lib/python3.8/site-packages/airflow/example_dags/example_latest_only.py for tasks to queue
[2025-02-14 18:40:13,575] {logging_mixin.py:115} INFO - [2025-02-14 18:40:13,575] {dagbag.py:508} INFO - Filling up the DagBag from /opt/conda/lib/python3.8/site-packages/airflow/example_dags/example_latest_only.py
[2025-02-14 18:40:13,712] {processor.py:651} INFO - DAG(s) dict_keys(['latest_only']) retrieved from /opt/conda/lib/python3.8/site-packages/airflow/example_dags/example_latest_only.py
[2025-02-14 18:40:13,721] {logging_mixin.py:115} INFO - [2025-02-14 18:40:13,721] {dag.py:2420} INFO - Sync 1 DAGs
[2025-02-14 18:40:13,732] {logging_mixin.py:115} INFO - [2025-02-14 18:40:13,732] {dag.py:2968} INFO - Setting next_dagrun for latest_only to 2025-02-14T14:40:13.732139+00:00, run_after=2025-02-14T18:40:13.732139+00:00
[2025-02-14 18:40:13,770] {processor.py:161} INFO - Processing /opt/conda/lib/python3.8/site-packages/airflow/example_dags/example_latest_only.py took 0.200 seconds
[2025-02-14 18:41:15,538] {processor.py:153} INFO - Started process (PID=1094) to work on /opt/conda/lib/python3.8/site-packages/airflow/example_dags/example_latest_only.py
[2025-02-14 18:41:15,540] {processor.py:641} INFO - Processing file /opt/conda/lib/python3.8/site-packages/airflow/example_dags/example_latest_only.py for tasks to queue
[2025-02-14 18:41:15,540] {logging_mixin.py:115} INFO - [2025-02-14 18:41:15,540] {dagbag.py:508} INFO - Filling up the DagBag from /opt/conda/lib/python3.8/site-packages/airflow/example_dags/example_latest_only.py
[2025-02-14 18:41:15,671] {processor.py:651} INFO - DAG(s) dict_keys(['latest_only']) retrieved from /opt/conda/lib/python3.8/site-packages/airflow/example_dags/example_latest_only.py
[2025-02-14 18:41:15,680] {logging_mixin.py:115} INFO - [2025-02-14 18:41:15,680] {dag.py:2420} INFO - Sync 1 DAGs
[2025-02-14 18:41:15,691] {logging_mixin.py:115} INFO - [2025-02-14 18:41:15,691] {dag.py:2968} INFO - Setting next_dagrun for latest_only to 2025-02-14T14:41:15.691614+00:00, run_after=2025-02-14T18:41:15.691614+00:00
[2025-02-14 18:41:15,712] {processor.py:161} INFO - Processing /opt/conda/lib/python3.8/site-packages/airflow/example_dags/example_latest_only.py took 0.177 seconds
[2025-02-14 18:42:17,509] {processor.py:153} INFO - Started process (PID=1206) to work on /opt/conda/lib/python3.8/site-packages/airflow/example_dags/example_latest_only.py
[2025-02-14 18:42:17,511] {processor.py:641} INFO - Processing file /opt/conda/lib/python3.8/site-packages/airflow/example_dags/example_latest_only.py for tasks to queue
[2025-02-14 18:42:17,511] {logging_mixin.py:115} INFO - [2025-02-14 18:42:17,511] {dagbag.py:508} INFO - Filling up the DagBag from /opt/conda/lib/python3.8/site-packages/airflow/example_dags/example_latest_only.py
[2025-02-14 18:42:17,654] {processor.py:651} INFO - DAG(s) dict_keys(['latest_only']) retrieved from /opt/conda/lib/python3.8/site-packages/airflow/example_dags/example_latest_only.py
[2025-02-14 18:42:17,666] {logging_mixin.py:115} INFO - [2025-02-14 18:42:17,666] {dag.py:2420} INFO - Sync 1 DAGs
[2025-02-14 18:42:17,681] {logging_mixin.py:115} INFO - [2025-02-14 18:42:17,681] {dag.py:2968} INFO - Setting next_dagrun for latest_only to 2025-02-14T14:42:17.681259+00:00, run_after=2025-02-14T18:42:17.681259+00:00
[2025-02-14 18:42:17,725] {processor.py:161} INFO - Processing /opt/conda/lib/python3.8/site-packages/airflow/example_dags/example_latest_only.py took 0.219 seconds
[2025-02-14 18:43:31,088] {processor.py:153} INFO - Started process (PID=1337) to work on /opt/conda/lib/python3.8/site-packages/airflow/example_dags/example_latest_only.py
[2025-02-14 18:43:31,090] {processor.py:641} INFO - Processing file /opt/conda/lib/python3.8/site-packages/airflow/example_dags/example_latest_only.py for tasks to queue
[2025-02-14 18:43:31,090] {logging_mixin.py:115} INFO - [2025-02-14 18:43:31,090] {dagbag.py:508} INFO - Filling up the DagBag from /opt/conda/lib/python3.8/site-packages/airflow/example_dags/example_latest_only.py
[2025-02-14 18:43:31,216] {processor.py:651} INFO - DAG(s) dict_keys(['latest_only']) retrieved from /opt/conda/lib/python3.8/site-packages/airflow/example_dags/example_latest_only.py
[2025-02-14 18:43:31,225] {logging_mixin.py:115} INFO - [2025-02-14 18:43:31,225] {dag.py:2420} INFO - Sync 1 DAGs
[2025-02-14 18:43:31,236] {logging_mixin.py:115} INFO - [2025-02-14 18:43:31,236] {dag.py:2968} INFO - Setting next_dagrun for latest_only to 2025-02-14T14:43:31.236030+00:00, run_after=2025-02-14T18:43:31.236030+00:00
[2025-02-14 18:43:31,275] {processor.py:161} INFO - Processing /opt/conda/lib/python3.8/site-packages/airflow/example_dags/example_latest_only.py took 0.190 seconds
[2025-02-14 18:44:29,806] {processor.py:153} INFO - Started process (PID=1451) to work on /opt/conda/lib/python3.8/site-packages/airflow/example_dags/example_latest_only.py
[2025-02-14 18:44:29,807] {processor.py:641} INFO - Processing file /opt/conda/lib/python3.8/site-packages/airflow/example_dags/example_latest_only.py for tasks to queue
[2025-02-14 18:44:29,808] {logging_mixin.py:115} INFO - [2025-02-14 18:44:29,808] {dagbag.py:508} INFO - Filling up the DagBag from /opt/conda/lib/python3.8/site-packages/airflow/example_dags/example_latest_only.py
[2025-02-14 18:44:29,813] {processor.py:651} INFO - DAG(s) dict_keys(['latest_only']) retrieved from /opt/conda/lib/python3.8/site-packages/airflow/example_dags/example_latest_only.py
[2025-02-14 18:44:29,830] {logging_mixin.py:115} INFO - [2025-02-14 18:44:29,830] {dag.py:2420} INFO - Sync 1 DAGs
[2025-02-14 18:44:29,848] {logging_mixin.py:115} INFO - [2025-02-14 18:44:29,848] {dag.py:2968} INFO - Setting next_dagrun for latest_only to 2025-02-14T14:44:29.848494+00:00, run_after=2025-02-14T18:44:29.848494+00:00
[2025-02-14 18:44:29,873] {processor.py:161} INFO - Processing /opt/conda/lib/python3.8/site-packages/airflow/example_dags/example_latest_only.py took 0.070 seconds
[2025-02-14 18:45:26,762] {processor.py:153} INFO - Started process (PID=1562) to work on /opt/conda/lib/python3.8/site-packages/airflow/example_dags/example_latest_only.py
[2025-02-14 18:45:26,764] {processor.py:641} INFO - Processing file /opt/conda/lib/python3.8/site-packages/airflow/example_dags/example_latest_only.py for tasks to queue
[2025-02-14 18:45:26,764] {logging_mixin.py:115} INFO - [2025-02-14 18:45:26,764] {dagbag.py:508} INFO - Filling up the DagBag from /opt/conda/lib/python3.8/site-packages/airflow/example_dags/example_latest_only.py
[2025-02-14 18:45:26,769] {processor.py:651} INFO - DAG(s) dict_keys(['latest_only']) retrieved from /opt/conda/lib/python3.8/site-packages/airflow/example_dags/example_latest_only.py
[2025-02-14 18:45:26,784] {logging_mixin.py:115} INFO - [2025-02-14 18:45:26,784] {dag.py:2420} INFO - Sync 1 DAGs
[2025-02-14 18:45:26,799] {logging_mixin.py:115} INFO - [2025-02-14 18:45:26,799] {dag.py:2968} INFO - Setting next_dagrun for latest_only to 2025-02-14T14:45:26.799066+00:00, run_after=2025-02-14T18:45:26.799066+00:00
[2025-02-14 18:45:26,821] {processor.py:161} INFO - Processing /opt/conda/lib/python3.8/site-packages/airflow/example_dags/example_latest_only.py took 0.062 seconds
[2025-02-14 18:46:22,516] {processor.py:153} INFO - Started process (PID=1673) to work on /opt/conda/lib/python3.8/site-packages/airflow/example_dags/example_latest_only.py
[2025-02-14 18:46:22,518] {processor.py:641} INFO - Processing file /opt/conda/lib/python3.8/site-packages/airflow/example_dags/example_latest_only.py for tasks to queue
[2025-02-14 18:46:22,518] {logging_mixin.py:115} INFO - [2025-02-14 18:46:22,518] {dagbag.py:508} INFO - Filling up the DagBag from /opt/conda/lib/python3.8/site-packages/airflow/example_dags/example_latest_only.py
[2025-02-14 18:46:22,523] {processor.py:651} INFO - DAG(s) dict_keys(['latest_only']) retrieved from /opt/conda/lib/python3.8/site-packages/airflow/example_dags/example_latest_only.py
[2025-02-14 18:46:22,538] {logging_mixin.py:115} INFO - [2025-02-14 18:46:22,538] {dag.py:2420} INFO - Sync 1 DAGs
[2025-02-14 18:46:22,553] {logging_mixin.py:115} INFO - [2025-02-14 18:46:22,553] {dag.py:2968} INFO - Setting next_dagrun for latest_only to 2025-02-14T14:46:22.553485+00:00, run_after=2025-02-14T18:46:22.553485+00:00
[2025-02-14 18:46:22,588] {processor.py:161} INFO - Processing /opt/conda/lib/python3.8/site-packages/airflow/example_dags/example_latest_only.py took 0.075 seconds
[2025-02-14 18:54:41,461] {processor.py:153} INFO - Started process (PID=2208) to work on /opt/conda/lib/python3.8/site-packages/airflow/example_dags/example_latest_only.py
[2025-02-14 18:54:41,463] {processor.py:641} INFO - Processing file /opt/conda/lib/python3.8/site-packages/airflow/example_dags/example_latest_only.py for tasks to queue
[2025-02-14 18:54:41,464] {logging_mixin.py:115} INFO - [2025-02-14 18:54:41,463] {dagbag.py:508} INFO - Filling up the DagBag from /opt/conda/lib/python3.8/site-packages/airflow/example_dags/example_latest_only.py
[2025-02-14 18:54:41,469] {processor.py:651} INFO - DAG(s) dict_keys(['latest_only']) retrieved from /opt/conda/lib/python3.8/site-packages/airflow/example_dags/example_latest_only.py
[2025-02-14 18:54:41,484] {logging_mixin.py:115} INFO - [2025-02-14 18:54:41,484] {dag.py:2420} INFO - Sync 1 DAGs
[2025-02-14 18:54:41,498] {logging_mixin.py:115} INFO - [2025-02-14 18:54:41,498] {dag.py:2968} INFO - Setting next_dagrun for latest_only to 2025-02-14T14:54:41.498567+00:00, run_after=2025-02-14T18:54:41.498567+00:00
[2025-02-14 18:54:41,517] {processor.py:161} INFO - Processing /opt/conda/lib/python3.8/site-packages/airflow/example_dags/example_latest_only.py took 0.059 seconds
[2025-02-14 19:03:12,194] {processor.py:153} INFO - Started process (PID=2706) to work on /opt/conda/lib/python3.8/site-packages/airflow/example_dags/example_latest_only.py
[2025-02-14 19:03:12,196] {processor.py:641} INFO - Processing file /opt/conda/lib/python3.8/site-packages/airflow/example_dags/example_latest_only.py for tasks to queue
[2025-02-14 19:03:12,196] {logging_mixin.py:115} INFO - [2025-02-14 19:03:12,196] {dagbag.py:508} INFO - Filling up the DagBag from /opt/conda/lib/python3.8/site-packages/airflow/example_dags/example_latest_only.py
[2025-02-14 19:03:12,328] {processor.py:651} INFO - DAG(s) dict_keys(['latest_only']) retrieved from /opt/conda/lib/python3.8/site-packages/airflow/example_dags/example_latest_only.py
[2025-02-14 19:03:12,337] {logging_mixin.py:115} INFO - [2025-02-14 19:03:12,337] {dag.py:2420} INFO - Sync 1 DAGs
[2025-02-14 19:03:12,349] {logging_mixin.py:115} INFO - [2025-02-14 19:03:12,349] {dag.py:2968} INFO - Setting next_dagrun for latest_only to 2025-02-14T15:03:12.348837+00:00, run_after=2025-02-14T19:03:12.348837+00:00
[2025-02-14 19:03:12,371] {processor.py:161} INFO - Processing /opt/conda/lib/python3.8/site-packages/airflow/example_dags/example_latest_only.py took 0.180 seconds
[2025-02-14 19:04:16,970] {processor.py:153} INFO - Started process (PID=2820) to work on /opt/conda/lib/python3.8/site-packages/airflow/example_dags/example_latest_only.py
[2025-02-14 19:04:16,971] {processor.py:641} INFO - Processing file /opt/conda/lib/python3.8/site-packages/airflow/example_dags/example_latest_only.py for tasks to queue
[2025-02-14 19:04:16,972] {logging_mixin.py:115} INFO - [2025-02-14 19:04:16,972] {dagbag.py:508} INFO - Filling up the DagBag from /opt/conda/lib/python3.8/site-packages/airflow/example_dags/example_latest_only.py
[2025-02-14 19:04:17,096] {processor.py:651} INFO - DAG(s) dict_keys(['latest_only']) retrieved from /opt/conda/lib/python3.8/site-packages/airflow/example_dags/example_latest_only.py
[2025-02-14 19:04:17,105] {logging_mixin.py:115} INFO - [2025-02-14 19:04:17,105] {dag.py:2420} INFO - Sync 1 DAGs
[2025-02-14 19:04:17,117] {logging_mixin.py:115} INFO - [2025-02-14 19:04:17,117] {dag.py:2968} INFO - Setting next_dagrun for latest_only to 2025-02-14T15:04:17.116986+00:00, run_after=2025-02-14T19:04:17.116986+00:00
[2025-02-14 19:04:17,142] {processor.py:161} INFO - Processing /opt/conda/lib/python3.8/site-packages/airflow/example_dags/example_latest_only.py took 0.175 seconds
[2025-02-14 19:05:19,397] {processor.py:153} INFO - Started process (PID=2933) to work on /opt/conda/lib/python3.8/site-packages/airflow/example_dags/example_latest_only.py
[2025-02-14 19:05:19,398] {processor.py:641} INFO - Processing file /opt/conda/lib/python3.8/site-packages/airflow/example_dags/example_latest_only.py for tasks to queue
[2025-02-14 19:05:19,399] {logging_mixin.py:115} INFO - [2025-02-14 19:05:19,399] {dagbag.py:508} INFO - Filling up the DagBag from /opt/conda/lib/python3.8/site-packages/airflow/example_dags/example_latest_only.py
[2025-02-14 19:05:19,525] {processor.py:651} INFO - DAG(s) dict_keys(['latest_only']) retrieved from /opt/conda/lib/python3.8/site-packages/airflow/example_dags/example_latest_only.py
[2025-02-14 19:05:19,534] {logging_mixin.py:115} INFO - [2025-02-14 19:05:19,534] {dag.py:2420} INFO - Sync 1 DAGs
[2025-02-14 19:05:19,546] {logging_mixin.py:115} INFO - [2025-02-14 19:05:19,546] {dag.py:2968} INFO - Setting next_dagrun for latest_only to 2025-02-14T15:05:19.546218+00:00, run_after=2025-02-14T19:05:19.546218+00:00
[2025-02-14 19:05:19,566] {processor.py:161} INFO - Processing /opt/conda/lib/python3.8/site-packages/airflow/example_dags/example_latest_only.py took 0.173 seconds
[2025-02-14 19:06:24,092] {processor.py:153} INFO - Started process (PID=3047) to work on /opt/conda/lib/python3.8/site-packages/airflow/example_dags/example_latest_only.py
[2025-02-14 19:06:24,094] {processor.py:641} INFO - Processing file /opt/conda/lib/python3.8/site-packages/airflow/example_dags/example_latest_only.py for tasks to queue
[2025-02-14 19:06:24,094] {logging_mixin.py:115} INFO - [2025-02-14 19:06:24,094] {dagbag.py:508} INFO - Filling up the DagBag from /opt/conda/lib/python3.8/site-packages/airflow/example_dags/example_latest_only.py
[2025-02-14 19:06:24,234] {processor.py:651} INFO - DAG(s) dict_keys(['latest_only']) retrieved from /opt/conda/lib/python3.8/site-packages/airflow/example_dags/example_latest_only.py
[2025-02-14 19:06:24,246] {logging_mixin.py:115} INFO - [2025-02-14 19:06:24,245] {dag.py:2420} INFO - Sync 1 DAGs
[2025-02-14 19:06:24,261] {logging_mixin.py:115} INFO - [2025-02-14 19:06:24,261] {dag.py:2968} INFO - Setting next_dagrun for latest_only to 2025-02-14T15:06:24.260985+00:00, run_after=2025-02-14T19:06:24.260985+00:00
[2025-02-14 19:06:24,284] {processor.py:161} INFO - Processing /opt/conda/lib/python3.8/site-packages/airflow/example_dags/example_latest_only.py took 0.195 seconds
[2025-02-14 19:07:30,785] {processor.py:153} INFO - Started process (PID=3170) to work on /opt/conda/lib/python3.8/site-packages/airflow/example_dags/example_latest_only.py
[2025-02-14 19:07:30,787] {processor.py:641} INFO - Processing file /opt/conda/lib/python3.8/site-packages/airflow/example_dags/example_latest_only.py for tasks to queue
[2025-02-14 19:07:30,787] {logging_mixin.py:115} INFO - [2025-02-14 19:07:30,787] {dagbag.py:508} INFO - Filling up the DagBag from /opt/conda/lib/python3.8/site-packages/airflow/example_dags/example_latest_only.py
[2025-02-14 19:07:30,911] {processor.py:651} INFO - DAG(s) dict_keys(['latest_only']) retrieved from /opt/conda/lib/python3.8/site-packages/airflow/example_dags/example_latest_only.py
[2025-02-14 19:07:30,920] {logging_mixin.py:115} INFO - [2025-02-14 19:07:30,920] {dag.py:2420} INFO - Sync 1 DAGs
[2025-02-14 19:07:30,932] {logging_mixin.py:115} INFO - [2025-02-14 19:07:30,931] {dag.py:2968} INFO - Setting next_dagrun for latest_only to 2025-02-14T15:07:30.931801+00:00, run_after=2025-02-14T19:07:30.931801+00:00
[2025-02-14 19:07:30,952] {processor.py:161} INFO - Processing /opt/conda/lib/python3.8/site-packages/airflow/example_dags/example_latest_only.py took 0.170 seconds
[2025-02-14 19:08:28,713] {processor.py:153} INFO - Started process (PID=3282) to work on /opt/conda/lib/python3.8/site-packages/airflow/example_dags/example_latest_only.py
[2025-02-14 19:08:28,715] {processor.py:641} INFO - Processing file /opt/conda/lib/python3.8/site-packages/airflow/example_dags/example_latest_only.py for tasks to queue
[2025-02-14 19:08:28,715] {logging_mixin.py:115} INFO - [2025-02-14 19:08:28,715] {dagbag.py:508} INFO - Filling up the DagBag from /opt/conda/lib/python3.8/site-packages/airflow/example_dags/example_latest_only.py
[2025-02-14 19:08:28,721] {processor.py:651} INFO - DAG(s) dict_keys(['latest_only']) retrieved from /opt/conda/lib/python3.8/site-packages/airflow/example_dags/example_latest_only.py
[2025-02-14 19:08:28,736] {logging_mixin.py:115} INFO - [2025-02-14 19:08:28,736] {dag.py:2420} INFO - Sync 1 DAGs
[2025-02-14 19:08:28,751] {logging_mixin.py:115} INFO - [2025-02-14 19:08:28,751] {dag.py:2968} INFO - Setting next_dagrun for latest_only to 2025-02-14T15:08:28.751177+00:00, run_after=2025-02-14T19:08:28.751177+00:00
[2025-02-14 19:08:28,771] {processor.py:161} INFO - Processing /opt/conda/lib/python3.8/site-packages/airflow/example_dags/example_latest_only.py took 0.061 seconds
[2025-02-14 19:09:26,640] {processor.py:153} INFO - Started process (PID=3394) to work on /opt/conda/lib/python3.8/site-packages/airflow/example_dags/example_latest_only.py
[2025-02-14 19:09:26,642] {processor.py:641} INFO - Processing file /opt/conda/lib/python3.8/site-packages/airflow/example_dags/example_latest_only.py for tasks to queue
[2025-02-14 19:09:26,643] {logging_mixin.py:115} INFO - [2025-02-14 19:09:26,643] {dagbag.py:508} INFO - Filling up the DagBag from /opt/conda/lib/python3.8/site-packages/airflow/example_dags/example_latest_only.py
[2025-02-14 19:09:26,648] {processor.py:651} INFO - DAG(s) dict_keys(['latest_only']) retrieved from /opt/conda/lib/python3.8/site-packages/airflow/example_dags/example_latest_only.py
[2025-02-14 19:09:26,663] {logging_mixin.py:115} INFO - [2025-02-14 19:09:26,663] {dag.py:2420} INFO - Sync 1 DAGs
[2025-02-14 19:09:26,678] {logging_mixin.py:115} INFO - [2025-02-14 19:09:26,678] {dag.py:2968} INFO - Setting next_dagrun for latest_only to 2025-02-14T15:09:26.677825+00:00, run_after=2025-02-14T19:09:26.677825+00:00
[2025-02-14 19:09:26,699] {processor.py:161} INFO - Processing /opt/conda/lib/python3.8/site-packages/airflow/example_dags/example_latest_only.py took 0.062 seconds
[2025-02-14 19:10:48,411] {processor.py:153} INFO - Started process (PID=3670) to work on /opt/conda/lib/python3.8/site-packages/airflow/example_dags/example_latest_only.py
[2025-02-14 19:10:48,412] {processor.py:641} INFO - Processing file /opt/conda/lib/python3.8/site-packages/airflow/example_dags/example_latest_only.py for tasks to queue
[2025-02-14 19:10:48,413] {logging_mixin.py:115} INFO - [2025-02-14 19:10:48,413] {dagbag.py:508} INFO - Filling up the DagBag from /opt/conda/lib/python3.8/site-packages/airflow/example_dags/example_latest_only.py
[2025-02-14 19:10:48,418] {processor.py:651} INFO - DAG(s) dict_keys(['latest_only']) retrieved from /opt/conda/lib/python3.8/site-packages/airflow/example_dags/example_latest_only.py
[2025-02-14 19:10:48,433] {logging_mixin.py:115} INFO - [2025-02-14 19:10:48,433] {dag.py:2420} INFO - Sync 1 DAGs
[2025-02-14 19:10:48,447] {logging_mixin.py:115} INFO - [2025-02-14 19:10:48,447] {dag.py:2968} INFO - Setting next_dagrun for latest_only to 2025-02-14T15:10:48.447334+00:00, run_after=2025-02-14T19:10:48.447334+00:00
[2025-02-14 19:10:48,471] {processor.py:161} INFO - Processing /opt/conda/lib/python3.8/site-packages/airflow/example_dags/example_latest_only.py took 0.063 seconds
