[2025-02-14 13:59:29,325] {processor.py:153} INFO - Started process (PID=1821) to work on /opt/conda/lib/python3.8/site-packages/airflow/example_dags/example_local_kubernetes_executor.py
[2025-02-14 13:59:29,325] {processor.py:641} INFO - Processing file /opt/conda/lib/python3.8/site-packages/airflow/example_dags/example_local_kubernetes_executor.py for tasks to queue
[2025-02-14 13:59:29,326] {logging_mixin.py:115} INFO - [2025-02-14 13:59:29,326] {dagbag.py:508} INFO - Filling up the DagBag from /opt/conda/lib/python3.8/site-packages/airflow/example_dags/example_local_kubernetes_executor.py
[2025-02-14 13:59:29,462] {logging_mixin.py:115} INFO - [2025-02-14 13:59:29,461] {example_local_kubernetes_executor.py:37} WARNING - Could not import DAGs in example_local_kubernetes_executor.py
Traceback (most recent call last):
  File "/opt/conda/lib/python3.8/site-packages/airflow/example_dags/example_local_kubernetes_executor.py", line 35, in <module>
    from kubernetes.client import models as k8s
ModuleNotFoundError: No module named 'kubernetes'
[2025-02-14 13:59:29,462] {logging_mixin.py:115} INFO - [2025-02-14 13:59:29,462] {example_local_kubernetes_executor.py:38} WARNING - Install Kubernetes dependencies with: pip install apache-airflow[cncf.kubernetes]
[2025-02-14 13:59:29,462] {processor.py:653} WARNING - No viable dags retrieved from /opt/conda/lib/python3.8/site-packages/airflow/example_dags/example_local_kubernetes_executor.py
[2025-02-14 13:59:29,467] {processor.py:161} INFO - Processing /opt/conda/lib/python3.8/site-packages/airflow/example_dags/example_local_kubernetes_executor.py took 0.146 seconds
[2025-02-14 14:00:14,401] {processor.py:153} INFO - Started process (PID=1858) to work on /opt/conda/lib/python3.8/site-packages/airflow/example_dags/example_local_kubernetes_executor.py
[2025-02-14 14:00:14,403] {processor.py:641} INFO - Processing file /opt/conda/lib/python3.8/site-packages/airflow/example_dags/example_local_kubernetes_executor.py for tasks to queue
[2025-02-14 14:00:14,403] {logging_mixin.py:115} INFO - [2025-02-14 14:00:14,403] {dagbag.py:508} INFO - Filling up the DagBag from /opt/conda/lib/python3.8/site-packages/airflow/example_dags/example_local_kubernetes_executor.py
[2025-02-14 14:00:14,553] {logging_mixin.py:115} INFO - [2025-02-14 14:00:14,553] {example_local_kubernetes_executor.py:37} WARNING - Could not import DAGs in example_local_kubernetes_executor.py
Traceback (most recent call last):
  File "/opt/conda/lib/python3.8/site-packages/airflow/example_dags/example_local_kubernetes_executor.py", line 35, in <module>
    from kubernetes.client import models as k8s
ModuleNotFoundError: No module named 'kubernetes'
[2025-02-14 14:00:14,553] {logging_mixin.py:115} INFO - [2025-02-14 14:00:14,553] {example_local_kubernetes_executor.py:38} WARNING - Install Kubernetes dependencies with: pip install apache-airflow[cncf.kubernetes]
[2025-02-14 14:00:14,553] {processor.py:653} WARNING - No viable dags retrieved from /opt/conda/lib/python3.8/site-packages/airflow/example_dags/example_local_kubernetes_executor.py
[2025-02-14 14:00:14,559] {processor.py:161} INFO - Processing /opt/conda/lib/python3.8/site-packages/airflow/example_dags/example_local_kubernetes_executor.py took 0.161 seconds
[2025-02-14 14:01:00,388] {processor.py:153} INFO - Started process (PID=1895) to work on /opt/conda/lib/python3.8/site-packages/airflow/example_dags/example_local_kubernetes_executor.py
[2025-02-14 14:01:00,390] {processor.py:641} INFO - Processing file /opt/conda/lib/python3.8/site-packages/airflow/example_dags/example_local_kubernetes_executor.py for tasks to queue
[2025-02-14 14:01:00,391] {logging_mixin.py:115} INFO - [2025-02-14 14:01:00,391] {dagbag.py:508} INFO - Filling up the DagBag from /opt/conda/lib/python3.8/site-packages/airflow/example_dags/example_local_kubernetes_executor.py
[2025-02-14 14:01:00,534] {logging_mixin.py:115} INFO - [2025-02-14 14:01:00,534] {example_local_kubernetes_executor.py:37} WARNING - Could not import DAGs in example_local_kubernetes_executor.py
Traceback (most recent call last):
  File "/opt/conda/lib/python3.8/site-packages/airflow/example_dags/example_local_kubernetes_executor.py", line 35, in <module>
    from kubernetes.client import models as k8s
ModuleNotFoundError: No module named 'kubernetes'
[2025-02-14 14:01:00,534] {logging_mixin.py:115} INFO - [2025-02-14 14:01:00,534] {example_local_kubernetes_executor.py:38} WARNING - Install Kubernetes dependencies with: pip install apache-airflow[cncf.kubernetes]
[2025-02-14 14:01:00,534] {processor.py:653} WARNING - No viable dags retrieved from /opt/conda/lib/python3.8/site-packages/airflow/example_dags/example_local_kubernetes_executor.py
[2025-02-14 14:01:00,540] {processor.py:161} INFO - Processing /opt/conda/lib/python3.8/site-packages/airflow/example_dags/example_local_kubernetes_executor.py took 0.155 seconds
[2025-02-14 14:01:34,082] {processor.py:153} INFO - Started process (PID=1926) to work on /opt/conda/lib/python3.8/site-packages/airflow/example_dags/example_local_kubernetes_executor.py
[2025-02-14 14:01:34,083] {processor.py:641} INFO - Processing file /opt/conda/lib/python3.8/site-packages/airflow/example_dags/example_local_kubernetes_executor.py for tasks to queue
[2025-02-14 14:01:34,083] {logging_mixin.py:115} INFO - [2025-02-14 14:01:34,083] {dagbag.py:508} INFO - Filling up the DagBag from /opt/conda/lib/python3.8/site-packages/airflow/example_dags/example_local_kubernetes_executor.py
[2025-02-14 14:01:34,218] {logging_mixin.py:115} INFO - [2025-02-14 14:01:34,218] {example_local_kubernetes_executor.py:37} WARNING - Could not import DAGs in example_local_kubernetes_executor.py
Traceback (most recent call last):
  File "/opt/conda/lib/python3.8/site-packages/airflow/example_dags/example_local_kubernetes_executor.py", line 35, in <module>
    from kubernetes.client import models as k8s
ModuleNotFoundError: No module named 'kubernetes'
[2025-02-14 14:01:34,218] {logging_mixin.py:115} INFO - [2025-02-14 14:01:34,218] {example_local_kubernetes_executor.py:38} WARNING - Install Kubernetes dependencies with: pip install apache-airflow[cncf.kubernetes]
[2025-02-14 14:01:34,218] {processor.py:653} WARNING - No viable dags retrieved from /opt/conda/lib/python3.8/site-packages/airflow/example_dags/example_local_kubernetes_executor.py
[2025-02-14 14:01:34,224] {processor.py:161} INFO - Processing /opt/conda/lib/python3.8/site-packages/airflow/example_dags/example_local_kubernetes_executor.py took 0.145 seconds
[2025-02-14 14:02:11,269] {processor.py:153} INFO - Started process (PID=1960) to work on /opt/conda/lib/python3.8/site-packages/airflow/example_dags/example_local_kubernetes_executor.py
[2025-02-14 14:02:11,270] {processor.py:641} INFO - Processing file /opt/conda/lib/python3.8/site-packages/airflow/example_dags/example_local_kubernetes_executor.py for tasks to queue
[2025-02-14 14:02:11,271] {logging_mixin.py:115} INFO - [2025-02-14 14:02:11,271] {dagbag.py:508} INFO - Filling up the DagBag from /opt/conda/lib/python3.8/site-packages/airflow/example_dags/example_local_kubernetes_executor.py
[2025-02-14 14:02:11,406] {logging_mixin.py:115} INFO - [2025-02-14 14:02:11,406] {example_local_kubernetes_executor.py:37} WARNING - Could not import DAGs in example_local_kubernetes_executor.py
Traceback (most recent call last):
  File "/opt/conda/lib/python3.8/site-packages/airflow/example_dags/example_local_kubernetes_executor.py", line 35, in <module>
    from kubernetes.client import models as k8s
ModuleNotFoundError: No module named 'kubernetes'
[2025-02-14 14:02:11,406] {logging_mixin.py:115} INFO - [2025-02-14 14:02:11,406] {example_local_kubernetes_executor.py:38} WARNING - Install Kubernetes dependencies with: pip install apache-airflow[cncf.kubernetes]
[2025-02-14 14:02:11,406] {processor.py:653} WARNING - No viable dags retrieved from /opt/conda/lib/python3.8/site-packages/airflow/example_dags/example_local_kubernetes_executor.py
[2025-02-14 14:02:11,412] {processor.py:161} INFO - Processing /opt/conda/lib/python3.8/site-packages/airflow/example_dags/example_local_kubernetes_executor.py took 0.147 seconds
[2025-02-14 14:02:51,952] {processor.py:153} INFO - Started process (PID=1997) to work on /opt/conda/lib/python3.8/site-packages/airflow/example_dags/example_local_kubernetes_executor.py
[2025-02-14 14:02:51,954] {processor.py:641} INFO - Processing file /opt/conda/lib/python3.8/site-packages/airflow/example_dags/example_local_kubernetes_executor.py for tasks to queue
[2025-02-14 14:02:51,954] {logging_mixin.py:115} INFO - [2025-02-14 14:02:51,954] {dagbag.py:508} INFO - Filling up the DagBag from /opt/conda/lib/python3.8/site-packages/airflow/example_dags/example_local_kubernetes_executor.py
[2025-02-14 14:02:52,089] {logging_mixin.py:115} INFO - [2025-02-14 14:02:52,089] {example_local_kubernetes_executor.py:37} WARNING - Could not import DAGs in example_local_kubernetes_executor.py
Traceback (most recent call last):
  File "/opt/conda/lib/python3.8/site-packages/airflow/example_dags/example_local_kubernetes_executor.py", line 35, in <module>
    from kubernetes.client import models as k8s
ModuleNotFoundError: No module named 'kubernetes'
[2025-02-14 14:02:52,089] {logging_mixin.py:115} INFO - [2025-02-14 14:02:52,089] {example_local_kubernetes_executor.py:38} WARNING - Install Kubernetes dependencies with: pip install apache-airflow[cncf.kubernetes]
[2025-02-14 14:02:52,090] {processor.py:653} WARNING - No viable dags retrieved from /opt/conda/lib/python3.8/site-packages/airflow/example_dags/example_local_kubernetes_executor.py
[2025-02-14 14:02:52,095] {processor.py:161} INFO - Processing /opt/conda/lib/python3.8/site-packages/airflow/example_dags/example_local_kubernetes_executor.py took 0.146 seconds
[2025-02-14 14:03:28,474] {processor.py:153} INFO - Started process (PID=2029) to work on /opt/conda/lib/python3.8/site-packages/airflow/example_dags/example_local_kubernetes_executor.py
[2025-02-14 14:03:28,476] {processor.py:641} INFO - Processing file /opt/conda/lib/python3.8/site-packages/airflow/example_dags/example_local_kubernetes_executor.py for tasks to queue
[2025-02-14 14:03:28,476] {logging_mixin.py:115} INFO - [2025-02-14 14:03:28,476] {dagbag.py:508} INFO - Filling up the DagBag from /opt/conda/lib/python3.8/site-packages/airflow/example_dags/example_local_kubernetes_executor.py
[2025-02-14 14:03:28,610] {logging_mixin.py:115} INFO - [2025-02-14 14:03:28,610] {example_local_kubernetes_executor.py:37} WARNING - Could not import DAGs in example_local_kubernetes_executor.py
Traceback (most recent call last):
  File "/opt/conda/lib/python3.8/site-packages/airflow/example_dags/example_local_kubernetes_executor.py", line 35, in <module>
    from kubernetes.client import models as k8s
ModuleNotFoundError: No module named 'kubernetes'
[2025-02-14 14:03:28,610] {logging_mixin.py:115} INFO - [2025-02-14 14:03:28,610] {example_local_kubernetes_executor.py:38} WARNING - Install Kubernetes dependencies with: pip install apache-airflow[cncf.kubernetes]
[2025-02-14 14:03:28,611] {processor.py:653} WARNING - No viable dags retrieved from /opt/conda/lib/python3.8/site-packages/airflow/example_dags/example_local_kubernetes_executor.py
[2025-02-14 14:03:28,616] {processor.py:161} INFO - Processing /opt/conda/lib/python3.8/site-packages/airflow/example_dags/example_local_kubernetes_executor.py took 0.145 seconds
[2025-02-14 14:04:09,040] {processor.py:153} INFO - Started process (PID=2081) to work on /opt/conda/lib/python3.8/site-packages/airflow/example_dags/example_local_kubernetes_executor.py
[2025-02-14 14:04:09,042] {processor.py:641} INFO - Processing file /opt/conda/lib/python3.8/site-packages/airflow/example_dags/example_local_kubernetes_executor.py for tasks to queue
[2025-02-14 14:04:09,042] {logging_mixin.py:115} INFO - [2025-02-14 14:04:09,042] {dagbag.py:508} INFO - Filling up the DagBag from /opt/conda/lib/python3.8/site-packages/airflow/example_dags/example_local_kubernetes_executor.py
[2025-02-14 14:04:09,178] {logging_mixin.py:115} INFO - [2025-02-14 14:04:09,177] {example_local_kubernetes_executor.py:37} WARNING - Could not import DAGs in example_local_kubernetes_executor.py
Traceback (most recent call last):
  File "/opt/conda/lib/python3.8/site-packages/airflow/example_dags/example_local_kubernetes_executor.py", line 35, in <module>
    from kubernetes.client import models as k8s
ModuleNotFoundError: No module named 'kubernetes'
[2025-02-14 14:04:09,178] {logging_mixin.py:115} INFO - [2025-02-14 14:04:09,178] {example_local_kubernetes_executor.py:38} WARNING - Install Kubernetes dependencies with: pip install apache-airflow[cncf.kubernetes]
[2025-02-14 14:04:09,178] {processor.py:653} WARNING - No viable dags retrieved from /opt/conda/lib/python3.8/site-packages/airflow/example_dags/example_local_kubernetes_executor.py
[2025-02-14 14:04:09,184] {processor.py:161} INFO - Processing /opt/conda/lib/python3.8/site-packages/airflow/example_dags/example_local_kubernetes_executor.py took 0.146 seconds
[2025-02-14 14:05:15,248] {processor.py:153} INFO - Started process (PID=2165) to work on /opt/conda/lib/python3.8/site-packages/airflow/example_dags/example_local_kubernetes_executor.py
[2025-02-14 14:05:15,249] {processor.py:641} INFO - Processing file /opt/conda/lib/python3.8/site-packages/airflow/example_dags/example_local_kubernetes_executor.py for tasks to queue
[2025-02-14 14:05:15,250] {logging_mixin.py:115} INFO - [2025-02-14 14:05:15,250] {dagbag.py:508} INFO - Filling up the DagBag from /opt/conda/lib/python3.8/site-packages/airflow/example_dags/example_local_kubernetes_executor.py
[2025-02-14 14:05:15,384] {logging_mixin.py:115} INFO - [2025-02-14 14:05:15,384] {example_local_kubernetes_executor.py:37} WARNING - Could not import DAGs in example_local_kubernetes_executor.py
Traceback (most recent call last):
  File "/opt/conda/lib/python3.8/site-packages/airflow/example_dags/example_local_kubernetes_executor.py", line 35, in <module>
    from kubernetes.client import models as k8s
ModuleNotFoundError: No module named 'kubernetes'
[2025-02-14 14:05:15,384] {logging_mixin.py:115} INFO - [2025-02-14 14:05:15,384] {example_local_kubernetes_executor.py:38} WARNING - Install Kubernetes dependencies with: pip install apache-airflow[cncf.kubernetes]
[2025-02-14 14:05:15,384] {processor.py:653} WARNING - No viable dags retrieved from /opt/conda/lib/python3.8/site-packages/airflow/example_dags/example_local_kubernetes_executor.py
[2025-02-14 14:05:15,390] {processor.py:161} INFO - Processing /opt/conda/lib/python3.8/site-packages/airflow/example_dags/example_local_kubernetes_executor.py took 0.145 seconds
[2025-02-14 14:05:59,149] {processor.py:153} INFO - Started process (PID=2219) to work on /opt/conda/lib/python3.8/site-packages/airflow/example_dags/example_local_kubernetes_executor.py
[2025-02-14 14:05:59,151] {processor.py:641} INFO - Processing file /opt/conda/lib/python3.8/site-packages/airflow/example_dags/example_local_kubernetes_executor.py for tasks to queue
[2025-02-14 14:05:59,152] {logging_mixin.py:115} INFO - [2025-02-14 14:05:59,151] {dagbag.py:508} INFO - Filling up the DagBag from /opt/conda/lib/python3.8/site-packages/airflow/example_dags/example_local_kubernetes_executor.py
[2025-02-14 14:05:59,280] {logging_mixin.py:115} INFO - [2025-02-14 14:05:59,280] {example_local_kubernetes_executor.py:37} WARNING - Could not import DAGs in example_local_kubernetes_executor.py
Traceback (most recent call last):
  File "/opt/conda/lib/python3.8/site-packages/airflow/example_dags/example_local_kubernetes_executor.py", line 35, in <module>
    from kubernetes.client import models as k8s
ModuleNotFoundError: No module named 'kubernetes'
[2025-02-14 14:05:59,280] {logging_mixin.py:115} INFO - [2025-02-14 14:05:59,280] {example_local_kubernetes_executor.py:38} WARNING - Install Kubernetes dependencies with: pip install apache-airflow[cncf.kubernetes]
[2025-02-14 14:05:59,280] {processor.py:653} WARNING - No viable dags retrieved from /opt/conda/lib/python3.8/site-packages/airflow/example_dags/example_local_kubernetes_executor.py
[2025-02-14 14:05:59,286] {processor.py:161} INFO - Processing /opt/conda/lib/python3.8/site-packages/airflow/example_dags/example_local_kubernetes_executor.py took 0.139 seconds
[2025-02-14 14:06:42,869] {processor.py:153} INFO - Started process (PID=2273) to work on /opt/conda/lib/python3.8/site-packages/airflow/example_dags/example_local_kubernetes_executor.py
[2025-02-14 14:06:42,871] {processor.py:641} INFO - Processing file /opt/conda/lib/python3.8/site-packages/airflow/example_dags/example_local_kubernetes_executor.py for tasks to queue
[2025-02-14 14:06:42,871] {logging_mixin.py:115} INFO - [2025-02-14 14:06:42,871] {dagbag.py:508} INFO - Filling up the DagBag from /opt/conda/lib/python3.8/site-packages/airflow/example_dags/example_local_kubernetes_executor.py
[2025-02-14 14:06:43,015] {logging_mixin.py:115} INFO - [2025-02-14 14:06:43,014] {example_local_kubernetes_executor.py:37} WARNING - Could not import DAGs in example_local_kubernetes_executor.py
Traceback (most recent call last):
  File "/opt/conda/lib/python3.8/site-packages/airflow/example_dags/example_local_kubernetes_executor.py", line 35, in <module>
    from kubernetes.client import models as k8s
ModuleNotFoundError: No module named 'kubernetes'
[2025-02-14 14:06:43,015] {logging_mixin.py:115} INFO - [2025-02-14 14:06:43,015] {example_local_kubernetes_executor.py:38} WARNING - Install Kubernetes dependencies with: pip install apache-airflow[cncf.kubernetes]
[2025-02-14 14:06:43,015] {processor.py:653} WARNING - No viable dags retrieved from /opt/conda/lib/python3.8/site-packages/airflow/example_dags/example_local_kubernetes_executor.py
[2025-02-14 14:06:43,020] {processor.py:161} INFO - Processing /opt/conda/lib/python3.8/site-packages/airflow/example_dags/example_local_kubernetes_executor.py took 0.154 seconds
[2025-02-14 14:07:32,594] {processor.py:153} INFO - Started process (PID=2314) to work on /opt/conda/lib/python3.8/site-packages/airflow/example_dags/example_local_kubernetes_executor.py
[2025-02-14 14:07:32,595] {processor.py:641} INFO - Processing file /opt/conda/lib/python3.8/site-packages/airflow/example_dags/example_local_kubernetes_executor.py for tasks to queue
[2025-02-14 14:07:32,595] {logging_mixin.py:115} INFO - [2025-02-14 14:07:32,595] {dagbag.py:508} INFO - Filling up the DagBag from /opt/conda/lib/python3.8/site-packages/airflow/example_dags/example_local_kubernetes_executor.py
[2025-02-14 14:07:32,730] {logging_mixin.py:115} INFO - [2025-02-14 14:07:32,729] {example_local_kubernetes_executor.py:37} WARNING - Could not import DAGs in example_local_kubernetes_executor.py
Traceback (most recent call last):
  File "/opt/conda/lib/python3.8/site-packages/airflow/example_dags/example_local_kubernetes_executor.py", line 35, in <module>
    from kubernetes.client import models as k8s
ModuleNotFoundError: No module named 'kubernetes'
[2025-02-14 14:07:32,730] {logging_mixin.py:115} INFO - [2025-02-14 14:07:32,730] {example_local_kubernetes_executor.py:38} WARNING - Install Kubernetes dependencies with: pip install apache-airflow[cncf.kubernetes]
[2025-02-14 14:07:32,730] {processor.py:653} WARNING - No viable dags retrieved from /opt/conda/lib/python3.8/site-packages/airflow/example_dags/example_local_kubernetes_executor.py
[2025-02-14 14:07:32,735] {processor.py:161} INFO - Processing /opt/conda/lib/python3.8/site-packages/airflow/example_dags/example_local_kubernetes_executor.py took 0.145 seconds
[2025-02-14 14:08:15,392] {processor.py:153} INFO - Started process (PID=2353) to work on /opt/conda/lib/python3.8/site-packages/airflow/example_dags/example_local_kubernetes_executor.py
[2025-02-14 14:08:15,394] {processor.py:641} INFO - Processing file /opt/conda/lib/python3.8/site-packages/airflow/example_dags/example_local_kubernetes_executor.py for tasks to queue
[2025-02-14 14:08:15,394] {logging_mixin.py:115} INFO - [2025-02-14 14:08:15,394] {dagbag.py:508} INFO - Filling up the DagBag from /opt/conda/lib/python3.8/site-packages/airflow/example_dags/example_local_kubernetes_executor.py
[2025-02-14 14:08:15,534] {logging_mixin.py:115} INFO - [2025-02-14 14:08:15,533] {example_local_kubernetes_executor.py:37} WARNING - Could not import DAGs in example_local_kubernetes_executor.py
Traceback (most recent call last):
  File "/opt/conda/lib/python3.8/site-packages/airflow/example_dags/example_local_kubernetes_executor.py", line 35, in <module>
    from kubernetes.client import models as k8s
ModuleNotFoundError: No module named 'kubernetes'
[2025-02-14 14:08:15,534] {logging_mixin.py:115} INFO - [2025-02-14 14:08:15,534] {example_local_kubernetes_executor.py:38} WARNING - Install Kubernetes dependencies with: pip install apache-airflow[cncf.kubernetes]
[2025-02-14 14:08:15,534] {processor.py:653} WARNING - No viable dags retrieved from /opt/conda/lib/python3.8/site-packages/airflow/example_dags/example_local_kubernetes_executor.py
[2025-02-14 14:08:15,540] {processor.py:161} INFO - Processing /opt/conda/lib/python3.8/site-packages/airflow/example_dags/example_local_kubernetes_executor.py took 0.151 seconds
[2025-02-14 14:09:09,861] {processor.py:153} INFO - Started process (PID=2423) to work on /opt/conda/lib/python3.8/site-packages/airflow/example_dags/example_local_kubernetes_executor.py
[2025-02-14 14:09:09,862] {processor.py:641} INFO - Processing file /opt/conda/lib/python3.8/site-packages/airflow/example_dags/example_local_kubernetes_executor.py for tasks to queue
[2025-02-14 14:09:09,863] {logging_mixin.py:115} INFO - [2025-02-14 14:09:09,863] {dagbag.py:508} INFO - Filling up the DagBag from /opt/conda/lib/python3.8/site-packages/airflow/example_dags/example_local_kubernetes_executor.py
[2025-02-14 14:09:09,992] {logging_mixin.py:115} INFO - [2025-02-14 14:09:09,992] {example_local_kubernetes_executor.py:37} WARNING - Could not import DAGs in example_local_kubernetes_executor.py
Traceback (most recent call last):
  File "/opt/conda/lib/python3.8/site-packages/airflow/example_dags/example_local_kubernetes_executor.py", line 35, in <module>
    from kubernetes.client import models as k8s
ModuleNotFoundError: No module named 'kubernetes'
[2025-02-14 14:09:09,992] {logging_mixin.py:115} INFO - [2025-02-14 14:09:09,992] {example_local_kubernetes_executor.py:38} WARNING - Install Kubernetes dependencies with: pip install apache-airflow[cncf.kubernetes]
[2025-02-14 14:09:09,992] {processor.py:653} WARNING - No viable dags retrieved from /opt/conda/lib/python3.8/site-packages/airflow/example_dags/example_local_kubernetes_executor.py
[2025-02-14 14:09:09,998] {processor.py:161} INFO - Processing /opt/conda/lib/python3.8/site-packages/airflow/example_dags/example_local_kubernetes_executor.py took 0.140 seconds
[2025-02-14 14:09:52,258] {processor.py:153} INFO - Started process (PID=2461) to work on /opt/conda/lib/python3.8/site-packages/airflow/example_dags/example_local_kubernetes_executor.py
[2025-02-14 14:09:52,259] {processor.py:641} INFO - Processing file /opt/conda/lib/python3.8/site-packages/airflow/example_dags/example_local_kubernetes_executor.py for tasks to queue
[2025-02-14 14:09:52,260] {logging_mixin.py:115} INFO - [2025-02-14 14:09:52,260] {dagbag.py:508} INFO - Filling up the DagBag from /opt/conda/lib/python3.8/site-packages/airflow/example_dags/example_local_kubernetes_executor.py
[2025-02-14 14:09:52,395] {logging_mixin.py:115} INFO - [2025-02-14 14:09:52,394] {example_local_kubernetes_executor.py:37} WARNING - Could not import DAGs in example_local_kubernetes_executor.py
Traceback (most recent call last):
  File "/opt/conda/lib/python3.8/site-packages/airflow/example_dags/example_local_kubernetes_executor.py", line 35, in <module>
    from kubernetes.client import models as k8s
ModuleNotFoundError: No module named 'kubernetes'
[2025-02-14 14:09:52,395] {logging_mixin.py:115} INFO - [2025-02-14 14:09:52,395] {example_local_kubernetes_executor.py:38} WARNING - Install Kubernetes dependencies with: pip install apache-airflow[cncf.kubernetes]
[2025-02-14 14:09:52,395] {processor.py:653} WARNING - No viable dags retrieved from /opt/conda/lib/python3.8/site-packages/airflow/example_dags/example_local_kubernetes_executor.py
[2025-02-14 14:09:52,400] {processor.py:161} INFO - Processing /opt/conda/lib/python3.8/site-packages/airflow/example_dags/example_local_kubernetes_executor.py took 0.146 seconds
[2025-02-14 14:10:32,025] {processor.py:153} INFO - Started process (PID=2495) to work on /opt/conda/lib/python3.8/site-packages/airflow/example_dags/example_local_kubernetes_executor.py
[2025-02-14 14:10:32,027] {processor.py:641} INFO - Processing file /opt/conda/lib/python3.8/site-packages/airflow/example_dags/example_local_kubernetes_executor.py for tasks to queue
[2025-02-14 14:10:32,027] {logging_mixin.py:115} INFO - [2025-02-14 14:10:32,027] {dagbag.py:508} INFO - Filling up the DagBag from /opt/conda/lib/python3.8/site-packages/airflow/example_dags/example_local_kubernetes_executor.py
[2025-02-14 14:10:32,164] {logging_mixin.py:115} INFO - [2025-02-14 14:10:32,164] {example_local_kubernetes_executor.py:37} WARNING - Could not import DAGs in example_local_kubernetes_executor.py
Traceback (most recent call last):
  File "/opt/conda/lib/python3.8/site-packages/airflow/example_dags/example_local_kubernetes_executor.py", line 35, in <module>
    from kubernetes.client import models as k8s
ModuleNotFoundError: No module named 'kubernetes'
[2025-02-14 14:10:32,164] {logging_mixin.py:115} INFO - [2025-02-14 14:10:32,164] {example_local_kubernetes_executor.py:38} WARNING - Install Kubernetes dependencies with: pip install apache-airflow[cncf.kubernetes]
[2025-02-14 14:10:32,164] {processor.py:653} WARNING - No viable dags retrieved from /opt/conda/lib/python3.8/site-packages/airflow/example_dags/example_local_kubernetes_executor.py
[2025-02-14 14:10:32,170] {processor.py:161} INFO - Processing /opt/conda/lib/python3.8/site-packages/airflow/example_dags/example_local_kubernetes_executor.py took 0.147 seconds
[2025-02-14 14:11:18,405] {processor.py:153} INFO - Started process (PID=2536) to work on /opt/conda/lib/python3.8/site-packages/airflow/example_dags/example_local_kubernetes_executor.py
[2025-02-14 14:11:18,406] {processor.py:641} INFO - Processing file /opt/conda/lib/python3.8/site-packages/airflow/example_dags/example_local_kubernetes_executor.py for tasks to queue
[2025-02-14 14:11:18,407] {logging_mixin.py:115} INFO - [2025-02-14 14:11:18,407] {dagbag.py:508} INFO - Filling up the DagBag from /opt/conda/lib/python3.8/site-packages/airflow/example_dags/example_local_kubernetes_executor.py
[2025-02-14 14:11:18,549] {logging_mixin.py:115} INFO - [2025-02-14 14:11:18,549] {example_local_kubernetes_executor.py:37} WARNING - Could not import DAGs in example_local_kubernetes_executor.py
Traceback (most recent call last):
  File "/opt/conda/lib/python3.8/site-packages/airflow/example_dags/example_local_kubernetes_executor.py", line 35, in <module>
    from kubernetes.client import models as k8s
ModuleNotFoundError: No module named 'kubernetes'
[2025-02-14 14:11:18,549] {logging_mixin.py:115} INFO - [2025-02-14 14:11:18,549] {example_local_kubernetes_executor.py:38} WARNING - Install Kubernetes dependencies with: pip install apache-airflow[cncf.kubernetes]
[2025-02-14 14:11:18,549] {processor.py:653} WARNING - No viable dags retrieved from /opt/conda/lib/python3.8/site-packages/airflow/example_dags/example_local_kubernetes_executor.py
[2025-02-14 14:11:18,555] {processor.py:161} INFO - Processing /opt/conda/lib/python3.8/site-packages/airflow/example_dags/example_local_kubernetes_executor.py took 0.153 seconds
[2025-02-14 14:12:02,701] {processor.py:153} INFO - Started process (PID=2590) to work on /opt/conda/lib/python3.8/site-packages/airflow/example_dags/example_local_kubernetes_executor.py
[2025-02-14 14:12:02,703] {processor.py:641} INFO - Processing file /opt/conda/lib/python3.8/site-packages/airflow/example_dags/example_local_kubernetes_executor.py for tasks to queue
[2025-02-14 14:12:02,704] {logging_mixin.py:115} INFO - [2025-02-14 14:12:02,704] {dagbag.py:508} INFO - Filling up the DagBag from /opt/conda/lib/python3.8/site-packages/airflow/example_dags/example_local_kubernetes_executor.py
[2025-02-14 14:12:02,850] {logging_mixin.py:115} INFO - [2025-02-14 14:12:02,850] {example_local_kubernetes_executor.py:37} WARNING - Could not import DAGs in example_local_kubernetes_executor.py
Traceback (most recent call last):
  File "/opt/conda/lib/python3.8/site-packages/airflow/example_dags/example_local_kubernetes_executor.py", line 35, in <module>
    from kubernetes.client import models as k8s
ModuleNotFoundError: No module named 'kubernetes'
[2025-02-14 14:12:02,850] {logging_mixin.py:115} INFO - [2025-02-14 14:12:02,850] {example_local_kubernetes_executor.py:38} WARNING - Install Kubernetes dependencies with: pip install apache-airflow[cncf.kubernetes]
[2025-02-14 14:12:02,850] {processor.py:653} WARNING - No viable dags retrieved from /opt/conda/lib/python3.8/site-packages/airflow/example_dags/example_local_kubernetes_executor.py
[2025-02-14 14:12:02,856] {processor.py:161} INFO - Processing /opt/conda/lib/python3.8/site-packages/airflow/example_dags/example_local_kubernetes_executor.py took 0.157 seconds
[2025-02-14 14:12:40,708] {processor.py:153} INFO - Started process (PID=2640) to work on /opt/conda/lib/python3.8/site-packages/airflow/example_dags/example_local_kubernetes_executor.py
[2025-02-14 14:12:40,709] {processor.py:641} INFO - Processing file /opt/conda/lib/python3.8/site-packages/airflow/example_dags/example_local_kubernetes_executor.py for tasks to queue
[2025-02-14 14:12:40,710] {logging_mixin.py:115} INFO - [2025-02-14 14:12:40,710] {dagbag.py:508} INFO - Filling up the DagBag from /opt/conda/lib/python3.8/site-packages/airflow/example_dags/example_local_kubernetes_executor.py
[2025-02-14 14:12:40,843] {logging_mixin.py:115} INFO - [2025-02-14 14:12:40,843] {example_local_kubernetes_executor.py:37} WARNING - Could not import DAGs in example_local_kubernetes_executor.py
Traceback (most recent call last):
  File "/opt/conda/lib/python3.8/site-packages/airflow/example_dags/example_local_kubernetes_executor.py", line 35, in <module>
    from kubernetes.client import models as k8s
ModuleNotFoundError: No module named 'kubernetes'
[2025-02-14 14:12:40,843] {logging_mixin.py:115} INFO - [2025-02-14 14:12:40,843] {example_local_kubernetes_executor.py:38} WARNING - Install Kubernetes dependencies with: pip install apache-airflow[cncf.kubernetes]
[2025-02-14 14:12:40,843] {processor.py:653} WARNING - No viable dags retrieved from /opt/conda/lib/python3.8/site-packages/airflow/example_dags/example_local_kubernetes_executor.py
[2025-02-14 14:12:40,849] {processor.py:161} INFO - Processing /opt/conda/lib/python3.8/site-packages/airflow/example_dags/example_local_kubernetes_executor.py took 0.144 seconds
[2025-02-14 14:13:22,728] {processor.py:153} INFO - Started process (PID=2709) to work on /opt/conda/lib/python3.8/site-packages/airflow/example_dags/example_local_kubernetes_executor.py
[2025-02-14 14:13:22,730] {processor.py:641} INFO - Processing file /opt/conda/lib/python3.8/site-packages/airflow/example_dags/example_local_kubernetes_executor.py for tasks to queue
[2025-02-14 14:13:22,730] {logging_mixin.py:115} INFO - [2025-02-14 14:13:22,730] {dagbag.py:508} INFO - Filling up the DagBag from /opt/conda/lib/python3.8/site-packages/airflow/example_dags/example_local_kubernetes_executor.py
[2025-02-14 14:13:22,901] {logging_mixin.py:115} INFO - [2025-02-14 14:13:22,901] {example_local_kubernetes_executor.py:37} WARNING - Could not import DAGs in example_local_kubernetes_executor.py
Traceback (most recent call last):
  File "/opt/conda/lib/python3.8/site-packages/airflow/example_dags/example_local_kubernetes_executor.py", line 35, in <module>
    from kubernetes.client import models as k8s
ModuleNotFoundError: No module named 'kubernetes'
[2025-02-14 14:13:22,901] {logging_mixin.py:115} INFO - [2025-02-14 14:13:22,901] {example_local_kubernetes_executor.py:38} WARNING - Install Kubernetes dependencies with: pip install apache-airflow[cncf.kubernetes]
[2025-02-14 14:13:22,901] {processor.py:653} WARNING - No viable dags retrieved from /opt/conda/lib/python3.8/site-packages/airflow/example_dags/example_local_kubernetes_executor.py
[2025-02-14 14:13:22,908] {processor.py:161} INFO - Processing /opt/conda/lib/python3.8/site-packages/airflow/example_dags/example_local_kubernetes_executor.py took 0.184 seconds
[2025-02-14 14:14:05,681] {processor.py:153} INFO - Started process (PID=2762) to work on /opt/conda/lib/python3.8/site-packages/airflow/example_dags/example_local_kubernetes_executor.py
[2025-02-14 14:14:05,683] {processor.py:641} INFO - Processing file /opt/conda/lib/python3.8/site-packages/airflow/example_dags/example_local_kubernetes_executor.py for tasks to queue
[2025-02-14 14:14:05,684] {logging_mixin.py:115} INFO - [2025-02-14 14:14:05,684] {dagbag.py:508} INFO - Filling up the DagBag from /opt/conda/lib/python3.8/site-packages/airflow/example_dags/example_local_kubernetes_executor.py
[2025-02-14 14:14:05,698] {logging_mixin.py:115} INFO - [2025-02-14 14:14:05,698] {example_local_kubernetes_executor.py:37} WARNING - Could not import DAGs in example_local_kubernetes_executor.py
Traceback (most recent call last):
  File "/opt/conda/lib/python3.8/site-packages/airflow/example_dags/example_local_kubernetes_executor.py", line 35, in <module>
    from kubernetes.client import models as k8s
ModuleNotFoundError: No module named 'kubernetes'
[2025-02-14 14:14:05,698] {logging_mixin.py:115} INFO - [2025-02-14 14:14:05,698] {example_local_kubernetes_executor.py:38} WARNING - Install Kubernetes dependencies with: pip install apache-airflow[cncf.kubernetes]
[2025-02-14 14:14:05,699] {processor.py:653} WARNING - No viable dags retrieved from /opt/conda/lib/python3.8/site-packages/airflow/example_dags/example_local_kubernetes_executor.py
[2025-02-14 14:14:05,707] {processor.py:161} INFO - Processing /opt/conda/lib/python3.8/site-packages/airflow/example_dags/example_local_kubernetes_executor.py took 0.029 seconds
[2025-02-14 14:14:43,964] {processor.py:153} INFO - Started process (PID=2814) to work on /opt/conda/lib/python3.8/site-packages/airflow/example_dags/example_local_kubernetes_executor.py
[2025-02-14 14:14:43,966] {processor.py:641} INFO - Processing file /opt/conda/lib/python3.8/site-packages/airflow/example_dags/example_local_kubernetes_executor.py for tasks to queue
[2025-02-14 14:14:43,966] {logging_mixin.py:115} INFO - [2025-02-14 14:14:43,966] {dagbag.py:508} INFO - Filling up the DagBag from /opt/conda/lib/python3.8/site-packages/airflow/example_dags/example_local_kubernetes_executor.py
[2025-02-14 14:14:43,982] {logging_mixin.py:115} INFO - [2025-02-14 14:14:43,981] {example_local_kubernetes_executor.py:37} WARNING - Could not import DAGs in example_local_kubernetes_executor.py
Traceback (most recent call last):
  File "/opt/conda/lib/python3.8/site-packages/airflow/example_dags/example_local_kubernetes_executor.py", line 35, in <module>
    from kubernetes.client import models as k8s
ModuleNotFoundError: No module named 'kubernetes'
[2025-02-14 14:14:43,982] {logging_mixin.py:115} INFO - [2025-02-14 14:14:43,982] {example_local_kubernetes_executor.py:38} WARNING - Install Kubernetes dependencies with: pip install apache-airflow[cncf.kubernetes]
[2025-02-14 14:14:43,982] {processor.py:653} WARNING - No viable dags retrieved from /opt/conda/lib/python3.8/site-packages/airflow/example_dags/example_local_kubernetes_executor.py
[2025-02-14 14:14:43,992] {processor.py:161} INFO - Processing /opt/conda/lib/python3.8/site-packages/airflow/example_dags/example_local_kubernetes_executor.py took 0.031 seconds
[2025-02-14 14:15:23,025] {processor.py:153} INFO - Started process (PID=2868) to work on /opt/conda/lib/python3.8/site-packages/airflow/example_dags/example_local_kubernetes_executor.py
[2025-02-14 14:15:23,026] {processor.py:641} INFO - Processing file /opt/conda/lib/python3.8/site-packages/airflow/example_dags/example_local_kubernetes_executor.py for tasks to queue
[2025-02-14 14:15:23,027] {logging_mixin.py:115} INFO - [2025-02-14 14:15:23,027] {dagbag.py:508} INFO - Filling up the DagBag from /opt/conda/lib/python3.8/site-packages/airflow/example_dags/example_local_kubernetes_executor.py
[2025-02-14 14:15:23,042] {logging_mixin.py:115} INFO - [2025-02-14 14:15:23,042] {example_local_kubernetes_executor.py:37} WARNING - Could not import DAGs in example_local_kubernetes_executor.py
Traceback (most recent call last):
  File "/opt/conda/lib/python3.8/site-packages/airflow/example_dags/example_local_kubernetes_executor.py", line 35, in <module>
    from kubernetes.client import models as k8s
ModuleNotFoundError: No module named 'kubernetes'
[2025-02-14 14:15:23,042] {logging_mixin.py:115} INFO - [2025-02-14 14:15:23,042] {example_local_kubernetes_executor.py:38} WARNING - Install Kubernetes dependencies with: pip install apache-airflow[cncf.kubernetes]
[2025-02-14 14:15:23,042] {processor.py:653} WARNING - No viable dags retrieved from /opt/conda/lib/python3.8/site-packages/airflow/example_dags/example_local_kubernetes_executor.py
[2025-02-14 14:15:23,052] {processor.py:161} INFO - Processing /opt/conda/lib/python3.8/site-packages/airflow/example_dags/example_local_kubernetes_executor.py took 0.030 seconds
[2025-02-14 14:16:06,871] {processor.py:153} INFO - Started process (PID=2923) to work on /opt/conda/lib/python3.8/site-packages/airflow/example_dags/example_local_kubernetes_executor.py
[2025-02-14 14:16:06,873] {processor.py:641} INFO - Processing file /opt/conda/lib/python3.8/site-packages/airflow/example_dags/example_local_kubernetes_executor.py for tasks to queue
[2025-02-14 14:16:06,873] {logging_mixin.py:115} INFO - [2025-02-14 14:16:06,873] {dagbag.py:508} INFO - Filling up the DagBag from /opt/conda/lib/python3.8/site-packages/airflow/example_dags/example_local_kubernetes_executor.py
[2025-02-14 14:16:06,889] {logging_mixin.py:115} INFO - [2025-02-14 14:16:06,888] {example_local_kubernetes_executor.py:37} WARNING - Could not import DAGs in example_local_kubernetes_executor.py
Traceback (most recent call last):
  File "/opt/conda/lib/python3.8/site-packages/airflow/example_dags/example_local_kubernetes_executor.py", line 35, in <module>
    from kubernetes.client import models as k8s
ModuleNotFoundError: No module named 'kubernetes'
[2025-02-14 14:16:06,889] {logging_mixin.py:115} INFO - [2025-02-14 14:16:06,889] {example_local_kubernetes_executor.py:38} WARNING - Install Kubernetes dependencies with: pip install apache-airflow[cncf.kubernetes]
[2025-02-14 14:16:06,889] {processor.py:653} WARNING - No viable dags retrieved from /opt/conda/lib/python3.8/site-packages/airflow/example_dags/example_local_kubernetes_executor.py
[2025-02-14 14:16:06,899] {processor.py:161} INFO - Processing /opt/conda/lib/python3.8/site-packages/airflow/example_dags/example_local_kubernetes_executor.py took 0.031 seconds
[2025-02-14 14:16:33,673] {processor.py:153} INFO - Started process (PID=3000) to work on /opt/conda/lib/python3.8/site-packages/airflow/example_dags/example_local_kubernetes_executor.py
[2025-02-14 14:16:33,945] {processor.py:641} INFO - Processing file /opt/conda/lib/python3.8/site-packages/airflow/example_dags/example_local_kubernetes_executor.py for tasks to queue
[2025-02-14 14:16:33,946] {logging_mixin.py:115} INFO - [2025-02-14 14:16:33,946] {dagbag.py:508} INFO - Filling up the DagBag from /opt/conda/lib/python3.8/site-packages/airflow/example_dags/example_local_kubernetes_executor.py
[2025-02-14 14:16:34,083] {logging_mixin.py:115} INFO - [2025-02-14 14:16:34,083] {example_local_kubernetes_executor.py:37} WARNING - Could not import DAGs in example_local_kubernetes_executor.py
Traceback (most recent call last):
  File "/opt/conda/lib/python3.8/site-packages/airflow/example_dags/example_local_kubernetes_executor.py", line 35, in <module>
    from kubernetes.client import models as k8s
ModuleNotFoundError: No module named 'kubernetes'
[2025-02-14 14:16:34,083] {logging_mixin.py:115} INFO - [2025-02-14 14:16:34,083] {example_local_kubernetes_executor.py:38} WARNING - Install Kubernetes dependencies with: pip install apache-airflow[cncf.kubernetes]
[2025-02-14 14:16:34,083] {processor.py:653} WARNING - No viable dags retrieved from /opt/conda/lib/python3.8/site-packages/airflow/example_dags/example_local_kubernetes_executor.py
[2025-02-14 14:16:34,089] {processor.py:161} INFO - Processing /opt/conda/lib/python3.8/site-packages/airflow/example_dags/example_local_kubernetes_executor.py took 0.419 seconds
[2025-02-14 14:17:21,345] {processor.py:153} INFO - Started process (PID=3054) to work on /opt/conda/lib/python3.8/site-packages/airflow/example_dags/example_local_kubernetes_executor.py
[2025-02-14 14:17:21,346] {processor.py:641} INFO - Processing file /opt/conda/lib/python3.8/site-packages/airflow/example_dags/example_local_kubernetes_executor.py for tasks to queue
[2025-02-14 14:17:21,347] {logging_mixin.py:115} INFO - [2025-02-14 14:17:21,347] {dagbag.py:508} INFO - Filling up the DagBag from /opt/conda/lib/python3.8/site-packages/airflow/example_dags/example_local_kubernetes_executor.py
[2025-02-14 14:17:21,480] {logging_mixin.py:115} INFO - [2025-02-14 14:17:21,479] {example_local_kubernetes_executor.py:37} WARNING - Could not import DAGs in example_local_kubernetes_executor.py
Traceback (most recent call last):
  File "/opt/conda/lib/python3.8/site-packages/airflow/example_dags/example_local_kubernetes_executor.py", line 35, in <module>
    from kubernetes.client import models as k8s
ModuleNotFoundError: No module named 'kubernetes'
[2025-02-14 14:17:21,480] {logging_mixin.py:115} INFO - [2025-02-14 14:17:21,480] {example_local_kubernetes_executor.py:38} WARNING - Install Kubernetes dependencies with: pip install apache-airflow[cncf.kubernetes]
[2025-02-14 14:17:21,480] {processor.py:653} WARNING - No viable dags retrieved from /opt/conda/lib/python3.8/site-packages/airflow/example_dags/example_local_kubernetes_executor.py
[2025-02-14 14:17:21,486] {processor.py:161} INFO - Processing /opt/conda/lib/python3.8/site-packages/airflow/example_dags/example_local_kubernetes_executor.py took 0.144 seconds
[2025-02-14 14:18:05,072] {processor.py:153} INFO - Started process (PID=3108) to work on /opt/conda/lib/python3.8/site-packages/airflow/example_dags/example_local_kubernetes_executor.py
[2025-02-14 14:18:05,073] {processor.py:641} INFO - Processing file /opt/conda/lib/python3.8/site-packages/airflow/example_dags/example_local_kubernetes_executor.py for tasks to queue
[2025-02-14 14:18:05,074] {logging_mixin.py:115} INFO - [2025-02-14 14:18:05,074] {dagbag.py:508} INFO - Filling up the DagBag from /opt/conda/lib/python3.8/site-packages/airflow/example_dags/example_local_kubernetes_executor.py
[2025-02-14 14:18:05,204] {logging_mixin.py:115} INFO - [2025-02-14 14:18:05,204] {example_local_kubernetes_executor.py:37} WARNING - Could not import DAGs in example_local_kubernetes_executor.py
Traceback (most recent call last):
  File "/opt/conda/lib/python3.8/site-packages/airflow/example_dags/example_local_kubernetes_executor.py", line 35, in <module>
    from kubernetes.client import models as k8s
ModuleNotFoundError: No module named 'kubernetes'
[2025-02-14 14:18:05,204] {logging_mixin.py:115} INFO - [2025-02-14 14:18:05,204] {example_local_kubernetes_executor.py:38} WARNING - Install Kubernetes dependencies with: pip install apache-airflow[cncf.kubernetes]
[2025-02-14 14:18:05,204] {processor.py:653} WARNING - No viable dags retrieved from /opt/conda/lib/python3.8/site-packages/airflow/example_dags/example_local_kubernetes_executor.py
[2025-02-14 14:18:05,210] {processor.py:161} INFO - Processing /opt/conda/lib/python3.8/site-packages/airflow/example_dags/example_local_kubernetes_executor.py took 0.141 seconds
[2025-02-14 14:18:50,477] {processor.py:153} INFO - Started process (PID=3192) to work on /opt/conda/lib/python3.8/site-packages/airflow/example_dags/example_local_kubernetes_executor.py
[2025-02-14 14:18:50,479] {processor.py:641} INFO - Processing file /opt/conda/lib/python3.8/site-packages/airflow/example_dags/example_local_kubernetes_executor.py for tasks to queue
[2025-02-14 14:18:50,479] {logging_mixin.py:115} INFO - [2025-02-14 14:18:50,479] {dagbag.py:508} INFO - Filling up the DagBag from /opt/conda/lib/python3.8/site-packages/airflow/example_dags/example_local_kubernetes_executor.py
[2025-02-14 14:18:50,609] {logging_mixin.py:115} INFO - [2025-02-14 14:18:50,609] {example_local_kubernetes_executor.py:37} WARNING - Could not import DAGs in example_local_kubernetes_executor.py
Traceback (most recent call last):
  File "/opt/conda/lib/python3.8/site-packages/airflow/example_dags/example_local_kubernetes_executor.py", line 35, in <module>
    from kubernetes.client import models as k8s
ModuleNotFoundError: No module named 'kubernetes'
[2025-02-14 14:18:50,609] {logging_mixin.py:115} INFO - [2025-02-14 14:18:50,609] {example_local_kubernetes_executor.py:38} WARNING - Install Kubernetes dependencies with: pip install apache-airflow[cncf.kubernetes]
[2025-02-14 14:18:50,609] {processor.py:653} WARNING - No viable dags retrieved from /opt/conda/lib/python3.8/site-packages/airflow/example_dags/example_local_kubernetes_executor.py
[2025-02-14 14:18:50,615] {processor.py:161} INFO - Processing /opt/conda/lib/python3.8/site-packages/airflow/example_dags/example_local_kubernetes_executor.py took 0.140 seconds
[2025-02-14 14:20:41,266] {processor.py:153} INFO - Started process (PID=3283) to work on /opt/conda/lib/python3.8/site-packages/airflow/example_dags/example_local_kubernetes_executor.py
[2025-02-14 14:20:41,267] {processor.py:641} INFO - Processing file /opt/conda/lib/python3.8/site-packages/airflow/example_dags/example_local_kubernetes_executor.py for tasks to queue
[2025-02-14 14:20:41,267] {logging_mixin.py:115} INFO - [2025-02-14 14:20:41,267] {dagbag.py:508} INFO - Filling up the DagBag from /opt/conda/lib/python3.8/site-packages/airflow/example_dags/example_local_kubernetes_executor.py
[2025-02-14 14:20:41,430] {logging_mixin.py:115} INFO - [2025-02-14 14:20:41,430] {example_local_kubernetes_executor.py:37} WARNING - Could not import DAGs in example_local_kubernetes_executor.py
Traceback (most recent call last):
  File "/opt/conda/lib/python3.8/site-packages/airflow/example_dags/example_local_kubernetes_executor.py", line 35, in <module>
    from kubernetes.client import models as k8s
ModuleNotFoundError: No module named 'kubernetes'
[2025-02-14 14:20:41,431] {logging_mixin.py:115} INFO - [2025-02-14 14:20:41,431] {example_local_kubernetes_executor.py:38} WARNING - Install Kubernetes dependencies with: pip install apache-airflow[cncf.kubernetes]
[2025-02-14 14:20:41,431] {processor.py:653} WARNING - No viable dags retrieved from /opt/conda/lib/python3.8/site-packages/airflow/example_dags/example_local_kubernetes_executor.py
[2025-02-14 14:20:41,436] {processor.py:161} INFO - Processing /opt/conda/lib/python3.8/site-packages/airflow/example_dags/example_local_kubernetes_executor.py took 0.174 seconds
[2025-02-14 14:21:25,070] {processor.py:153} INFO - Started process (PID=3339) to work on /opt/conda/lib/python3.8/site-packages/airflow/example_dags/example_local_kubernetes_executor.py
[2025-02-14 14:21:25,071] {processor.py:641} INFO - Processing file /opt/conda/lib/python3.8/site-packages/airflow/example_dags/example_local_kubernetes_executor.py for tasks to queue
[2025-02-14 14:21:25,072] {logging_mixin.py:115} INFO - [2025-02-14 14:21:25,072] {dagbag.py:508} INFO - Filling up the DagBag from /opt/conda/lib/python3.8/site-packages/airflow/example_dags/example_local_kubernetes_executor.py
[2025-02-14 14:21:25,220] {logging_mixin.py:115} INFO - [2025-02-14 14:21:25,220] {example_local_kubernetes_executor.py:37} WARNING - Could not import DAGs in example_local_kubernetes_executor.py
Traceback (most recent call last):
  File "/opt/conda/lib/python3.8/site-packages/airflow/example_dags/example_local_kubernetes_executor.py", line 35, in <module>
    from kubernetes.client import models as k8s
ModuleNotFoundError: No module named 'kubernetes'
[2025-02-14 14:21:25,220] {logging_mixin.py:115} INFO - [2025-02-14 14:21:25,220] {example_local_kubernetes_executor.py:38} WARNING - Install Kubernetes dependencies with: pip install apache-airflow[cncf.kubernetes]
[2025-02-14 14:21:25,220] {processor.py:653} WARNING - No viable dags retrieved from /opt/conda/lib/python3.8/site-packages/airflow/example_dags/example_local_kubernetes_executor.py
[2025-02-14 14:21:25,226] {processor.py:161} INFO - Processing /opt/conda/lib/python3.8/site-packages/airflow/example_dags/example_local_kubernetes_executor.py took 0.159 seconds
[2025-02-14 14:22:11,568] {processor.py:153} INFO - Started process (PID=3393) to work on /opt/conda/lib/python3.8/site-packages/airflow/example_dags/example_local_kubernetes_executor.py
[2025-02-14 14:22:11,570] {processor.py:641} INFO - Processing file /opt/conda/lib/python3.8/site-packages/airflow/example_dags/example_local_kubernetes_executor.py for tasks to queue
[2025-02-14 14:22:11,570] {logging_mixin.py:115} INFO - [2025-02-14 14:22:11,570] {dagbag.py:508} INFO - Filling up the DagBag from /opt/conda/lib/python3.8/site-packages/airflow/example_dags/example_local_kubernetes_executor.py
[2025-02-14 14:22:11,724] {logging_mixin.py:115} INFO - [2025-02-14 14:22:11,724] {example_local_kubernetes_executor.py:37} WARNING - Could not import DAGs in example_local_kubernetes_executor.py
Traceback (most recent call last):
  File "/opt/conda/lib/python3.8/site-packages/airflow/example_dags/example_local_kubernetes_executor.py", line 35, in <module>
    from kubernetes.client import models as k8s
ModuleNotFoundError: No module named 'kubernetes'
[2025-02-14 14:22:11,724] {logging_mixin.py:115} INFO - [2025-02-14 14:22:11,724] {example_local_kubernetes_executor.py:38} WARNING - Install Kubernetes dependencies with: pip install apache-airflow[cncf.kubernetes]
[2025-02-14 14:22:11,725] {processor.py:653} WARNING - No viable dags retrieved from /opt/conda/lib/python3.8/site-packages/airflow/example_dags/example_local_kubernetes_executor.py
[2025-02-14 14:22:11,730] {processor.py:161} INFO - Processing /opt/conda/lib/python3.8/site-packages/airflow/example_dags/example_local_kubernetes_executor.py took 0.165 seconds
[2025-02-14 14:22:55,565] {processor.py:153} INFO - Started process (PID=3447) to work on /opt/conda/lib/python3.8/site-packages/airflow/example_dags/example_local_kubernetes_executor.py
[2025-02-14 14:22:55,566] {processor.py:641} INFO - Processing file /opt/conda/lib/python3.8/site-packages/airflow/example_dags/example_local_kubernetes_executor.py for tasks to queue
[2025-02-14 14:22:55,567] {logging_mixin.py:115} INFO - [2025-02-14 14:22:55,567] {dagbag.py:508} INFO - Filling up the DagBag from /opt/conda/lib/python3.8/site-packages/airflow/example_dags/example_local_kubernetes_executor.py
[2025-02-14 14:22:55,724] {logging_mixin.py:115} INFO - [2025-02-14 14:22:55,724] {example_local_kubernetes_executor.py:37} WARNING - Could not import DAGs in example_local_kubernetes_executor.py
Traceback (most recent call last):
  File "/opt/conda/lib/python3.8/site-packages/airflow/example_dags/example_local_kubernetes_executor.py", line 35, in <module>
    from kubernetes.client import models as k8s
ModuleNotFoundError: No module named 'kubernetes'
[2025-02-14 14:22:55,724] {logging_mixin.py:115} INFO - [2025-02-14 14:22:55,724] {example_local_kubernetes_executor.py:38} WARNING - Install Kubernetes dependencies with: pip install apache-airflow[cncf.kubernetes]
[2025-02-14 14:22:55,724] {processor.py:653} WARNING - No viable dags retrieved from /opt/conda/lib/python3.8/site-packages/airflow/example_dags/example_local_kubernetes_executor.py
[2025-02-14 14:22:55,730] {processor.py:161} INFO - Processing /opt/conda/lib/python3.8/site-packages/airflow/example_dags/example_local_kubernetes_executor.py took 0.168 seconds
[2025-02-14 14:23:30,134] {processor.py:153} INFO - Started process (PID=3540) to work on /opt/conda/lib/python3.8/site-packages/airflow/example_dags/example_local_kubernetes_executor.py
[2025-02-14 14:23:30,135] {processor.py:641} INFO - Processing file /opt/conda/lib/python3.8/site-packages/airflow/example_dags/example_local_kubernetes_executor.py for tasks to queue
[2025-02-14 14:23:30,135] {logging_mixin.py:115} INFO - [2025-02-14 14:23:30,135] {dagbag.py:508} INFO - Filling up the DagBag from /opt/conda/lib/python3.8/site-packages/airflow/example_dags/example_local_kubernetes_executor.py
[2025-02-14 14:23:30,269] {logging_mixin.py:115} INFO - [2025-02-14 14:23:30,269] {example_local_kubernetes_executor.py:37} WARNING - Could not import DAGs in example_local_kubernetes_executor.py
Traceback (most recent call last):
  File "/opt/conda/lib/python3.8/site-packages/airflow/example_dags/example_local_kubernetes_executor.py", line 35, in <module>
    from kubernetes.client import models as k8s
ModuleNotFoundError: No module named 'kubernetes'
[2025-02-14 14:23:30,270] {logging_mixin.py:115} INFO - [2025-02-14 14:23:30,270] {example_local_kubernetes_executor.py:38} WARNING - Install Kubernetes dependencies with: pip install apache-airflow[cncf.kubernetes]
[2025-02-14 14:23:30,270] {processor.py:653} WARNING - No viable dags retrieved from /opt/conda/lib/python3.8/site-packages/airflow/example_dags/example_local_kubernetes_executor.py
[2025-02-14 14:23:30,275] {processor.py:161} INFO - Processing /opt/conda/lib/python3.8/site-packages/airflow/example_dags/example_local_kubernetes_executor.py took 0.144 seconds
[2025-02-14 14:24:11,240] {processor.py:153} INFO - Started process (PID=3594) to work on /opt/conda/lib/python3.8/site-packages/airflow/example_dags/example_local_kubernetes_executor.py
[2025-02-14 14:24:11,241] {processor.py:641} INFO - Processing file /opt/conda/lib/python3.8/site-packages/airflow/example_dags/example_local_kubernetes_executor.py for tasks to queue
[2025-02-14 14:24:11,242] {logging_mixin.py:115} INFO - [2025-02-14 14:24:11,241] {dagbag.py:508} INFO - Filling up the DagBag from /opt/conda/lib/python3.8/site-packages/airflow/example_dags/example_local_kubernetes_executor.py
[2025-02-14 14:24:11,390] {logging_mixin.py:115} INFO - [2025-02-14 14:24:11,389] {example_local_kubernetes_executor.py:37} WARNING - Could not import DAGs in example_local_kubernetes_executor.py
Traceback (most recent call last):
  File "/opt/conda/lib/python3.8/site-packages/airflow/example_dags/example_local_kubernetes_executor.py", line 35, in <module>
    from kubernetes.client import models as k8s
ModuleNotFoundError: No module named 'kubernetes'
[2025-02-14 14:24:11,390] {logging_mixin.py:115} INFO - [2025-02-14 14:24:11,390] {example_local_kubernetes_executor.py:38} WARNING - Install Kubernetes dependencies with: pip install apache-airflow[cncf.kubernetes]
[2025-02-14 14:24:11,390] {processor.py:653} WARNING - No viable dags retrieved from /opt/conda/lib/python3.8/site-packages/airflow/example_dags/example_local_kubernetes_executor.py
[2025-02-14 14:24:11,395] {processor.py:161} INFO - Processing /opt/conda/lib/python3.8/site-packages/airflow/example_dags/example_local_kubernetes_executor.py took 0.159 seconds
[2025-02-14 14:24:54,765] {processor.py:153} INFO - Started process (PID=3648) to work on /opt/conda/lib/python3.8/site-packages/airflow/example_dags/example_local_kubernetes_executor.py
[2025-02-14 14:24:54,767] {processor.py:641} INFO - Processing file /opt/conda/lib/python3.8/site-packages/airflow/example_dags/example_local_kubernetes_executor.py for tasks to queue
[2025-02-14 14:24:54,768] {logging_mixin.py:115} INFO - [2025-02-14 14:24:54,768] {dagbag.py:508} INFO - Filling up the DagBag from /opt/conda/lib/python3.8/site-packages/airflow/example_dags/example_local_kubernetes_executor.py
[2025-02-14 14:24:54,907] {logging_mixin.py:115} INFO - [2025-02-14 14:24:54,907] {example_local_kubernetes_executor.py:37} WARNING - Could not import DAGs in example_local_kubernetes_executor.py
Traceback (most recent call last):
  File "/opt/conda/lib/python3.8/site-packages/airflow/example_dags/example_local_kubernetes_executor.py", line 35, in <module>
    from kubernetes.client import models as k8s
ModuleNotFoundError: No module named 'kubernetes'
[2025-02-14 14:24:54,907] {logging_mixin.py:115} INFO - [2025-02-14 14:24:54,907] {example_local_kubernetes_executor.py:38} WARNING - Install Kubernetes dependencies with: pip install apache-airflow[cncf.kubernetes]
[2025-02-14 14:24:54,907] {processor.py:653} WARNING - No viable dags retrieved from /opt/conda/lib/python3.8/site-packages/airflow/example_dags/example_local_kubernetes_executor.py
[2025-02-14 14:24:54,913] {processor.py:161} INFO - Processing /opt/conda/lib/python3.8/site-packages/airflow/example_dags/example_local_kubernetes_executor.py took 0.151 seconds
[2025-02-14 14:25:36,464] {processor.py:153} INFO - Started process (PID=3698) to work on /opt/conda/lib/python3.8/site-packages/airflow/example_dags/example_local_kubernetes_executor.py
[2025-02-14 14:25:36,473] {processor.py:641} INFO - Processing file /opt/conda/lib/python3.8/site-packages/airflow/example_dags/example_local_kubernetes_executor.py for tasks to queue
[2025-02-14 14:25:36,473] {logging_mixin.py:115} INFO - [2025-02-14 14:25:36,473] {dagbag.py:508} INFO - Filling up the DagBag from /opt/conda/lib/python3.8/site-packages/airflow/example_dags/example_local_kubernetes_executor.py
[2025-02-14 14:25:36,626] {logging_mixin.py:115} INFO - [2025-02-14 14:25:36,626] {example_local_kubernetes_executor.py:37} WARNING - Could not import DAGs in example_local_kubernetes_executor.py
Traceback (most recent call last):
  File "/opt/conda/lib/python3.8/site-packages/airflow/example_dags/example_local_kubernetes_executor.py", line 35, in <module>
    from kubernetes.client import models as k8s
ModuleNotFoundError: No module named 'kubernetes'
[2025-02-14 14:25:36,626] {logging_mixin.py:115} INFO - [2025-02-14 14:25:36,626] {example_local_kubernetes_executor.py:38} WARNING - Install Kubernetes dependencies with: pip install apache-airflow[cncf.kubernetes]
[2025-02-14 14:25:36,627] {processor.py:653} WARNING - No viable dags retrieved from /opt/conda/lib/python3.8/site-packages/airflow/example_dags/example_local_kubernetes_executor.py
[2025-02-14 14:25:36,634] {processor.py:161} INFO - Processing /opt/conda/lib/python3.8/site-packages/airflow/example_dags/example_local_kubernetes_executor.py took 0.173 seconds
[2025-02-14 14:26:19,880] {processor.py:153} INFO - Started process (PID=3752) to work on /opt/conda/lib/python3.8/site-packages/airflow/example_dags/example_local_kubernetes_executor.py
[2025-02-14 14:26:19,884] {processor.py:641} INFO - Processing file /opt/conda/lib/python3.8/site-packages/airflow/example_dags/example_local_kubernetes_executor.py for tasks to queue
[2025-02-14 14:26:19,885] {logging_mixin.py:115} INFO - [2025-02-14 14:26:19,884] {dagbag.py:508} INFO - Filling up the DagBag from /opt/conda/lib/python3.8/site-packages/airflow/example_dags/example_local_kubernetes_executor.py
[2025-02-14 14:26:20,028] {logging_mixin.py:115} INFO - [2025-02-14 14:26:20,028] {example_local_kubernetes_executor.py:37} WARNING - Could not import DAGs in example_local_kubernetes_executor.py
Traceback (most recent call last):
  File "/opt/conda/lib/python3.8/site-packages/airflow/example_dags/example_local_kubernetes_executor.py", line 35, in <module>
    from kubernetes.client import models as k8s
ModuleNotFoundError: No module named 'kubernetes'
[2025-02-14 14:26:20,028] {logging_mixin.py:115} INFO - [2025-02-14 14:26:20,028] {example_local_kubernetes_executor.py:38} WARNING - Install Kubernetes dependencies with: pip install apache-airflow[cncf.kubernetes]
[2025-02-14 14:26:20,028] {processor.py:653} WARNING - No viable dags retrieved from /opt/conda/lib/python3.8/site-packages/airflow/example_dags/example_local_kubernetes_executor.py
[2025-02-14 14:26:20,034] {processor.py:161} INFO - Processing /opt/conda/lib/python3.8/site-packages/airflow/example_dags/example_local_kubernetes_executor.py took 0.157 seconds
[2025-02-14 14:27:00,681] {processor.py:153} INFO - Started process (PID=3803) to work on /opt/conda/lib/python3.8/site-packages/airflow/example_dags/example_local_kubernetes_executor.py
[2025-02-14 14:27:00,694] {processor.py:641} INFO - Processing file /opt/conda/lib/python3.8/site-packages/airflow/example_dags/example_local_kubernetes_executor.py for tasks to queue
[2025-02-14 14:27:00,694] {logging_mixin.py:115} INFO - [2025-02-14 14:27:00,694] {dagbag.py:508} INFO - Filling up the DagBag from /opt/conda/lib/python3.8/site-packages/airflow/example_dags/example_local_kubernetes_executor.py
[2025-02-14 14:27:00,827] {logging_mixin.py:115} INFO - [2025-02-14 14:27:00,827] {example_local_kubernetes_executor.py:37} WARNING - Could not import DAGs in example_local_kubernetes_executor.py
Traceback (most recent call last):
  File "/opt/conda/lib/python3.8/site-packages/airflow/example_dags/example_local_kubernetes_executor.py", line 35, in <module>
    from kubernetes.client import models as k8s
ModuleNotFoundError: No module named 'kubernetes'
[2025-02-14 14:27:00,827] {logging_mixin.py:115} INFO - [2025-02-14 14:27:00,827] {example_local_kubernetes_executor.py:38} WARNING - Install Kubernetes dependencies with: pip install apache-airflow[cncf.kubernetes]
[2025-02-14 14:27:00,827] {processor.py:653} WARNING - No viable dags retrieved from /opt/conda/lib/python3.8/site-packages/airflow/example_dags/example_local_kubernetes_executor.py
[2025-02-14 14:27:00,833] {processor.py:161} INFO - Processing /opt/conda/lib/python3.8/site-packages/airflow/example_dags/example_local_kubernetes_executor.py took 0.154 seconds
[2025-02-14 14:27:45,548] {processor.py:153} INFO - Started process (PID=3857) to work on /opt/conda/lib/python3.8/site-packages/airflow/example_dags/example_local_kubernetes_executor.py
[2025-02-14 14:27:45,549] {processor.py:641} INFO - Processing file /opt/conda/lib/python3.8/site-packages/airflow/example_dags/example_local_kubernetes_executor.py for tasks to queue
[2025-02-14 14:27:45,550] {logging_mixin.py:115} INFO - [2025-02-14 14:27:45,550] {dagbag.py:508} INFO - Filling up the DagBag from /opt/conda/lib/python3.8/site-packages/airflow/example_dags/example_local_kubernetes_executor.py
[2025-02-14 14:27:45,682] {logging_mixin.py:115} INFO - [2025-02-14 14:27:45,682] {example_local_kubernetes_executor.py:37} WARNING - Could not import DAGs in example_local_kubernetes_executor.py
Traceback (most recent call last):
  File "/opt/conda/lib/python3.8/site-packages/airflow/example_dags/example_local_kubernetes_executor.py", line 35, in <module>
    from kubernetes.client import models as k8s
ModuleNotFoundError: No module named 'kubernetes'
[2025-02-14 14:27:45,682] {logging_mixin.py:115} INFO - [2025-02-14 14:27:45,682] {example_local_kubernetes_executor.py:38} WARNING - Install Kubernetes dependencies with: pip install apache-airflow[cncf.kubernetes]
[2025-02-14 14:27:45,683] {processor.py:653} WARNING - No viable dags retrieved from /opt/conda/lib/python3.8/site-packages/airflow/example_dags/example_local_kubernetes_executor.py
[2025-02-14 14:27:45,688] {processor.py:161} INFO - Processing /opt/conda/lib/python3.8/site-packages/airflow/example_dags/example_local_kubernetes_executor.py took 0.143 seconds
[2025-02-14 14:28:30,021] {processor.py:153} INFO - Started process (PID=3911) to work on /opt/conda/lib/python3.8/site-packages/airflow/example_dags/example_local_kubernetes_executor.py
[2025-02-14 14:28:30,184] {processor.py:641} INFO - Processing file /opt/conda/lib/python3.8/site-packages/airflow/example_dags/example_local_kubernetes_executor.py for tasks to queue
[2025-02-14 14:28:30,185] {logging_mixin.py:115} INFO - [2025-02-14 14:28:30,185] {dagbag.py:508} INFO - Filling up the DagBag from /opt/conda/lib/python3.8/site-packages/airflow/example_dags/example_local_kubernetes_executor.py
[2025-02-14 14:28:30,200] {logging_mixin.py:115} INFO - [2025-02-14 14:28:30,200] {example_local_kubernetes_executor.py:37} WARNING - Could not import DAGs in example_local_kubernetes_executor.py
Traceback (most recent call last):
  File "/opt/conda/lib/python3.8/site-packages/airflow/example_dags/example_local_kubernetes_executor.py", line 35, in <module>
    from kubernetes.client import models as k8s
ModuleNotFoundError: No module named 'kubernetes'
[2025-02-14 14:28:30,200] {logging_mixin.py:115} INFO - [2025-02-14 14:28:30,200] {example_local_kubernetes_executor.py:38} WARNING - Install Kubernetes dependencies with: pip install apache-airflow[cncf.kubernetes]
[2025-02-14 14:28:30,201] {processor.py:653} WARNING - No viable dags retrieved from /opt/conda/lib/python3.8/site-packages/airflow/example_dags/example_local_kubernetes_executor.py
[2025-02-14 14:28:30,210] {processor.py:161} INFO - Processing /opt/conda/lib/python3.8/site-packages/airflow/example_dags/example_local_kubernetes_executor.py took 0.193 seconds
[2025-02-14 14:29:11,489] {processor.py:153} INFO - Started process (PID=3965) to work on /opt/conda/lib/python3.8/site-packages/airflow/example_dags/example_local_kubernetes_executor.py
[2025-02-14 14:29:11,491] {processor.py:641} INFO - Processing file /opt/conda/lib/python3.8/site-packages/airflow/example_dags/example_local_kubernetes_executor.py for tasks to queue
[2025-02-14 14:29:11,491] {logging_mixin.py:115} INFO - [2025-02-14 14:29:11,491] {dagbag.py:508} INFO - Filling up the DagBag from /opt/conda/lib/python3.8/site-packages/airflow/example_dags/example_local_kubernetes_executor.py
[2025-02-14 14:29:11,506] {logging_mixin.py:115} INFO - [2025-02-14 14:29:11,506] {example_local_kubernetes_executor.py:37} WARNING - Could not import DAGs in example_local_kubernetes_executor.py
Traceback (most recent call last):
  File "/opt/conda/lib/python3.8/site-packages/airflow/example_dags/example_local_kubernetes_executor.py", line 35, in <module>
    from kubernetes.client import models as k8s
ModuleNotFoundError: No module named 'kubernetes'
[2025-02-14 14:29:11,507] {logging_mixin.py:115} INFO - [2025-02-14 14:29:11,507] {example_local_kubernetes_executor.py:38} WARNING - Install Kubernetes dependencies with: pip install apache-airflow[cncf.kubernetes]
[2025-02-14 14:29:11,507] {processor.py:653} WARNING - No viable dags retrieved from /opt/conda/lib/python3.8/site-packages/airflow/example_dags/example_local_kubernetes_executor.py
[2025-02-14 14:29:11,517] {processor.py:161} INFO - Processing /opt/conda/lib/python3.8/site-packages/airflow/example_dags/example_local_kubernetes_executor.py took 0.030 seconds
[2025-02-14 14:29:53,332] {processor.py:153} INFO - Started process (PID=4028) to work on /opt/conda/lib/python3.8/site-packages/airflow/example_dags/example_local_kubernetes_executor.py
[2025-02-14 14:29:53,334] {processor.py:641} INFO - Processing file /opt/conda/lib/python3.8/site-packages/airflow/example_dags/example_local_kubernetes_executor.py for tasks to queue
[2025-02-14 14:29:53,334] {logging_mixin.py:115} INFO - [2025-02-14 14:29:53,334] {dagbag.py:508} INFO - Filling up the DagBag from /opt/conda/lib/python3.8/site-packages/airflow/example_dags/example_local_kubernetes_executor.py
[2025-02-14 14:29:53,350] {logging_mixin.py:115} INFO - [2025-02-14 14:29:53,349] {example_local_kubernetes_executor.py:37} WARNING - Could not import DAGs in example_local_kubernetes_executor.py
Traceback (most recent call last):
  File "/opt/conda/lib/python3.8/site-packages/airflow/example_dags/example_local_kubernetes_executor.py", line 35, in <module>
    from kubernetes.client import models as k8s
ModuleNotFoundError: No module named 'kubernetes'
[2025-02-14 14:29:53,350] {logging_mixin.py:115} INFO - [2025-02-14 14:29:53,350] {example_local_kubernetes_executor.py:38} WARNING - Install Kubernetes dependencies with: pip install apache-airflow[cncf.kubernetes]
[2025-02-14 14:29:53,350] {processor.py:653} WARNING - No viable dags retrieved from /opt/conda/lib/python3.8/site-packages/airflow/example_dags/example_local_kubernetes_executor.py
[2025-02-14 14:29:53,360] {processor.py:161} INFO - Processing /opt/conda/lib/python3.8/site-packages/airflow/example_dags/example_local_kubernetes_executor.py took 0.031 seconds
[2025-02-14 14:30:31,393] {processor.py:153} INFO - Started process (PID=4082) to work on /opt/conda/lib/python3.8/site-packages/airflow/example_dags/example_local_kubernetes_executor.py
[2025-02-14 14:30:31,394] {processor.py:641} INFO - Processing file /opt/conda/lib/python3.8/site-packages/airflow/example_dags/example_local_kubernetes_executor.py for tasks to queue
[2025-02-14 14:30:31,395] {logging_mixin.py:115} INFO - [2025-02-14 14:30:31,395] {dagbag.py:508} INFO - Filling up the DagBag from /opt/conda/lib/python3.8/site-packages/airflow/example_dags/example_local_kubernetes_executor.py
[2025-02-14 14:30:31,410] {logging_mixin.py:115} INFO - [2025-02-14 14:30:31,410] {example_local_kubernetes_executor.py:37} WARNING - Could not import DAGs in example_local_kubernetes_executor.py
Traceback (most recent call last):
  File "/opt/conda/lib/python3.8/site-packages/airflow/example_dags/example_local_kubernetes_executor.py", line 35, in <module>
    from kubernetes.client import models as k8s
ModuleNotFoundError: No module named 'kubernetes'
[2025-02-14 14:30:31,410] {logging_mixin.py:115} INFO - [2025-02-14 14:30:31,410] {example_local_kubernetes_executor.py:38} WARNING - Install Kubernetes dependencies with: pip install apache-airflow[cncf.kubernetes]
[2025-02-14 14:30:31,411] {processor.py:653} WARNING - No viable dags retrieved from /opt/conda/lib/python3.8/site-packages/airflow/example_dags/example_local_kubernetes_executor.py
[2025-02-14 14:30:31,419] {processor.py:161} INFO - Processing /opt/conda/lib/python3.8/site-packages/airflow/example_dags/example_local_kubernetes_executor.py took 0.030 seconds
[2025-02-14 14:31:11,741] {processor.py:153} INFO - Started process (PID=4145) to work on /opt/conda/lib/python3.8/site-packages/airflow/example_dags/example_local_kubernetes_executor.py
[2025-02-14 14:31:11,742] {processor.py:641} INFO - Processing file /opt/conda/lib/python3.8/site-packages/airflow/example_dags/example_local_kubernetes_executor.py for tasks to queue
[2025-02-14 14:31:11,743] {logging_mixin.py:115} INFO - [2025-02-14 14:31:11,743] {dagbag.py:508} INFO - Filling up the DagBag from /opt/conda/lib/python3.8/site-packages/airflow/example_dags/example_local_kubernetes_executor.py
[2025-02-14 14:31:11,758] {logging_mixin.py:115} INFO - [2025-02-14 14:31:11,758] {example_local_kubernetes_executor.py:37} WARNING - Could not import DAGs in example_local_kubernetes_executor.py
Traceback (most recent call last):
  File "/opt/conda/lib/python3.8/site-packages/airflow/example_dags/example_local_kubernetes_executor.py", line 35, in <module>
    from kubernetes.client import models as k8s
ModuleNotFoundError: No module named 'kubernetes'
[2025-02-14 14:31:11,758] {logging_mixin.py:115} INFO - [2025-02-14 14:31:11,758] {example_local_kubernetes_executor.py:38} WARNING - Install Kubernetes dependencies with: pip install apache-airflow[cncf.kubernetes]
[2025-02-14 14:31:11,759] {processor.py:653} WARNING - No viable dags retrieved from /opt/conda/lib/python3.8/site-packages/airflow/example_dags/example_local_kubernetes_executor.py
[2025-02-14 14:31:11,768] {processor.py:161} INFO - Processing /opt/conda/lib/python3.8/site-packages/airflow/example_dags/example_local_kubernetes_executor.py took 0.031 seconds
[2025-02-14 14:32:51,804] {processor.py:153} INFO - Started process (PID=4310) to work on /opt/conda/lib/python3.8/site-packages/airflow/example_dags/example_local_kubernetes_executor.py
[2025-02-14 14:32:51,807] {processor.py:641} INFO - Processing file /opt/conda/lib/python3.8/site-packages/airflow/example_dags/example_local_kubernetes_executor.py for tasks to queue
[2025-02-14 14:32:51,808] {logging_mixin.py:115} INFO - [2025-02-14 14:32:51,808] {dagbag.py:508} INFO - Filling up the DagBag from /opt/conda/lib/python3.8/site-packages/airflow/example_dags/example_local_kubernetes_executor.py
[2025-02-14 14:32:51,823] {logging_mixin.py:115} INFO - [2025-02-14 14:32:51,823] {example_local_kubernetes_executor.py:37} WARNING - Could not import DAGs in example_local_kubernetes_executor.py
Traceback (most recent call last):
  File "/opt/conda/lib/python3.8/site-packages/airflow/example_dags/example_local_kubernetes_executor.py", line 35, in <module>
    from kubernetes.client import models as k8s
ModuleNotFoundError: No module named 'kubernetes'
[2025-02-14 14:32:51,823] {logging_mixin.py:115} INFO - [2025-02-14 14:32:51,823] {example_local_kubernetes_executor.py:38} WARNING - Install Kubernetes dependencies with: pip install apache-airflow[cncf.kubernetes]
[2025-02-14 14:32:51,823] {processor.py:653} WARNING - No viable dags retrieved from /opt/conda/lib/python3.8/site-packages/airflow/example_dags/example_local_kubernetes_executor.py
[2025-02-14 14:32:51,833] {processor.py:161} INFO - Processing /opt/conda/lib/python3.8/site-packages/airflow/example_dags/example_local_kubernetes_executor.py took 0.032 seconds
[2025-02-14 14:33:34,177] {processor.py:153} INFO - Started process (PID=4364) to work on /opt/conda/lib/python3.8/site-packages/airflow/example_dags/example_local_kubernetes_executor.py
[2025-02-14 14:33:34,178] {processor.py:641} INFO - Processing file /opt/conda/lib/python3.8/site-packages/airflow/example_dags/example_local_kubernetes_executor.py for tasks to queue
[2025-02-14 14:33:34,178] {logging_mixin.py:115} INFO - [2025-02-14 14:33:34,178] {dagbag.py:508} INFO - Filling up the DagBag from /opt/conda/lib/python3.8/site-packages/airflow/example_dags/example_local_kubernetes_executor.py
[2025-02-14 14:33:34,193] {logging_mixin.py:115} INFO - [2025-02-14 14:33:34,193] {example_local_kubernetes_executor.py:37} WARNING - Could not import DAGs in example_local_kubernetes_executor.py
Traceback (most recent call last):
  File "/opt/conda/lib/python3.8/site-packages/airflow/example_dags/example_local_kubernetes_executor.py", line 35, in <module>
    from kubernetes.client import models as k8s
ModuleNotFoundError: No module named 'kubernetes'
[2025-02-14 14:33:34,194] {logging_mixin.py:115} INFO - [2025-02-14 14:33:34,194] {example_local_kubernetes_executor.py:38} WARNING - Install Kubernetes dependencies with: pip install apache-airflow[cncf.kubernetes]
[2025-02-14 14:33:34,194] {processor.py:653} WARNING - No viable dags retrieved from /opt/conda/lib/python3.8/site-packages/airflow/example_dags/example_local_kubernetes_executor.py
[2025-02-14 14:33:34,204] {processor.py:161} INFO - Processing /opt/conda/lib/python3.8/site-packages/airflow/example_dags/example_local_kubernetes_executor.py took 0.030 seconds
[2025-02-14 14:34:09,781] {processor.py:153} INFO - Started process (PID=4414) to work on /opt/conda/lib/python3.8/site-packages/airflow/example_dags/example_local_kubernetes_executor.py
[2025-02-14 14:34:09,782] {processor.py:641} INFO - Processing file /opt/conda/lib/python3.8/site-packages/airflow/example_dags/example_local_kubernetes_executor.py for tasks to queue
[2025-02-14 14:34:09,783] {logging_mixin.py:115} INFO - [2025-02-14 14:34:09,783] {dagbag.py:508} INFO - Filling up the DagBag from /opt/conda/lib/python3.8/site-packages/airflow/example_dags/example_local_kubernetes_executor.py
[2025-02-14 14:34:09,798] {logging_mixin.py:115} INFO - [2025-02-14 14:34:09,798] {example_local_kubernetes_executor.py:37} WARNING - Could not import DAGs in example_local_kubernetes_executor.py
Traceback (most recent call last):
  File "/opt/conda/lib/python3.8/site-packages/airflow/example_dags/example_local_kubernetes_executor.py", line 35, in <module>
    from kubernetes.client import models as k8s
ModuleNotFoundError: No module named 'kubernetes'
[2025-02-14 14:34:09,798] {logging_mixin.py:115} INFO - [2025-02-14 14:34:09,798] {example_local_kubernetes_executor.py:38} WARNING - Install Kubernetes dependencies with: pip install apache-airflow[cncf.kubernetes]
[2025-02-14 14:34:09,799] {processor.py:653} WARNING - No viable dags retrieved from /opt/conda/lib/python3.8/site-packages/airflow/example_dags/example_local_kubernetes_executor.py
[2025-02-14 14:34:09,809] {processor.py:161} INFO - Processing /opt/conda/lib/python3.8/site-packages/airflow/example_dags/example_local_kubernetes_executor.py took 0.030 seconds
[2025-02-14 14:34:44,753] {processor.py:153} INFO - Started process (PID=4461) to work on /opt/conda/lib/python3.8/site-packages/airflow/example_dags/example_local_kubernetes_executor.py
[2025-02-14 14:34:44,755] {processor.py:641} INFO - Processing file /opt/conda/lib/python3.8/site-packages/airflow/example_dags/example_local_kubernetes_executor.py for tasks to queue
[2025-02-14 14:34:44,755] {logging_mixin.py:115} INFO - [2025-02-14 14:34:44,755] {dagbag.py:508} INFO - Filling up the DagBag from /opt/conda/lib/python3.8/site-packages/airflow/example_dags/example_local_kubernetes_executor.py
[2025-02-14 14:34:44,770] {logging_mixin.py:115} INFO - [2025-02-14 14:34:44,770] {example_local_kubernetes_executor.py:37} WARNING - Could not import DAGs in example_local_kubernetes_executor.py
Traceback (most recent call last):
  File "/opt/conda/lib/python3.8/site-packages/airflow/example_dags/example_local_kubernetes_executor.py", line 35, in <module>
    from kubernetes.client import models as k8s
ModuleNotFoundError: No module named 'kubernetes'
[2025-02-14 14:34:44,770] {logging_mixin.py:115} INFO - [2025-02-14 14:34:44,770] {example_local_kubernetes_executor.py:38} WARNING - Install Kubernetes dependencies with: pip install apache-airflow[cncf.kubernetes]
[2025-02-14 14:34:44,770] {processor.py:653} WARNING - No viable dags retrieved from /opt/conda/lib/python3.8/site-packages/airflow/example_dags/example_local_kubernetes_executor.py
[2025-02-14 14:34:44,781] {processor.py:161} INFO - Processing /opt/conda/lib/python3.8/site-packages/airflow/example_dags/example_local_kubernetes_executor.py took 0.030 seconds
[2025-02-14 14:35:23,404] {processor.py:153} INFO - Started process (PID=4515) to work on /opt/conda/lib/python3.8/site-packages/airflow/example_dags/example_local_kubernetes_executor.py
[2025-02-14 14:35:23,406] {processor.py:641} INFO - Processing file /opt/conda/lib/python3.8/site-packages/airflow/example_dags/example_local_kubernetes_executor.py for tasks to queue
[2025-02-14 14:35:23,406] {logging_mixin.py:115} INFO - [2025-02-14 14:35:23,406] {dagbag.py:508} INFO - Filling up the DagBag from /opt/conda/lib/python3.8/site-packages/airflow/example_dags/example_local_kubernetes_executor.py
[2025-02-14 14:35:23,421] {logging_mixin.py:115} INFO - [2025-02-14 14:35:23,421] {example_local_kubernetes_executor.py:37} WARNING - Could not import DAGs in example_local_kubernetes_executor.py
Traceback (most recent call last):
  File "/opt/conda/lib/python3.8/site-packages/airflow/example_dags/example_local_kubernetes_executor.py", line 35, in <module>
    from kubernetes.client import models as k8s
ModuleNotFoundError: No module named 'kubernetes'
[2025-02-14 14:35:23,422] {logging_mixin.py:115} INFO - [2025-02-14 14:35:23,422] {example_local_kubernetes_executor.py:38} WARNING - Install Kubernetes dependencies with: pip install apache-airflow[cncf.kubernetes]
[2025-02-14 14:35:23,422] {processor.py:653} WARNING - No viable dags retrieved from /opt/conda/lib/python3.8/site-packages/airflow/example_dags/example_local_kubernetes_executor.py
[2025-02-14 14:35:23,432] {processor.py:161} INFO - Processing /opt/conda/lib/python3.8/site-packages/airflow/example_dags/example_local_kubernetes_executor.py took 0.030 seconds
[2025-02-14 14:36:02,780] {processor.py:153} INFO - Started process (PID=4568) to work on /opt/conda/lib/python3.8/site-packages/airflow/example_dags/example_local_kubernetes_executor.py
[2025-02-14 14:36:02,782] {processor.py:641} INFO - Processing file /opt/conda/lib/python3.8/site-packages/airflow/example_dags/example_local_kubernetes_executor.py for tasks to queue
[2025-02-14 14:36:02,782] {logging_mixin.py:115} INFO - [2025-02-14 14:36:02,782] {dagbag.py:508} INFO - Filling up the DagBag from /opt/conda/lib/python3.8/site-packages/airflow/example_dags/example_local_kubernetes_executor.py
[2025-02-14 14:36:02,797] {logging_mixin.py:115} INFO - [2025-02-14 14:36:02,797] {example_local_kubernetes_executor.py:37} WARNING - Could not import DAGs in example_local_kubernetes_executor.py
Traceback (most recent call last):
  File "/opt/conda/lib/python3.8/site-packages/airflow/example_dags/example_local_kubernetes_executor.py", line 35, in <module>
    from kubernetes.client import models as k8s
ModuleNotFoundError: No module named 'kubernetes'
[2025-02-14 14:36:02,798] {logging_mixin.py:115} INFO - [2025-02-14 14:36:02,798] {example_local_kubernetes_executor.py:38} WARNING - Install Kubernetes dependencies with: pip install apache-airflow[cncf.kubernetes]
[2025-02-14 14:36:02,798] {processor.py:653} WARNING - No viable dags retrieved from /opt/conda/lib/python3.8/site-packages/airflow/example_dags/example_local_kubernetes_executor.py
[2025-02-14 14:36:02,808] {processor.py:161} INFO - Processing /opt/conda/lib/python3.8/site-packages/airflow/example_dags/example_local_kubernetes_executor.py took 0.031 seconds
[2025-02-14 14:36:40,281] {processor.py:153} INFO - Started process (PID=4617) to work on /opt/conda/lib/python3.8/site-packages/airflow/example_dags/example_local_kubernetes_executor.py
[2025-02-14 14:36:40,282] {processor.py:641} INFO - Processing file /opt/conda/lib/python3.8/site-packages/airflow/example_dags/example_local_kubernetes_executor.py for tasks to queue
[2025-02-14 14:36:40,283] {logging_mixin.py:115} INFO - [2025-02-14 14:36:40,283] {dagbag.py:508} INFO - Filling up the DagBag from /opt/conda/lib/python3.8/site-packages/airflow/example_dags/example_local_kubernetes_executor.py
[2025-02-14 14:36:40,298] {logging_mixin.py:115} INFO - [2025-02-14 14:36:40,298] {example_local_kubernetes_executor.py:37} WARNING - Could not import DAGs in example_local_kubernetes_executor.py
Traceback (most recent call last):
  File "/opt/conda/lib/python3.8/site-packages/airflow/example_dags/example_local_kubernetes_executor.py", line 35, in <module>
    from kubernetes.client import models as k8s
ModuleNotFoundError: No module named 'kubernetes'
[2025-02-14 14:36:40,298] {logging_mixin.py:115} INFO - [2025-02-14 14:36:40,298] {example_local_kubernetes_executor.py:38} WARNING - Install Kubernetes dependencies with: pip install apache-airflow[cncf.kubernetes]
[2025-02-14 14:36:40,298] {processor.py:653} WARNING - No viable dags retrieved from /opt/conda/lib/python3.8/site-packages/airflow/example_dags/example_local_kubernetes_executor.py
[2025-02-14 14:36:40,308] {processor.py:161} INFO - Processing /opt/conda/lib/python3.8/site-packages/airflow/example_dags/example_local_kubernetes_executor.py took 0.030 seconds
[2025-02-14 14:37:14,337] {processor.py:153} INFO - Started process (PID=4665) to work on /opt/conda/lib/python3.8/site-packages/airflow/example_dags/example_local_kubernetes_executor.py
[2025-02-14 14:37:14,338] {processor.py:641} INFO - Processing file /opt/conda/lib/python3.8/site-packages/airflow/example_dags/example_local_kubernetes_executor.py for tasks to queue
[2025-02-14 14:37:14,339] {logging_mixin.py:115} INFO - [2025-02-14 14:37:14,339] {dagbag.py:508} INFO - Filling up the DagBag from /opt/conda/lib/python3.8/site-packages/airflow/example_dags/example_local_kubernetes_executor.py
[2025-02-14 14:37:14,354] {logging_mixin.py:115} INFO - [2025-02-14 14:37:14,354] {example_local_kubernetes_executor.py:37} WARNING - Could not import DAGs in example_local_kubernetes_executor.py
Traceback (most recent call last):
  File "/opt/conda/lib/python3.8/site-packages/airflow/example_dags/example_local_kubernetes_executor.py", line 35, in <module>
    from kubernetes.client import models as k8s
ModuleNotFoundError: No module named 'kubernetes'
[2025-02-14 14:37:14,354] {logging_mixin.py:115} INFO - [2025-02-14 14:37:14,354] {example_local_kubernetes_executor.py:38} WARNING - Install Kubernetes dependencies with: pip install apache-airflow[cncf.kubernetes]
[2025-02-14 14:37:14,354] {processor.py:653} WARNING - No viable dags retrieved from /opt/conda/lib/python3.8/site-packages/airflow/example_dags/example_local_kubernetes_executor.py
[2025-02-14 14:37:14,365] {processor.py:161} INFO - Processing /opt/conda/lib/python3.8/site-packages/airflow/example_dags/example_local_kubernetes_executor.py took 0.030 seconds
[2025-02-14 14:42:00,345] {processor.py:153} INFO - Started process (PID=4756) to work on /opt/conda/lib/python3.8/site-packages/airflow/example_dags/example_local_kubernetes_executor.py
[2025-02-14 14:42:00,347] {processor.py:641} INFO - Processing file /opt/conda/lib/python3.8/site-packages/airflow/example_dags/example_local_kubernetes_executor.py for tasks to queue
[2025-02-14 14:42:00,347] {logging_mixin.py:115} INFO - [2025-02-14 14:42:00,347] {dagbag.py:508} INFO - Filling up the DagBag from /opt/conda/lib/python3.8/site-packages/airflow/example_dags/example_local_kubernetes_executor.py
[2025-02-14 14:42:00,483] {logging_mixin.py:115} INFO - [2025-02-14 14:42:00,482] {example_local_kubernetes_executor.py:37} WARNING - Could not import DAGs in example_local_kubernetes_executor.py
Traceback (most recent call last):
  File "/opt/conda/lib/python3.8/site-packages/airflow/example_dags/example_local_kubernetes_executor.py", line 35, in <module>
    from kubernetes.client import models as k8s
ModuleNotFoundError: No module named 'kubernetes'
[2025-02-14 14:42:00,483] {logging_mixin.py:115} INFO - [2025-02-14 14:42:00,483] {example_local_kubernetes_executor.py:38} WARNING - Install Kubernetes dependencies with: pip install apache-airflow[cncf.kubernetes]
[2025-02-14 14:42:00,483] {processor.py:653} WARNING - No viable dags retrieved from /opt/conda/lib/python3.8/site-packages/airflow/example_dags/example_local_kubernetes_executor.py
[2025-02-14 14:42:00,488] {processor.py:161} INFO - Processing /opt/conda/lib/python3.8/site-packages/airflow/example_dags/example_local_kubernetes_executor.py took 0.146 seconds
[2025-02-14 14:42:45,656] {processor.py:153} INFO - Started process (PID=4848) to work on /opt/conda/lib/python3.8/site-packages/airflow/example_dags/example_local_kubernetes_executor.py
[2025-02-14 14:42:45,804] {processor.py:641} INFO - Processing file /opt/conda/lib/python3.8/site-packages/airflow/example_dags/example_local_kubernetes_executor.py for tasks to queue
[2025-02-14 14:42:45,804] {logging_mixin.py:115} INFO - [2025-02-14 14:42:45,804] {dagbag.py:508} INFO - Filling up the DagBag from /opt/conda/lib/python3.8/site-packages/airflow/example_dags/example_local_kubernetes_executor.py
[2025-02-14 14:42:45,943] {logging_mixin.py:115} INFO - [2025-02-14 14:42:45,943] {example_local_kubernetes_executor.py:37} WARNING - Could not import DAGs in example_local_kubernetes_executor.py
Traceback (most recent call last):
  File "/opt/conda/lib/python3.8/site-packages/airflow/example_dags/example_local_kubernetes_executor.py", line 35, in <module>
    from kubernetes.client import models as k8s
ModuleNotFoundError: No module named 'kubernetes'
[2025-02-14 14:42:45,943] {logging_mixin.py:115} INFO - [2025-02-14 14:42:45,943] {example_local_kubernetes_executor.py:38} WARNING - Install Kubernetes dependencies with: pip install apache-airflow[cncf.kubernetes]
[2025-02-14 14:42:45,943] {processor.py:653} WARNING - No viable dags retrieved from /opt/conda/lib/python3.8/site-packages/airflow/example_dags/example_local_kubernetes_executor.py
[2025-02-14 14:42:45,949] {processor.py:161} INFO - Processing /opt/conda/lib/python3.8/site-packages/airflow/example_dags/example_local_kubernetes_executor.py took 0.296 seconds
[2025-02-14 17:09:21,142] {processor.py:153} INFO - Started process (PID=6347) to work on /opt/conda/lib/python3.8/site-packages/airflow/example_dags/example_local_kubernetes_executor.py
[2025-02-14 17:09:21,144] {processor.py:641} INFO - Processing file /opt/conda/lib/python3.8/site-packages/airflow/example_dags/example_local_kubernetes_executor.py for tasks to queue
[2025-02-14 17:09:21,144] {logging_mixin.py:115} INFO - [2025-02-14 17:09:21,144] {dagbag.py:508} INFO - Filling up the DagBag from /opt/conda/lib/python3.8/site-packages/airflow/example_dags/example_local_kubernetes_executor.py
[2025-02-14 17:09:21,345] {logging_mixin.py:115} INFO - [2025-02-14 17:09:21,345] {example_local_kubernetes_executor.py:37} WARNING - Could not import DAGs in example_local_kubernetes_executor.py
Traceback (most recent call last):
  File "/opt/conda/lib/python3.8/site-packages/airflow/example_dags/example_local_kubernetes_executor.py", line 35, in <module>
    from kubernetes.client import models as k8s
ModuleNotFoundError: No module named 'kubernetes'
[2025-02-14 17:09:21,345] {logging_mixin.py:115} INFO - [2025-02-14 17:09:21,345] {example_local_kubernetes_executor.py:38} WARNING - Install Kubernetes dependencies with: pip install apache-airflow[cncf.kubernetes]
[2025-02-14 17:09:21,345] {processor.py:653} WARNING - No viable dags retrieved from /opt/conda/lib/python3.8/site-packages/airflow/example_dags/example_local_kubernetes_executor.py
[2025-02-14 17:09:21,353] {processor.py:161} INFO - Processing /opt/conda/lib/python3.8/site-packages/airflow/example_dags/example_local_kubernetes_executor.py took 0.214 seconds
[2025-02-14 17:10:16,905] {processor.py:153} INFO - Started process (PID=6420) to work on /opt/conda/lib/python3.8/site-packages/airflow/example_dags/example_local_kubernetes_executor.py
[2025-02-14 17:10:16,906] {processor.py:641} INFO - Processing file /opt/conda/lib/python3.8/site-packages/airflow/example_dags/example_local_kubernetes_executor.py for tasks to queue
[2025-02-14 17:10:16,906] {logging_mixin.py:115} INFO - [2025-02-14 17:10:16,906] {dagbag.py:508} INFO - Filling up the DagBag from /opt/conda/lib/python3.8/site-packages/airflow/example_dags/example_local_kubernetes_executor.py
[2025-02-14 17:10:17,111] {logging_mixin.py:115} INFO - [2025-02-14 17:10:17,110] {example_local_kubernetes_executor.py:37} WARNING - Could not import DAGs in example_local_kubernetes_executor.py
Traceback (most recent call last):
  File "/opt/conda/lib/python3.8/site-packages/airflow/example_dags/example_local_kubernetes_executor.py", line 35, in <module>
    from kubernetes.client import models as k8s
ModuleNotFoundError: No module named 'kubernetes'
[2025-02-14 17:10:17,111] {logging_mixin.py:115} INFO - [2025-02-14 17:10:17,111] {example_local_kubernetes_executor.py:38} WARNING - Install Kubernetes dependencies with: pip install apache-airflow[cncf.kubernetes]
[2025-02-14 17:10:17,111] {processor.py:653} WARNING - No viable dags retrieved from /opt/conda/lib/python3.8/site-packages/airflow/example_dags/example_local_kubernetes_executor.py
[2025-02-14 17:10:17,119] {processor.py:161} INFO - Processing /opt/conda/lib/python3.8/site-packages/airflow/example_dags/example_local_kubernetes_executor.py took 0.218 seconds
[2025-02-14 17:11:38,193] {processor.py:153} INFO - Started process (PID=6566) to work on /opt/conda/lib/python3.8/site-packages/airflow/example_dags/example_local_kubernetes_executor.py
[2025-02-14 17:11:38,195] {processor.py:641} INFO - Processing file /opt/conda/lib/python3.8/site-packages/airflow/example_dags/example_local_kubernetes_executor.py for tasks to queue
[2025-02-14 17:11:38,195] {logging_mixin.py:115} INFO - [2025-02-14 17:11:38,195] {dagbag.py:508} INFO - Filling up the DagBag from /opt/conda/lib/python3.8/site-packages/airflow/example_dags/example_local_kubernetes_executor.py
[2025-02-14 17:11:38,398] {logging_mixin.py:115} INFO - [2025-02-14 17:11:38,397] {example_local_kubernetes_executor.py:37} WARNING - Could not import DAGs in example_local_kubernetes_executor.py
Traceback (most recent call last):
  File "/opt/conda/lib/python3.8/site-packages/airflow/example_dags/example_local_kubernetes_executor.py", line 35, in <module>
    from kubernetes.client import models as k8s
ModuleNotFoundError: No module named 'kubernetes'
[2025-02-14 17:11:38,398] {logging_mixin.py:115} INFO - [2025-02-14 17:11:38,398] {example_local_kubernetes_executor.py:38} WARNING - Install Kubernetes dependencies with: pip install apache-airflow[cncf.kubernetes]
[2025-02-14 17:11:38,398] {processor.py:653} WARNING - No viable dags retrieved from /opt/conda/lib/python3.8/site-packages/airflow/example_dags/example_local_kubernetes_executor.py
[2025-02-14 17:11:38,406] {processor.py:161} INFO - Processing /opt/conda/lib/python3.8/site-packages/airflow/example_dags/example_local_kubernetes_executor.py took 0.216 seconds
[2025-02-14 17:12:27,708] {processor.py:153} INFO - Started process (PID=6635) to work on /opt/conda/lib/python3.8/site-packages/airflow/example_dags/example_local_kubernetes_executor.py
[2025-02-14 17:12:27,709] {processor.py:641} INFO - Processing file /opt/conda/lib/python3.8/site-packages/airflow/example_dags/example_local_kubernetes_executor.py for tasks to queue
[2025-02-14 17:12:27,710] {logging_mixin.py:115} INFO - [2025-02-14 17:12:27,710] {dagbag.py:508} INFO - Filling up the DagBag from /opt/conda/lib/python3.8/site-packages/airflow/example_dags/example_local_kubernetes_executor.py
[2025-02-14 17:12:27,914] {logging_mixin.py:115} INFO - [2025-02-14 17:12:27,913] {example_local_kubernetes_executor.py:37} WARNING - Could not import DAGs in example_local_kubernetes_executor.py
Traceback (most recent call last):
  File "/opt/conda/lib/python3.8/site-packages/airflow/example_dags/example_local_kubernetes_executor.py", line 35, in <module>
    from kubernetes.client import models as k8s
ModuleNotFoundError: No module named 'kubernetes'
[2025-02-14 17:12:27,914] {logging_mixin.py:115} INFO - [2025-02-14 17:12:27,914] {example_local_kubernetes_executor.py:38} WARNING - Install Kubernetes dependencies with: pip install apache-airflow[cncf.kubernetes]
[2025-02-14 17:12:27,914] {processor.py:653} WARNING - No viable dags retrieved from /opt/conda/lib/python3.8/site-packages/airflow/example_dags/example_local_kubernetes_executor.py
[2025-02-14 17:12:27,922] {processor.py:161} INFO - Processing /opt/conda/lib/python3.8/site-packages/airflow/example_dags/example_local_kubernetes_executor.py took 0.218 seconds
[2025-02-14 17:13:19,447] {processor.py:153} INFO - Started process (PID=6704) to work on /opt/conda/lib/python3.8/site-packages/airflow/example_dags/example_local_kubernetes_executor.py
[2025-02-14 17:13:19,449] {processor.py:641} INFO - Processing file /opt/conda/lib/python3.8/site-packages/airflow/example_dags/example_local_kubernetes_executor.py for tasks to queue
[2025-02-14 17:13:19,449] {logging_mixin.py:115} INFO - [2025-02-14 17:13:19,449] {dagbag.py:508} INFO - Filling up the DagBag from /opt/conda/lib/python3.8/site-packages/airflow/example_dags/example_local_kubernetes_executor.py
[2025-02-14 17:13:19,652] {logging_mixin.py:115} INFO - [2025-02-14 17:13:19,651] {example_local_kubernetes_executor.py:37} WARNING - Could not import DAGs in example_local_kubernetes_executor.py
Traceback (most recent call last):
  File "/opt/conda/lib/python3.8/site-packages/airflow/example_dags/example_local_kubernetes_executor.py", line 35, in <module>
    from kubernetes.client import models as k8s
ModuleNotFoundError: No module named 'kubernetes'
[2025-02-14 17:13:19,652] {logging_mixin.py:115} INFO - [2025-02-14 17:13:19,652] {example_local_kubernetes_executor.py:38} WARNING - Install Kubernetes dependencies with: pip install apache-airflow[cncf.kubernetes]
[2025-02-14 17:13:19,652] {processor.py:653} WARNING - No viable dags retrieved from /opt/conda/lib/python3.8/site-packages/airflow/example_dags/example_local_kubernetes_executor.py
[2025-02-14 17:13:19,660] {processor.py:161} INFO - Processing /opt/conda/lib/python3.8/site-packages/airflow/example_dags/example_local_kubernetes_executor.py took 0.216 seconds
[2025-02-14 17:14:12,224] {processor.py:153} INFO - Started process (PID=6775) to work on /opt/conda/lib/python3.8/site-packages/airflow/example_dags/example_local_kubernetes_executor.py
[2025-02-14 17:14:12,226] {processor.py:641} INFO - Processing file /opt/conda/lib/python3.8/site-packages/airflow/example_dags/example_local_kubernetes_executor.py for tasks to queue
[2025-02-14 17:14:12,227] {logging_mixin.py:115} INFO - [2025-02-14 17:14:12,226] {dagbag.py:508} INFO - Filling up the DagBag from /opt/conda/lib/python3.8/site-packages/airflow/example_dags/example_local_kubernetes_executor.py
[2025-02-14 17:14:12,244] {logging_mixin.py:115} INFO - [2025-02-14 17:14:12,243] {example_local_kubernetes_executor.py:37} WARNING - Could not import DAGs in example_local_kubernetes_executor.py
Traceback (most recent call last):
  File "/opt/conda/lib/python3.8/site-packages/airflow/example_dags/example_local_kubernetes_executor.py", line 35, in <module>
    from kubernetes.client import models as k8s
ModuleNotFoundError: No module named 'kubernetes'
[2025-02-14 17:14:12,244] {logging_mixin.py:115} INFO - [2025-02-14 17:14:12,244] {example_local_kubernetes_executor.py:38} WARNING - Install Kubernetes dependencies with: pip install apache-airflow[cncf.kubernetes]
[2025-02-14 17:14:12,244] {processor.py:653} WARNING - No viable dags retrieved from /opt/conda/lib/python3.8/site-packages/airflow/example_dags/example_local_kubernetes_executor.py
[2025-02-14 17:14:12,255] {processor.py:161} INFO - Processing /opt/conda/lib/python3.8/site-packages/airflow/example_dags/example_local_kubernetes_executor.py took 0.034 seconds
[2025-02-14 17:15:00,057] {processor.py:153} INFO - Started process (PID=6848) to work on /opt/conda/lib/python3.8/site-packages/airflow/example_dags/example_local_kubernetes_executor.py
[2025-02-14 17:15:00,059] {processor.py:641} INFO - Processing file /opt/conda/lib/python3.8/site-packages/airflow/example_dags/example_local_kubernetes_executor.py for tasks to queue
[2025-02-14 17:15:00,060] {logging_mixin.py:115} INFO - [2025-02-14 17:15:00,060] {dagbag.py:508} INFO - Filling up the DagBag from /opt/conda/lib/python3.8/site-packages/airflow/example_dags/example_local_kubernetes_executor.py
[2025-02-14 17:15:00,077] {logging_mixin.py:115} INFO - [2025-02-14 17:15:00,076] {example_local_kubernetes_executor.py:37} WARNING - Could not import DAGs in example_local_kubernetes_executor.py
Traceback (most recent call last):
  File "/opt/conda/lib/python3.8/site-packages/airflow/example_dags/example_local_kubernetes_executor.py", line 35, in <module>
    from kubernetes.client import models as k8s
ModuleNotFoundError: No module named 'kubernetes'
[2025-02-14 17:15:00,077] {logging_mixin.py:115} INFO - [2025-02-14 17:15:00,077] {example_local_kubernetes_executor.py:38} WARNING - Install Kubernetes dependencies with: pip install apache-airflow[cncf.kubernetes]
[2025-02-14 17:15:00,077] {processor.py:653} WARNING - No viable dags retrieved from /opt/conda/lib/python3.8/site-packages/airflow/example_dags/example_local_kubernetes_executor.py
[2025-02-14 17:15:00,088] {processor.py:161} INFO - Processing /opt/conda/lib/python3.8/site-packages/airflow/example_dags/example_local_kubernetes_executor.py took 0.034 seconds
[2025-02-14 17:15:45,370] {processor.py:153} INFO - Started process (PID=6921) to work on /opt/conda/lib/python3.8/site-packages/airflow/example_dags/example_local_kubernetes_executor.py
[2025-02-14 17:15:45,371] {processor.py:641} INFO - Processing file /opt/conda/lib/python3.8/site-packages/airflow/example_dags/example_local_kubernetes_executor.py for tasks to queue
[2025-02-14 17:15:45,372] {logging_mixin.py:115} INFO - [2025-02-14 17:15:45,372] {dagbag.py:508} INFO - Filling up the DagBag from /opt/conda/lib/python3.8/site-packages/airflow/example_dags/example_local_kubernetes_executor.py
[2025-02-14 17:15:45,389] {logging_mixin.py:115} INFO - [2025-02-14 17:15:45,389] {example_local_kubernetes_executor.py:37} WARNING - Could not import DAGs in example_local_kubernetes_executor.py
Traceback (most recent call last):
  File "/opt/conda/lib/python3.8/site-packages/airflow/example_dags/example_local_kubernetes_executor.py", line 35, in <module>
    from kubernetes.client import models as k8s
ModuleNotFoundError: No module named 'kubernetes'
[2025-02-14 17:15:45,389] {logging_mixin.py:115} INFO - [2025-02-14 17:15:45,389] {example_local_kubernetes_executor.py:38} WARNING - Install Kubernetes dependencies with: pip install apache-airflow[cncf.kubernetes]
[2025-02-14 17:15:45,390] {processor.py:653} WARNING - No viable dags retrieved from /opt/conda/lib/python3.8/site-packages/airflow/example_dags/example_local_kubernetes_executor.py
[2025-02-14 17:15:45,401] {processor.py:161} INFO - Processing /opt/conda/lib/python3.8/site-packages/airflow/example_dags/example_local_kubernetes_executor.py took 0.035 seconds
[2025-02-14 17:16:30,394] {processor.py:153} INFO - Started process (PID=7162) to work on /opt/conda/lib/python3.8/site-packages/airflow/example_dags/example_local_kubernetes_executor.py
[2025-02-14 17:16:30,396] {processor.py:641} INFO - Processing file /opt/conda/lib/python3.8/site-packages/airflow/example_dags/example_local_kubernetes_executor.py for tasks to queue
[2025-02-14 17:16:30,397] {logging_mixin.py:115} INFO - [2025-02-14 17:16:30,397] {dagbag.py:508} INFO - Filling up the DagBag from /opt/conda/lib/python3.8/site-packages/airflow/example_dags/example_local_kubernetes_executor.py
[2025-02-14 17:16:30,414] {logging_mixin.py:115} INFO - [2025-02-14 17:16:30,413] {example_local_kubernetes_executor.py:37} WARNING - Could not import DAGs in example_local_kubernetes_executor.py
Traceback (most recent call last):
  File "/opt/conda/lib/python3.8/site-packages/airflow/example_dags/example_local_kubernetes_executor.py", line 35, in <module>
    from kubernetes.client import models as k8s
ModuleNotFoundError: No module named 'kubernetes'
[2025-02-14 17:16:30,414] {logging_mixin.py:115} INFO - [2025-02-14 17:16:30,414] {example_local_kubernetes_executor.py:38} WARNING - Install Kubernetes dependencies with: pip install apache-airflow[cncf.kubernetes]
[2025-02-14 17:16:30,414] {processor.py:653} WARNING - No viable dags retrieved from /opt/conda/lib/python3.8/site-packages/airflow/example_dags/example_local_kubernetes_executor.py
[2025-02-14 17:16:30,426] {processor.py:161} INFO - Processing /opt/conda/lib/python3.8/site-packages/airflow/example_dags/example_local_kubernetes_executor.py took 0.034 seconds
[2025-02-14 18:17:07,666] {processor.py:153} INFO - Started process (PID=7814) to work on /opt/conda/lib/python3.8/site-packages/airflow/example_dags/example_local_kubernetes_executor.py
[2025-02-14 18:17:07,668] {processor.py:641} INFO - Processing file /opt/conda/lib/python3.8/site-packages/airflow/example_dags/example_local_kubernetes_executor.py for tasks to queue
[2025-02-14 18:17:07,669] {logging_mixin.py:115} INFO - [2025-02-14 18:17:07,669] {dagbag.py:508} INFO - Filling up the DagBag from /opt/conda/lib/python3.8/site-packages/airflow/example_dags/example_local_kubernetes_executor.py
[2025-02-14 18:17:07,861] {logging_mixin.py:115} INFO - [2025-02-14 18:17:07,861] {example_local_kubernetes_executor.py:37} WARNING - Could not import DAGs in example_local_kubernetes_executor.py
Traceback (most recent call last):
  File "/opt/conda/lib/python3.8/site-packages/airflow/example_dags/example_local_kubernetes_executor.py", line 35, in <module>
    from kubernetes.client import models as k8s
ModuleNotFoundError: No module named 'kubernetes'
[2025-02-14 18:17:07,861] {logging_mixin.py:115} INFO - [2025-02-14 18:17:07,861] {example_local_kubernetes_executor.py:38} WARNING - Install Kubernetes dependencies with: pip install apache-airflow[cncf.kubernetes]
[2025-02-14 18:17:07,861] {processor.py:653} WARNING - No viable dags retrieved from /opt/conda/lib/python3.8/site-packages/airflow/example_dags/example_local_kubernetes_executor.py
[2025-02-14 18:17:07,870] {processor.py:161} INFO - Processing /opt/conda/lib/python3.8/site-packages/airflow/example_dags/example_local_kubernetes_executor.py took 0.207 seconds
[2025-02-14 18:19:01,001] {processor.py:153} INFO - Started process (PID=7999) to work on /opt/conda/lib/python3.8/site-packages/airflow/example_dags/example_local_kubernetes_executor.py
[2025-02-14 18:19:01,003] {processor.py:641} INFO - Processing file /opt/conda/lib/python3.8/site-packages/airflow/example_dags/example_local_kubernetes_executor.py for tasks to queue
[2025-02-14 18:19:01,003] {logging_mixin.py:115} INFO - [2025-02-14 18:19:01,003] {dagbag.py:508} INFO - Filling up the DagBag from /opt/conda/lib/python3.8/site-packages/airflow/example_dags/example_local_kubernetes_executor.py
[2025-02-14 18:19:01,198] {logging_mixin.py:115} INFO - [2025-02-14 18:19:01,197] {example_local_kubernetes_executor.py:37} WARNING - Could not import DAGs in example_local_kubernetes_executor.py
Traceback (most recent call last):
  File "/opt/conda/lib/python3.8/site-packages/airflow/example_dags/example_local_kubernetes_executor.py", line 35, in <module>
    from kubernetes.client import models as k8s
ModuleNotFoundError: No module named 'kubernetes'
[2025-02-14 18:19:01,198] {logging_mixin.py:115} INFO - [2025-02-14 18:19:01,198] {example_local_kubernetes_executor.py:38} WARNING - Install Kubernetes dependencies with: pip install apache-airflow[cncf.kubernetes]
[2025-02-14 18:19:01,198] {processor.py:653} WARNING - No viable dags retrieved from /opt/conda/lib/python3.8/site-packages/airflow/example_dags/example_local_kubernetes_executor.py
[2025-02-14 18:19:01,207] {processor.py:161} INFO - Processing /opt/conda/lib/python3.8/site-packages/airflow/example_dags/example_local_kubernetes_executor.py took 0.209 seconds
[2025-02-14 18:20:15,656] {processor.py:153} INFO - Started process (PID=8130) to work on /opt/conda/lib/python3.8/site-packages/airflow/example_dags/example_local_kubernetes_executor.py
[2025-02-14 18:20:15,657] {processor.py:641} INFO - Processing file /opt/conda/lib/python3.8/site-packages/airflow/example_dags/example_local_kubernetes_executor.py for tasks to queue
[2025-02-14 18:20:15,658] {logging_mixin.py:115} INFO - [2025-02-14 18:20:15,658] {dagbag.py:508} INFO - Filling up the DagBag from /opt/conda/lib/python3.8/site-packages/airflow/example_dags/example_local_kubernetes_executor.py
[2025-02-14 18:20:15,851] {logging_mixin.py:115} INFO - [2025-02-14 18:20:15,851] {example_local_kubernetes_executor.py:37} WARNING - Could not import DAGs in example_local_kubernetes_executor.py
Traceback (most recent call last):
  File "/opt/conda/lib/python3.8/site-packages/airflow/example_dags/example_local_kubernetes_executor.py", line 35, in <module>
    from kubernetes.client import models as k8s
ModuleNotFoundError: No module named 'kubernetes'
[2025-02-14 18:20:15,851] {logging_mixin.py:115} INFO - [2025-02-14 18:20:15,851] {example_local_kubernetes_executor.py:38} WARNING - Install Kubernetes dependencies with: pip install apache-airflow[cncf.kubernetes]
[2025-02-14 18:20:15,852] {processor.py:653} WARNING - No viable dags retrieved from /opt/conda/lib/python3.8/site-packages/airflow/example_dags/example_local_kubernetes_executor.py
[2025-02-14 18:20:15,860] {processor.py:161} INFO - Processing /opt/conda/lib/python3.8/site-packages/airflow/example_dags/example_local_kubernetes_executor.py took 0.208 seconds
[2025-02-14 18:21:28,767] {processor.py:153} INFO - Started process (PID=8255) to work on /opt/conda/lib/python3.8/site-packages/airflow/example_dags/example_local_kubernetes_executor.py
[2025-02-14 18:21:28,769] {processor.py:641} INFO - Processing file /opt/conda/lib/python3.8/site-packages/airflow/example_dags/example_local_kubernetes_executor.py for tasks to queue
[2025-02-14 18:21:28,769] {logging_mixin.py:115} INFO - [2025-02-14 18:21:28,769] {dagbag.py:508} INFO - Filling up the DagBag from /opt/conda/lib/python3.8/site-packages/airflow/example_dags/example_local_kubernetes_executor.py
[2025-02-14 18:21:28,965] {logging_mixin.py:115} INFO - [2025-02-14 18:21:28,964] {example_local_kubernetes_executor.py:37} WARNING - Could not import DAGs in example_local_kubernetes_executor.py
Traceback (most recent call last):
  File "/opt/conda/lib/python3.8/site-packages/airflow/example_dags/example_local_kubernetes_executor.py", line 35, in <module>
    from kubernetes.client import models as k8s
ModuleNotFoundError: No module named 'kubernetes'
[2025-02-14 18:21:28,965] {logging_mixin.py:115} INFO - [2025-02-14 18:21:28,965] {example_local_kubernetes_executor.py:38} WARNING - Install Kubernetes dependencies with: pip install apache-airflow[cncf.kubernetes]
[2025-02-14 18:21:28,965] {processor.py:653} WARNING - No viable dags retrieved from /opt/conda/lib/python3.8/site-packages/airflow/example_dags/example_local_kubernetes_executor.py
[2025-02-14 18:21:28,974] {processor.py:161} INFO - Processing /opt/conda/lib/python3.8/site-packages/airflow/example_dags/example_local_kubernetes_executor.py took 0.210 seconds
[2025-02-14 18:22:31,866] {processor.py:153} INFO - Started process (PID=8371) to work on /opt/conda/lib/python3.8/site-packages/airflow/example_dags/example_local_kubernetes_executor.py
[2025-02-14 18:22:31,867] {processor.py:641} INFO - Processing file /opt/conda/lib/python3.8/site-packages/airflow/example_dags/example_local_kubernetes_executor.py for tasks to queue
[2025-02-14 18:22:31,868] {logging_mixin.py:115} INFO - [2025-02-14 18:22:31,868] {dagbag.py:508} INFO - Filling up the DagBag from /opt/conda/lib/python3.8/site-packages/airflow/example_dags/example_local_kubernetes_executor.py
[2025-02-14 18:22:31,886] {logging_mixin.py:115} INFO - [2025-02-14 18:22:31,885] {example_local_kubernetes_executor.py:37} WARNING - Could not import DAGs in example_local_kubernetes_executor.py
Traceback (most recent call last):
  File "/opt/conda/lib/python3.8/site-packages/airflow/example_dags/example_local_kubernetes_executor.py", line 35, in <module>
    from kubernetes.client import models as k8s
ModuleNotFoundError: No module named 'kubernetes'
[2025-02-14 18:22:31,886] {logging_mixin.py:115} INFO - [2025-02-14 18:22:31,886] {example_local_kubernetes_executor.py:38} WARNING - Install Kubernetes dependencies with: pip install apache-airflow[cncf.kubernetes]
[2025-02-14 18:22:31,886] {processor.py:653} WARNING - No viable dags retrieved from /opt/conda/lib/python3.8/site-packages/airflow/example_dags/example_local_kubernetes_executor.py
[2025-02-14 18:22:31,908] {processor.py:161} INFO - Processing /opt/conda/lib/python3.8/site-packages/airflow/example_dags/example_local_kubernetes_executor.py took 0.046 seconds
[2025-02-14 18:23:32,905] {processor.py:153} INFO - Started process (PID=8484) to work on /opt/conda/lib/python3.8/site-packages/airflow/example_dags/example_local_kubernetes_executor.py
[2025-02-14 18:23:32,906] {processor.py:641} INFO - Processing file /opt/conda/lib/python3.8/site-packages/airflow/example_dags/example_local_kubernetes_executor.py for tasks to queue
[2025-02-14 18:23:32,907] {logging_mixin.py:115} INFO - [2025-02-14 18:23:32,907] {dagbag.py:508} INFO - Filling up the DagBag from /opt/conda/lib/python3.8/site-packages/airflow/example_dags/example_local_kubernetes_executor.py
[2025-02-14 18:23:32,922] {logging_mixin.py:115} INFO - [2025-02-14 18:23:32,922] {example_local_kubernetes_executor.py:37} WARNING - Could not import DAGs in example_local_kubernetes_executor.py
Traceback (most recent call last):
  File "/opt/conda/lib/python3.8/site-packages/airflow/example_dags/example_local_kubernetes_executor.py", line 35, in <module>
    from kubernetes.client import models as k8s
ModuleNotFoundError: No module named 'kubernetes'
[2025-02-14 18:23:32,922] {logging_mixin.py:115} INFO - [2025-02-14 18:23:32,922] {example_local_kubernetes_executor.py:38} WARNING - Install Kubernetes dependencies with: pip install apache-airflow[cncf.kubernetes]
[2025-02-14 18:23:32,923] {processor.py:653} WARNING - No viable dags retrieved from /opt/conda/lib/python3.8/site-packages/airflow/example_dags/example_local_kubernetes_executor.py
[2025-02-14 18:23:32,932] {processor.py:161} INFO - Processing /opt/conda/lib/python3.8/site-packages/airflow/example_dags/example_local_kubernetes_executor.py took 0.031 seconds
[2025-02-14 18:24:34,557] {processor.py:153} INFO - Started process (PID=8625) to work on /opt/conda/lib/python3.8/site-packages/airflow/example_dags/example_local_kubernetes_executor.py
[2025-02-14 18:24:34,558] {processor.py:641} INFO - Processing file /opt/conda/lib/python3.8/site-packages/airflow/example_dags/example_local_kubernetes_executor.py for tasks to queue
[2025-02-14 18:24:34,559] {logging_mixin.py:115} INFO - [2025-02-14 18:24:34,559] {dagbag.py:508} INFO - Filling up the DagBag from /opt/conda/lib/python3.8/site-packages/airflow/example_dags/example_local_kubernetes_executor.py
[2025-02-14 18:24:34,573] {logging_mixin.py:115} INFO - [2025-02-14 18:24:34,573] {example_local_kubernetes_executor.py:37} WARNING - Could not import DAGs in example_local_kubernetes_executor.py
Traceback (most recent call last):
  File "/opt/conda/lib/python3.8/site-packages/airflow/example_dags/example_local_kubernetes_executor.py", line 35, in <module>
    from kubernetes.client import models as k8s
ModuleNotFoundError: No module named 'kubernetes'
[2025-02-14 18:24:34,573] {logging_mixin.py:115} INFO - [2025-02-14 18:24:34,573] {example_local_kubernetes_executor.py:38} WARNING - Install Kubernetes dependencies with: pip install apache-airflow[cncf.kubernetes]
[2025-02-14 18:24:34,573] {processor.py:653} WARNING - No viable dags retrieved from /opt/conda/lib/python3.8/site-packages/airflow/example_dags/example_local_kubernetes_executor.py
[2025-02-14 18:24:34,582] {processor.py:161} INFO - Processing /opt/conda/lib/python3.8/site-packages/airflow/example_dags/example_local_kubernetes_executor.py took 0.029 seconds
[2025-02-14 18:30:05,756] {processor.py:153} INFO - Started process (PID=8768) to work on /opt/conda/lib/python3.8/site-packages/airflow/example_dags/example_local_kubernetes_executor.py
[2025-02-14 18:30:05,758] {processor.py:641} INFO - Processing file /opt/conda/lib/python3.8/site-packages/airflow/example_dags/example_local_kubernetes_executor.py for tasks to queue
[2025-02-14 18:30:05,758] {logging_mixin.py:115} INFO - [2025-02-14 18:30:05,758] {dagbag.py:508} INFO - Filling up the DagBag from /opt/conda/lib/python3.8/site-packages/airflow/example_dags/example_local_kubernetes_executor.py
[2025-02-14 18:30:05,894] {logging_mixin.py:115} INFO - [2025-02-14 18:30:05,893] {example_local_kubernetes_executor.py:37} WARNING - Could not import DAGs in example_local_kubernetes_executor.py
Traceback (most recent call last):
  File "/opt/conda/lib/python3.8/site-packages/airflow/example_dags/example_local_kubernetes_executor.py", line 35, in <module>
    from kubernetes.client import models as k8s
ModuleNotFoundError: No module named 'kubernetes'
[2025-02-14 18:30:05,894] {logging_mixin.py:115} INFO - [2025-02-14 18:30:05,894] {example_local_kubernetes_executor.py:38} WARNING - Install Kubernetes dependencies with: pip install apache-airflow[cncf.kubernetes]
[2025-02-14 18:30:05,894] {processor.py:653} WARNING - No viable dags retrieved from /opt/conda/lib/python3.8/site-packages/airflow/example_dags/example_local_kubernetes_executor.py
[2025-02-14 18:30:05,899] {processor.py:161} INFO - Processing /opt/conda/lib/python3.8/site-packages/airflow/example_dags/example_local_kubernetes_executor.py took 0.146 seconds
[2025-02-14 18:31:48,360] {processor.py:153} INFO - Started process (PID=9072) to work on /opt/conda/lib/python3.8/site-packages/airflow/example_dags/example_local_kubernetes_executor.py
[2025-02-14 18:31:48,362] {processor.py:641} INFO - Processing file /opt/conda/lib/python3.8/site-packages/airflow/example_dags/example_local_kubernetes_executor.py for tasks to queue
[2025-02-14 18:31:48,362] {logging_mixin.py:115} INFO - [2025-02-14 18:31:48,362] {dagbag.py:508} INFO - Filling up the DagBag from /opt/conda/lib/python3.8/site-packages/airflow/example_dags/example_local_kubernetes_executor.py
[2025-02-14 18:31:48,506] {logging_mixin.py:115} INFO - [2025-02-14 18:31:48,505] {example_local_kubernetes_executor.py:37} WARNING - Could not import DAGs in example_local_kubernetes_executor.py
Traceback (most recent call last):
  File "/opt/conda/lib/python3.8/site-packages/airflow/example_dags/example_local_kubernetes_executor.py", line 35, in <module>
    from kubernetes.client import models as k8s
ModuleNotFoundError: No module named 'kubernetes'
[2025-02-14 18:31:48,506] {logging_mixin.py:115} INFO - [2025-02-14 18:31:48,506] {example_local_kubernetes_executor.py:38} WARNING - Install Kubernetes dependencies with: pip install apache-airflow[cncf.kubernetes]
[2025-02-14 18:31:48,506] {processor.py:653} WARNING - No viable dags retrieved from /opt/conda/lib/python3.8/site-packages/airflow/example_dags/example_local_kubernetes_executor.py
[2025-02-14 18:31:48,511] {processor.py:161} INFO - Processing /opt/conda/lib/python3.8/site-packages/airflow/example_dags/example_local_kubernetes_executor.py took 0.154 seconds
[2025-02-14 18:33:34,340] {processor.py:153} INFO - Started process (PID=9372) to work on /opt/conda/lib/python3.8/site-packages/airflow/example_dags/example_local_kubernetes_executor.py
[2025-02-14 18:33:34,341] {processor.py:641} INFO - Processing file /opt/conda/lib/python3.8/site-packages/airflow/example_dags/example_local_kubernetes_executor.py for tasks to queue
[2025-02-14 18:33:34,342] {logging_mixin.py:115} INFO - [2025-02-14 18:33:34,342] {dagbag.py:508} INFO - Filling up the DagBag from /opt/conda/lib/python3.8/site-packages/airflow/example_dags/example_local_kubernetes_executor.py
[2025-02-14 18:33:34,467] {logging_mixin.py:115} INFO - [2025-02-14 18:33:34,467] {example_local_kubernetes_executor.py:37} WARNING - Could not import DAGs in example_local_kubernetes_executor.py
Traceback (most recent call last):
  File "/opt/conda/lib/python3.8/site-packages/airflow/example_dags/example_local_kubernetes_executor.py", line 35, in <module>
    from kubernetes.client import models as k8s
ModuleNotFoundError: No module named 'kubernetes'
[2025-02-14 18:33:34,468] {logging_mixin.py:115} INFO - [2025-02-14 18:33:34,467] {example_local_kubernetes_executor.py:38} WARNING - Install Kubernetes dependencies with: pip install apache-airflow[cncf.kubernetes]
[2025-02-14 18:33:34,468] {processor.py:653} WARNING - No viable dags retrieved from /opt/conda/lib/python3.8/site-packages/airflow/example_dags/example_local_kubernetes_executor.py
[2025-02-14 18:33:34,473] {processor.py:161} INFO - Processing /opt/conda/lib/python3.8/site-packages/airflow/example_dags/example_local_kubernetes_executor.py took 0.136 seconds
[2025-02-14 18:34:40,758] {processor.py:153} INFO - Started process (PID=9516) to work on /opt/conda/lib/python3.8/site-packages/airflow/example_dags/example_local_kubernetes_executor.py
[2025-02-14 18:34:40,760] {processor.py:641} INFO - Processing file /opt/conda/lib/python3.8/site-packages/airflow/example_dags/example_local_kubernetes_executor.py for tasks to queue
[2025-02-14 18:34:40,760] {logging_mixin.py:115} INFO - [2025-02-14 18:34:40,760] {dagbag.py:508} INFO - Filling up the DagBag from /opt/conda/lib/python3.8/site-packages/airflow/example_dags/example_local_kubernetes_executor.py
[2025-02-14 18:34:40,775] {logging_mixin.py:115} INFO - [2025-02-14 18:34:40,775] {example_local_kubernetes_executor.py:37} WARNING - Could not import DAGs in example_local_kubernetes_executor.py
Traceback (most recent call last):
  File "/opt/conda/lib/python3.8/site-packages/airflow/example_dags/example_local_kubernetes_executor.py", line 35, in <module>
    from kubernetes.client import models as k8s
ModuleNotFoundError: No module named 'kubernetes'
[2025-02-14 18:34:40,775] {logging_mixin.py:115} INFO - [2025-02-14 18:34:40,775] {example_local_kubernetes_executor.py:38} WARNING - Install Kubernetes dependencies with: pip install apache-airflow[cncf.kubernetes]
[2025-02-14 18:34:40,776] {processor.py:653} WARNING - No viable dags retrieved from /opt/conda/lib/python3.8/site-packages/airflow/example_dags/example_local_kubernetes_executor.py
[2025-02-14 18:34:40,785] {processor.py:161} INFO - Processing /opt/conda/lib/python3.8/site-packages/airflow/example_dags/example_local_kubernetes_executor.py took 0.030 seconds
[2025-02-14 18:35:40,620] {processor.py:153} INFO - Started process (PID=9812) to work on /opt/conda/lib/python3.8/site-packages/airflow/example_dags/example_local_kubernetes_executor.py
[2025-02-14 18:35:40,621] {processor.py:641} INFO - Processing file /opt/conda/lib/python3.8/site-packages/airflow/example_dags/example_local_kubernetes_executor.py for tasks to queue
[2025-02-14 18:35:40,622] {logging_mixin.py:115} INFO - [2025-02-14 18:35:40,622] {dagbag.py:508} INFO - Filling up the DagBag from /opt/conda/lib/python3.8/site-packages/airflow/example_dags/example_local_kubernetes_executor.py
[2025-02-14 18:35:40,636] {logging_mixin.py:115} INFO - [2025-02-14 18:35:40,636] {example_local_kubernetes_executor.py:37} WARNING - Could not import DAGs in example_local_kubernetes_executor.py
Traceback (most recent call last):
  File "/opt/conda/lib/python3.8/site-packages/airflow/example_dags/example_local_kubernetes_executor.py", line 35, in <module>
    from kubernetes.client import models as k8s
ModuleNotFoundError: No module named 'kubernetes'
[2025-02-14 18:35:40,636] {logging_mixin.py:115} INFO - [2025-02-14 18:35:40,636] {example_local_kubernetes_executor.py:38} WARNING - Install Kubernetes dependencies with: pip install apache-airflow[cncf.kubernetes]
[2025-02-14 18:35:40,636] {processor.py:653} WARNING - No viable dags retrieved from /opt/conda/lib/python3.8/site-packages/airflow/example_dags/example_local_kubernetes_executor.py
[2025-02-14 18:35:40,644] {processor.py:161} INFO - Processing /opt/conda/lib/python3.8/site-packages/airflow/example_dags/example_local_kubernetes_executor.py took 0.027 seconds
[2025-02-14 18:36:36,314] {processor.py:153} INFO - Started process (PID=9926) to work on /opt/conda/lib/python3.8/site-packages/airflow/example_dags/example_local_kubernetes_executor.py
[2025-02-14 18:36:36,315] {processor.py:641} INFO - Processing file /opt/conda/lib/python3.8/site-packages/airflow/example_dags/example_local_kubernetes_executor.py for tasks to queue
[2025-02-14 18:36:36,316] {logging_mixin.py:115} INFO - [2025-02-14 18:36:36,316] {dagbag.py:508} INFO - Filling up the DagBag from /opt/conda/lib/python3.8/site-packages/airflow/example_dags/example_local_kubernetes_executor.py
[2025-02-14 18:36:36,331] {logging_mixin.py:115} INFO - [2025-02-14 18:36:36,331] {example_local_kubernetes_executor.py:37} WARNING - Could not import DAGs in example_local_kubernetes_executor.py
Traceback (most recent call last):
  File "/opt/conda/lib/python3.8/site-packages/airflow/example_dags/example_local_kubernetes_executor.py", line 35, in <module>
    from kubernetes.client import models as k8s
ModuleNotFoundError: No module named 'kubernetes'
[2025-02-14 18:36:36,331] {logging_mixin.py:115} INFO - [2025-02-14 18:36:36,331] {example_local_kubernetes_executor.py:38} WARNING - Install Kubernetes dependencies with: pip install apache-airflow[cncf.kubernetes]
[2025-02-14 18:36:36,331] {processor.py:653} WARNING - No viable dags retrieved from /opt/conda/lib/python3.8/site-packages/airflow/example_dags/example_local_kubernetes_executor.py
[2025-02-14 18:36:36,341] {processor.py:161} INFO - Processing /opt/conda/lib/python3.8/site-packages/airflow/example_dags/example_local_kubernetes_executor.py took 0.030 seconds
[2025-02-14 18:39:53,585] {processor.py:153} INFO - Started process (PID=906) to work on /opt/conda/lib/python3.8/site-packages/airflow/example_dags/example_local_kubernetes_executor.py
[2025-02-14 18:39:53,586] {processor.py:641} INFO - Processing file /opt/conda/lib/python3.8/site-packages/airflow/example_dags/example_local_kubernetes_executor.py for tasks to queue
[2025-02-14 18:39:53,587] {logging_mixin.py:115} INFO - [2025-02-14 18:39:53,587] {dagbag.py:508} INFO - Filling up the DagBag from /opt/conda/lib/python3.8/site-packages/airflow/example_dags/example_local_kubernetes_executor.py
[2025-02-14 18:39:53,726] {logging_mixin.py:115} INFO - [2025-02-14 18:39:53,725] {example_local_kubernetes_executor.py:37} WARNING - Could not import DAGs in example_local_kubernetes_executor.py
Traceback (most recent call last):
  File "/opt/conda/lib/python3.8/site-packages/airflow/example_dags/example_local_kubernetes_executor.py", line 35, in <module>
    from kubernetes.client import models as k8s
ModuleNotFoundError: No module named 'kubernetes'
[2025-02-14 18:39:53,726] {logging_mixin.py:115} INFO - [2025-02-14 18:39:53,726] {example_local_kubernetes_executor.py:38} WARNING - Install Kubernetes dependencies with: pip install apache-airflow[cncf.kubernetes]
[2025-02-14 18:39:53,726] {processor.py:653} WARNING - No viable dags retrieved from /opt/conda/lib/python3.8/site-packages/airflow/example_dags/example_local_kubernetes_executor.py
[2025-02-14 18:39:53,733] {processor.py:161} INFO - Processing /opt/conda/lib/python3.8/site-packages/airflow/example_dags/example_local_kubernetes_executor.py took 0.151 seconds
[2025-02-14 18:41:06,633] {processor.py:153} INFO - Started process (PID=1085) to work on /opt/conda/lib/python3.8/site-packages/airflow/example_dags/example_local_kubernetes_executor.py
[2025-02-14 18:41:06,635] {processor.py:641} INFO - Processing file /opt/conda/lib/python3.8/site-packages/airflow/example_dags/example_local_kubernetes_executor.py for tasks to queue
[2025-02-14 18:41:06,635] {logging_mixin.py:115} INFO - [2025-02-14 18:41:06,635] {dagbag.py:508} INFO - Filling up the DagBag from /opt/conda/lib/python3.8/site-packages/airflow/example_dags/example_local_kubernetes_executor.py
[2025-02-14 18:41:06,768] {logging_mixin.py:115} INFO - [2025-02-14 18:41:06,767] {example_local_kubernetes_executor.py:37} WARNING - Could not import DAGs in example_local_kubernetes_executor.py
Traceback (most recent call last):
  File "/opt/conda/lib/python3.8/site-packages/airflow/example_dags/example_local_kubernetes_executor.py", line 35, in <module>
    from kubernetes.client import models as k8s
ModuleNotFoundError: No module named 'kubernetes'
[2025-02-14 18:41:06,768] {logging_mixin.py:115} INFO - [2025-02-14 18:41:06,768] {example_local_kubernetes_executor.py:38} WARNING - Install Kubernetes dependencies with: pip install apache-airflow[cncf.kubernetes]
[2025-02-14 18:41:06,768] {processor.py:653} WARNING - No viable dags retrieved from /opt/conda/lib/python3.8/site-packages/airflow/example_dags/example_local_kubernetes_executor.py
[2025-02-14 18:41:06,774] {processor.py:161} INFO - Processing /opt/conda/lib/python3.8/site-packages/airflow/example_dags/example_local_kubernetes_executor.py took 0.144 seconds
[2025-02-14 18:42:08,218] {processor.py:153} INFO - Started process (PID=1197) to work on /opt/conda/lib/python3.8/site-packages/airflow/example_dags/example_local_kubernetes_executor.py
[2025-02-14 18:42:08,219] {processor.py:641} INFO - Processing file /opt/conda/lib/python3.8/site-packages/airflow/example_dags/example_local_kubernetes_executor.py for tasks to queue
[2025-02-14 18:42:08,220] {logging_mixin.py:115} INFO - [2025-02-14 18:42:08,220] {dagbag.py:508} INFO - Filling up the DagBag from /opt/conda/lib/python3.8/site-packages/airflow/example_dags/example_local_kubernetes_executor.py
[2025-02-14 18:42:08,351] {logging_mixin.py:115} INFO - [2025-02-14 18:42:08,351] {example_local_kubernetes_executor.py:37} WARNING - Could not import DAGs in example_local_kubernetes_executor.py
Traceback (most recent call last):
  File "/opt/conda/lib/python3.8/site-packages/airflow/example_dags/example_local_kubernetes_executor.py", line 35, in <module>
    from kubernetes.client import models as k8s
ModuleNotFoundError: No module named 'kubernetes'
[2025-02-14 18:42:08,351] {logging_mixin.py:115} INFO - [2025-02-14 18:42:08,351] {example_local_kubernetes_executor.py:38} WARNING - Install Kubernetes dependencies with: pip install apache-airflow[cncf.kubernetes]
[2025-02-14 18:42:08,352] {processor.py:653} WARNING - No viable dags retrieved from /opt/conda/lib/python3.8/site-packages/airflow/example_dags/example_local_kubernetes_executor.py
[2025-02-14 18:42:08,357] {processor.py:161} INFO - Processing /opt/conda/lib/python3.8/site-packages/airflow/example_dags/example_local_kubernetes_executor.py took 0.143 seconds
[2025-02-14 18:43:14,322] {processor.py:153} INFO - Started process (PID=1309) to work on /opt/conda/lib/python3.8/site-packages/airflow/example_dags/example_local_kubernetes_executor.py
[2025-02-14 18:43:14,323] {processor.py:641} INFO - Processing file /opt/conda/lib/python3.8/site-packages/airflow/example_dags/example_local_kubernetes_executor.py for tasks to queue
[2025-02-14 18:43:14,324] {logging_mixin.py:115} INFO - [2025-02-14 18:43:14,324] {dagbag.py:508} INFO - Filling up the DagBag from /opt/conda/lib/python3.8/site-packages/airflow/example_dags/example_local_kubernetes_executor.py
[2025-02-14 18:43:14,455] {logging_mixin.py:115} INFO - [2025-02-14 18:43:14,455] {example_local_kubernetes_executor.py:37} WARNING - Could not import DAGs in example_local_kubernetes_executor.py
Traceback (most recent call last):
  File "/opt/conda/lib/python3.8/site-packages/airflow/example_dags/example_local_kubernetes_executor.py", line 35, in <module>
    from kubernetes.client import models as k8s
ModuleNotFoundError: No module named 'kubernetes'
[2025-02-14 18:43:14,455] {logging_mixin.py:115} INFO - [2025-02-14 18:43:14,455] {example_local_kubernetes_executor.py:38} WARNING - Install Kubernetes dependencies with: pip install apache-airflow[cncf.kubernetes]
[2025-02-14 18:43:14,455] {processor.py:653} WARNING - No viable dags retrieved from /opt/conda/lib/python3.8/site-packages/airflow/example_dags/example_local_kubernetes_executor.py
[2025-02-14 18:43:14,461] {processor.py:161} INFO - Processing /opt/conda/lib/python3.8/site-packages/airflow/example_dags/example_local_kubernetes_executor.py took 0.142 seconds
[2025-02-14 18:44:18,068] {processor.py:153} INFO - Started process (PID=1425) to work on /opt/conda/lib/python3.8/site-packages/airflow/example_dags/example_local_kubernetes_executor.py
[2025-02-14 18:44:18,070] {processor.py:641} INFO - Processing file /opt/conda/lib/python3.8/site-packages/airflow/example_dags/example_local_kubernetes_executor.py for tasks to queue
[2025-02-14 18:44:18,070] {logging_mixin.py:115} INFO - [2025-02-14 18:44:18,070] {dagbag.py:508} INFO - Filling up the DagBag from /opt/conda/lib/python3.8/site-packages/airflow/example_dags/example_local_kubernetes_executor.py
[2025-02-14 18:44:18,085] {logging_mixin.py:115} INFO - [2025-02-14 18:44:18,084] {example_local_kubernetes_executor.py:37} WARNING - Could not import DAGs in example_local_kubernetes_executor.py
Traceback (most recent call last):
  File "/opt/conda/lib/python3.8/site-packages/airflow/example_dags/example_local_kubernetes_executor.py", line 35, in <module>
    from kubernetes.client import models as k8s
ModuleNotFoundError: No module named 'kubernetes'
[2025-02-14 18:44:18,085] {logging_mixin.py:115} INFO - [2025-02-14 18:44:18,085] {example_local_kubernetes_executor.py:38} WARNING - Install Kubernetes dependencies with: pip install apache-airflow[cncf.kubernetes]
[2025-02-14 18:44:18,085] {processor.py:653} WARNING - No viable dags retrieved from /opt/conda/lib/python3.8/site-packages/airflow/example_dags/example_local_kubernetes_executor.py
[2025-02-14 18:44:18,094] {processor.py:161} INFO - Processing /opt/conda/lib/python3.8/site-packages/airflow/example_dags/example_local_kubernetes_executor.py took 0.029 seconds
[2025-02-14 18:45:15,644] {processor.py:153} INFO - Started process (PID=1536) to work on /opt/conda/lib/python3.8/site-packages/airflow/example_dags/example_local_kubernetes_executor.py
[2025-02-14 18:45:15,646] {processor.py:641} INFO - Processing file /opt/conda/lib/python3.8/site-packages/airflow/example_dags/example_local_kubernetes_executor.py for tasks to queue
[2025-02-14 18:45:15,647] {logging_mixin.py:115} INFO - [2025-02-14 18:45:15,646] {dagbag.py:508} INFO - Filling up the DagBag from /opt/conda/lib/python3.8/site-packages/airflow/example_dags/example_local_kubernetes_executor.py
[2025-02-14 18:45:15,662] {logging_mixin.py:115} INFO - [2025-02-14 18:45:15,661] {example_local_kubernetes_executor.py:37} WARNING - Could not import DAGs in example_local_kubernetes_executor.py
Traceback (most recent call last):
  File "/opt/conda/lib/python3.8/site-packages/airflow/example_dags/example_local_kubernetes_executor.py", line 35, in <module>
    from kubernetes.client import models as k8s
ModuleNotFoundError: No module named 'kubernetes'
[2025-02-14 18:45:15,662] {logging_mixin.py:115} INFO - [2025-02-14 18:45:15,662] {example_local_kubernetes_executor.py:38} WARNING - Install Kubernetes dependencies with: pip install apache-airflow[cncf.kubernetes]
[2025-02-14 18:45:15,662] {processor.py:653} WARNING - No viable dags retrieved from /opt/conda/lib/python3.8/site-packages/airflow/example_dags/example_local_kubernetes_executor.py
[2025-02-14 18:45:15,672] {processor.py:161} INFO - Processing /opt/conda/lib/python3.8/site-packages/airflow/example_dags/example_local_kubernetes_executor.py took 0.031 seconds
[2025-02-14 18:46:06,885] {processor.py:153} INFO - Started process (PID=1644) to work on /opt/conda/lib/python3.8/site-packages/airflow/example_dags/example_local_kubernetes_executor.py
[2025-02-14 18:46:06,886] {processor.py:641} INFO - Processing file /opt/conda/lib/python3.8/site-packages/airflow/example_dags/example_local_kubernetes_executor.py for tasks to queue
[2025-02-14 18:46:06,887] {logging_mixin.py:115} INFO - [2025-02-14 18:46:06,887] {dagbag.py:508} INFO - Filling up the DagBag from /opt/conda/lib/python3.8/site-packages/airflow/example_dags/example_local_kubernetes_executor.py
[2025-02-14 18:46:06,901] {logging_mixin.py:115} INFO - [2025-02-14 18:46:06,901] {example_local_kubernetes_executor.py:37} WARNING - Could not import DAGs in example_local_kubernetes_executor.py
Traceback (most recent call last):
  File "/opt/conda/lib/python3.8/site-packages/airflow/example_dags/example_local_kubernetes_executor.py", line 35, in <module>
    from kubernetes.client import models as k8s
ModuleNotFoundError: No module named 'kubernetes'
[2025-02-14 18:46:06,901] {logging_mixin.py:115} INFO - [2025-02-14 18:46:06,901] {example_local_kubernetes_executor.py:38} WARNING - Install Kubernetes dependencies with: pip install apache-airflow[cncf.kubernetes]
[2025-02-14 18:46:06,902] {processor.py:653} WARNING - No viable dags retrieved from /opt/conda/lib/python3.8/site-packages/airflow/example_dags/example_local_kubernetes_executor.py
[2025-02-14 18:46:06,910] {processor.py:161} INFO - Processing /opt/conda/lib/python3.8/site-packages/airflow/example_dags/example_local_kubernetes_executor.py took 0.029 seconds
[2025-02-14 18:47:05,009] {processor.py:153} INFO - Started process (PID=1768) to work on /opt/conda/lib/python3.8/site-packages/airflow/example_dags/example_local_kubernetes_executor.py
[2025-02-14 18:47:05,010] {processor.py:641} INFO - Processing file /opt/conda/lib/python3.8/site-packages/airflow/example_dags/example_local_kubernetes_executor.py for tasks to queue
[2025-02-14 18:47:05,011] {logging_mixin.py:115} INFO - [2025-02-14 18:47:05,011] {dagbag.py:508} INFO - Filling up the DagBag from /opt/conda/lib/python3.8/site-packages/airflow/example_dags/example_local_kubernetes_executor.py
[2025-02-14 18:47:05,026] {logging_mixin.py:115} INFO - [2025-02-14 18:47:05,026] {example_local_kubernetes_executor.py:37} WARNING - Could not import DAGs in example_local_kubernetes_executor.py
Traceback (most recent call last):
  File "/opt/conda/lib/python3.8/site-packages/airflow/example_dags/example_local_kubernetes_executor.py", line 35, in <module>
    from kubernetes.client import models as k8s
ModuleNotFoundError: No module named 'kubernetes'
[2025-02-14 18:47:05,026] {logging_mixin.py:115} INFO - [2025-02-14 18:47:05,026] {example_local_kubernetes_executor.py:38} WARNING - Install Kubernetes dependencies with: pip install apache-airflow[cncf.kubernetes]
[2025-02-14 18:47:05,026] {processor.py:653} WARNING - No viable dags retrieved from /opt/conda/lib/python3.8/site-packages/airflow/example_dags/example_local_kubernetes_executor.py
[2025-02-14 18:47:05,037] {processor.py:161} INFO - Processing /opt/conda/lib/python3.8/site-packages/airflow/example_dags/example_local_kubernetes_executor.py took 0.031 seconds
[2025-02-14 18:54:18,025] {processor.py:153} INFO - Started process (PID=2096) to work on /opt/conda/lib/python3.8/site-packages/airflow/example_dags/example_local_kubernetes_executor.py
[2025-02-14 18:54:18,027] {processor.py:641} INFO - Processing file /opt/conda/lib/python3.8/site-packages/airflow/example_dags/example_local_kubernetes_executor.py for tasks to queue
[2025-02-14 18:54:18,028] {logging_mixin.py:115} INFO - [2025-02-14 18:54:18,028] {dagbag.py:508} INFO - Filling up the DagBag from /opt/conda/lib/python3.8/site-packages/airflow/example_dags/example_local_kubernetes_executor.py
[2025-02-14 18:54:18,043] {logging_mixin.py:115} INFO - [2025-02-14 18:54:18,042] {example_local_kubernetes_executor.py:37} WARNING - Could not import DAGs in example_local_kubernetes_executor.py
Traceback (most recent call last):
  File "/opt/conda/lib/python3.8/site-packages/airflow/example_dags/example_local_kubernetes_executor.py", line 35, in <module>
    from kubernetes.client import models as k8s
ModuleNotFoundError: No module named 'kubernetes'
[2025-02-14 18:54:18,043] {logging_mixin.py:115} INFO - [2025-02-14 18:54:18,043] {example_local_kubernetes_executor.py:38} WARNING - Install Kubernetes dependencies with: pip install apache-airflow[cncf.kubernetes]
[2025-02-14 18:54:18,043] {processor.py:653} WARNING - No viable dags retrieved from /opt/conda/lib/python3.8/site-packages/airflow/example_dags/example_local_kubernetes_executor.py
[2025-02-14 18:54:18,053] {processor.py:161} INFO - Processing /opt/conda/lib/python3.8/site-packages/airflow/example_dags/example_local_kubernetes_executor.py took 0.031 seconds
[2025-02-14 18:55:30,857] {processor.py:153} INFO - Started process (PID=2333) to work on /opt/conda/lib/python3.8/site-packages/airflow/example_dags/example_local_kubernetes_executor.py
[2025-02-14 18:55:30,866] {processor.py:641} INFO - Processing file /opt/conda/lib/python3.8/site-packages/airflow/example_dags/example_local_kubernetes_executor.py for tasks to queue
[2025-02-14 18:55:30,866] {logging_mixin.py:115} INFO - [2025-02-14 18:55:30,866] {dagbag.py:508} INFO - Filling up the DagBag from /opt/conda/lib/python3.8/site-packages/airflow/example_dags/example_local_kubernetes_executor.py
[2025-02-14 18:55:30,881] {logging_mixin.py:115} INFO - [2025-02-14 18:55:30,881] {example_local_kubernetes_executor.py:37} WARNING - Could not import DAGs in example_local_kubernetes_executor.py
Traceback (most recent call last):
  File "/opt/conda/lib/python3.8/site-packages/airflow/example_dags/example_local_kubernetes_executor.py", line 35, in <module>
    from kubernetes.client import models as k8s
ModuleNotFoundError: No module named 'kubernetes'
[2025-02-14 18:55:30,881] {logging_mixin.py:115} INFO - [2025-02-14 18:55:30,881] {example_local_kubernetes_executor.py:38} WARNING - Install Kubernetes dependencies with: pip install apache-airflow[cncf.kubernetes]
[2025-02-14 18:55:30,882] {processor.py:653} WARNING - No viable dags retrieved from /opt/conda/lib/python3.8/site-packages/airflow/example_dags/example_local_kubernetes_executor.py
[2025-02-14 18:55:30,892] {processor.py:161} INFO - Processing /opt/conda/lib/python3.8/site-packages/airflow/example_dags/example_local_kubernetes_executor.py took 0.038 seconds
[2025-02-14 19:03:02,871] {processor.py:153} INFO - Started process (PID=2698) to work on /opt/conda/lib/python3.8/site-packages/airflow/example_dags/example_local_kubernetes_executor.py
[2025-02-14 19:03:02,873] {processor.py:641} INFO - Processing file /opt/conda/lib/python3.8/site-packages/airflow/example_dags/example_local_kubernetes_executor.py for tasks to queue
[2025-02-14 19:03:02,873] {logging_mixin.py:115} INFO - [2025-02-14 19:03:02,873] {dagbag.py:508} INFO - Filling up the DagBag from /opt/conda/lib/python3.8/site-packages/airflow/example_dags/example_local_kubernetes_executor.py
[2025-02-14 19:03:03,079] {logging_mixin.py:115} INFO - [2025-02-14 19:03:03,079] {example_local_kubernetes_executor.py:37} WARNING - Could not import DAGs in example_local_kubernetes_executor.py
Traceback (most recent call last):
  File "/opt/conda/lib/python3.8/site-packages/airflow/example_dags/example_local_kubernetes_executor.py", line 35, in <module>
    from kubernetes.client import models as k8s
ModuleNotFoundError: No module named 'kubernetes'
[2025-02-14 19:03:03,079] {logging_mixin.py:115} INFO - [2025-02-14 19:03:03,079] {example_local_kubernetes_executor.py:38} WARNING - Install Kubernetes dependencies with: pip install apache-airflow[cncf.kubernetes]
[2025-02-14 19:03:03,080] {processor.py:653} WARNING - No viable dags retrieved from /opt/conda/lib/python3.8/site-packages/airflow/example_dags/example_local_kubernetes_executor.py
[2025-02-14 19:03:03,088] {processor.py:161} INFO - Processing /opt/conda/lib/python3.8/site-packages/airflow/example_dags/example_local_kubernetes_executor.py took 0.220 seconds
[2025-02-14 19:04:05,142] {processor.py:153} INFO - Started process (PID=2810) to work on /opt/conda/lib/python3.8/site-packages/airflow/example_dags/example_local_kubernetes_executor.py
[2025-02-14 19:04:05,143] {processor.py:641} INFO - Processing file /opt/conda/lib/python3.8/site-packages/airflow/example_dags/example_local_kubernetes_executor.py for tasks to queue
[2025-02-14 19:04:05,144] {logging_mixin.py:115} INFO - [2025-02-14 19:04:05,144] {dagbag.py:508} INFO - Filling up the DagBag from /opt/conda/lib/python3.8/site-packages/airflow/example_dags/example_local_kubernetes_executor.py
[2025-02-14 19:04:05,274] {logging_mixin.py:115} INFO - [2025-02-14 19:04:05,273] {example_local_kubernetes_executor.py:37} WARNING - Could not import DAGs in example_local_kubernetes_executor.py
Traceback (most recent call last):
  File "/opt/conda/lib/python3.8/site-packages/airflow/example_dags/example_local_kubernetes_executor.py", line 35, in <module>
    from kubernetes.client import models as k8s
ModuleNotFoundError: No module named 'kubernetes'
[2025-02-14 19:04:05,274] {logging_mixin.py:115} INFO - [2025-02-14 19:04:05,274] {example_local_kubernetes_executor.py:38} WARNING - Install Kubernetes dependencies with: pip install apache-airflow[cncf.kubernetes]
[2025-02-14 19:04:05,274] {processor.py:653} WARNING - No viable dags retrieved from /opt/conda/lib/python3.8/site-packages/airflow/example_dags/example_local_kubernetes_executor.py
[2025-02-14 19:04:05,279] {processor.py:161} INFO - Processing /opt/conda/lib/python3.8/site-packages/airflow/example_dags/example_local_kubernetes_executor.py took 0.141 seconds
[2025-02-14 19:05:07,534] {processor.py:153} INFO - Started process (PID=2923) to work on /opt/conda/lib/python3.8/site-packages/airflow/example_dags/example_local_kubernetes_executor.py
[2025-02-14 19:05:07,536] {processor.py:641} INFO - Processing file /opt/conda/lib/python3.8/site-packages/airflow/example_dags/example_local_kubernetes_executor.py for tasks to queue
[2025-02-14 19:05:07,536] {logging_mixin.py:115} INFO - [2025-02-14 19:05:07,536] {dagbag.py:508} INFO - Filling up the DagBag from /opt/conda/lib/python3.8/site-packages/airflow/example_dags/example_local_kubernetes_executor.py
[2025-02-14 19:05:07,667] {logging_mixin.py:115} INFO - [2025-02-14 19:05:07,667] {example_local_kubernetes_executor.py:37} WARNING - Could not import DAGs in example_local_kubernetes_executor.py
Traceback (most recent call last):
  File "/opt/conda/lib/python3.8/site-packages/airflow/example_dags/example_local_kubernetes_executor.py", line 35, in <module>
    from kubernetes.client import models as k8s
ModuleNotFoundError: No module named 'kubernetes'
[2025-02-14 19:05:07,667] {logging_mixin.py:115} INFO - [2025-02-14 19:05:07,667] {example_local_kubernetes_executor.py:38} WARNING - Install Kubernetes dependencies with: pip install apache-airflow[cncf.kubernetes]
[2025-02-14 19:05:07,667] {processor.py:653} WARNING - No viable dags retrieved from /opt/conda/lib/python3.8/site-packages/airflow/example_dags/example_local_kubernetes_executor.py
[2025-02-14 19:05:07,673] {processor.py:161} INFO - Processing /opt/conda/lib/python3.8/site-packages/airflow/example_dags/example_local_kubernetes_executor.py took 0.142 seconds
[2025-02-14 19:06:13,090] {processor.py:153} INFO - Started process (PID=3037) to work on /opt/conda/lib/python3.8/site-packages/airflow/example_dags/example_local_kubernetes_executor.py
[2025-02-14 19:06:13,091] {processor.py:641} INFO - Processing file /opt/conda/lib/python3.8/site-packages/airflow/example_dags/example_local_kubernetes_executor.py for tasks to queue
[2025-02-14 19:06:13,092] {logging_mixin.py:115} INFO - [2025-02-14 19:06:13,092] {dagbag.py:508} INFO - Filling up the DagBag from /opt/conda/lib/python3.8/site-packages/airflow/example_dags/example_local_kubernetes_executor.py
[2025-02-14 19:06:13,225] {logging_mixin.py:115} INFO - [2025-02-14 19:06:13,225] {example_local_kubernetes_executor.py:37} WARNING - Could not import DAGs in example_local_kubernetes_executor.py
Traceback (most recent call last):
  File "/opt/conda/lib/python3.8/site-packages/airflow/example_dags/example_local_kubernetes_executor.py", line 35, in <module>
    from kubernetes.client import models as k8s
ModuleNotFoundError: No module named 'kubernetes'
[2025-02-14 19:06:13,225] {logging_mixin.py:115} INFO - [2025-02-14 19:06:13,225] {example_local_kubernetes_executor.py:38} WARNING - Install Kubernetes dependencies with: pip install apache-airflow[cncf.kubernetes]
[2025-02-14 19:06:13,225] {processor.py:653} WARNING - No viable dags retrieved from /opt/conda/lib/python3.8/site-packages/airflow/example_dags/example_local_kubernetes_executor.py
[2025-02-14 19:06:13,231] {processor.py:161} INFO - Processing /opt/conda/lib/python3.8/site-packages/airflow/example_dags/example_local_kubernetes_executor.py took 0.144 seconds
[2025-02-14 19:07:17,765] {processor.py:153} INFO - Started process (PID=3151) to work on /opt/conda/lib/python3.8/site-packages/airflow/example_dags/example_local_kubernetes_executor.py
[2025-02-14 19:07:17,766] {processor.py:641} INFO - Processing file /opt/conda/lib/python3.8/site-packages/airflow/example_dags/example_local_kubernetes_executor.py for tasks to queue
[2025-02-14 19:07:17,767] {logging_mixin.py:115} INFO - [2025-02-14 19:07:17,767] {dagbag.py:508} INFO - Filling up the DagBag from /opt/conda/lib/python3.8/site-packages/airflow/example_dags/example_local_kubernetes_executor.py
[2025-02-14 19:07:17,900] {logging_mixin.py:115} INFO - [2025-02-14 19:07:17,900] {example_local_kubernetes_executor.py:37} WARNING - Could not import DAGs in example_local_kubernetes_executor.py
Traceback (most recent call last):
  File "/opt/conda/lib/python3.8/site-packages/airflow/example_dags/example_local_kubernetes_executor.py", line 35, in <module>
    from kubernetes.client import models as k8s
ModuleNotFoundError: No module named 'kubernetes'
[2025-02-14 19:07:17,900] {logging_mixin.py:115} INFO - [2025-02-14 19:07:17,900] {example_local_kubernetes_executor.py:38} WARNING - Install Kubernetes dependencies with: pip install apache-airflow[cncf.kubernetes]
[2025-02-14 19:07:17,900] {processor.py:653} WARNING - No viable dags retrieved from /opt/conda/lib/python3.8/site-packages/airflow/example_dags/example_local_kubernetes_executor.py
[2025-02-14 19:07:17,906] {processor.py:161} INFO - Processing /opt/conda/lib/python3.8/site-packages/airflow/example_dags/example_local_kubernetes_executor.py took 0.145 seconds
[2025-02-14 19:08:16,805] {processor.py:153} INFO - Started process (PID=3263) to work on /opt/conda/lib/python3.8/site-packages/airflow/example_dags/example_local_kubernetes_executor.py
[2025-02-14 19:08:16,806] {processor.py:641} INFO - Processing file /opt/conda/lib/python3.8/site-packages/airflow/example_dags/example_local_kubernetes_executor.py for tasks to queue
[2025-02-14 19:08:16,807] {logging_mixin.py:115} INFO - [2025-02-14 19:08:16,807] {dagbag.py:508} INFO - Filling up the DagBag from /opt/conda/lib/python3.8/site-packages/airflow/example_dags/example_local_kubernetes_executor.py
[2025-02-14 19:08:16,822] {logging_mixin.py:115} INFO - [2025-02-14 19:08:16,822] {example_local_kubernetes_executor.py:37} WARNING - Could not import DAGs in example_local_kubernetes_executor.py
Traceback (most recent call last):
  File "/opt/conda/lib/python3.8/site-packages/airflow/example_dags/example_local_kubernetes_executor.py", line 35, in <module>
    from kubernetes.client import models as k8s
ModuleNotFoundError: No module named 'kubernetes'
[2025-02-14 19:08:16,822] {logging_mixin.py:115} INFO - [2025-02-14 19:08:16,822] {example_local_kubernetes_executor.py:38} WARNING - Install Kubernetes dependencies with: pip install apache-airflow[cncf.kubernetes]
[2025-02-14 19:08:16,822] {processor.py:653} WARNING - No viable dags retrieved from /opt/conda/lib/python3.8/site-packages/airflow/example_dags/example_local_kubernetes_executor.py
[2025-02-14 19:08:16,832] {processor.py:161} INFO - Processing /opt/conda/lib/python3.8/site-packages/airflow/example_dags/example_local_kubernetes_executor.py took 0.031 seconds
[2025-02-14 19:09:13,020] {processor.py:153} INFO - Started process (PID=3374) to work on /opt/conda/lib/python3.8/site-packages/airflow/example_dags/example_local_kubernetes_executor.py
[2025-02-14 19:09:13,022] {processor.py:641} INFO - Processing file /opt/conda/lib/python3.8/site-packages/airflow/example_dags/example_local_kubernetes_executor.py for tasks to queue
[2025-02-14 19:09:13,023] {logging_mixin.py:115} INFO - [2025-02-14 19:09:13,022] {dagbag.py:508} INFO - Filling up the DagBag from /opt/conda/lib/python3.8/site-packages/airflow/example_dags/example_local_kubernetes_executor.py
[2025-02-14 19:09:13,037] {logging_mixin.py:115} INFO - [2025-02-14 19:09:13,037] {example_local_kubernetes_executor.py:37} WARNING - Could not import DAGs in example_local_kubernetes_executor.py
Traceback (most recent call last):
  File "/opt/conda/lib/python3.8/site-packages/airflow/example_dags/example_local_kubernetes_executor.py", line 35, in <module>
    from kubernetes.client import models as k8s
ModuleNotFoundError: No module named 'kubernetes'
[2025-02-14 19:09:13,037] {logging_mixin.py:115} INFO - [2025-02-14 19:09:13,037] {example_local_kubernetes_executor.py:38} WARNING - Install Kubernetes dependencies with: pip install apache-airflow[cncf.kubernetes]
[2025-02-14 19:09:13,037] {processor.py:653} WARNING - No viable dags retrieved from /opt/conda/lib/python3.8/site-packages/airflow/example_dags/example_local_kubernetes_executor.py
[2025-02-14 19:09:13,046] {processor.py:161} INFO - Processing /opt/conda/lib/python3.8/site-packages/airflow/example_dags/example_local_kubernetes_executor.py took 0.029 seconds
[2025-02-14 19:10:22,938] {processor.py:153} INFO - Started process (PID=3603) to work on /opt/conda/lib/python3.8/site-packages/airflow/example_dags/example_local_kubernetes_executor.py
[2025-02-14 19:10:22,940] {processor.py:641} INFO - Processing file /opt/conda/lib/python3.8/site-packages/airflow/example_dags/example_local_kubernetes_executor.py for tasks to queue
[2025-02-14 19:10:22,940] {logging_mixin.py:115} INFO - [2025-02-14 19:10:22,940] {dagbag.py:508} INFO - Filling up the DagBag from /opt/conda/lib/python3.8/site-packages/airflow/example_dags/example_local_kubernetes_executor.py
[2025-02-14 19:10:22,955] {logging_mixin.py:115} INFO - [2025-02-14 19:10:22,955] {example_local_kubernetes_executor.py:37} WARNING - Could not import DAGs in example_local_kubernetes_executor.py
Traceback (most recent call last):
  File "/opt/conda/lib/python3.8/site-packages/airflow/example_dags/example_local_kubernetes_executor.py", line 35, in <module>
    from kubernetes.client import models as k8s
ModuleNotFoundError: No module named 'kubernetes'
[2025-02-14 19:10:22,956] {logging_mixin.py:115} INFO - [2025-02-14 19:10:22,955] {example_local_kubernetes_executor.py:38} WARNING - Install Kubernetes dependencies with: pip install apache-airflow[cncf.kubernetes]
[2025-02-14 19:10:22,956] {processor.py:653} WARNING - No viable dags retrieved from /opt/conda/lib/python3.8/site-packages/airflow/example_dags/example_local_kubernetes_executor.py
[2025-02-14 19:10:22,966] {processor.py:161} INFO - Processing /opt/conda/lib/python3.8/site-packages/airflow/example_dags/example_local_kubernetes_executor.py took 0.031 seconds
