[2025-02-14 13:59:26,734] {processor.py:153} INFO - Started process (PID=1819) to work on /opt/conda/lib/python3.8/site-packages/airflow/example_dags/example_kubernetes_executor.py
[2025-02-14 13:59:26,734] {processor.py:641} INFO - Processing file /opt/conda/lib/python3.8/site-packages/airflow/example_dags/example_kubernetes_executor.py for tasks to queue
[2025-02-14 13:59:26,735] {logging_mixin.py:115} INFO - [2025-02-14 13:59:26,735] {dagbag.py:508} INFO - Filling up the DagBag from /opt/conda/lib/python3.8/site-packages/airflow/example_dags/example_kubernetes_executor.py
[2025-02-14 13:59:26,870] {logging_mixin.py:115} INFO - [2025-02-14 13:59:26,870] {example_kubernetes_executor.py:39} WARNING - The example_kubernetes_executor example DAG requires the kubernetes provider. Please install it with: pip install apache-airflow[cncf.kubernetes]
[2025-02-14 13:59:26,870] {processor.py:653} WARNING - No viable dags retrieved from /opt/conda/lib/python3.8/site-packages/airflow/example_dags/example_kubernetes_executor.py
[2025-02-14 13:59:26,876] {processor.py:161} INFO - Processing /opt/conda/lib/python3.8/site-packages/airflow/example_dags/example_kubernetes_executor.py took 0.145 seconds
[2025-02-14 14:00:11,766] {processor.py:153} INFO - Started process (PID=1856) to work on /opt/conda/lib/python3.8/site-packages/airflow/example_dags/example_kubernetes_executor.py
[2025-02-14 14:00:11,768] {processor.py:641} INFO - Processing file /opt/conda/lib/python3.8/site-packages/airflow/example_dags/example_kubernetes_executor.py for tasks to queue
[2025-02-14 14:00:11,768] {logging_mixin.py:115} INFO - [2025-02-14 14:00:11,768] {dagbag.py:508} INFO - Filling up the DagBag from /opt/conda/lib/python3.8/site-packages/airflow/example_dags/example_kubernetes_executor.py
[2025-02-14 14:00:11,908] {logging_mixin.py:115} INFO - [2025-02-14 14:00:11,908] {example_kubernetes_executor.py:39} WARNING - The example_kubernetes_executor example DAG requires the kubernetes provider. Please install it with: pip install apache-airflow[cncf.kubernetes]
[2025-02-14 14:00:11,908] {processor.py:653} WARNING - No viable dags retrieved from /opt/conda/lib/python3.8/site-packages/airflow/example_dags/example_kubernetes_executor.py
[2025-02-14 14:00:11,913] {processor.py:161} INFO - Processing /opt/conda/lib/python3.8/site-packages/airflow/example_dags/example_kubernetes_executor.py took 0.151 seconds
[2025-02-14 14:00:47,553] {processor.py:153} INFO - Started process (PID=1884) to work on /opt/conda/lib/python3.8/site-packages/airflow/example_dags/example_kubernetes_executor.py
[2025-02-14 14:00:47,555] {processor.py:641} INFO - Processing file /opt/conda/lib/python3.8/site-packages/airflow/example_dags/example_kubernetes_executor.py for tasks to queue
[2025-02-14 14:00:47,556] {logging_mixin.py:115} INFO - [2025-02-14 14:00:47,555] {dagbag.py:508} INFO - Filling up the DagBag from /opt/conda/lib/python3.8/site-packages/airflow/example_dags/example_kubernetes_executor.py
[2025-02-14 14:00:47,699] {logging_mixin.py:115} INFO - [2025-02-14 14:00:47,699] {example_kubernetes_executor.py:39} WARNING - The example_kubernetes_executor example DAG requires the kubernetes provider. Please install it with: pip install apache-airflow[cncf.kubernetes]
[2025-02-14 14:00:47,699] {processor.py:653} WARNING - No viable dags retrieved from /opt/conda/lib/python3.8/site-packages/airflow/example_dags/example_kubernetes_executor.py
[2025-02-14 14:00:47,704] {processor.py:161} INFO - Processing /opt/conda/lib/python3.8/site-packages/airflow/example_dags/example_kubernetes_executor.py took 0.154 seconds
[2025-02-14 14:01:27,916] {processor.py:153} INFO - Started process (PID=1921) to work on /opt/conda/lib/python3.8/site-packages/airflow/example_dags/example_kubernetes_executor.py
[2025-02-14 14:01:27,918] {processor.py:641} INFO - Processing file /opt/conda/lib/python3.8/site-packages/airflow/example_dags/example_kubernetes_executor.py for tasks to queue
[2025-02-14 14:01:27,919] {logging_mixin.py:115} INFO - [2025-02-14 14:01:27,919] {dagbag.py:508} INFO - Filling up the DagBag from /opt/conda/lib/python3.8/site-packages/airflow/example_dags/example_kubernetes_executor.py
[2025-02-14 14:01:28,056] {logging_mixin.py:115} INFO - [2025-02-14 14:01:28,056] {example_kubernetes_executor.py:39} WARNING - The example_kubernetes_executor example DAG requires the kubernetes provider. Please install it with: pip install apache-airflow[cncf.kubernetes]
[2025-02-14 14:01:28,056] {processor.py:653} WARNING - No viable dags retrieved from /opt/conda/lib/python3.8/site-packages/airflow/example_dags/example_kubernetes_executor.py
[2025-02-14 14:01:28,062] {processor.py:161} INFO - Processing /opt/conda/lib/python3.8/site-packages/airflow/example_dags/example_kubernetes_executor.py took 0.149 seconds
[2025-02-14 14:02:09,221] {processor.py:153} INFO - Started process (PID=1958) to work on /opt/conda/lib/python3.8/site-packages/airflow/example_dags/example_kubernetes_executor.py
[2025-02-14 14:02:09,223] {processor.py:641} INFO - Processing file /opt/conda/lib/python3.8/site-packages/airflow/example_dags/example_kubernetes_executor.py for tasks to queue
[2025-02-14 14:02:09,224] {logging_mixin.py:115} INFO - [2025-02-14 14:02:09,224] {dagbag.py:508} INFO - Filling up the DagBag from /opt/conda/lib/python3.8/site-packages/airflow/example_dags/example_kubernetes_executor.py
[2025-02-14 14:02:09,369] {logging_mixin.py:115} INFO - [2025-02-14 14:02:09,369] {example_kubernetes_executor.py:39} WARNING - The example_kubernetes_executor example DAG requires the kubernetes provider. Please install it with: pip install apache-airflow[cncf.kubernetes]
[2025-02-14 14:02:09,369] {processor.py:653} WARNING - No viable dags retrieved from /opt/conda/lib/python3.8/site-packages/airflow/example_dags/example_kubernetes_executor.py
[2025-02-14 14:02:09,374] {processor.py:161} INFO - Processing /opt/conda/lib/python3.8/site-packages/airflow/example_dags/example_kubernetes_executor.py took 0.156 seconds
[2025-02-14 14:02:42,908] {processor.py:153} INFO - Started process (PID=1989) to work on /opt/conda/lib/python3.8/site-packages/airflow/example_dags/example_kubernetes_executor.py
[2025-02-14 14:02:42,909] {processor.py:641} INFO - Processing file /opt/conda/lib/python3.8/site-packages/airflow/example_dags/example_kubernetes_executor.py for tasks to queue
[2025-02-14 14:02:42,910] {logging_mixin.py:115} INFO - [2025-02-14 14:02:42,910] {dagbag.py:508} INFO - Filling up the DagBag from /opt/conda/lib/python3.8/site-packages/airflow/example_dags/example_kubernetes_executor.py
[2025-02-14 14:02:43,051] {logging_mixin.py:115} INFO - [2025-02-14 14:02:43,051] {example_kubernetes_executor.py:39} WARNING - The example_kubernetes_executor example DAG requires the kubernetes provider. Please install it with: pip install apache-airflow[cncf.kubernetes]
[2025-02-14 14:02:43,051] {processor.py:653} WARNING - No viable dags retrieved from /opt/conda/lib/python3.8/site-packages/airflow/example_dags/example_kubernetes_executor.py
[2025-02-14 14:02:43,057] {processor.py:161} INFO - Processing /opt/conda/lib/python3.8/site-packages/airflow/example_dags/example_kubernetes_executor.py took 0.152 seconds
[2025-02-14 14:03:17,693] {processor.py:153} INFO - Started process (PID=2019) to work on /opt/conda/lib/python3.8/site-packages/airflow/example_dags/example_kubernetes_executor.py
[2025-02-14 14:03:17,694] {processor.py:641} INFO - Processing file /opt/conda/lib/python3.8/site-packages/airflow/example_dags/example_kubernetes_executor.py for tasks to queue
[2025-02-14 14:03:17,695] {logging_mixin.py:115} INFO - [2025-02-14 14:03:17,695] {dagbag.py:508} INFO - Filling up the DagBag from /opt/conda/lib/python3.8/site-packages/airflow/example_dags/example_kubernetes_executor.py
[2025-02-14 14:03:17,828] {logging_mixin.py:115} INFO - [2025-02-14 14:03:17,828] {example_kubernetes_executor.py:39} WARNING - The example_kubernetes_executor example DAG requires the kubernetes provider. Please install it with: pip install apache-airflow[cncf.kubernetes]
[2025-02-14 14:03:17,828] {processor.py:653} WARNING - No viable dags retrieved from /opt/conda/lib/python3.8/site-packages/airflow/example_dags/example_kubernetes_executor.py
[2025-02-14 14:03:17,834] {processor.py:161} INFO - Processing /opt/conda/lib/python3.8/site-packages/airflow/example_dags/example_kubernetes_executor.py took 0.144 seconds
[2025-02-14 14:03:56,285] {processor.py:153} INFO - Started process (PID=2062) to work on /opt/conda/lib/python3.8/site-packages/airflow/example_dags/example_kubernetes_executor.py
[2025-02-14 14:03:56,286] {processor.py:641} INFO - Processing file /opt/conda/lib/python3.8/site-packages/airflow/example_dags/example_kubernetes_executor.py for tasks to queue
[2025-02-14 14:03:56,287] {logging_mixin.py:115} INFO - [2025-02-14 14:03:56,286] {dagbag.py:508} INFO - Filling up the DagBag from /opt/conda/lib/python3.8/site-packages/airflow/example_dags/example_kubernetes_executor.py
[2025-02-14 14:03:56,444] {logging_mixin.py:115} INFO - [2025-02-14 14:03:56,444] {example_kubernetes_executor.py:39} WARNING - The example_kubernetes_executor example DAG requires the kubernetes provider. Please install it with: pip install apache-airflow[cncf.kubernetes]
[2025-02-14 14:03:56,444] {processor.py:653} WARNING - No viable dags retrieved from /opt/conda/lib/python3.8/site-packages/airflow/example_dags/example_kubernetes_executor.py
[2025-02-14 14:03:56,450] {processor.py:161} INFO - Processing /opt/conda/lib/python3.8/site-packages/airflow/example_dags/example_kubernetes_executor.py took 0.168 seconds
[2025-02-14 14:05:12,885] {processor.py:153} INFO - Started process (PID=2163) to work on /opt/conda/lib/python3.8/site-packages/airflow/example_dags/example_kubernetes_executor.py
[2025-02-14 14:05:12,887] {processor.py:641} INFO - Processing file /opt/conda/lib/python3.8/site-packages/airflow/example_dags/example_kubernetes_executor.py for tasks to queue
[2025-02-14 14:05:12,887] {logging_mixin.py:115} INFO - [2025-02-14 14:05:12,887] {dagbag.py:508} INFO - Filling up the DagBag from /opt/conda/lib/python3.8/site-packages/airflow/example_dags/example_kubernetes_executor.py
[2025-02-14 14:05:13,020] {logging_mixin.py:115} INFO - [2025-02-14 14:05:13,020] {example_kubernetes_executor.py:39} WARNING - The example_kubernetes_executor example DAG requires the kubernetes provider. Please install it with: pip install apache-airflow[cncf.kubernetes]
[2025-02-14 14:05:13,020] {processor.py:653} WARNING - No viable dags retrieved from /opt/conda/lib/python3.8/site-packages/airflow/example_dags/example_kubernetes_executor.py
[2025-02-14 14:05:13,025] {processor.py:161} INFO - Processing /opt/conda/lib/python3.8/site-packages/airflow/example_dags/example_kubernetes_executor.py took 0.143 seconds
[2025-02-14 14:05:56,488] {processor.py:153} INFO - Started process (PID=2217) to work on /opt/conda/lib/python3.8/site-packages/airflow/example_dags/example_kubernetes_executor.py
[2025-02-14 14:05:56,490] {processor.py:641} INFO - Processing file /opt/conda/lib/python3.8/site-packages/airflow/example_dags/example_kubernetes_executor.py for tasks to queue
[2025-02-14 14:05:56,490] {logging_mixin.py:115} INFO - [2025-02-14 14:05:56,490] {dagbag.py:508} INFO - Filling up the DagBag from /opt/conda/lib/python3.8/site-packages/airflow/example_dags/example_kubernetes_executor.py
[2025-02-14 14:05:56,624] {logging_mixin.py:115} INFO - [2025-02-14 14:05:56,624] {example_kubernetes_executor.py:39} WARNING - The example_kubernetes_executor example DAG requires the kubernetes provider. Please install it with: pip install apache-airflow[cncf.kubernetes]
[2025-02-14 14:05:56,624] {processor.py:653} WARNING - No viable dags retrieved from /opt/conda/lib/python3.8/site-packages/airflow/example_dags/example_kubernetes_executor.py
[2025-02-14 14:05:56,630] {processor.py:161} INFO - Processing /opt/conda/lib/python3.8/site-packages/airflow/example_dags/example_kubernetes_executor.py took 0.145 seconds
[2025-02-14 14:06:40,312] {processor.py:153} INFO - Started process (PID=2271) to work on /opt/conda/lib/python3.8/site-packages/airflow/example_dags/example_kubernetes_executor.py
[2025-02-14 14:06:40,313] {processor.py:641} INFO - Processing file /opt/conda/lib/python3.8/site-packages/airflow/example_dags/example_kubernetes_executor.py for tasks to queue
[2025-02-14 14:06:40,313] {logging_mixin.py:115} INFO - [2025-02-14 14:06:40,313] {dagbag.py:508} INFO - Filling up the DagBag from /opt/conda/lib/python3.8/site-packages/airflow/example_dags/example_kubernetes_executor.py
[2025-02-14 14:06:40,467] {logging_mixin.py:115} INFO - [2025-02-14 14:06:40,467] {example_kubernetes_executor.py:39} WARNING - The example_kubernetes_executor example DAG requires the kubernetes provider. Please install it with: pip install apache-airflow[cncf.kubernetes]
[2025-02-14 14:06:40,467] {processor.py:653} WARNING - No viable dags retrieved from /opt/conda/lib/python3.8/site-packages/airflow/example_dags/example_kubernetes_executor.py
[2025-02-14 14:06:40,474] {processor.py:161} INFO - Processing /opt/conda/lib/python3.8/site-packages/airflow/example_dags/example_kubernetes_executor.py took 0.165 seconds
[2025-02-14 14:07:30,034] {processor.py:153} INFO - Started process (PID=2312) to work on /opt/conda/lib/python3.8/site-packages/airflow/example_dags/example_kubernetes_executor.py
[2025-02-14 14:07:30,035] {processor.py:641} INFO - Processing file /opt/conda/lib/python3.8/site-packages/airflow/example_dags/example_kubernetes_executor.py for tasks to queue
[2025-02-14 14:07:30,035] {logging_mixin.py:115} INFO - [2025-02-14 14:07:30,035] {dagbag.py:508} INFO - Filling up the DagBag from /opt/conda/lib/python3.8/site-packages/airflow/example_dags/example_kubernetes_executor.py
[2025-02-14 14:07:30,179] {logging_mixin.py:115} INFO - [2025-02-14 14:07:30,178] {example_kubernetes_executor.py:39} WARNING - The example_kubernetes_executor example DAG requires the kubernetes provider. Please install it with: pip install apache-airflow[cncf.kubernetes]
[2025-02-14 14:07:30,179] {processor.py:653} WARNING - No viable dags retrieved from /opt/conda/lib/python3.8/site-packages/airflow/example_dags/example_kubernetes_executor.py
[2025-02-14 14:07:30,184] {processor.py:161} INFO - Processing /opt/conda/lib/python3.8/site-packages/airflow/example_dags/example_kubernetes_executor.py took 0.154 seconds
[2025-02-14 14:08:12,828] {processor.py:153} INFO - Started process (PID=2351) to work on /opt/conda/lib/python3.8/site-packages/airflow/example_dags/example_kubernetes_executor.py
[2025-02-14 14:08:12,830] {processor.py:641} INFO - Processing file /opt/conda/lib/python3.8/site-packages/airflow/example_dags/example_kubernetes_executor.py for tasks to queue
[2025-02-14 14:08:12,830] {logging_mixin.py:115} INFO - [2025-02-14 14:08:12,830] {dagbag.py:508} INFO - Filling up the DagBag from /opt/conda/lib/python3.8/site-packages/airflow/example_dags/example_kubernetes_executor.py
[2025-02-14 14:08:12,965] {logging_mixin.py:115} INFO - [2025-02-14 14:08:12,965] {example_kubernetes_executor.py:39} WARNING - The example_kubernetes_executor example DAG requires the kubernetes provider. Please install it with: pip install apache-airflow[cncf.kubernetes]
[2025-02-14 14:08:12,965] {processor.py:653} WARNING - No viable dags retrieved from /opt/conda/lib/python3.8/site-packages/airflow/example_dags/example_kubernetes_executor.py
[2025-02-14 14:08:12,971] {processor.py:161} INFO - Processing /opt/conda/lib/python3.8/site-packages/airflow/example_dags/example_kubernetes_executor.py took 0.146 seconds
[2025-02-14 14:09:07,300] {processor.py:153} INFO - Started process (PID=2421) to work on /opt/conda/lib/python3.8/site-packages/airflow/example_dags/example_kubernetes_executor.py
[2025-02-14 14:09:07,301] {processor.py:641} INFO - Processing file /opt/conda/lib/python3.8/site-packages/airflow/example_dags/example_kubernetes_executor.py for tasks to queue
[2025-02-14 14:09:07,302] {logging_mixin.py:115} INFO - [2025-02-14 14:09:07,302] {dagbag.py:508} INFO - Filling up the DagBag from /opt/conda/lib/python3.8/site-packages/airflow/example_dags/example_kubernetes_executor.py
[2025-02-14 14:09:07,444] {logging_mixin.py:115} INFO - [2025-02-14 14:09:07,444] {example_kubernetes_executor.py:39} WARNING - The example_kubernetes_executor example DAG requires the kubernetes provider. Please install it with: pip install apache-airflow[cncf.kubernetes]
[2025-02-14 14:09:07,444] {processor.py:653} WARNING - No viable dags retrieved from /opt/conda/lib/python3.8/site-packages/airflow/example_dags/example_kubernetes_executor.py
[2025-02-14 14:09:07,449] {processor.py:161} INFO - Processing /opt/conda/lib/python3.8/site-packages/airflow/example_dags/example_kubernetes_executor.py took 0.152 seconds
[2025-02-14 14:09:49,621] {processor.py:153} INFO - Started process (PID=2459) to work on /opt/conda/lib/python3.8/site-packages/airflow/example_dags/example_kubernetes_executor.py
[2025-02-14 14:09:49,623] {processor.py:641} INFO - Processing file /opt/conda/lib/python3.8/site-packages/airflow/example_dags/example_kubernetes_executor.py for tasks to queue
[2025-02-14 14:09:49,623] {logging_mixin.py:115} INFO - [2025-02-14 14:09:49,623] {dagbag.py:508} INFO - Filling up the DagBag from /opt/conda/lib/python3.8/site-packages/airflow/example_dags/example_kubernetes_executor.py
[2025-02-14 14:09:49,759] {logging_mixin.py:115} INFO - [2025-02-14 14:09:49,759] {example_kubernetes_executor.py:39} WARNING - The example_kubernetes_executor example DAG requires the kubernetes provider. Please install it with: pip install apache-airflow[cncf.kubernetes]
[2025-02-14 14:09:49,759] {processor.py:653} WARNING - No viable dags retrieved from /opt/conda/lib/python3.8/site-packages/airflow/example_dags/example_kubernetes_executor.py
[2025-02-14 14:09:49,765] {processor.py:161} INFO - Processing /opt/conda/lib/python3.8/site-packages/airflow/example_dags/example_kubernetes_executor.py took 0.147 seconds
[2025-02-14 14:10:29,917] {processor.py:153} INFO - Started process (PID=2493) to work on /opt/conda/lib/python3.8/site-packages/airflow/example_dags/example_kubernetes_executor.py
[2025-02-14 14:10:29,918] {processor.py:641} INFO - Processing file /opt/conda/lib/python3.8/site-packages/airflow/example_dags/example_kubernetes_executor.py for tasks to queue
[2025-02-14 14:10:29,919] {logging_mixin.py:115} INFO - [2025-02-14 14:10:29,918] {dagbag.py:508} INFO - Filling up the DagBag from /opt/conda/lib/python3.8/site-packages/airflow/example_dags/example_kubernetes_executor.py
[2025-02-14 14:10:30,051] {logging_mixin.py:115} INFO - [2025-02-14 14:10:30,051] {example_kubernetes_executor.py:39} WARNING - The example_kubernetes_executor example DAG requires the kubernetes provider. Please install it with: pip install apache-airflow[cncf.kubernetes]
[2025-02-14 14:10:30,051] {processor.py:653} WARNING - No viable dags retrieved from /opt/conda/lib/python3.8/site-packages/airflow/example_dags/example_kubernetes_executor.py
[2025-02-14 14:10:30,057] {processor.py:161} INFO - Processing /opt/conda/lib/python3.8/site-packages/airflow/example_dags/example_kubernetes_executor.py took 0.143 seconds
[2025-02-14 14:11:16,358] {processor.py:153} INFO - Started process (PID=2534) to work on /opt/conda/lib/python3.8/site-packages/airflow/example_dags/example_kubernetes_executor.py
[2025-02-14 14:11:16,360] {processor.py:641} INFO - Processing file /opt/conda/lib/python3.8/site-packages/airflow/example_dags/example_kubernetes_executor.py for tasks to queue
[2025-02-14 14:11:16,360] {logging_mixin.py:115} INFO - [2025-02-14 14:11:16,360] {dagbag.py:508} INFO - Filling up the DagBag from /opt/conda/lib/python3.8/site-packages/airflow/example_dags/example_kubernetes_executor.py
[2025-02-14 14:11:16,568] {logging_mixin.py:115} INFO - [2025-02-14 14:11:16,568] {example_kubernetes_executor.py:39} WARNING - The example_kubernetes_executor example DAG requires the kubernetes provider. Please install it with: pip install apache-airflow[cncf.kubernetes]
[2025-02-14 14:11:16,569] {processor.py:653} WARNING - No viable dags retrieved from /opt/conda/lib/python3.8/site-packages/airflow/example_dags/example_kubernetes_executor.py
[2025-02-14 14:11:16,577] {processor.py:161} INFO - Processing /opt/conda/lib/python3.8/site-packages/airflow/example_dags/example_kubernetes_executor.py took 0.222 seconds
[2025-02-14 14:12:00,158] {processor.py:153} INFO - Started process (PID=2588) to work on /opt/conda/lib/python3.8/site-packages/airflow/example_dags/example_kubernetes_executor.py
[2025-02-14 14:12:00,159] {processor.py:641} INFO - Processing file /opt/conda/lib/python3.8/site-packages/airflow/example_dags/example_kubernetes_executor.py for tasks to queue
[2025-02-14 14:12:00,160] {logging_mixin.py:115} INFO - [2025-02-14 14:12:00,160] {dagbag.py:508} INFO - Filling up the DagBag from /opt/conda/lib/python3.8/site-packages/airflow/example_dags/example_kubernetes_executor.py
[2025-02-14 14:12:00,293] {logging_mixin.py:115} INFO - [2025-02-14 14:12:00,293] {example_kubernetes_executor.py:39} WARNING - The example_kubernetes_executor example DAG requires the kubernetes provider. Please install it with: pip install apache-airflow[cncf.kubernetes]
[2025-02-14 14:12:00,293] {processor.py:653} WARNING - No viable dags retrieved from /opt/conda/lib/python3.8/site-packages/airflow/example_dags/example_kubernetes_executor.py
[2025-02-14 14:12:00,299] {processor.py:161} INFO - Processing /opt/conda/lib/python3.8/site-packages/airflow/example_dags/example_kubernetes_executor.py took 0.144 seconds
[2025-02-14 14:12:38,194] {processor.py:153} INFO - Started process (PID=2638) to work on /opt/conda/lib/python3.8/site-packages/airflow/example_dags/example_kubernetes_executor.py
[2025-02-14 14:12:38,195] {processor.py:641} INFO - Processing file /opt/conda/lib/python3.8/site-packages/airflow/example_dags/example_kubernetes_executor.py for tasks to queue
[2025-02-14 14:12:38,195] {logging_mixin.py:115} INFO - [2025-02-14 14:12:38,195] {dagbag.py:508} INFO - Filling up the DagBag from /opt/conda/lib/python3.8/site-packages/airflow/example_dags/example_kubernetes_executor.py
[2025-02-14 14:12:38,332] {logging_mixin.py:115} INFO - [2025-02-14 14:12:38,332] {example_kubernetes_executor.py:39} WARNING - The example_kubernetes_executor example DAG requires the kubernetes provider. Please install it with: pip install apache-airflow[cncf.kubernetes]
[2025-02-14 14:12:38,332] {processor.py:653} WARNING - No viable dags retrieved from /opt/conda/lib/python3.8/site-packages/airflow/example_dags/example_kubernetes_executor.py
[2025-02-14 14:12:38,337] {processor.py:161} INFO - Processing /opt/conda/lib/python3.8/site-packages/airflow/example_dags/example_kubernetes_executor.py took 0.147 seconds
[2025-02-14 14:13:21,042] {processor.py:153} INFO - Started process (PID=2707) to work on /opt/conda/lib/python3.8/site-packages/airflow/example_dags/example_kubernetes_executor.py
[2025-02-14 14:13:21,044] {processor.py:641} INFO - Processing file /opt/conda/lib/python3.8/site-packages/airflow/example_dags/example_kubernetes_executor.py for tasks to queue
[2025-02-14 14:13:21,044] {logging_mixin.py:115} INFO - [2025-02-14 14:13:21,044] {dagbag.py:508} INFO - Filling up the DagBag from /opt/conda/lib/python3.8/site-packages/airflow/example_dags/example_kubernetes_executor.py
[2025-02-14 14:13:21,183] {logging_mixin.py:115} INFO - [2025-02-14 14:13:21,183] {example_kubernetes_executor.py:39} WARNING - The example_kubernetes_executor example DAG requires the kubernetes provider. Please install it with: pip install apache-airflow[cncf.kubernetes]
[2025-02-14 14:13:21,183] {processor.py:653} WARNING - No viable dags retrieved from /opt/conda/lib/python3.8/site-packages/airflow/example_dags/example_kubernetes_executor.py
[2025-02-14 14:13:21,189] {processor.py:161} INFO - Processing /opt/conda/lib/python3.8/site-packages/airflow/example_dags/example_kubernetes_executor.py took 0.150 seconds
[2025-02-14 14:14:03,518] {processor.py:153} INFO - Started process (PID=2760) to work on /opt/conda/lib/python3.8/site-packages/airflow/example_dags/example_kubernetes_executor.py
[2025-02-14 14:14:03,519] {processor.py:641} INFO - Processing file /opt/conda/lib/python3.8/site-packages/airflow/example_dags/example_kubernetes_executor.py for tasks to queue
[2025-02-14 14:14:03,520] {logging_mixin.py:115} INFO - [2025-02-14 14:14:03,520] {dagbag.py:508} INFO - Filling up the DagBag from /opt/conda/lib/python3.8/site-packages/airflow/example_dags/example_kubernetes_executor.py
[2025-02-14 14:14:03,535] {logging_mixin.py:115} INFO - [2025-02-14 14:14:03,535] {example_kubernetes_executor.py:39} WARNING - The example_kubernetes_executor example DAG requires the kubernetes provider. Please install it with: pip install apache-airflow[cncf.kubernetes]
[2025-02-14 14:14:03,535] {processor.py:653} WARNING - No viable dags retrieved from /opt/conda/lib/python3.8/site-packages/airflow/example_dags/example_kubernetes_executor.py
[2025-02-14 14:14:03,544] {processor.py:161} INFO - Processing /opt/conda/lib/python3.8/site-packages/airflow/example_dags/example_kubernetes_executor.py took 0.029 seconds
[2025-02-14 14:14:41,504] {processor.py:153} INFO - Started process (PID=2812) to work on /opt/conda/lib/python3.8/site-packages/airflow/example_dags/example_kubernetes_executor.py
[2025-02-14 14:14:41,506] {processor.py:641} INFO - Processing file /opt/conda/lib/python3.8/site-packages/airflow/example_dags/example_kubernetes_executor.py for tasks to queue
[2025-02-14 14:14:41,506] {logging_mixin.py:115} INFO - [2025-02-14 14:14:41,506] {dagbag.py:508} INFO - Filling up the DagBag from /opt/conda/lib/python3.8/site-packages/airflow/example_dags/example_kubernetes_executor.py
[2025-02-14 14:14:41,521] {logging_mixin.py:115} INFO - [2025-02-14 14:14:41,521] {example_kubernetes_executor.py:39} WARNING - The example_kubernetes_executor example DAG requires the kubernetes provider. Please install it with: pip install apache-airflow[cncf.kubernetes]
[2025-02-14 14:14:41,521] {processor.py:653} WARNING - No viable dags retrieved from /opt/conda/lib/python3.8/site-packages/airflow/example_dags/example_kubernetes_executor.py
[2025-02-14 14:14:41,531] {processor.py:161} INFO - Processing /opt/conda/lib/python3.8/site-packages/airflow/example_dags/example_kubernetes_executor.py took 0.030 seconds
[2025-02-14 14:15:21,845] {processor.py:153} INFO - Started process (PID=2866) to work on /opt/conda/lib/python3.8/site-packages/airflow/example_dags/example_kubernetes_executor.py
[2025-02-14 14:15:21,846] {processor.py:641} INFO - Processing file /opt/conda/lib/python3.8/site-packages/airflow/example_dags/example_kubernetes_executor.py for tasks to queue
[2025-02-14 14:15:21,847] {logging_mixin.py:115} INFO - [2025-02-14 14:15:21,846] {dagbag.py:508} INFO - Filling up the DagBag from /opt/conda/lib/python3.8/site-packages/airflow/example_dags/example_kubernetes_executor.py
[2025-02-14 14:15:21,862] {logging_mixin.py:115} INFO - [2025-02-14 14:15:21,862] {example_kubernetes_executor.py:39} WARNING - The example_kubernetes_executor example DAG requires the kubernetes provider. Please install it with: pip install apache-airflow[cncf.kubernetes]
[2025-02-14 14:15:21,862] {processor.py:653} WARNING - No viable dags retrieved from /opt/conda/lib/python3.8/site-packages/airflow/example_dags/example_kubernetes_executor.py
[2025-02-14 14:15:21,872] {processor.py:161} INFO - Processing /opt/conda/lib/python3.8/site-packages/airflow/example_dags/example_kubernetes_executor.py took 0.030 seconds
[2025-02-14 14:16:04,301] {processor.py:153} INFO - Started process (PID=2921) to work on /opt/conda/lib/python3.8/site-packages/airflow/example_dags/example_kubernetes_executor.py
[2025-02-14 14:16:04,302] {processor.py:641} INFO - Processing file /opt/conda/lib/python3.8/site-packages/airflow/example_dags/example_kubernetes_executor.py for tasks to queue
[2025-02-14 14:16:04,302] {logging_mixin.py:115} INFO - [2025-02-14 14:16:04,302] {dagbag.py:508} INFO - Filling up the DagBag from /opt/conda/lib/python3.8/site-packages/airflow/example_dags/example_kubernetes_executor.py
[2025-02-14 14:16:04,317] {logging_mixin.py:115} INFO - [2025-02-14 14:16:04,317] {example_kubernetes_executor.py:39} WARNING - The example_kubernetes_executor example DAG requires the kubernetes provider. Please install it with: pip install apache-airflow[cncf.kubernetes]
[2025-02-14 14:16:04,317] {processor.py:653} WARNING - No viable dags retrieved from /opt/conda/lib/python3.8/site-packages/airflow/example_dags/example_kubernetes_executor.py
[2025-02-14 14:16:04,326] {processor.py:161} INFO - Processing /opt/conda/lib/python3.8/site-packages/airflow/example_dags/example_kubernetes_executor.py took 0.028 seconds
[2025-02-14 14:16:31,093] {processor.py:153} INFO - Started process (PID=2998) to work on /opt/conda/lib/python3.8/site-packages/airflow/example_dags/example_kubernetes_executor.py
[2025-02-14 14:16:31,095] {processor.py:641} INFO - Processing file /opt/conda/lib/python3.8/site-packages/airflow/example_dags/example_kubernetes_executor.py for tasks to queue
[2025-02-14 14:16:31,096] {logging_mixin.py:115} INFO - [2025-02-14 14:16:31,096] {dagbag.py:508} INFO - Filling up the DagBag from /opt/conda/lib/python3.8/site-packages/airflow/example_dags/example_kubernetes_executor.py
[2025-02-14 14:16:31,226] {logging_mixin.py:115} INFO - [2025-02-14 14:16:31,225] {example_kubernetes_executor.py:39} WARNING - The example_kubernetes_executor example DAG requires the kubernetes provider. Please install it with: pip install apache-airflow[cncf.kubernetes]
[2025-02-14 14:16:31,226] {processor.py:653} WARNING - No viable dags retrieved from /opt/conda/lib/python3.8/site-packages/airflow/example_dags/example_kubernetes_executor.py
[2025-02-14 14:16:31,231] {processor.py:161} INFO - Processing /opt/conda/lib/python3.8/site-packages/airflow/example_dags/example_kubernetes_executor.py took 0.141 seconds
[2025-02-14 14:17:19,613] {processor.py:153} INFO - Started process (PID=3052) to work on /opt/conda/lib/python3.8/site-packages/airflow/example_dags/example_kubernetes_executor.py
[2025-02-14 14:17:19,615] {processor.py:641} INFO - Processing file /opt/conda/lib/python3.8/site-packages/airflow/example_dags/example_kubernetes_executor.py for tasks to queue
[2025-02-14 14:17:19,616] {logging_mixin.py:115} INFO - [2025-02-14 14:17:19,616] {dagbag.py:508} INFO - Filling up the DagBag from /opt/conda/lib/python3.8/site-packages/airflow/example_dags/example_kubernetes_executor.py
[2025-02-14 14:17:19,751] {logging_mixin.py:115} INFO - [2025-02-14 14:17:19,751] {example_kubernetes_executor.py:39} WARNING - The example_kubernetes_executor example DAG requires the kubernetes provider. Please install it with: pip install apache-airflow[cncf.kubernetes]
[2025-02-14 14:17:19,751] {processor.py:653} WARNING - No viable dags retrieved from /opt/conda/lib/python3.8/site-packages/airflow/example_dags/example_kubernetes_executor.py
[2025-02-14 14:17:19,756] {processor.py:161} INFO - Processing /opt/conda/lib/python3.8/site-packages/airflow/example_dags/example_kubernetes_executor.py took 0.146 seconds
[2025-02-14 14:18:02,768] {processor.py:153} INFO - Started process (PID=3106) to work on /opt/conda/lib/python3.8/site-packages/airflow/example_dags/example_kubernetes_executor.py
[2025-02-14 14:18:02,770] {processor.py:641} INFO - Processing file /opt/conda/lib/python3.8/site-packages/airflow/example_dags/example_kubernetes_executor.py for tasks to queue
[2025-02-14 14:18:02,770] {logging_mixin.py:115} INFO - [2025-02-14 14:18:02,770] {dagbag.py:508} INFO - Filling up the DagBag from /opt/conda/lib/python3.8/site-packages/airflow/example_dags/example_kubernetes_executor.py
[2025-02-14 14:18:02,909] {logging_mixin.py:115} INFO - [2025-02-14 14:18:02,908] {example_kubernetes_executor.py:39} WARNING - The example_kubernetes_executor example DAG requires the kubernetes provider. Please install it with: pip install apache-airflow[cncf.kubernetes]
[2025-02-14 14:18:02,909] {processor.py:653} WARNING - No viable dags retrieved from /opt/conda/lib/python3.8/site-packages/airflow/example_dags/example_kubernetes_executor.py
[2025-02-14 14:18:02,914] {processor.py:161} INFO - Processing /opt/conda/lib/python3.8/site-packages/airflow/example_dags/example_kubernetes_executor.py took 0.149 seconds
[2025-02-14 14:18:48,238] {processor.py:153} INFO - Started process (PID=3190) to work on /opt/conda/lib/python3.8/site-packages/airflow/example_dags/example_kubernetes_executor.py
[2025-02-14 14:18:48,239] {processor.py:641} INFO - Processing file /opt/conda/lib/python3.8/site-packages/airflow/example_dags/example_kubernetes_executor.py for tasks to queue
[2025-02-14 14:18:48,239] {logging_mixin.py:115} INFO - [2025-02-14 14:18:48,239] {dagbag.py:508} INFO - Filling up the DagBag from /opt/conda/lib/python3.8/site-packages/airflow/example_dags/example_kubernetes_executor.py
[2025-02-14 14:18:48,376] {logging_mixin.py:115} INFO - [2025-02-14 14:18:48,375] {example_kubernetes_executor.py:39} WARNING - The example_kubernetes_executor example DAG requires the kubernetes provider. Please install it with: pip install apache-airflow[cncf.kubernetes]
[2025-02-14 14:18:48,376] {processor.py:653} WARNING - No viable dags retrieved from /opt/conda/lib/python3.8/site-packages/airflow/example_dags/example_kubernetes_executor.py
[2025-02-14 14:18:48,381] {processor.py:161} INFO - Processing /opt/conda/lib/python3.8/site-packages/airflow/example_dags/example_kubernetes_executor.py took 0.147 seconds
[2025-02-14 14:20:38,842] {processor.py:153} INFO - Started process (PID=3281) to work on /opt/conda/lib/python3.8/site-packages/airflow/example_dags/example_kubernetes_executor.py
[2025-02-14 14:20:38,844] {processor.py:641} INFO - Processing file /opt/conda/lib/python3.8/site-packages/airflow/example_dags/example_kubernetes_executor.py for tasks to queue
[2025-02-14 14:20:38,844] {logging_mixin.py:115} INFO - [2025-02-14 14:20:38,844] {dagbag.py:508} INFO - Filling up the DagBag from /opt/conda/lib/python3.8/site-packages/airflow/example_dags/example_kubernetes_executor.py
[2025-02-14 14:20:38,991] {logging_mixin.py:115} INFO - [2025-02-14 14:20:38,991] {example_kubernetes_executor.py:39} WARNING - The example_kubernetes_executor example DAG requires the kubernetes provider. Please install it with: pip install apache-airflow[cncf.kubernetes]
[2025-02-14 14:20:38,991] {processor.py:653} WARNING - No viable dags retrieved from /opt/conda/lib/python3.8/site-packages/airflow/example_dags/example_kubernetes_executor.py
[2025-02-14 14:20:38,997] {processor.py:161} INFO - Processing /opt/conda/lib/python3.8/site-packages/airflow/example_dags/example_kubernetes_executor.py took 0.158 seconds
[2025-02-14 14:21:22,400] {processor.py:153} INFO - Started process (PID=3337) to work on /opt/conda/lib/python3.8/site-packages/airflow/example_dags/example_kubernetes_executor.py
[2025-02-14 14:21:22,402] {processor.py:641} INFO - Processing file /opt/conda/lib/python3.8/site-packages/airflow/example_dags/example_kubernetes_executor.py for tasks to queue
[2025-02-14 14:21:22,402] {logging_mixin.py:115} INFO - [2025-02-14 14:21:22,402] {dagbag.py:508} INFO - Filling up the DagBag from /opt/conda/lib/python3.8/site-packages/airflow/example_dags/example_kubernetes_executor.py
[2025-02-14 14:21:22,553] {logging_mixin.py:115} INFO - [2025-02-14 14:21:22,553] {example_kubernetes_executor.py:39} WARNING - The example_kubernetes_executor example DAG requires the kubernetes provider. Please install it with: pip install apache-airflow[cncf.kubernetes]
[2025-02-14 14:21:22,553] {processor.py:653} WARNING - No viable dags retrieved from /opt/conda/lib/python3.8/site-packages/airflow/example_dags/example_kubernetes_executor.py
[2025-02-14 14:21:22,559] {processor.py:161} INFO - Processing /opt/conda/lib/python3.8/site-packages/airflow/example_dags/example_kubernetes_executor.py took 0.162 seconds
[2025-02-14 14:22:08,936] {processor.py:153} INFO - Started process (PID=3391) to work on /opt/conda/lib/python3.8/site-packages/airflow/example_dags/example_kubernetes_executor.py
[2025-02-14 14:22:08,937] {processor.py:641} INFO - Processing file /opt/conda/lib/python3.8/site-packages/airflow/example_dags/example_kubernetes_executor.py for tasks to queue
[2025-02-14 14:22:08,938] {logging_mixin.py:115} INFO - [2025-02-14 14:22:08,938] {dagbag.py:508} INFO - Filling up the DagBag from /opt/conda/lib/python3.8/site-packages/airflow/example_dags/example_kubernetes_executor.py
[2025-02-14 14:22:09,086] {logging_mixin.py:115} INFO - [2025-02-14 14:22:09,086] {example_kubernetes_executor.py:39} WARNING - The example_kubernetes_executor example DAG requires the kubernetes provider. Please install it with: pip install apache-airflow[cncf.kubernetes]
[2025-02-14 14:22:09,086] {processor.py:653} WARNING - No viable dags retrieved from /opt/conda/lib/python3.8/site-packages/airflow/example_dags/example_kubernetes_executor.py
[2025-02-14 14:22:09,092] {processor.py:161} INFO - Processing /opt/conda/lib/python3.8/site-packages/airflow/example_dags/example_kubernetes_executor.py took 0.159 seconds
[2025-02-14 14:22:53,625] {processor.py:153} INFO - Started process (PID=3445) to work on /opt/conda/lib/python3.8/site-packages/airflow/example_dags/example_kubernetes_executor.py
[2025-02-14 14:22:53,626] {processor.py:641} INFO - Processing file /opt/conda/lib/python3.8/site-packages/airflow/example_dags/example_kubernetes_executor.py for tasks to queue
[2025-02-14 14:22:53,627] {logging_mixin.py:115} INFO - [2025-02-14 14:22:53,626] {dagbag.py:508} INFO - Filling up the DagBag from /opt/conda/lib/python3.8/site-packages/airflow/example_dags/example_kubernetes_executor.py
[2025-02-14 14:22:53,785] {logging_mixin.py:115} INFO - [2025-02-14 14:22:53,785] {example_kubernetes_executor.py:39} WARNING - The example_kubernetes_executor example DAG requires the kubernetes provider. Please install it with: pip install apache-airflow[cncf.kubernetes]
[2025-02-14 14:22:53,785] {processor.py:653} WARNING - No viable dags retrieved from /opt/conda/lib/python3.8/site-packages/airflow/example_dags/example_kubernetes_executor.py
[2025-02-14 14:22:53,791] {processor.py:161} INFO - Processing /opt/conda/lib/python3.8/site-packages/airflow/example_dags/example_kubernetes_executor.py took 0.170 seconds
[2025-02-14 14:23:27,705] {processor.py:153} INFO - Started process (PID=3538) to work on /opt/conda/lib/python3.8/site-packages/airflow/example_dags/example_kubernetes_executor.py
[2025-02-14 14:23:27,706] {processor.py:641} INFO - Processing file /opt/conda/lib/python3.8/site-packages/airflow/example_dags/example_kubernetes_executor.py for tasks to queue
[2025-02-14 14:23:27,706] {logging_mixin.py:115} INFO - [2025-02-14 14:23:27,706] {dagbag.py:508} INFO - Filling up the DagBag from /opt/conda/lib/python3.8/site-packages/airflow/example_dags/example_kubernetes_executor.py
[2025-02-14 14:23:27,842] {logging_mixin.py:115} INFO - [2025-02-14 14:23:27,842] {example_kubernetes_executor.py:39} WARNING - The example_kubernetes_executor example DAG requires the kubernetes provider. Please install it with: pip install apache-airflow[cncf.kubernetes]
[2025-02-14 14:23:27,842] {processor.py:653} WARNING - No viable dags retrieved from /opt/conda/lib/python3.8/site-packages/airflow/example_dags/example_kubernetes_executor.py
[2025-02-14 14:23:27,848] {processor.py:161} INFO - Processing /opt/conda/lib/python3.8/site-packages/airflow/example_dags/example_kubernetes_executor.py took 0.146 seconds
[2025-02-14 14:24:08,972] {processor.py:153} INFO - Started process (PID=3592) to work on /opt/conda/lib/python3.8/site-packages/airflow/example_dags/example_kubernetes_executor.py
[2025-02-14 14:24:08,973] {processor.py:641} INFO - Processing file /opt/conda/lib/python3.8/site-packages/airflow/example_dags/example_kubernetes_executor.py for tasks to queue
[2025-02-14 14:24:08,974] {logging_mixin.py:115} INFO - [2025-02-14 14:24:08,974] {dagbag.py:508} INFO - Filling up the DagBag from /opt/conda/lib/python3.8/site-packages/airflow/example_dags/example_kubernetes_executor.py
[2025-02-14 14:24:09,114] {logging_mixin.py:115} INFO - [2025-02-14 14:24:09,114] {example_kubernetes_executor.py:39} WARNING - The example_kubernetes_executor example DAG requires the kubernetes provider. Please install it with: pip install apache-airflow[cncf.kubernetes]
[2025-02-14 14:24:09,114] {processor.py:653} WARNING - No viable dags retrieved from /opt/conda/lib/python3.8/site-packages/airflow/example_dags/example_kubernetes_executor.py
[2025-02-14 14:24:09,119] {processor.py:161} INFO - Processing /opt/conda/lib/python3.8/site-packages/airflow/example_dags/example_kubernetes_executor.py took 0.150 seconds
[2025-02-14 14:24:48,212] {processor.py:153} INFO - Started process (PID=3642) to work on /opt/conda/lib/python3.8/site-packages/airflow/example_dags/example_kubernetes_executor.py
[2025-02-14 14:24:48,222] {processor.py:641} INFO - Processing file /opt/conda/lib/python3.8/site-packages/airflow/example_dags/example_kubernetes_executor.py for tasks to queue
[2025-02-14 14:24:48,222] {logging_mixin.py:115} INFO - [2025-02-14 14:24:48,222] {dagbag.py:508} INFO - Filling up the DagBag from /opt/conda/lib/python3.8/site-packages/airflow/example_dags/example_kubernetes_executor.py
[2025-02-14 14:24:48,357] {logging_mixin.py:115} INFO - [2025-02-14 14:24:48,357] {example_kubernetes_executor.py:39} WARNING - The example_kubernetes_executor example DAG requires the kubernetes provider. Please install it with: pip install apache-airflow[cncf.kubernetes]
[2025-02-14 14:24:48,357] {processor.py:653} WARNING - No viable dags retrieved from /opt/conda/lib/python3.8/site-packages/airflow/example_dags/example_kubernetes_executor.py
[2025-02-14 14:24:48,362] {processor.py:161} INFO - Processing /opt/conda/lib/python3.8/site-packages/airflow/example_dags/example_kubernetes_executor.py took 0.153 seconds
[2025-02-14 14:25:34,601] {processor.py:153} INFO - Started process (PID=3696) to work on /opt/conda/lib/python3.8/site-packages/airflow/example_dags/example_kubernetes_executor.py
[2025-02-14 14:25:34,603] {processor.py:641} INFO - Processing file /opt/conda/lib/python3.8/site-packages/airflow/example_dags/example_kubernetes_executor.py for tasks to queue
[2025-02-14 14:25:34,604] {logging_mixin.py:115} INFO - [2025-02-14 14:25:34,603] {dagbag.py:508} INFO - Filling up the DagBag from /opt/conda/lib/python3.8/site-packages/airflow/example_dags/example_kubernetes_executor.py
[2025-02-14 14:25:34,735] {logging_mixin.py:115} INFO - [2025-02-14 14:25:34,735] {example_kubernetes_executor.py:39} WARNING - The example_kubernetes_executor example DAG requires the kubernetes provider. Please install it with: pip install apache-airflow[cncf.kubernetes]
[2025-02-14 14:25:34,736] {processor.py:653} WARNING - No viable dags retrieved from /opt/conda/lib/python3.8/site-packages/airflow/example_dags/example_kubernetes_executor.py
[2025-02-14 14:25:34,741] {processor.py:161} INFO - Processing /opt/conda/lib/python3.8/site-packages/airflow/example_dags/example_kubernetes_executor.py took 0.143 seconds
[2025-02-14 14:26:18,077] {processor.py:153} INFO - Started process (PID=3750) to work on /opt/conda/lib/python3.8/site-packages/airflow/example_dags/example_kubernetes_executor.py
[2025-02-14 14:26:18,078] {processor.py:641} INFO - Processing file /opt/conda/lib/python3.8/site-packages/airflow/example_dags/example_kubernetes_executor.py for tasks to queue
[2025-02-14 14:26:18,078] {logging_mixin.py:115} INFO - [2025-02-14 14:26:18,078] {dagbag.py:508} INFO - Filling up the DagBag from /opt/conda/lib/python3.8/site-packages/airflow/example_dags/example_kubernetes_executor.py
[2025-02-14 14:26:18,222] {logging_mixin.py:115} INFO - [2025-02-14 14:26:18,222] {example_kubernetes_executor.py:39} WARNING - The example_kubernetes_executor example DAG requires the kubernetes provider. Please install it with: pip install apache-airflow[cncf.kubernetes]
[2025-02-14 14:26:18,222] {processor.py:653} WARNING - No viable dags retrieved from /opt/conda/lib/python3.8/site-packages/airflow/example_dags/example_kubernetes_executor.py
[2025-02-14 14:26:18,228] {processor.py:161} INFO - Processing /opt/conda/lib/python3.8/site-packages/airflow/example_dags/example_kubernetes_executor.py took 0.154 seconds
[2025-02-14 14:26:58,153] {processor.py:153} INFO - Started process (PID=3801) to work on /opt/conda/lib/python3.8/site-packages/airflow/example_dags/example_kubernetes_executor.py
[2025-02-14 14:26:58,162] {processor.py:641} INFO - Processing file /opt/conda/lib/python3.8/site-packages/airflow/example_dags/example_kubernetes_executor.py for tasks to queue
[2025-02-14 14:26:58,162] {logging_mixin.py:115} INFO - [2025-02-14 14:26:58,162] {dagbag.py:508} INFO - Filling up the DagBag from /opt/conda/lib/python3.8/site-packages/airflow/example_dags/example_kubernetes_executor.py
[2025-02-14 14:26:58,298] {logging_mixin.py:115} INFO - [2025-02-14 14:26:58,297] {example_kubernetes_executor.py:39} WARNING - The example_kubernetes_executor example DAG requires the kubernetes provider. Please install it with: pip install apache-airflow[cncf.kubernetes]
[2025-02-14 14:26:58,298] {processor.py:653} WARNING - No viable dags retrieved from /opt/conda/lib/python3.8/site-packages/airflow/example_dags/example_kubernetes_executor.py
[2025-02-14 14:26:58,303] {processor.py:161} INFO - Processing /opt/conda/lib/python3.8/site-packages/airflow/example_dags/example_kubernetes_executor.py took 0.153 seconds
[2025-02-14 14:27:43,013] {processor.py:153} INFO - Started process (PID=3855) to work on /opt/conda/lib/python3.8/site-packages/airflow/example_dags/example_kubernetes_executor.py
[2025-02-14 14:27:43,047] {processor.py:641} INFO - Processing file /opt/conda/lib/python3.8/site-packages/airflow/example_dags/example_kubernetes_executor.py for tasks to queue
[2025-02-14 14:27:43,047] {logging_mixin.py:115} INFO - [2025-02-14 14:27:43,047] {dagbag.py:508} INFO - Filling up the DagBag from /opt/conda/lib/python3.8/site-packages/airflow/example_dags/example_kubernetes_executor.py
[2025-02-14 14:27:43,187] {logging_mixin.py:115} INFO - [2025-02-14 14:27:43,187] {example_kubernetes_executor.py:39} WARNING - The example_kubernetes_executor example DAG requires the kubernetes provider. Please install it with: pip install apache-airflow[cncf.kubernetes]
[2025-02-14 14:27:43,187] {processor.py:653} WARNING - No viable dags retrieved from /opt/conda/lib/python3.8/site-packages/airflow/example_dags/example_kubernetes_executor.py
[2025-02-14 14:27:43,193] {processor.py:161} INFO - Processing /opt/conda/lib/python3.8/site-packages/airflow/example_dags/example_kubernetes_executor.py took 0.182 seconds
[2025-02-14 14:28:27,485] {processor.py:153} INFO - Started process (PID=3909) to work on /opt/conda/lib/python3.8/site-packages/airflow/example_dags/example_kubernetes_executor.py
[2025-02-14 14:28:27,597] {processor.py:641} INFO - Processing file /opt/conda/lib/python3.8/site-packages/airflow/example_dags/example_kubernetes_executor.py for tasks to queue
[2025-02-14 14:28:27,598] {logging_mixin.py:115} INFO - [2025-02-14 14:28:27,598] {dagbag.py:508} INFO - Filling up the DagBag from /opt/conda/lib/python3.8/site-packages/airflow/example_dags/example_kubernetes_executor.py
[2025-02-14 14:28:27,614] {logging_mixin.py:115} INFO - [2025-02-14 14:28:27,613] {example_kubernetes_executor.py:39} WARNING - The example_kubernetes_executor example DAG requires the kubernetes provider. Please install it with: pip install apache-airflow[cncf.kubernetes]
[2025-02-14 14:28:27,614] {processor.py:653} WARNING - No viable dags retrieved from /opt/conda/lib/python3.8/site-packages/airflow/example_dags/example_kubernetes_executor.py
[2025-02-14 14:28:27,624] {processor.py:161} INFO - Processing /opt/conda/lib/python3.8/site-packages/airflow/example_dags/example_kubernetes_executor.py took 0.141 seconds
[2025-02-14 14:29:09,637] {processor.py:153} INFO - Started process (PID=3963) to work on /opt/conda/lib/python3.8/site-packages/airflow/example_dags/example_kubernetes_executor.py
[2025-02-14 14:29:09,638] {processor.py:641} INFO - Processing file /opt/conda/lib/python3.8/site-packages/airflow/example_dags/example_kubernetes_executor.py for tasks to queue
[2025-02-14 14:29:09,639] {logging_mixin.py:115} INFO - [2025-02-14 14:29:09,639] {dagbag.py:508} INFO - Filling up the DagBag from /opt/conda/lib/python3.8/site-packages/airflow/example_dags/example_kubernetes_executor.py
[2025-02-14 14:29:09,658] {logging_mixin.py:115} INFO - [2025-02-14 14:29:09,658] {example_kubernetes_executor.py:39} WARNING - The example_kubernetes_executor example DAG requires the kubernetes provider. Please install it with: pip install apache-airflow[cncf.kubernetes]
[2025-02-14 14:29:09,658] {processor.py:653} WARNING - No viable dags retrieved from /opt/conda/lib/python3.8/site-packages/airflow/example_dags/example_kubernetes_executor.py
[2025-02-14 14:29:09,670] {processor.py:161} INFO - Processing /opt/conda/lib/python3.8/site-packages/airflow/example_dags/example_kubernetes_executor.py took 0.037 seconds
[2025-02-14 14:29:51,587] {processor.py:153} INFO - Started process (PID=4026) to work on /opt/conda/lib/python3.8/site-packages/airflow/example_dags/example_kubernetes_executor.py
[2025-02-14 14:29:51,603] {processor.py:641} INFO - Processing file /opt/conda/lib/python3.8/site-packages/airflow/example_dags/example_kubernetes_executor.py for tasks to queue
[2025-02-14 14:29:51,604] {logging_mixin.py:115} INFO - [2025-02-14 14:29:51,604] {dagbag.py:508} INFO - Filling up the DagBag from /opt/conda/lib/python3.8/site-packages/airflow/example_dags/example_kubernetes_executor.py
[2025-02-14 14:29:51,622] {logging_mixin.py:115} INFO - [2025-02-14 14:29:51,622] {example_kubernetes_executor.py:39} WARNING - The example_kubernetes_executor example DAG requires the kubernetes provider. Please install it with: pip install apache-airflow[cncf.kubernetes]
[2025-02-14 14:29:51,622] {processor.py:653} WARNING - No viable dags retrieved from /opt/conda/lib/python3.8/site-packages/airflow/example_dags/example_kubernetes_executor.py
[2025-02-14 14:29:51,634] {processor.py:161} INFO - Processing /opt/conda/lib/python3.8/site-packages/airflow/example_dags/example_kubernetes_executor.py took 0.050 seconds
[2025-02-14 14:30:29,945] {processor.py:153} INFO - Started process (PID=4080) to work on /opt/conda/lib/python3.8/site-packages/airflow/example_dags/example_kubernetes_executor.py
[2025-02-14 14:30:29,971] {processor.py:641} INFO - Processing file /opt/conda/lib/python3.8/site-packages/airflow/example_dags/example_kubernetes_executor.py for tasks to queue
[2025-02-14 14:30:29,971] {logging_mixin.py:115} INFO - [2025-02-14 14:30:29,971] {dagbag.py:508} INFO - Filling up the DagBag from /opt/conda/lib/python3.8/site-packages/airflow/example_dags/example_kubernetes_executor.py
[2025-02-14 14:30:29,986] {logging_mixin.py:115} INFO - [2025-02-14 14:30:29,986] {example_kubernetes_executor.py:39} WARNING - The example_kubernetes_executor example DAG requires the kubernetes provider. Please install it with: pip install apache-airflow[cncf.kubernetes]
[2025-02-14 14:30:29,986] {processor.py:653} WARNING - No viable dags retrieved from /opt/conda/lib/python3.8/site-packages/airflow/example_dags/example_kubernetes_executor.py
[2025-02-14 14:30:29,996] {processor.py:161} INFO - Processing /opt/conda/lib/python3.8/site-packages/airflow/example_dags/example_kubernetes_executor.py took 0.054 seconds
[2025-02-14 14:31:02,549] {processor.py:153} INFO - Started process (PID=4128) to work on /opt/conda/lib/python3.8/site-packages/airflow/example_dags/example_kubernetes_executor.py
[2025-02-14 14:31:02,567] {processor.py:641} INFO - Processing file /opt/conda/lib/python3.8/site-packages/airflow/example_dags/example_kubernetes_executor.py for tasks to queue
[2025-02-14 14:31:02,568] {logging_mixin.py:115} INFO - [2025-02-14 14:31:02,568] {dagbag.py:508} INFO - Filling up the DagBag from /opt/conda/lib/python3.8/site-packages/airflow/example_dags/example_kubernetes_executor.py
[2025-02-14 14:31:02,582] {logging_mixin.py:115} INFO - [2025-02-14 14:31:02,582] {example_kubernetes_executor.py:39} WARNING - The example_kubernetes_executor example DAG requires the kubernetes provider. Please install it with: pip install apache-airflow[cncf.kubernetes]
[2025-02-14 14:31:02,583] {processor.py:653} WARNING - No viable dags retrieved from /opt/conda/lib/python3.8/site-packages/airflow/example_dags/example_kubernetes_executor.py
[2025-02-14 14:31:02,592] {processor.py:161} INFO - Processing /opt/conda/lib/python3.8/site-packages/airflow/example_dags/example_kubernetes_executor.py took 0.046 seconds
[2025-02-14 14:32:47,830] {processor.py:153} INFO - Started process (PID=4291) to work on /opt/conda/lib/python3.8/site-packages/airflow/example_dags/example_kubernetes_executor.py
[2025-02-14 14:32:47,833] {processor.py:641} INFO - Processing file /opt/conda/lib/python3.8/site-packages/airflow/example_dags/example_kubernetes_executor.py for tasks to queue
[2025-02-14 14:32:47,834] {logging_mixin.py:115} INFO - [2025-02-14 14:32:47,834] {dagbag.py:508} INFO - Filling up the DagBag from /opt/conda/lib/python3.8/site-packages/airflow/example_dags/example_kubernetes_executor.py
[2025-02-14 14:32:47,848] {logging_mixin.py:115} INFO - [2025-02-14 14:32:47,848] {example_kubernetes_executor.py:39} WARNING - The example_kubernetes_executor example DAG requires the kubernetes provider. Please install it with: pip install apache-airflow[cncf.kubernetes]
[2025-02-14 14:32:47,848] {processor.py:653} WARNING - No viable dags retrieved from /opt/conda/lib/python3.8/site-packages/airflow/example_dags/example_kubernetes_executor.py
[2025-02-14 14:32:47,855] {processor.py:161} INFO - Processing /opt/conda/lib/python3.8/site-packages/airflow/example_dags/example_kubernetes_executor.py took 0.029 seconds
[2025-02-14 14:33:32,025] {processor.py:153} INFO - Started process (PID=4362) to work on /opt/conda/lib/python3.8/site-packages/airflow/example_dags/example_kubernetes_executor.py
[2025-02-14 14:33:32,026] {processor.py:641} INFO - Processing file /opt/conda/lib/python3.8/site-packages/airflow/example_dags/example_kubernetes_executor.py for tasks to queue
[2025-02-14 14:33:32,026] {logging_mixin.py:115} INFO - [2025-02-14 14:33:32,026] {dagbag.py:508} INFO - Filling up the DagBag from /opt/conda/lib/python3.8/site-packages/airflow/example_dags/example_kubernetes_executor.py
[2025-02-14 14:33:32,041] {logging_mixin.py:115} INFO - [2025-02-14 14:33:32,041] {example_kubernetes_executor.py:39} WARNING - The example_kubernetes_executor example DAG requires the kubernetes provider. Please install it with: pip install apache-airflow[cncf.kubernetes]
[2025-02-14 14:33:32,041] {processor.py:653} WARNING - No viable dags retrieved from /opt/conda/lib/python3.8/site-packages/airflow/example_dags/example_kubernetes_executor.py
[2025-02-14 14:33:32,056] {processor.py:161} INFO - Processing /opt/conda/lib/python3.8/site-packages/airflow/example_dags/example_kubernetes_executor.py took 0.034 seconds
[2025-02-14 14:34:08,200] {processor.py:153} INFO - Started process (PID=4412) to work on /opt/conda/lib/python3.8/site-packages/airflow/example_dags/example_kubernetes_executor.py
[2025-02-14 14:34:08,201] {processor.py:641} INFO - Processing file /opt/conda/lib/python3.8/site-packages/airflow/example_dags/example_kubernetes_executor.py for tasks to queue
[2025-02-14 14:34:08,202] {logging_mixin.py:115} INFO - [2025-02-14 14:34:08,202] {dagbag.py:508} INFO - Filling up the DagBag from /opt/conda/lib/python3.8/site-packages/airflow/example_dags/example_kubernetes_executor.py
[2025-02-14 14:34:08,216] {logging_mixin.py:115} INFO - [2025-02-14 14:34:08,216] {example_kubernetes_executor.py:39} WARNING - The example_kubernetes_executor example DAG requires the kubernetes provider. Please install it with: pip install apache-airflow[cncf.kubernetes]
[2025-02-14 14:34:08,216] {processor.py:653} WARNING - No viable dags retrieved from /opt/conda/lib/python3.8/site-packages/airflow/example_dags/example_kubernetes_executor.py
[2025-02-14 14:34:08,225] {processor.py:161} INFO - Processing /opt/conda/lib/python3.8/site-packages/airflow/example_dags/example_kubernetes_executor.py took 0.028 seconds
[2025-02-14 14:34:43,084] {processor.py:153} INFO - Started process (PID=4459) to work on /opt/conda/lib/python3.8/site-packages/airflow/example_dags/example_kubernetes_executor.py
[2025-02-14 14:34:43,085] {processor.py:641} INFO - Processing file /opt/conda/lib/python3.8/site-packages/airflow/example_dags/example_kubernetes_executor.py for tasks to queue
[2025-02-14 14:34:43,086] {logging_mixin.py:115} INFO - [2025-02-14 14:34:43,086] {dagbag.py:508} INFO - Filling up the DagBag from /opt/conda/lib/python3.8/site-packages/airflow/example_dags/example_kubernetes_executor.py
[2025-02-14 14:34:43,101] {logging_mixin.py:115} INFO - [2025-02-14 14:34:43,100] {example_kubernetes_executor.py:39} WARNING - The example_kubernetes_executor example DAG requires the kubernetes provider. Please install it with: pip install apache-airflow[cncf.kubernetes]
[2025-02-14 14:34:43,101] {processor.py:653} WARNING - No viable dags retrieved from /opt/conda/lib/python3.8/site-packages/airflow/example_dags/example_kubernetes_executor.py
[2025-02-14 14:34:43,111] {processor.py:161} INFO - Processing /opt/conda/lib/python3.8/site-packages/airflow/example_dags/example_kubernetes_executor.py took 0.030 seconds
[2025-02-14 14:35:14,397] {processor.py:153} INFO - Started process (PID=4506) to work on /opt/conda/lib/python3.8/site-packages/airflow/example_dags/example_kubernetes_executor.py
[2025-02-14 14:35:14,398] {processor.py:641} INFO - Processing file /opt/conda/lib/python3.8/site-packages/airflow/example_dags/example_kubernetes_executor.py for tasks to queue
[2025-02-14 14:35:14,399] {logging_mixin.py:115} INFO - [2025-02-14 14:35:14,399] {dagbag.py:508} INFO - Filling up the DagBag from /opt/conda/lib/python3.8/site-packages/airflow/example_dags/example_kubernetes_executor.py
[2025-02-14 14:35:14,413] {logging_mixin.py:115} INFO - [2025-02-14 14:35:14,413] {example_kubernetes_executor.py:39} WARNING - The example_kubernetes_executor example DAG requires the kubernetes provider. Please install it with: pip install apache-airflow[cncf.kubernetes]
[2025-02-14 14:35:14,413] {processor.py:653} WARNING - No viable dags retrieved from /opt/conda/lib/python3.8/site-packages/airflow/example_dags/example_kubernetes_executor.py
[2025-02-14 14:35:14,422] {processor.py:161} INFO - Processing /opt/conda/lib/python3.8/site-packages/airflow/example_dags/example_kubernetes_executor.py took 0.028 seconds
[2025-02-14 14:35:51,553] {processor.py:153} INFO - Started process (PID=4558) to work on /opt/conda/lib/python3.8/site-packages/airflow/example_dags/example_kubernetes_executor.py
[2025-02-14 14:35:51,554] {processor.py:641} INFO - Processing file /opt/conda/lib/python3.8/site-packages/airflow/example_dags/example_kubernetes_executor.py for tasks to queue
[2025-02-14 14:35:51,554] {logging_mixin.py:115} INFO - [2025-02-14 14:35:51,554] {dagbag.py:508} INFO - Filling up the DagBag from /opt/conda/lib/python3.8/site-packages/airflow/example_dags/example_kubernetes_executor.py
[2025-02-14 14:35:51,569] {logging_mixin.py:115} INFO - [2025-02-14 14:35:51,569] {example_kubernetes_executor.py:39} WARNING - The example_kubernetes_executor example DAG requires the kubernetes provider. Please install it with: pip install apache-airflow[cncf.kubernetes]
[2025-02-14 14:35:51,569] {processor.py:653} WARNING - No viable dags retrieved from /opt/conda/lib/python3.8/site-packages/airflow/example_dags/example_kubernetes_executor.py
[2025-02-14 14:35:51,579] {processor.py:161} INFO - Processing /opt/conda/lib/python3.8/site-packages/airflow/example_dags/example_kubernetes_executor.py took 0.030 seconds
[2025-02-14 14:36:27,440] {processor.py:153} INFO - Started process (PID=4605) to work on /opt/conda/lib/python3.8/site-packages/airflow/example_dags/example_kubernetes_executor.py
[2025-02-14 14:36:27,442] {processor.py:641} INFO - Processing file /opt/conda/lib/python3.8/site-packages/airflow/example_dags/example_kubernetes_executor.py for tasks to queue
[2025-02-14 14:36:27,442] {logging_mixin.py:115} INFO - [2025-02-14 14:36:27,442] {dagbag.py:508} INFO - Filling up the DagBag from /opt/conda/lib/python3.8/site-packages/airflow/example_dags/example_kubernetes_executor.py
[2025-02-14 14:36:27,460] {logging_mixin.py:115} INFO - [2025-02-14 14:36:27,459] {example_kubernetes_executor.py:39} WARNING - The example_kubernetes_executor example DAG requires the kubernetes provider. Please install it with: pip install apache-airflow[cncf.kubernetes]
[2025-02-14 14:36:27,460] {processor.py:653} WARNING - No viable dags retrieved from /opt/conda/lib/python3.8/site-packages/airflow/example_dags/example_kubernetes_executor.py
[2025-02-14 14:36:27,472] {processor.py:161} INFO - Processing /opt/conda/lib/python3.8/site-packages/airflow/example_dags/example_kubernetes_executor.py took 0.035 seconds
[2025-02-14 14:37:04,080] {processor.py:153} INFO - Started process (PID=4656) to work on /opt/conda/lib/python3.8/site-packages/airflow/example_dags/example_kubernetes_executor.py
[2025-02-14 14:37:04,082] {processor.py:641} INFO - Processing file /opt/conda/lib/python3.8/site-packages/airflow/example_dags/example_kubernetes_executor.py for tasks to queue
[2025-02-14 14:37:04,083] {logging_mixin.py:115} INFO - [2025-02-14 14:37:04,082] {dagbag.py:508} INFO - Filling up the DagBag from /opt/conda/lib/python3.8/site-packages/airflow/example_dags/example_kubernetes_executor.py
[2025-02-14 14:37:04,098] {logging_mixin.py:115} INFO - [2025-02-14 14:37:04,098] {example_kubernetes_executor.py:39} WARNING - The example_kubernetes_executor example DAG requires the kubernetes provider. Please install it with: pip install apache-airflow[cncf.kubernetes]
[2025-02-14 14:37:04,098] {processor.py:653} WARNING - No viable dags retrieved from /opt/conda/lib/python3.8/site-packages/airflow/example_dags/example_kubernetes_executor.py
[2025-02-14 14:37:04,108] {processor.py:161} INFO - Processing /opt/conda/lib/python3.8/site-packages/airflow/example_dags/example_kubernetes_executor.py took 0.031 seconds
[2025-02-14 14:37:40,401] {processor.py:153} INFO - Started process (PID=4705) to work on /opt/conda/lib/python3.8/site-packages/airflow/example_dags/example_kubernetes_executor.py
[2025-02-14 14:37:40,403] {processor.py:641} INFO - Processing file /opt/conda/lib/python3.8/site-packages/airflow/example_dags/example_kubernetes_executor.py for tasks to queue
[2025-02-14 14:37:40,403] {logging_mixin.py:115} INFO - [2025-02-14 14:37:40,403] {dagbag.py:508} INFO - Filling up the DagBag from /opt/conda/lib/python3.8/site-packages/airflow/example_dags/example_kubernetes_executor.py
[2025-02-14 14:37:40,417] {logging_mixin.py:115} INFO - [2025-02-14 14:37:40,417] {example_kubernetes_executor.py:39} WARNING - The example_kubernetes_executor example DAG requires the kubernetes provider. Please install it with: pip install apache-airflow[cncf.kubernetes]
[2025-02-14 14:37:40,417] {processor.py:653} WARNING - No viable dags retrieved from /opt/conda/lib/python3.8/site-packages/airflow/example_dags/example_kubernetes_executor.py
[2025-02-14 14:37:40,426] {processor.py:161} INFO - Processing /opt/conda/lib/python3.8/site-packages/airflow/example_dags/example_kubernetes_executor.py took 0.028 seconds
[2025-02-14 14:41:57,893] {processor.py:153} INFO - Started process (PID=4753) to work on /opt/conda/lib/python3.8/site-packages/airflow/example_dags/example_kubernetes_executor.py
[2025-02-14 14:41:57,894] {processor.py:641} INFO - Processing file /opt/conda/lib/python3.8/site-packages/airflow/example_dags/example_kubernetes_executor.py for tasks to queue
[2025-02-14 14:41:57,895] {logging_mixin.py:115} INFO - [2025-02-14 14:41:57,895] {dagbag.py:508} INFO - Filling up the DagBag from /opt/conda/lib/python3.8/site-packages/airflow/example_dags/example_kubernetes_executor.py
[2025-02-14 14:41:58,029] {logging_mixin.py:115} INFO - [2025-02-14 14:41:58,029] {example_kubernetes_executor.py:39} WARNING - The example_kubernetes_executor example DAG requires the kubernetes provider. Please install it with: pip install apache-airflow[cncf.kubernetes]
[2025-02-14 14:41:58,029] {processor.py:653} WARNING - No viable dags retrieved from /opt/conda/lib/python3.8/site-packages/airflow/example_dags/example_kubernetes_executor.py
[2025-02-14 14:41:58,035] {processor.py:161} INFO - Processing /opt/conda/lib/python3.8/site-packages/airflow/example_dags/example_kubernetes_executor.py took 0.145 seconds
[2025-02-14 14:42:42,993] {processor.py:153} INFO - Started process (PID=4846) to work on /opt/conda/lib/python3.8/site-packages/airflow/example_dags/example_kubernetes_executor.py
[2025-02-14 14:42:42,995] {processor.py:641} INFO - Processing file /opt/conda/lib/python3.8/site-packages/airflow/example_dags/example_kubernetes_executor.py for tasks to queue
[2025-02-14 14:42:42,996] {logging_mixin.py:115} INFO - [2025-02-14 14:42:42,995] {dagbag.py:508} INFO - Filling up the DagBag from /opt/conda/lib/python3.8/site-packages/airflow/example_dags/example_kubernetes_executor.py
[2025-02-14 14:42:43,133] {logging_mixin.py:115} INFO - [2025-02-14 14:42:43,133] {example_kubernetes_executor.py:39} WARNING - The example_kubernetes_executor example DAG requires the kubernetes provider. Please install it with: pip install apache-airflow[cncf.kubernetes]
[2025-02-14 14:42:43,133] {processor.py:653} WARNING - No viable dags retrieved from /opt/conda/lib/python3.8/site-packages/airflow/example_dags/example_kubernetes_executor.py
[2025-02-14 14:42:43,139] {processor.py:161} INFO - Processing /opt/conda/lib/python3.8/site-packages/airflow/example_dags/example_kubernetes_executor.py took 0.149 seconds
[2025-02-14 17:09:19,198] {processor.py:153} INFO - Started process (PID=6345) to work on /opt/conda/lib/python3.8/site-packages/airflow/example_dags/example_kubernetes_executor.py
[2025-02-14 17:09:19,199] {processor.py:641} INFO - Processing file /opt/conda/lib/python3.8/site-packages/airflow/example_dags/example_kubernetes_executor.py for tasks to queue
[2025-02-14 17:09:19,200] {logging_mixin.py:115} INFO - [2025-02-14 17:09:19,200] {dagbag.py:508} INFO - Filling up the DagBag from /opt/conda/lib/python3.8/site-packages/airflow/example_dags/example_kubernetes_executor.py
[2025-02-14 17:09:19,345] {logging_mixin.py:115} INFO - [2025-02-14 17:09:19,344] {example_kubernetes_executor.py:39} WARNING - The example_kubernetes_executor example DAG requires the kubernetes provider. Please install it with: pip install apache-airflow[cncf.kubernetes]
[2025-02-14 17:09:19,345] {processor.py:653} WARNING - No viable dags retrieved from /opt/conda/lib/python3.8/site-packages/airflow/example_dags/example_kubernetes_executor.py
[2025-02-14 17:09:19,350] {processor.py:161} INFO - Processing /opt/conda/lib/python3.8/site-packages/airflow/example_dags/example_kubernetes_executor.py took 0.156 seconds
[2025-02-14 17:10:14,518] {processor.py:153} INFO - Started process (PID=6418) to work on /opt/conda/lib/python3.8/site-packages/airflow/example_dags/example_kubernetes_executor.py
[2025-02-14 17:10:14,520] {processor.py:641} INFO - Processing file /opt/conda/lib/python3.8/site-packages/airflow/example_dags/example_kubernetes_executor.py for tasks to queue
[2025-02-14 17:10:14,520] {logging_mixin.py:115} INFO - [2025-02-14 17:10:14,520] {dagbag.py:508} INFO - Filling up the DagBag from /opt/conda/lib/python3.8/site-packages/airflow/example_dags/example_kubernetes_executor.py
[2025-02-14 17:10:14,724] {logging_mixin.py:115} INFO - [2025-02-14 17:10:14,724] {example_kubernetes_executor.py:39} WARNING - The example_kubernetes_executor example DAG requires the kubernetes provider. Please install it with: pip install apache-airflow[cncf.kubernetes]
[2025-02-14 17:10:14,724] {processor.py:653} WARNING - No viable dags retrieved from /opt/conda/lib/python3.8/site-packages/airflow/example_dags/example_kubernetes_executor.py
[2025-02-14 17:10:14,733] {processor.py:161} INFO - Processing /opt/conda/lib/python3.8/site-packages/airflow/example_dags/example_kubernetes_executor.py took 0.218 seconds
[2025-02-14 17:11:37,025] {processor.py:153} INFO - Started process (PID=6564) to work on /opt/conda/lib/python3.8/site-packages/airflow/example_dags/example_kubernetes_executor.py
[2025-02-14 17:11:37,027] {processor.py:641} INFO - Processing file /opt/conda/lib/python3.8/site-packages/airflow/example_dags/example_kubernetes_executor.py for tasks to queue
[2025-02-14 17:11:37,028] {logging_mixin.py:115} INFO - [2025-02-14 17:11:37,027] {dagbag.py:508} INFO - Filling up the DagBag from /opt/conda/lib/python3.8/site-packages/airflow/example_dags/example_kubernetes_executor.py
[2025-02-14 17:11:37,230] {logging_mixin.py:115} INFO - [2025-02-14 17:11:37,230] {example_kubernetes_executor.py:39} WARNING - The example_kubernetes_executor example DAG requires the kubernetes provider. Please install it with: pip install apache-airflow[cncf.kubernetes]
[2025-02-14 17:11:37,230] {processor.py:653} WARNING - No viable dags retrieved from /opt/conda/lib/python3.8/site-packages/airflow/example_dags/example_kubernetes_executor.py
[2025-02-14 17:11:37,238] {processor.py:161} INFO - Processing /opt/conda/lib/python3.8/site-packages/airflow/example_dags/example_kubernetes_executor.py took 0.216 seconds
[2025-02-14 17:12:25,577] {processor.py:153} INFO - Started process (PID=6633) to work on /opt/conda/lib/python3.8/site-packages/airflow/example_dags/example_kubernetes_executor.py
[2025-02-14 17:12:25,578] {processor.py:641} INFO - Processing file /opt/conda/lib/python3.8/site-packages/airflow/example_dags/example_kubernetes_executor.py for tasks to queue
[2025-02-14 17:12:25,579] {logging_mixin.py:115} INFO - [2025-02-14 17:12:25,579] {dagbag.py:508} INFO - Filling up the DagBag from /opt/conda/lib/python3.8/site-packages/airflow/example_dags/example_kubernetes_executor.py
[2025-02-14 17:12:25,782] {logging_mixin.py:115} INFO - [2025-02-14 17:12:25,782] {example_kubernetes_executor.py:39} WARNING - The example_kubernetes_executor example DAG requires the kubernetes provider. Please install it with: pip install apache-airflow[cncf.kubernetes]
[2025-02-14 17:12:25,783] {processor.py:653} WARNING - No viable dags retrieved from /opt/conda/lib/python3.8/site-packages/airflow/example_dags/example_kubernetes_executor.py
[2025-02-14 17:12:25,791] {processor.py:161} INFO - Processing /opt/conda/lib/python3.8/site-packages/airflow/example_dags/example_kubernetes_executor.py took 0.217 seconds
[2025-02-14 17:13:16,825] {processor.py:153} INFO - Started process (PID=6702) to work on /opt/conda/lib/python3.8/site-packages/airflow/example_dags/example_kubernetes_executor.py
[2025-02-14 17:13:16,826] {processor.py:641} INFO - Processing file /opt/conda/lib/python3.8/site-packages/airflow/example_dags/example_kubernetes_executor.py for tasks to queue
[2025-02-14 17:13:16,827] {logging_mixin.py:115} INFO - [2025-02-14 17:13:16,827] {dagbag.py:508} INFO - Filling up the DagBag from /opt/conda/lib/python3.8/site-packages/airflow/example_dags/example_kubernetes_executor.py
[2025-02-14 17:13:17,029] {logging_mixin.py:115} INFO - [2025-02-14 17:13:17,029] {example_kubernetes_executor.py:39} WARNING - The example_kubernetes_executor example DAG requires the kubernetes provider. Please install it with: pip install apache-airflow[cncf.kubernetes]
[2025-02-14 17:13:17,029] {processor.py:653} WARNING - No viable dags retrieved from /opt/conda/lib/python3.8/site-packages/airflow/example_dags/example_kubernetes_executor.py
[2025-02-14 17:13:17,037] {processor.py:161} INFO - Processing /opt/conda/lib/python3.8/site-packages/airflow/example_dags/example_kubernetes_executor.py took 0.216 seconds
[2025-02-14 17:14:09,816] {processor.py:153} INFO - Started process (PID=6773) to work on /opt/conda/lib/python3.8/site-packages/airflow/example_dags/example_kubernetes_executor.py
[2025-02-14 17:14:09,818] {processor.py:641} INFO - Processing file /opt/conda/lib/python3.8/site-packages/airflow/example_dags/example_kubernetes_executor.py for tasks to queue
[2025-02-14 17:14:09,819] {logging_mixin.py:115} INFO - [2025-02-14 17:14:09,819] {dagbag.py:508} INFO - Filling up the DagBag from /opt/conda/lib/python3.8/site-packages/airflow/example_dags/example_kubernetes_executor.py
[2025-02-14 17:14:09,836] {logging_mixin.py:115} INFO - [2025-02-14 17:14:09,836] {example_kubernetes_executor.py:39} WARNING - The example_kubernetes_executor example DAG requires the kubernetes provider. Please install it with: pip install apache-airflow[cncf.kubernetes]
[2025-02-14 17:14:09,837] {processor.py:653} WARNING - No viable dags retrieved from /opt/conda/lib/python3.8/site-packages/airflow/example_dags/example_kubernetes_executor.py
[2025-02-14 17:14:09,848] {processor.py:161} INFO - Processing /opt/conda/lib/python3.8/site-packages/airflow/example_dags/example_kubernetes_executor.py took 0.035 seconds
[2025-02-14 17:14:57,675] {processor.py:153} INFO - Started process (PID=6846) to work on /opt/conda/lib/python3.8/site-packages/airflow/example_dags/example_kubernetes_executor.py
[2025-02-14 17:14:57,677] {processor.py:641} INFO - Processing file /opt/conda/lib/python3.8/site-packages/airflow/example_dags/example_kubernetes_executor.py for tasks to queue
[2025-02-14 17:14:57,677] {logging_mixin.py:115} INFO - [2025-02-14 17:14:57,677] {dagbag.py:508} INFO - Filling up the DagBag from /opt/conda/lib/python3.8/site-packages/airflow/example_dags/example_kubernetes_executor.py
[2025-02-14 17:14:57,694] {logging_mixin.py:115} INFO - [2025-02-14 17:14:57,694] {example_kubernetes_executor.py:39} WARNING - The example_kubernetes_executor example DAG requires the kubernetes provider. Please install it with: pip install apache-airflow[cncf.kubernetes]
[2025-02-14 17:14:57,694] {processor.py:653} WARNING - No viable dags retrieved from /opt/conda/lib/python3.8/site-packages/airflow/example_dags/example_kubernetes_executor.py
[2025-02-14 17:14:57,705] {processor.py:161} INFO - Processing /opt/conda/lib/python3.8/site-packages/airflow/example_dags/example_kubernetes_executor.py took 0.034 seconds
[2025-02-14 17:15:43,494] {processor.py:153} INFO - Started process (PID=6919) to work on /opt/conda/lib/python3.8/site-packages/airflow/example_dags/example_kubernetes_executor.py
[2025-02-14 17:15:43,495] {processor.py:641} INFO - Processing file /opt/conda/lib/python3.8/site-packages/airflow/example_dags/example_kubernetes_executor.py for tasks to queue
[2025-02-14 17:15:43,496] {logging_mixin.py:115} INFO - [2025-02-14 17:15:43,496] {dagbag.py:508} INFO - Filling up the DagBag from /opt/conda/lib/python3.8/site-packages/airflow/example_dags/example_kubernetes_executor.py
[2025-02-14 17:15:43,512] {logging_mixin.py:115} INFO - [2025-02-14 17:15:43,512] {example_kubernetes_executor.py:39} WARNING - The example_kubernetes_executor example DAG requires the kubernetes provider. Please install it with: pip install apache-airflow[cncf.kubernetes]
[2025-02-14 17:15:43,512] {processor.py:653} WARNING - No viable dags retrieved from /opt/conda/lib/python3.8/site-packages/airflow/example_dags/example_kubernetes_executor.py
[2025-02-14 17:15:43,523] {processor.py:161} INFO - Processing /opt/conda/lib/python3.8/site-packages/airflow/example_dags/example_kubernetes_executor.py took 0.032 seconds
[2025-02-14 17:16:28,102] {processor.py:153} INFO - Started process (PID=7160) to work on /opt/conda/lib/python3.8/site-packages/airflow/example_dags/example_kubernetes_executor.py
[2025-02-14 17:16:28,110] {processor.py:641} INFO - Processing file /opt/conda/lib/python3.8/site-packages/airflow/example_dags/example_kubernetes_executor.py for tasks to queue
[2025-02-14 17:16:28,111] {logging_mixin.py:115} INFO - [2025-02-14 17:16:28,111] {dagbag.py:508} INFO - Filling up the DagBag from /opt/conda/lib/python3.8/site-packages/airflow/example_dags/example_kubernetes_executor.py
[2025-02-14 17:16:28,128] {logging_mixin.py:115} INFO - [2025-02-14 17:16:28,128] {example_kubernetes_executor.py:39} WARNING - The example_kubernetes_executor example DAG requires the kubernetes provider. Please install it with: pip install apache-airflow[cncf.kubernetes]
[2025-02-14 17:16:28,128] {processor.py:653} WARNING - No viable dags retrieved from /opt/conda/lib/python3.8/site-packages/airflow/example_dags/example_kubernetes_executor.py
[2025-02-14 17:16:28,140] {processor.py:161} INFO - Processing /opt/conda/lib/python3.8/site-packages/airflow/example_dags/example_kubernetes_executor.py took 0.041 seconds
[2025-02-14 18:17:04,997] {processor.py:153} INFO - Started process (PID=7812) to work on /opt/conda/lib/python3.8/site-packages/airflow/example_dags/example_kubernetes_executor.py
[2025-02-14 18:17:04,999] {processor.py:641} INFO - Processing file /opt/conda/lib/python3.8/site-packages/airflow/example_dags/example_kubernetes_executor.py for tasks to queue
[2025-02-14 18:17:04,999] {logging_mixin.py:115} INFO - [2025-02-14 18:17:04,999] {dagbag.py:508} INFO - Filling up the DagBag from /opt/conda/lib/python3.8/site-packages/airflow/example_dags/example_kubernetes_executor.py
[2025-02-14 18:17:05,194] {logging_mixin.py:115} INFO - [2025-02-14 18:17:05,194] {example_kubernetes_executor.py:39} WARNING - The example_kubernetes_executor example DAG requires the kubernetes provider. Please install it with: pip install apache-airflow[cncf.kubernetes]
[2025-02-14 18:17:05,195] {processor.py:653} WARNING - No viable dags retrieved from /opt/conda/lib/python3.8/site-packages/airflow/example_dags/example_kubernetes_executor.py
[2025-02-14 18:17:05,237] {processor.py:161} INFO - Processing /opt/conda/lib/python3.8/site-packages/airflow/example_dags/example_kubernetes_executor.py took 0.244 seconds
[2025-02-14 18:18:58,145] {processor.py:153} INFO - Started process (PID=7997) to work on /opt/conda/lib/python3.8/site-packages/airflow/example_dags/example_kubernetes_executor.py
[2025-02-14 18:18:58,147] {processor.py:641} INFO - Processing file /opt/conda/lib/python3.8/site-packages/airflow/example_dags/example_kubernetes_executor.py for tasks to queue
[2025-02-14 18:18:58,148] {logging_mixin.py:115} INFO - [2025-02-14 18:18:58,148] {dagbag.py:508} INFO - Filling up the DagBag from /opt/conda/lib/python3.8/site-packages/airflow/example_dags/example_kubernetes_executor.py
[2025-02-14 18:18:58,343] {logging_mixin.py:115} INFO - [2025-02-14 18:18:58,343] {example_kubernetes_executor.py:39} WARNING - The example_kubernetes_executor example DAG requires the kubernetes provider. Please install it with: pip install apache-airflow[cncf.kubernetes]
[2025-02-14 18:18:58,343] {processor.py:653} WARNING - No viable dags retrieved from /opt/conda/lib/python3.8/site-packages/airflow/example_dags/example_kubernetes_executor.py
[2025-02-14 18:18:58,351] {processor.py:161} INFO - Processing /opt/conda/lib/python3.8/site-packages/airflow/example_dags/example_kubernetes_executor.py took 0.210 seconds
[2025-02-14 18:20:13,034] {processor.py:153} INFO - Started process (PID=8128) to work on /opt/conda/lib/python3.8/site-packages/airflow/example_dags/example_kubernetes_executor.py
[2025-02-14 18:20:13,035] {processor.py:641} INFO - Processing file /opt/conda/lib/python3.8/site-packages/airflow/example_dags/example_kubernetes_executor.py for tasks to queue
[2025-02-14 18:20:13,036] {logging_mixin.py:115} INFO - [2025-02-14 18:20:13,036] {dagbag.py:508} INFO - Filling up the DagBag from /opt/conda/lib/python3.8/site-packages/airflow/example_dags/example_kubernetes_executor.py
[2025-02-14 18:20:13,177] {logging_mixin.py:115} INFO - [2025-02-14 18:20:13,176] {example_kubernetes_executor.py:39} WARNING - The example_kubernetes_executor example DAG requires the kubernetes provider. Please install it with: pip install apache-airflow[cncf.kubernetes]
[2025-02-14 18:20:13,177] {processor.py:653} WARNING - No viable dags retrieved from /opt/conda/lib/python3.8/site-packages/airflow/example_dags/example_kubernetes_executor.py
[2025-02-14 18:20:13,183] {processor.py:161} INFO - Processing /opt/conda/lib/python3.8/site-packages/airflow/example_dags/example_kubernetes_executor.py took 0.152 seconds
[2025-02-14 18:21:26,028] {processor.py:153} INFO - Started process (PID=8252) to work on /opt/conda/lib/python3.8/site-packages/airflow/example_dags/example_kubernetes_executor.py
[2025-02-14 18:21:26,030] {processor.py:641} INFO - Processing file /opt/conda/lib/python3.8/site-packages/airflow/example_dags/example_kubernetes_executor.py for tasks to queue
[2025-02-14 18:21:26,031] {logging_mixin.py:115} INFO - [2025-02-14 18:21:26,030] {dagbag.py:508} INFO - Filling up the DagBag from /opt/conda/lib/python3.8/site-packages/airflow/example_dags/example_kubernetes_executor.py
[2025-02-14 18:21:26,226] {logging_mixin.py:115} INFO - [2025-02-14 18:21:26,226] {example_kubernetes_executor.py:39} WARNING - The example_kubernetes_executor example DAG requires the kubernetes provider. Please install it with: pip install apache-airflow[cncf.kubernetes]
[2025-02-14 18:21:26,226] {processor.py:653} WARNING - No viable dags retrieved from /opt/conda/lib/python3.8/site-packages/airflow/example_dags/example_kubernetes_executor.py
[2025-02-14 18:21:26,234] {processor.py:161} INFO - Processing /opt/conda/lib/python3.8/site-packages/airflow/example_dags/example_kubernetes_executor.py took 0.210 seconds
[2025-02-14 18:22:30,364] {processor.py:153} INFO - Started process (PID=8369) to work on /opt/conda/lib/python3.8/site-packages/airflow/example_dags/example_kubernetes_executor.py
[2025-02-14 18:22:30,365] {processor.py:641} INFO - Processing file /opt/conda/lib/python3.8/site-packages/airflow/example_dags/example_kubernetes_executor.py for tasks to queue
[2025-02-14 18:22:30,366] {logging_mixin.py:115} INFO - [2025-02-14 18:22:30,366] {dagbag.py:508} INFO - Filling up the DagBag from /opt/conda/lib/python3.8/site-packages/airflow/example_dags/example_kubernetes_executor.py
[2025-02-14 18:22:30,383] {logging_mixin.py:115} INFO - [2025-02-14 18:22:30,383] {example_kubernetes_executor.py:39} WARNING - The example_kubernetes_executor example DAG requires the kubernetes provider. Please install it with: pip install apache-airflow[cncf.kubernetes]
[2025-02-14 18:22:30,383] {processor.py:653} WARNING - No viable dags retrieved from /opt/conda/lib/python3.8/site-packages/airflow/example_dags/example_kubernetes_executor.py
[2025-02-14 18:22:30,395] {processor.py:161} INFO - Processing /opt/conda/lib/python3.8/site-packages/airflow/example_dags/example_kubernetes_executor.py took 0.035 seconds
[2025-02-14 18:23:31,529] {processor.py:153} INFO - Started process (PID=8482) to work on /opt/conda/lib/python3.8/site-packages/airflow/example_dags/example_kubernetes_executor.py
[2025-02-14 18:23:31,531] {processor.py:641} INFO - Processing file /opt/conda/lib/python3.8/site-packages/airflow/example_dags/example_kubernetes_executor.py for tasks to queue
[2025-02-14 18:23:31,531] {logging_mixin.py:115} INFO - [2025-02-14 18:23:31,531] {dagbag.py:508} INFO - Filling up the DagBag from /opt/conda/lib/python3.8/site-packages/airflow/example_dags/example_kubernetes_executor.py
[2025-02-14 18:23:31,549] {logging_mixin.py:115} INFO - [2025-02-14 18:23:31,549] {example_kubernetes_executor.py:39} WARNING - The example_kubernetes_executor example DAG requires the kubernetes provider. Please install it with: pip install apache-airflow[cncf.kubernetes]
[2025-02-14 18:23:31,549] {processor.py:653} WARNING - No viable dags retrieved from /opt/conda/lib/python3.8/site-packages/airflow/example_dags/example_kubernetes_executor.py
[2025-02-14 18:23:31,561] {processor.py:161} INFO - Processing /opt/conda/lib/python3.8/site-packages/airflow/example_dags/example_kubernetes_executor.py took 0.035 seconds
[2025-02-14 18:24:32,973] {processor.py:153} INFO - Started process (PID=8623) to work on /opt/conda/lib/python3.8/site-packages/airflow/example_dags/example_kubernetes_executor.py
[2025-02-14 18:24:32,974] {processor.py:641} INFO - Processing file /opt/conda/lib/python3.8/site-packages/airflow/example_dags/example_kubernetes_executor.py for tasks to queue
[2025-02-14 18:24:32,975] {logging_mixin.py:115} INFO - [2025-02-14 18:24:32,975] {dagbag.py:508} INFO - Filling up the DagBag from /opt/conda/lib/python3.8/site-packages/airflow/example_dags/example_kubernetes_executor.py
[2025-02-14 18:24:32,990] {logging_mixin.py:115} INFO - [2025-02-14 18:24:32,990] {example_kubernetes_executor.py:39} WARNING - The example_kubernetes_executor example DAG requires the kubernetes provider. Please install it with: pip install apache-airflow[cncf.kubernetes]
[2025-02-14 18:24:32,990] {processor.py:653} WARNING - No viable dags retrieved from /opt/conda/lib/python3.8/site-packages/airflow/example_dags/example_kubernetes_executor.py
[2025-02-14 18:24:33,000] {processor.py:161} INFO - Processing /opt/conda/lib/python3.8/site-packages/airflow/example_dags/example_kubernetes_executor.py took 0.031 seconds
[2025-02-14 18:30:03,224] {processor.py:153} INFO - Started process (PID=8766) to work on /opt/conda/lib/python3.8/site-packages/airflow/example_dags/example_kubernetes_executor.py
[2025-02-14 18:30:03,226] {processor.py:641} INFO - Processing file /opt/conda/lib/python3.8/site-packages/airflow/example_dags/example_kubernetes_executor.py for tasks to queue
[2025-02-14 18:30:03,226] {logging_mixin.py:115} INFO - [2025-02-14 18:30:03,226] {dagbag.py:508} INFO - Filling up the DagBag from /opt/conda/lib/python3.8/site-packages/airflow/example_dags/example_kubernetes_executor.py
[2025-02-14 18:30:03,351] {logging_mixin.py:115} INFO - [2025-02-14 18:30:03,351] {example_kubernetes_executor.py:39} WARNING - The example_kubernetes_executor example DAG requires the kubernetes provider. Please install it with: pip install apache-airflow[cncf.kubernetes]
[2025-02-14 18:30:03,351] {processor.py:653} WARNING - No viable dags retrieved from /opt/conda/lib/python3.8/site-packages/airflow/example_dags/example_kubernetes_executor.py
[2025-02-14 18:30:03,356] {processor.py:161} INFO - Processing /opt/conda/lib/python3.8/site-packages/airflow/example_dags/example_kubernetes_executor.py took 0.135 seconds
[2025-02-14 18:31:42,229] {processor.py:153} INFO - Started process (PID=9053) to work on /opt/conda/lib/python3.8/site-packages/airflow/example_dags/example_kubernetes_executor.py
[2025-02-14 18:31:42,230] {processor.py:641} INFO - Processing file /opt/conda/lib/python3.8/site-packages/airflow/example_dags/example_kubernetes_executor.py for tasks to queue
[2025-02-14 18:31:42,231] {logging_mixin.py:115} INFO - [2025-02-14 18:31:42,231] {dagbag.py:508} INFO - Filling up the DagBag from /opt/conda/lib/python3.8/site-packages/airflow/example_dags/example_kubernetes_executor.py
[2025-02-14 18:31:42,358] {logging_mixin.py:115} INFO - [2025-02-14 18:31:42,358] {example_kubernetes_executor.py:39} WARNING - The example_kubernetes_executor example DAG requires the kubernetes provider. Please install it with: pip install apache-airflow[cncf.kubernetes]
[2025-02-14 18:31:42,358] {processor.py:653} WARNING - No viable dags retrieved from /opt/conda/lib/python3.8/site-packages/airflow/example_dags/example_kubernetes_executor.py
[2025-02-14 18:31:42,363] {processor.py:161} INFO - Processing /opt/conda/lib/python3.8/site-packages/airflow/example_dags/example_kubernetes_executor.py took 0.137 seconds
[2025-02-14 18:33:31,821] {processor.py:153} INFO - Started process (PID=9370) to work on /opt/conda/lib/python3.8/site-packages/airflow/example_dags/example_kubernetes_executor.py
[2025-02-14 18:33:31,823] {processor.py:641} INFO - Processing file /opt/conda/lib/python3.8/site-packages/airflow/example_dags/example_kubernetes_executor.py for tasks to queue
[2025-02-14 18:33:31,824] {logging_mixin.py:115} INFO - [2025-02-14 18:33:31,824] {dagbag.py:508} INFO - Filling up the DagBag from /opt/conda/lib/python3.8/site-packages/airflow/example_dags/example_kubernetes_executor.py
[2025-02-14 18:33:31,949] {logging_mixin.py:115} INFO - [2025-02-14 18:33:31,948] {example_kubernetes_executor.py:39} WARNING - The example_kubernetes_executor example DAG requires the kubernetes provider. Please install it with: pip install apache-airflow[cncf.kubernetes]
[2025-02-14 18:33:31,949] {processor.py:653} WARNING - No viable dags retrieved from /opt/conda/lib/python3.8/site-packages/airflow/example_dags/example_kubernetes_executor.py
[2025-02-14 18:33:31,954] {processor.py:161} INFO - Processing /opt/conda/lib/python3.8/site-packages/airflow/example_dags/example_kubernetes_executor.py took 0.136 seconds
[2025-02-14 18:34:38,586] {processor.py:153} INFO - Started process (PID=9514) to work on /opt/conda/lib/python3.8/site-packages/airflow/example_dags/example_kubernetes_executor.py
[2025-02-14 18:34:38,587] {processor.py:641} INFO - Processing file /opt/conda/lib/python3.8/site-packages/airflow/example_dags/example_kubernetes_executor.py for tasks to queue
[2025-02-14 18:34:38,588] {logging_mixin.py:115} INFO - [2025-02-14 18:34:38,588] {dagbag.py:508} INFO - Filling up the DagBag from /opt/conda/lib/python3.8/site-packages/airflow/example_dags/example_kubernetes_executor.py
[2025-02-14 18:34:38,602] {logging_mixin.py:115} INFO - [2025-02-14 18:34:38,602] {example_kubernetes_executor.py:39} WARNING - The example_kubernetes_executor example DAG requires the kubernetes provider. Please install it with: pip install apache-airflow[cncf.kubernetes]
[2025-02-14 18:34:38,603] {processor.py:653} WARNING - No viable dags retrieved from /opt/conda/lib/python3.8/site-packages/airflow/example_dags/example_kubernetes_executor.py
[2025-02-14 18:34:38,611] {processor.py:161} INFO - Processing /opt/conda/lib/python3.8/site-packages/airflow/example_dags/example_kubernetes_executor.py took 0.028 seconds
[2025-02-14 18:35:38,049] {processor.py:153} INFO - Started process (PID=9810) to work on /opt/conda/lib/python3.8/site-packages/airflow/example_dags/example_kubernetes_executor.py
[2025-02-14 18:35:38,051] {processor.py:641} INFO - Processing file /opt/conda/lib/python3.8/site-packages/airflow/example_dags/example_kubernetes_executor.py for tasks to queue
[2025-02-14 18:35:38,051] {logging_mixin.py:115} INFO - [2025-02-14 18:35:38,051] {dagbag.py:508} INFO - Filling up the DagBag from /opt/conda/lib/python3.8/site-packages/airflow/example_dags/example_kubernetes_executor.py
[2025-02-14 18:35:38,066] {logging_mixin.py:115} INFO - [2025-02-14 18:35:38,066] {example_kubernetes_executor.py:39} WARNING - The example_kubernetes_executor example DAG requires the kubernetes provider. Please install it with: pip install apache-airflow[cncf.kubernetes]
[2025-02-14 18:35:38,066] {processor.py:653} WARNING - No viable dags retrieved from /opt/conda/lib/python3.8/site-packages/airflow/example_dags/example_kubernetes_executor.py
[2025-02-14 18:35:38,074] {processor.py:161} INFO - Processing /opt/conda/lib/python3.8/site-packages/airflow/example_dags/example_kubernetes_executor.py took 0.028 seconds
[2025-02-14 18:36:34,753] {processor.py:153} INFO - Started process (PID=9924) to work on /opt/conda/lib/python3.8/site-packages/airflow/example_dags/example_kubernetes_executor.py
[2025-02-14 18:36:34,755] {processor.py:641} INFO - Processing file /opt/conda/lib/python3.8/site-packages/airflow/example_dags/example_kubernetes_executor.py for tasks to queue
[2025-02-14 18:36:34,755] {logging_mixin.py:115} INFO - [2025-02-14 18:36:34,755] {dagbag.py:508} INFO - Filling up the DagBag from /opt/conda/lib/python3.8/site-packages/airflow/example_dags/example_kubernetes_executor.py
[2025-02-14 18:36:34,769] {logging_mixin.py:115} INFO - [2025-02-14 18:36:34,769] {example_kubernetes_executor.py:39} WARNING - The example_kubernetes_executor example DAG requires the kubernetes provider. Please install it with: pip install apache-airflow[cncf.kubernetes]
[2025-02-14 18:36:34,769] {processor.py:653} WARNING - No viable dags retrieved from /opt/conda/lib/python3.8/site-packages/airflow/example_dags/example_kubernetes_executor.py
[2025-02-14 18:36:34,778] {processor.py:161} INFO - Processing /opt/conda/lib/python3.8/site-packages/airflow/example_dags/example_kubernetes_executor.py took 0.028 seconds
[2025-02-14 18:39:46,654] {processor.py:153} INFO - Started process (PID=870) to work on /opt/conda/lib/python3.8/site-packages/airflow/example_dags/example_kubernetes_executor.py
[2025-02-14 18:39:46,656] {processor.py:641} INFO - Processing file /opt/conda/lib/python3.8/site-packages/airflow/example_dags/example_kubernetes_executor.py for tasks to queue
[2025-02-14 18:39:46,657] {logging_mixin.py:115} INFO - [2025-02-14 18:39:46,657] {dagbag.py:508} INFO - Filling up the DagBag from /opt/conda/lib/python3.8/site-packages/airflow/example_dags/example_kubernetes_executor.py
[2025-02-14 18:39:46,788] {logging_mixin.py:115} INFO - [2025-02-14 18:39:46,788] {example_kubernetes_executor.py:39} WARNING - The example_kubernetes_executor example DAG requires the kubernetes provider. Please install it with: pip install apache-airflow[cncf.kubernetes]
[2025-02-14 18:39:46,789] {processor.py:653} WARNING - No viable dags retrieved from /opt/conda/lib/python3.8/site-packages/airflow/example_dags/example_kubernetes_executor.py
[2025-02-14 18:39:46,794] {processor.py:161} INFO - Processing /opt/conda/lib/python3.8/site-packages/airflow/example_dags/example_kubernetes_executor.py took 0.143 seconds
[2025-02-14 18:41:03,994] {processor.py:153} INFO - Started process (PID=1083) to work on /opt/conda/lib/python3.8/site-packages/airflow/example_dags/example_kubernetes_executor.py
[2025-02-14 18:41:03,995] {processor.py:641} INFO - Processing file /opt/conda/lib/python3.8/site-packages/airflow/example_dags/example_kubernetes_executor.py for tasks to queue
[2025-02-14 18:41:03,996] {logging_mixin.py:115} INFO - [2025-02-14 18:41:03,996] {dagbag.py:508} INFO - Filling up the DagBag from /opt/conda/lib/python3.8/site-packages/airflow/example_dags/example_kubernetes_executor.py
[2025-02-14 18:41:04,137] {logging_mixin.py:115} INFO - [2025-02-14 18:41:04,137] {example_kubernetes_executor.py:39} WARNING - The example_kubernetes_executor example DAG requires the kubernetes provider. Please install it with: pip install apache-airflow[cncf.kubernetes]
[2025-02-14 18:41:04,137] {processor.py:653} WARNING - No viable dags retrieved from /opt/conda/lib/python3.8/site-packages/airflow/example_dags/example_kubernetes_executor.py
[2025-02-14 18:41:04,143] {processor.py:161} INFO - Processing /opt/conda/lib/python3.8/site-packages/airflow/example_dags/example_kubernetes_executor.py took 0.152 seconds
[2025-02-14 18:42:06,349] {processor.py:153} INFO - Started process (PID=1195) to work on /opt/conda/lib/python3.8/site-packages/airflow/example_dags/example_kubernetes_executor.py
[2025-02-14 18:42:06,351] {processor.py:641} INFO - Processing file /opt/conda/lib/python3.8/site-packages/airflow/example_dags/example_kubernetes_executor.py for tasks to queue
[2025-02-14 18:42:06,351] {logging_mixin.py:115} INFO - [2025-02-14 18:42:06,351] {dagbag.py:508} INFO - Filling up the DagBag from /opt/conda/lib/python3.8/site-packages/airflow/example_dags/example_kubernetes_executor.py
[2025-02-14 18:42:06,482] {logging_mixin.py:115} INFO - [2025-02-14 18:42:06,482] {example_kubernetes_executor.py:39} WARNING - The example_kubernetes_executor example DAG requires the kubernetes provider. Please install it with: pip install apache-airflow[cncf.kubernetes]
[2025-02-14 18:42:06,482] {processor.py:653} WARNING - No viable dags retrieved from /opt/conda/lib/python3.8/site-packages/airflow/example_dags/example_kubernetes_executor.py
[2025-02-14 18:42:06,488] {processor.py:161} INFO - Processing /opt/conda/lib/python3.8/site-packages/airflow/example_dags/example_kubernetes_executor.py took 0.142 seconds
[2025-02-14 18:43:11,672] {processor.py:153} INFO - Started process (PID=1307) to work on /opt/conda/lib/python3.8/site-packages/airflow/example_dags/example_kubernetes_executor.py
[2025-02-14 18:43:11,674] {processor.py:641} INFO - Processing file /opt/conda/lib/python3.8/site-packages/airflow/example_dags/example_kubernetes_executor.py for tasks to queue
[2025-02-14 18:43:11,675] {logging_mixin.py:115} INFO - [2025-02-14 18:43:11,675] {dagbag.py:508} INFO - Filling up the DagBag from /opt/conda/lib/python3.8/site-packages/airflow/example_dags/example_kubernetes_executor.py
[2025-02-14 18:43:11,813] {logging_mixin.py:115} INFO - [2025-02-14 18:43:11,813] {example_kubernetes_executor.py:39} WARNING - The example_kubernetes_executor example DAG requires the kubernetes provider. Please install it with: pip install apache-airflow[cncf.kubernetes]
[2025-02-14 18:43:11,813] {processor.py:653} WARNING - No viable dags retrieved from /opt/conda/lib/python3.8/site-packages/airflow/example_dags/example_kubernetes_executor.py
[2025-02-14 18:43:11,818] {processor.py:161} INFO - Processing /opt/conda/lib/python3.8/site-packages/airflow/example_dags/example_kubernetes_executor.py took 0.150 seconds
[2025-02-14 18:44:15,453] {processor.py:153} INFO - Started process (PID=1423) to work on /opt/conda/lib/python3.8/site-packages/airflow/example_dags/example_kubernetes_executor.py
[2025-02-14 18:44:15,455] {processor.py:641} INFO - Processing file /opt/conda/lib/python3.8/site-packages/airflow/example_dags/example_kubernetes_executor.py for tasks to queue
[2025-02-14 18:44:15,455] {logging_mixin.py:115} INFO - [2025-02-14 18:44:15,455] {dagbag.py:508} INFO - Filling up the DagBag from /opt/conda/lib/python3.8/site-packages/airflow/example_dags/example_kubernetes_executor.py
[2025-02-14 18:44:15,586] {logging_mixin.py:115} INFO - [2025-02-14 18:44:15,586] {example_kubernetes_executor.py:39} WARNING - The example_kubernetes_executor example DAG requires the kubernetes provider. Please install it with: pip install apache-airflow[cncf.kubernetes]
[2025-02-14 18:44:15,587] {processor.py:653} WARNING - No viable dags retrieved from /opt/conda/lib/python3.8/site-packages/airflow/example_dags/example_kubernetes_executor.py
[2025-02-14 18:44:15,592] {processor.py:161} INFO - Processing /opt/conda/lib/python3.8/site-packages/airflow/example_dags/example_kubernetes_executor.py took 0.142 seconds
[2025-02-14 18:45:13,221] {processor.py:153} INFO - Started process (PID=1534) to work on /opt/conda/lib/python3.8/site-packages/airflow/example_dags/example_kubernetes_executor.py
[2025-02-14 18:45:13,223] {processor.py:641} INFO - Processing file /opt/conda/lib/python3.8/site-packages/airflow/example_dags/example_kubernetes_executor.py for tasks to queue
[2025-02-14 18:45:13,223] {logging_mixin.py:115} INFO - [2025-02-14 18:45:13,223] {dagbag.py:508} INFO - Filling up the DagBag from /opt/conda/lib/python3.8/site-packages/airflow/example_dags/example_kubernetes_executor.py
[2025-02-14 18:45:13,238] {logging_mixin.py:115} INFO - [2025-02-14 18:45:13,238] {example_kubernetes_executor.py:39} WARNING - The example_kubernetes_executor example DAG requires the kubernetes provider. Please install it with: pip install apache-airflow[cncf.kubernetes]
[2025-02-14 18:45:13,239] {processor.py:653} WARNING - No viable dags retrieved from /opt/conda/lib/python3.8/site-packages/airflow/example_dags/example_kubernetes_executor.py
[2025-02-14 18:45:13,249] {processor.py:161} INFO - Processing /opt/conda/lib/python3.8/site-packages/airflow/example_dags/example_kubernetes_executor.py took 0.031 seconds
[2025-02-14 18:46:04,448] {processor.py:153} INFO - Started process (PID=1642) to work on /opt/conda/lib/python3.8/site-packages/airflow/example_dags/example_kubernetes_executor.py
[2025-02-14 18:46:04,450] {processor.py:641} INFO - Processing file /opt/conda/lib/python3.8/site-packages/airflow/example_dags/example_kubernetes_executor.py for tasks to queue
[2025-02-14 18:46:04,450] {logging_mixin.py:115} INFO - [2025-02-14 18:46:04,450] {dagbag.py:508} INFO - Filling up the DagBag from /opt/conda/lib/python3.8/site-packages/airflow/example_dags/example_kubernetes_executor.py
[2025-02-14 18:46:04,465] {logging_mixin.py:115} INFO - [2025-02-14 18:46:04,465] {example_kubernetes_executor.py:39} WARNING - The example_kubernetes_executor example DAG requires the kubernetes provider. Please install it with: pip install apache-airflow[cncf.kubernetes]
[2025-02-14 18:46:04,465] {processor.py:653} WARNING - No viable dags retrieved from /opt/conda/lib/python3.8/site-packages/airflow/example_dags/example_kubernetes_executor.py
[2025-02-14 18:46:04,474] {processor.py:161} INFO - Processing /opt/conda/lib/python3.8/site-packages/airflow/example_dags/example_kubernetes_executor.py took 0.029 seconds
[2025-02-14 18:46:58,413] {processor.py:153} INFO - Started process (PID=1749) to work on /opt/conda/lib/python3.8/site-packages/airflow/example_dags/example_kubernetes_executor.py
[2025-02-14 18:46:58,415] {processor.py:641} INFO - Processing file /opt/conda/lib/python3.8/site-packages/airflow/example_dags/example_kubernetes_executor.py for tasks to queue
[2025-02-14 18:46:58,415] {logging_mixin.py:115} INFO - [2025-02-14 18:46:58,415] {dagbag.py:508} INFO - Filling up the DagBag from /opt/conda/lib/python3.8/site-packages/airflow/example_dags/example_kubernetes_executor.py
[2025-02-14 18:46:58,430] {logging_mixin.py:115} INFO - [2025-02-14 18:46:58,430] {example_kubernetes_executor.py:39} WARNING - The example_kubernetes_executor example DAG requires the kubernetes provider. Please install it with: pip install apache-airflow[cncf.kubernetes]
[2025-02-14 18:46:58,430] {processor.py:653} WARNING - No viable dags retrieved from /opt/conda/lib/python3.8/site-packages/airflow/example_dags/example_kubernetes_executor.py
[2025-02-14 18:46:58,450] {processor.py:161} INFO - Processing /opt/conda/lib/python3.8/site-packages/airflow/example_dags/example_kubernetes_executor.py took 0.040 seconds
[2025-02-14 18:54:15,689] {processor.py:153} INFO - Started process (PID=2094) to work on /opt/conda/lib/python3.8/site-packages/airflow/example_dags/example_kubernetes_executor.py
[2025-02-14 18:54:15,690] {processor.py:641} INFO - Processing file /opt/conda/lib/python3.8/site-packages/airflow/example_dags/example_kubernetes_executor.py for tasks to queue
[2025-02-14 18:54:15,691] {logging_mixin.py:115} INFO - [2025-02-14 18:54:15,691] {dagbag.py:508} INFO - Filling up the DagBag from /opt/conda/lib/python3.8/site-packages/airflow/example_dags/example_kubernetes_executor.py
[2025-02-14 18:54:15,706] {logging_mixin.py:115} INFO - [2025-02-14 18:54:15,706] {example_kubernetes_executor.py:39} WARNING - The example_kubernetes_executor example DAG requires the kubernetes provider. Please install it with: pip install apache-airflow[cncf.kubernetes]
[2025-02-14 18:54:15,706] {processor.py:653} WARNING - No viable dags retrieved from /opt/conda/lib/python3.8/site-packages/airflow/example_dags/example_kubernetes_executor.py
[2025-02-14 18:54:15,716] {processor.py:161} INFO - Processing /opt/conda/lib/python3.8/site-packages/airflow/example_dags/example_kubernetes_executor.py took 0.031 seconds
[2025-02-14 18:55:27,480] {processor.py:153} INFO - Started process (PID=2331) to work on /opt/conda/lib/python3.8/site-packages/airflow/example_dags/example_kubernetes_executor.py
[2025-02-14 18:55:27,482] {processor.py:641} INFO - Processing file /opt/conda/lib/python3.8/site-packages/airflow/example_dags/example_kubernetes_executor.py for tasks to queue
[2025-02-14 18:55:27,482] {logging_mixin.py:115} INFO - [2025-02-14 18:55:27,482] {dagbag.py:508} INFO - Filling up the DagBag from /opt/conda/lib/python3.8/site-packages/airflow/example_dags/example_kubernetes_executor.py
[2025-02-14 18:55:27,497] {logging_mixin.py:115} INFO - [2025-02-14 18:55:27,497] {example_kubernetes_executor.py:39} WARNING - The example_kubernetes_executor example DAG requires the kubernetes provider. Please install it with: pip install apache-airflow[cncf.kubernetes]
[2025-02-14 18:55:27,497] {processor.py:653} WARNING - No viable dags retrieved from /opt/conda/lib/python3.8/site-packages/airflow/example_dags/example_kubernetes_executor.py
[2025-02-14 18:55:27,649] {processor.py:161} INFO - Processing /opt/conda/lib/python3.8/site-packages/airflow/example_dags/example_kubernetes_executor.py took 0.172 seconds
[2025-02-14 19:03:00,284] {processor.py:153} INFO - Started process (PID=2696) to work on /opt/conda/lib/python3.8/site-packages/airflow/example_dags/example_kubernetes_executor.py
[2025-02-14 19:03:00,286] {processor.py:641} INFO - Processing file /opt/conda/lib/python3.8/site-packages/airflow/example_dags/example_kubernetes_executor.py for tasks to queue
[2025-02-14 19:03:00,286] {logging_mixin.py:115} INFO - [2025-02-14 19:03:00,286] {dagbag.py:508} INFO - Filling up the DagBag from /opt/conda/lib/python3.8/site-packages/airflow/example_dags/example_kubernetes_executor.py
[2025-02-14 19:03:00,420] {logging_mixin.py:115} INFO - [2025-02-14 19:03:00,420] {example_kubernetes_executor.py:39} WARNING - The example_kubernetes_executor example DAG requires the kubernetes provider. Please install it with: pip install apache-airflow[cncf.kubernetes]
[2025-02-14 19:03:00,420] {processor.py:653} WARNING - No viable dags retrieved from /opt/conda/lib/python3.8/site-packages/airflow/example_dags/example_kubernetes_executor.py
[2025-02-14 19:03:00,426] {processor.py:161} INFO - Processing /opt/conda/lib/python3.8/site-packages/airflow/example_dags/example_kubernetes_executor.py took 0.145 seconds
[2025-02-14 19:04:02,385] {processor.py:153} INFO - Started process (PID=2808) to work on /opt/conda/lib/python3.8/site-packages/airflow/example_dags/example_kubernetes_executor.py
[2025-02-14 19:04:02,387] {processor.py:641} INFO - Processing file /opt/conda/lib/python3.8/site-packages/airflow/example_dags/example_kubernetes_executor.py for tasks to queue
[2025-02-14 19:04:02,387] {logging_mixin.py:115} INFO - [2025-02-14 19:04:02,387] {dagbag.py:508} INFO - Filling up the DagBag from /opt/conda/lib/python3.8/site-packages/airflow/example_dags/example_kubernetes_executor.py
[2025-02-14 19:04:02,513] {logging_mixin.py:115} INFO - [2025-02-14 19:04:02,513] {example_kubernetes_executor.py:39} WARNING - The example_kubernetes_executor example DAG requires the kubernetes provider. Please install it with: pip install apache-airflow[cncf.kubernetes]
[2025-02-14 19:04:02,514] {processor.py:653} WARNING - No viable dags retrieved from /opt/conda/lib/python3.8/site-packages/airflow/example_dags/example_kubernetes_executor.py
[2025-02-14 19:04:02,519] {processor.py:161} INFO - Processing /opt/conda/lib/python3.8/site-packages/airflow/example_dags/example_kubernetes_executor.py took 0.137 seconds
[2025-02-14 19:05:04,905] {processor.py:153} INFO - Started process (PID=2921) to work on /opt/conda/lib/python3.8/site-packages/airflow/example_dags/example_kubernetes_executor.py
[2025-02-14 19:05:04,906] {processor.py:641} INFO - Processing file /opt/conda/lib/python3.8/site-packages/airflow/example_dags/example_kubernetes_executor.py for tasks to queue
[2025-02-14 19:05:04,907] {logging_mixin.py:115} INFO - [2025-02-14 19:05:04,907] {dagbag.py:508} INFO - Filling up the DagBag from /opt/conda/lib/python3.8/site-packages/airflow/example_dags/example_kubernetes_executor.py
[2025-02-14 19:05:05,036] {logging_mixin.py:115} INFO - [2025-02-14 19:05:05,036] {example_kubernetes_executor.py:39} WARNING - The example_kubernetes_executor example DAG requires the kubernetes provider. Please install it with: pip install apache-airflow[cncf.kubernetes]
[2025-02-14 19:05:05,036] {processor.py:653} WARNING - No viable dags retrieved from /opt/conda/lib/python3.8/site-packages/airflow/example_dags/example_kubernetes_executor.py
[2025-02-14 19:05:05,041] {processor.py:161} INFO - Processing /opt/conda/lib/python3.8/site-packages/airflow/example_dags/example_kubernetes_executor.py took 0.140 seconds
[2025-02-14 19:06:11,269] {processor.py:153} INFO - Started process (PID=3035) to work on /opt/conda/lib/python3.8/site-packages/airflow/example_dags/example_kubernetes_executor.py
[2025-02-14 19:06:11,270] {processor.py:641} INFO - Processing file /opt/conda/lib/python3.8/site-packages/airflow/example_dags/example_kubernetes_executor.py for tasks to queue
[2025-02-14 19:06:11,271] {logging_mixin.py:115} INFO - [2025-02-14 19:06:11,271] {dagbag.py:508} INFO - Filling up the DagBag from /opt/conda/lib/python3.8/site-packages/airflow/example_dags/example_kubernetes_executor.py
[2025-02-14 19:06:11,401] {logging_mixin.py:115} INFO - [2025-02-14 19:06:11,401] {example_kubernetes_executor.py:39} WARNING - The example_kubernetes_executor example DAG requires the kubernetes provider. Please install it with: pip install apache-airflow[cncf.kubernetes]
[2025-02-14 19:06:11,401] {processor.py:653} WARNING - No viable dags retrieved from /opt/conda/lib/python3.8/site-packages/airflow/example_dags/example_kubernetes_executor.py
[2025-02-14 19:06:11,406] {processor.py:161} INFO - Processing /opt/conda/lib/python3.8/site-packages/airflow/example_dags/example_kubernetes_executor.py took 0.141 seconds
[2025-02-14 19:07:16,592] {processor.py:153} INFO - Started process (PID=3149) to work on /opt/conda/lib/python3.8/site-packages/airflow/example_dags/example_kubernetes_executor.py
[2025-02-14 19:07:16,594] {processor.py:641} INFO - Processing file /opt/conda/lib/python3.8/site-packages/airflow/example_dags/example_kubernetes_executor.py for tasks to queue
[2025-02-14 19:07:16,594] {logging_mixin.py:115} INFO - [2025-02-14 19:07:16,594] {dagbag.py:508} INFO - Filling up the DagBag from /opt/conda/lib/python3.8/site-packages/airflow/example_dags/example_kubernetes_executor.py
[2025-02-14 19:07:16,726] {logging_mixin.py:115} INFO - [2025-02-14 19:07:16,726] {example_kubernetes_executor.py:39} WARNING - The example_kubernetes_executor example DAG requires the kubernetes provider. Please install it with: pip install apache-airflow[cncf.kubernetes]
[2025-02-14 19:07:16,726] {processor.py:653} WARNING - No viable dags retrieved from /opt/conda/lib/python3.8/site-packages/airflow/example_dags/example_kubernetes_executor.py
[2025-02-14 19:07:16,732] {processor.py:161} INFO - Processing /opt/conda/lib/python3.8/site-packages/airflow/example_dags/example_kubernetes_executor.py took 0.143 seconds
[2025-02-14 19:08:14,714] {processor.py:153} INFO - Started process (PID=3261) to work on /opt/conda/lib/python3.8/site-packages/airflow/example_dags/example_kubernetes_executor.py
[2025-02-14 19:08:14,715] {processor.py:641} INFO - Processing file /opt/conda/lib/python3.8/site-packages/airflow/example_dags/example_kubernetes_executor.py for tasks to queue
[2025-02-14 19:08:14,716] {logging_mixin.py:115} INFO - [2025-02-14 19:08:14,716] {dagbag.py:508} INFO - Filling up the DagBag from /opt/conda/lib/python3.8/site-packages/airflow/example_dags/example_kubernetes_executor.py
[2025-02-14 19:08:14,731] {logging_mixin.py:115} INFO - [2025-02-14 19:08:14,731] {example_kubernetes_executor.py:39} WARNING - The example_kubernetes_executor example DAG requires the kubernetes provider. Please install it with: pip install apache-airflow[cncf.kubernetes]
[2025-02-14 19:08:14,731] {processor.py:653} WARNING - No viable dags retrieved from /opt/conda/lib/python3.8/site-packages/airflow/example_dags/example_kubernetes_executor.py
[2025-02-14 19:08:14,740] {processor.py:161} INFO - Processing /opt/conda/lib/python3.8/site-packages/airflow/example_dags/example_kubernetes_executor.py took 0.029 seconds
[2025-02-14 19:09:10,656] {processor.py:153} INFO - Started process (PID=3372) to work on /opt/conda/lib/python3.8/site-packages/airflow/example_dags/example_kubernetes_executor.py
[2025-02-14 19:09:10,658] {processor.py:641} INFO - Processing file /opt/conda/lib/python3.8/site-packages/airflow/example_dags/example_kubernetes_executor.py for tasks to queue
[2025-02-14 19:09:10,658] {logging_mixin.py:115} INFO - [2025-02-14 19:09:10,658] {dagbag.py:508} INFO - Filling up the DagBag from /opt/conda/lib/python3.8/site-packages/airflow/example_dags/example_kubernetes_executor.py
[2025-02-14 19:09:10,673] {logging_mixin.py:115} INFO - [2025-02-14 19:09:10,673] {example_kubernetes_executor.py:39} WARNING - The example_kubernetes_executor example DAG requires the kubernetes provider. Please install it with: pip install apache-airflow[cncf.kubernetes]
[2025-02-14 19:09:10,673] {processor.py:653} WARNING - No viable dags retrieved from /opt/conda/lib/python3.8/site-packages/airflow/example_dags/example_kubernetes_executor.py
[2025-02-14 19:09:10,682] {processor.py:161} INFO - Processing /opt/conda/lib/python3.8/site-packages/airflow/example_dags/example_kubernetes_executor.py took 0.029 seconds
[2025-02-14 19:10:21,457] {processor.py:153} INFO - Started process (PID=3601) to work on /opt/conda/lib/python3.8/site-packages/airflow/example_dags/example_kubernetes_executor.py
[2025-02-14 19:10:21,458] {processor.py:641} INFO - Processing file /opt/conda/lib/python3.8/site-packages/airflow/example_dags/example_kubernetes_executor.py for tasks to queue
[2025-02-14 19:10:21,459] {logging_mixin.py:115} INFO - [2025-02-14 19:10:21,459] {dagbag.py:508} INFO - Filling up the DagBag from /opt/conda/lib/python3.8/site-packages/airflow/example_dags/example_kubernetes_executor.py
[2025-02-14 19:10:21,474] {logging_mixin.py:115} INFO - [2025-02-14 19:10:21,474] {example_kubernetes_executor.py:39} WARNING - The example_kubernetes_executor example DAG requires the kubernetes provider. Please install it with: pip install apache-airflow[cncf.kubernetes]
[2025-02-14 19:10:21,474] {processor.py:653} WARNING - No viable dags retrieved from /opt/conda/lib/python3.8/site-packages/airflow/example_dags/example_kubernetes_executor.py
[2025-02-14 19:10:21,484] {processor.py:161} INFO - Processing /opt/conda/lib/python3.8/site-packages/airflow/example_dags/example_kubernetes_executor.py took 0.031 seconds
