[2025-02-14 13:59:36,101] {processor.py:153} INFO - Started process (PID=1828) to work on /opt/conda/lib/python3.8/site-packages/airflow/example_dags/example_bash_operator.py
[2025-02-14 13:59:36,102] {processor.py:641} INFO - Processing file /opt/conda/lib/python3.8/site-packages/airflow/example_dags/example_bash_operator.py for tasks to queue
[2025-02-14 13:59:36,102] {logging_mixin.py:115} INFO - [2025-02-14 13:59:36,102] {dagbag.py:508} INFO - Filling up the DagBag from /opt/conda/lib/python3.8/site-packages/airflow/example_dags/example_bash_operator.py
[2025-02-14 13:59:36,238] {processor.py:651} INFO - DAG(s) dict_keys(['example_bash_operator']) retrieved from /opt/conda/lib/python3.8/site-packages/airflow/example_dags/example_bash_operator.py
[2025-02-14 13:59:36,308] {logging_mixin.py:115} INFO - [2025-02-14 13:59:36,308] {manager.py:508} INFO - Created Permission View: can read on DAG:example_bash_operator
[2025-02-14 13:59:36,325] {logging_mixin.py:115} INFO - [2025-02-14 13:59:36,325] {manager.py:508} INFO - Created Permission View: can delete on DAG:example_bash_operator
[2025-02-14 13:59:36,342] {logging_mixin.py:115} INFO - [2025-02-14 13:59:36,342] {manager.py:508} INFO - Created Permission View: can edit on DAG:example_bash_operator
[2025-02-14 13:59:36,342] {logging_mixin.py:115} INFO - [2025-02-14 13:59:36,342] {dag.py:2420} INFO - Sync 1 DAGs
[2025-02-14 13:59:36,347] {logging_mixin.py:115} INFO - [2025-02-14 13:59:36,347] {dag.py:2439} INFO - Creating ORM DAG for example_bash_operator
[2025-02-14 13:59:36,356] {logging_mixin.py:115} INFO - [2025-02-14 13:59:36,356] {dag.py:2968} INFO - Setting next_dagrun for example_bash_operator to 2025-02-13T00:00:00+00:00, run_after=2025-02-14T00:00:00+00:00
[2025-02-14 13:59:36,381] {processor.py:161} INFO - Processing /opt/conda/lib/python3.8/site-packages/airflow/example_dags/example_bash_operator.py took 0.283 seconds
[2025-02-14 14:00:23,408] {processor.py:153} INFO - Started process (PID=1865) to work on /opt/conda/lib/python3.8/site-packages/airflow/example_dags/example_bash_operator.py
[2025-02-14 14:00:23,414] {processor.py:641} INFO - Processing file /opt/conda/lib/python3.8/site-packages/airflow/example_dags/example_bash_operator.py for tasks to queue
[2025-02-14 14:00:23,415] {logging_mixin.py:115} INFO - [2025-02-14 14:00:23,415] {dagbag.py:508} INFO - Filling up the DagBag from /opt/conda/lib/python3.8/site-packages/airflow/example_dags/example_bash_operator.py
[2025-02-14 14:00:23,549] {processor.py:651} INFO - DAG(s) dict_keys(['example_bash_operator']) retrieved from /opt/conda/lib/python3.8/site-packages/airflow/example_dags/example_bash_operator.py
[2025-02-14 14:00:23,559] {logging_mixin.py:115} INFO - [2025-02-14 14:00:23,559] {dag.py:2420} INFO - Sync 1 DAGs
[2025-02-14 14:00:23,571] {logging_mixin.py:115} INFO - [2025-02-14 14:00:23,571] {dag.py:2968} INFO - Setting next_dagrun for example_bash_operator to 2025-02-13T00:00:00+00:00, run_after=2025-02-14T00:00:00+00:00
[2025-02-14 14:00:23,590] {processor.py:161} INFO - Processing /opt/conda/lib/python3.8/site-packages/airflow/example_dags/example_bash_operator.py took 0.185 seconds
[2025-02-14 14:01:06,746] {processor.py:153} INFO - Started process (PID=1902) to work on /opt/conda/lib/python3.8/site-packages/airflow/example_dags/example_bash_operator.py
[2025-02-14 14:01:06,756] {processor.py:641} INFO - Processing file /opt/conda/lib/python3.8/site-packages/airflow/example_dags/example_bash_operator.py for tasks to queue
[2025-02-14 14:01:06,757] {logging_mixin.py:115} INFO - [2025-02-14 14:01:06,757] {dagbag.py:508} INFO - Filling up the DagBag from /opt/conda/lib/python3.8/site-packages/airflow/example_dags/example_bash_operator.py
[2025-02-14 14:01:06,891] {processor.py:651} INFO - DAG(s) dict_keys(['example_bash_operator']) retrieved from /opt/conda/lib/python3.8/site-packages/airflow/example_dags/example_bash_operator.py
[2025-02-14 14:01:06,900] {logging_mixin.py:115} INFO - [2025-02-14 14:01:06,900] {dag.py:2420} INFO - Sync 1 DAGs
[2025-02-14 14:01:06,913] {logging_mixin.py:115} INFO - [2025-02-14 14:01:06,913] {dag.py:2968} INFO - Setting next_dagrun for example_bash_operator to 2025-02-13T00:00:00+00:00, run_after=2025-02-14T00:00:00+00:00
[2025-02-14 14:01:06,932] {processor.py:161} INFO - Processing /opt/conda/lib/python3.8/site-packages/airflow/example_dags/example_bash_operator.py took 0.190 seconds
[2025-02-14 14:01:48,216] {processor.py:153} INFO - Started process (PID=1939) to work on /opt/conda/lib/python3.8/site-packages/airflow/example_dags/example_bash_operator.py
[2025-02-14 14:01:48,218] {processor.py:641} INFO - Processing file /opt/conda/lib/python3.8/site-packages/airflow/example_dags/example_bash_operator.py for tasks to queue
[2025-02-14 14:01:48,218] {logging_mixin.py:115} INFO - [2025-02-14 14:01:48,218] {dagbag.py:508} INFO - Filling up the DagBag from /opt/conda/lib/python3.8/site-packages/airflow/example_dags/example_bash_operator.py
[2025-02-14 14:01:48,353] {processor.py:651} INFO - DAG(s) dict_keys(['example_bash_operator']) retrieved from /opt/conda/lib/python3.8/site-packages/airflow/example_dags/example_bash_operator.py
[2025-02-14 14:01:48,362] {logging_mixin.py:115} INFO - [2025-02-14 14:01:48,362] {dag.py:2420} INFO - Sync 1 DAGs
[2025-02-14 14:01:48,375] {logging_mixin.py:115} INFO - [2025-02-14 14:01:48,375] {dag.py:2968} INFO - Setting next_dagrun for example_bash_operator to 2025-02-13T00:00:00+00:00, run_after=2025-02-14T00:00:00+00:00
[2025-02-14 14:01:48,394] {processor.py:161} INFO - Processing /opt/conda/lib/python3.8/site-packages/airflow/example_dags/example_bash_operator.py took 0.181 seconds
[2025-02-14 14:02:30,930] {processor.py:153} INFO - Started process (PID=1978) to work on /opt/conda/lib/python3.8/site-packages/airflow/example_dags/example_bash_operator.py
[2025-02-14 14:02:30,931] {processor.py:641} INFO - Processing file /opt/conda/lib/python3.8/site-packages/airflow/example_dags/example_bash_operator.py for tasks to queue
[2025-02-14 14:02:30,932] {logging_mixin.py:115} INFO - [2025-02-14 14:02:30,932] {dagbag.py:508} INFO - Filling up the DagBag from /opt/conda/lib/python3.8/site-packages/airflow/example_dags/example_bash_operator.py
[2025-02-14 14:02:31,071] {processor.py:651} INFO - DAG(s) dict_keys(['example_bash_operator']) retrieved from /opt/conda/lib/python3.8/site-packages/airflow/example_dags/example_bash_operator.py
[2025-02-14 14:02:31,081] {logging_mixin.py:115} INFO - [2025-02-14 14:02:31,081] {dag.py:2420} INFO - Sync 1 DAGs
[2025-02-14 14:02:31,094] {logging_mixin.py:115} INFO - [2025-02-14 14:02:31,094] {dag.py:2968} INFO - Setting next_dagrun for example_bash_operator to 2025-02-13T00:00:00+00:00, run_after=2025-02-14T00:00:00+00:00
[2025-02-14 14:02:31,113] {processor.py:161} INFO - Processing /opt/conda/lib/python3.8/site-packages/airflow/example_dags/example_bash_operator.py took 0.186 seconds
[2025-02-14 14:03:06,150] {processor.py:153} INFO - Started process (PID=2009) to work on /opt/conda/lib/python3.8/site-packages/airflow/example_dags/example_bash_operator.py
[2025-02-14 14:03:06,151] {processor.py:641} INFO - Processing file /opt/conda/lib/python3.8/site-packages/airflow/example_dags/example_bash_operator.py for tasks to queue
[2025-02-14 14:03:06,151] {logging_mixin.py:115} INFO - [2025-02-14 14:03:06,151] {dagbag.py:508} INFO - Filling up the DagBag from /opt/conda/lib/python3.8/site-packages/airflow/example_dags/example_bash_operator.py
[2025-02-14 14:03:06,283] {processor.py:651} INFO - DAG(s) dict_keys(['example_bash_operator']) retrieved from /opt/conda/lib/python3.8/site-packages/airflow/example_dags/example_bash_operator.py
[2025-02-14 14:03:06,293] {logging_mixin.py:115} INFO - [2025-02-14 14:03:06,293] {dag.py:2420} INFO - Sync 1 DAGs
[2025-02-14 14:03:06,306] {logging_mixin.py:115} INFO - [2025-02-14 14:03:06,306] {dag.py:2968} INFO - Setting next_dagrun for example_bash_operator to 2025-02-13T00:00:00+00:00, run_after=2025-02-14T00:00:00+00:00
[2025-02-14 14:03:06,325] {processor.py:161} INFO - Processing /opt/conda/lib/python3.8/site-packages/airflow/example_dags/example_bash_operator.py took 0.179 seconds
[2025-02-14 14:03:45,597] {processor.py:153} INFO - Started process (PID=2044) to work on /opt/conda/lib/python3.8/site-packages/airflow/example_dags/example_bash_operator.py
[2025-02-14 14:03:45,599] {processor.py:641} INFO - Processing file /opt/conda/lib/python3.8/site-packages/airflow/example_dags/example_bash_operator.py for tasks to queue
[2025-02-14 14:03:45,599] {logging_mixin.py:115} INFO - [2025-02-14 14:03:45,599] {dagbag.py:508} INFO - Filling up the DagBag from /opt/conda/lib/python3.8/site-packages/airflow/example_dags/example_bash_operator.py
[2025-02-14 14:03:45,746] {processor.py:651} INFO - DAG(s) dict_keys(['example_bash_operator']) retrieved from /opt/conda/lib/python3.8/site-packages/airflow/example_dags/example_bash_operator.py
[2025-02-14 14:03:45,756] {logging_mixin.py:115} INFO - [2025-02-14 14:03:45,756] {dag.py:2420} INFO - Sync 1 DAGs
[2025-02-14 14:03:45,768] {logging_mixin.py:115} INFO - [2025-02-14 14:03:45,768] {dag.py:2968} INFO - Setting next_dagrun for example_bash_operator to 2025-02-13T00:00:00+00:00, run_after=2025-02-14T00:00:00+00:00
[2025-02-14 14:03:45,786] {processor.py:161} INFO - Processing /opt/conda/lib/python3.8/site-packages/airflow/example_dags/example_bash_operator.py took 0.192 seconds
[2025-02-14 14:05:22,281] {processor.py:153} INFO - Started process (PID=2172) to work on /opt/conda/lib/python3.8/site-packages/airflow/example_dags/example_bash_operator.py
[2025-02-14 14:05:22,283] {processor.py:641} INFO - Processing file /opt/conda/lib/python3.8/site-packages/airflow/example_dags/example_bash_operator.py for tasks to queue
[2025-02-14 14:05:22,283] {logging_mixin.py:115} INFO - [2025-02-14 14:05:22,283] {dagbag.py:508} INFO - Filling up the DagBag from /opt/conda/lib/python3.8/site-packages/airflow/example_dags/example_bash_operator.py
[2025-02-14 14:05:22,430] {processor.py:651} INFO - DAG(s) dict_keys(['example_bash_operator']) retrieved from /opt/conda/lib/python3.8/site-packages/airflow/example_dags/example_bash_operator.py
[2025-02-14 14:05:22,440] {logging_mixin.py:115} INFO - [2025-02-14 14:05:22,440] {dag.py:2420} INFO - Sync 1 DAGs
[2025-02-14 14:05:22,452] {logging_mixin.py:115} INFO - [2025-02-14 14:05:22,452] {dag.py:2968} INFO - Setting next_dagrun for example_bash_operator to 2025-02-13T00:00:00+00:00, run_after=2025-02-14T00:00:00+00:00
[2025-02-14 14:05:22,472] {processor.py:161} INFO - Processing /opt/conda/lib/python3.8/site-packages/airflow/example_dags/example_bash_operator.py took 0.194 seconds
[2025-02-14 14:06:06,760] {processor.py:153} INFO - Started process (PID=2226) to work on /opt/conda/lib/python3.8/site-packages/airflow/example_dags/example_bash_operator.py
[2025-02-14 14:06:06,761] {processor.py:641} INFO - Processing file /opt/conda/lib/python3.8/site-packages/airflow/example_dags/example_bash_operator.py for tasks to queue
[2025-02-14 14:06:06,762] {logging_mixin.py:115} INFO - [2025-02-14 14:06:06,762] {dagbag.py:508} INFO - Filling up the DagBag from /opt/conda/lib/python3.8/site-packages/airflow/example_dags/example_bash_operator.py
[2025-02-14 14:06:06,892] {processor.py:651} INFO - DAG(s) dict_keys(['example_bash_operator']) retrieved from /opt/conda/lib/python3.8/site-packages/airflow/example_dags/example_bash_operator.py
[2025-02-14 14:06:06,902] {logging_mixin.py:115} INFO - [2025-02-14 14:06:06,902] {dag.py:2420} INFO - Sync 1 DAGs
[2025-02-14 14:06:06,914] {logging_mixin.py:115} INFO - [2025-02-14 14:06:06,914] {dag.py:2968} INFO - Setting next_dagrun for example_bash_operator to 2025-02-13T00:00:00+00:00, run_after=2025-02-14T00:00:00+00:00
[2025-02-14 14:06:06,932] {processor.py:161} INFO - Processing /opt/conda/lib/python3.8/site-packages/airflow/example_dags/example_bash_operator.py took 0.175 seconds
[2025-02-14 14:06:54,297] {processor.py:153} INFO - Started process (PID=2282) to work on /opt/conda/lib/python3.8/site-packages/airflow/example_dags/example_bash_operator.py
[2025-02-14 14:06:54,298] {processor.py:641} INFO - Processing file /opt/conda/lib/python3.8/site-packages/airflow/example_dags/example_bash_operator.py for tasks to queue
[2025-02-14 14:06:54,299] {logging_mixin.py:115} INFO - [2025-02-14 14:06:54,298] {dagbag.py:508} INFO - Filling up the DagBag from /opt/conda/lib/python3.8/site-packages/airflow/example_dags/example_bash_operator.py
[2025-02-14 14:06:54,424] {processor.py:651} INFO - DAG(s) dict_keys(['example_bash_operator']) retrieved from /opt/conda/lib/python3.8/site-packages/airflow/example_dags/example_bash_operator.py
[2025-02-14 14:06:54,434] {logging_mixin.py:115} INFO - [2025-02-14 14:06:54,434] {dag.py:2420} INFO - Sync 1 DAGs
[2025-02-14 14:06:54,447] {logging_mixin.py:115} INFO - [2025-02-14 14:06:54,446] {dag.py:2968} INFO - Setting next_dagrun for example_bash_operator to 2025-02-13T00:00:00+00:00, run_after=2025-02-14T00:00:00+00:00
[2025-02-14 14:06:54,465] {processor.py:161} INFO - Processing /opt/conda/lib/python3.8/site-packages/airflow/example_dags/example_bash_operator.py took 0.171 seconds
[2025-02-14 14:07:40,304] {processor.py:153} INFO - Started process (PID=2321) to work on /opt/conda/lib/python3.8/site-packages/airflow/example_dags/example_bash_operator.py
[2025-02-14 14:07:40,306] {processor.py:641} INFO - Processing file /opt/conda/lib/python3.8/site-packages/airflow/example_dags/example_bash_operator.py for tasks to queue
[2025-02-14 14:07:40,306] {logging_mixin.py:115} INFO - [2025-02-14 14:07:40,306] {dagbag.py:508} INFO - Filling up the DagBag from /opt/conda/lib/python3.8/site-packages/airflow/example_dags/example_bash_operator.py
[2025-02-14 14:07:40,438] {processor.py:651} INFO - DAG(s) dict_keys(['example_bash_operator']) retrieved from /opt/conda/lib/python3.8/site-packages/airflow/example_dags/example_bash_operator.py
[2025-02-14 14:07:40,448] {logging_mixin.py:115} INFO - [2025-02-14 14:07:40,448] {dag.py:2420} INFO - Sync 1 DAGs
[2025-02-14 14:07:40,461] {logging_mixin.py:115} INFO - [2025-02-14 14:07:40,461] {dag.py:2968} INFO - Setting next_dagrun for example_bash_operator to 2025-02-13T00:00:00+00:00, run_after=2025-02-14T00:00:00+00:00
[2025-02-14 14:07:40,480] {processor.py:161} INFO - Processing /opt/conda/lib/python3.8/site-packages/airflow/example_dags/example_bash_operator.py took 0.178 seconds
[2025-02-14 14:08:23,217] {processor.py:153} INFO - Started process (PID=2360) to work on /opt/conda/lib/python3.8/site-packages/airflow/example_dags/example_bash_operator.py
[2025-02-14 14:08:23,218] {processor.py:641} INFO - Processing file /opt/conda/lib/python3.8/site-packages/airflow/example_dags/example_bash_operator.py for tasks to queue
[2025-02-14 14:08:23,219] {logging_mixin.py:115} INFO - [2025-02-14 14:08:23,218] {dagbag.py:508} INFO - Filling up the DagBag from /opt/conda/lib/python3.8/site-packages/airflow/example_dags/example_bash_operator.py
[2025-02-14 14:08:23,349] {processor.py:651} INFO - DAG(s) dict_keys(['example_bash_operator']) retrieved from /opt/conda/lib/python3.8/site-packages/airflow/example_dags/example_bash_operator.py
[2025-02-14 14:08:23,359] {logging_mixin.py:115} INFO - [2025-02-14 14:08:23,359] {dag.py:2420} INFO - Sync 1 DAGs
[2025-02-14 14:08:23,372] {logging_mixin.py:115} INFO - [2025-02-14 14:08:23,371] {dag.py:2968} INFO - Setting next_dagrun for example_bash_operator to 2025-02-13T00:00:00+00:00, run_after=2025-02-14T00:00:00+00:00
[2025-02-14 14:08:23,392] {processor.py:161} INFO - Processing /opt/conda/lib/python3.8/site-packages/airflow/example_dags/example_bash_operator.py took 0.179 seconds
[2025-02-14 14:09:18,129] {processor.py:153} INFO - Started process (PID=2430) to work on /opt/conda/lib/python3.8/site-packages/airflow/example_dags/example_bash_operator.py
[2025-02-14 14:09:18,130] {processor.py:641} INFO - Processing file /opt/conda/lib/python3.8/site-packages/airflow/example_dags/example_bash_operator.py for tasks to queue
[2025-02-14 14:09:18,131] {logging_mixin.py:115} INFO - [2025-02-14 14:09:18,131] {dagbag.py:508} INFO - Filling up the DagBag from /opt/conda/lib/python3.8/site-packages/airflow/example_dags/example_bash_operator.py
[2025-02-14 14:09:18,272] {processor.py:651} INFO - DAG(s) dict_keys(['example_bash_operator']) retrieved from /opt/conda/lib/python3.8/site-packages/airflow/example_dags/example_bash_operator.py
[2025-02-14 14:09:18,282] {logging_mixin.py:115} INFO - [2025-02-14 14:09:18,282] {dag.py:2420} INFO - Sync 1 DAGs
[2025-02-14 14:09:18,294] {logging_mixin.py:115} INFO - [2025-02-14 14:09:18,294] {dag.py:2968} INFO - Setting next_dagrun for example_bash_operator to 2025-02-13T00:00:00+00:00, run_after=2025-02-14T00:00:00+00:00
[2025-02-14 14:09:18,313] {processor.py:161} INFO - Processing /opt/conda/lib/python3.8/site-packages/airflow/example_dags/example_bash_operator.py took 0.188 seconds
[2025-02-14 14:10:00,603] {processor.py:153} INFO - Started process (PID=2468) to work on /opt/conda/lib/python3.8/site-packages/airflow/example_dags/example_bash_operator.py
[2025-02-14 14:10:00,604] {processor.py:641} INFO - Processing file /opt/conda/lib/python3.8/site-packages/airflow/example_dags/example_bash_operator.py for tasks to queue
[2025-02-14 14:10:00,605] {logging_mixin.py:115} INFO - [2025-02-14 14:10:00,605] {dagbag.py:508} INFO - Filling up the DagBag from /opt/conda/lib/python3.8/site-packages/airflow/example_dags/example_bash_operator.py
[2025-02-14 14:10:00,746] {processor.py:651} INFO - DAG(s) dict_keys(['example_bash_operator']) retrieved from /opt/conda/lib/python3.8/site-packages/airflow/example_dags/example_bash_operator.py
[2025-02-14 14:10:00,755] {logging_mixin.py:115} INFO - [2025-02-14 14:10:00,755] {dag.py:2420} INFO - Sync 1 DAGs
[2025-02-14 14:10:00,769] {logging_mixin.py:115} INFO - [2025-02-14 14:10:00,768] {dag.py:2968} INFO - Setting next_dagrun for example_bash_operator to 2025-02-13T00:00:00+00:00, run_after=2025-02-14T00:00:00+00:00
[2025-02-14 14:10:00,791] {processor.py:161} INFO - Processing /opt/conda/lib/python3.8/site-packages/airflow/example_dags/example_bash_operator.py took 0.191 seconds
[2025-02-14 14:10:46,468] {processor.py:153} INFO - Started process (PID=2508) to work on /opt/conda/lib/python3.8/site-packages/airflow/example_dags/example_bash_operator.py
[2025-02-14 14:10:46,470] {processor.py:641} INFO - Processing file /opt/conda/lib/python3.8/site-packages/airflow/example_dags/example_bash_operator.py for tasks to queue
[2025-02-14 14:10:46,470] {logging_mixin.py:115} INFO - [2025-02-14 14:10:46,470] {dagbag.py:508} INFO - Filling up the DagBag from /opt/conda/lib/python3.8/site-packages/airflow/example_dags/example_bash_operator.py
[2025-02-14 14:10:46,597] {processor.py:651} INFO - DAG(s) dict_keys(['example_bash_operator']) retrieved from /opt/conda/lib/python3.8/site-packages/airflow/example_dags/example_bash_operator.py
[2025-02-14 14:10:46,606] {logging_mixin.py:115} INFO - [2025-02-14 14:10:46,606] {dag.py:2420} INFO - Sync 1 DAGs
[2025-02-14 14:10:46,619] {logging_mixin.py:115} INFO - [2025-02-14 14:10:46,619] {dag.py:2968} INFO - Setting next_dagrun for example_bash_operator to 2025-02-13T00:00:00+00:00, run_after=2025-02-14T00:00:00+00:00
[2025-02-14 14:10:46,638] {processor.py:161} INFO - Processing /opt/conda/lib/python3.8/site-packages/airflow/example_dags/example_bash_operator.py took 0.173 seconds
[2025-02-14 14:11:34,764] {processor.py:153} INFO - Started process (PID=2565) to work on /opt/conda/lib/python3.8/site-packages/airflow/example_dags/example_bash_operator.py
[2025-02-14 14:11:34,766] {processor.py:641} INFO - Processing file /opt/conda/lib/python3.8/site-packages/airflow/example_dags/example_bash_operator.py for tasks to queue
[2025-02-14 14:11:34,766] {logging_mixin.py:115} INFO - [2025-02-14 14:11:34,766] {dagbag.py:508} INFO - Filling up the DagBag from /opt/conda/lib/python3.8/site-packages/airflow/example_dags/example_bash_operator.py
[2025-02-14 14:11:34,900] {processor.py:651} INFO - DAG(s) dict_keys(['example_bash_operator']) retrieved from /opt/conda/lib/python3.8/site-packages/airflow/example_dags/example_bash_operator.py
[2025-02-14 14:11:34,910] {logging_mixin.py:115} INFO - [2025-02-14 14:11:34,910] {dag.py:2420} INFO - Sync 1 DAGs
[2025-02-14 14:11:34,924] {logging_mixin.py:115} INFO - [2025-02-14 14:11:34,924] {dag.py:2968} INFO - Setting next_dagrun for example_bash_operator to 2025-02-13T00:00:00+00:00, run_after=2025-02-14T00:00:00+00:00
[2025-02-14 14:11:34,943] {processor.py:161} INFO - Processing /opt/conda/lib/python3.8/site-packages/airflow/example_dags/example_bash_operator.py took 0.181 seconds
[2025-02-14 14:12:17,412] {processor.py:153} INFO - Started process (PID=2619) to work on /opt/conda/lib/python3.8/site-packages/airflow/example_dags/example_bash_operator.py
[2025-02-14 14:12:17,413] {processor.py:641} INFO - Processing file /opt/conda/lib/python3.8/site-packages/airflow/example_dags/example_bash_operator.py for tasks to queue
[2025-02-14 14:12:17,414] {logging_mixin.py:115} INFO - [2025-02-14 14:12:17,414] {dagbag.py:508} INFO - Filling up the DagBag from /opt/conda/lib/python3.8/site-packages/airflow/example_dags/example_bash_operator.py
[2025-02-14 14:12:17,557] {processor.py:651} INFO - DAG(s) dict_keys(['example_bash_operator']) retrieved from /opt/conda/lib/python3.8/site-packages/airflow/example_dags/example_bash_operator.py
[2025-02-14 14:12:17,567] {logging_mixin.py:115} INFO - [2025-02-14 14:12:17,567] {dag.py:2420} INFO - Sync 1 DAGs
[2025-02-14 14:12:17,580] {logging_mixin.py:115} INFO - [2025-02-14 14:12:17,580] {dag.py:2968} INFO - Setting next_dagrun for example_bash_operator to 2025-02-13T00:00:00+00:00, run_after=2025-02-14T00:00:00+00:00
[2025-02-14 14:12:17,598] {processor.py:161} INFO - Processing /opt/conda/lib/python3.8/site-packages/airflow/example_dags/example_bash_operator.py took 0.189 seconds
[2025-02-14 14:12:55,804] {processor.py:153} INFO - Started process (PID=2669) to work on /opt/conda/lib/python3.8/site-packages/airflow/example_dags/example_bash_operator.py
[2025-02-14 14:12:55,806] {processor.py:641} INFO - Processing file /opt/conda/lib/python3.8/site-packages/airflow/example_dags/example_bash_operator.py for tasks to queue
[2025-02-14 14:12:55,806] {logging_mixin.py:115} INFO - [2025-02-14 14:12:55,806] {dagbag.py:508} INFO - Filling up the DagBag from /opt/conda/lib/python3.8/site-packages/airflow/example_dags/example_bash_operator.py
[2025-02-14 14:12:55,935] {processor.py:651} INFO - DAG(s) dict_keys(['example_bash_operator']) retrieved from /opt/conda/lib/python3.8/site-packages/airflow/example_dags/example_bash_operator.py
[2025-02-14 14:12:55,945] {logging_mixin.py:115} INFO - [2025-02-14 14:12:55,945] {dag.py:2420} INFO - Sync 1 DAGs
[2025-02-14 14:12:55,958] {logging_mixin.py:115} INFO - [2025-02-14 14:12:55,958] {dag.py:2968} INFO - Setting next_dagrun for example_bash_operator to 2025-02-13T00:00:00+00:00, run_after=2025-02-14T00:00:00+00:00
[2025-02-14 14:12:55,974] {processor.py:161} INFO - Processing /opt/conda/lib/python3.8/site-packages/airflow/example_dags/example_bash_operator.py took 0.173 seconds
[2025-02-14 14:13:35,041] {processor.py:153} INFO - Started process (PID=2720) to work on /opt/conda/lib/python3.8/site-packages/airflow/example_dags/example_bash_operator.py
[2025-02-14 14:13:35,043] {processor.py:641} INFO - Processing file /opt/conda/lib/python3.8/site-packages/airflow/example_dags/example_bash_operator.py for tasks to queue
[2025-02-14 14:13:35,043] {logging_mixin.py:115} INFO - [2025-02-14 14:13:35,043] {dagbag.py:508} INFO - Filling up the DagBag from /opt/conda/lib/python3.8/site-packages/airflow/example_dags/example_bash_operator.py
[2025-02-14 14:13:35,182] {processor.py:651} INFO - DAG(s) dict_keys(['example_bash_operator']) retrieved from /opt/conda/lib/python3.8/site-packages/airflow/example_dags/example_bash_operator.py
[2025-02-14 14:13:35,192] {logging_mixin.py:115} INFO - [2025-02-14 14:13:35,192] {dag.py:2420} INFO - Sync 1 DAGs
[2025-02-14 14:13:35,205] {logging_mixin.py:115} INFO - [2025-02-14 14:13:35,204] {dag.py:2968} INFO - Setting next_dagrun for example_bash_operator to 2025-02-13T00:00:00+00:00, run_after=2025-02-14T00:00:00+00:00
[2025-02-14 14:13:35,224] {processor.py:161} INFO - Processing /opt/conda/lib/python3.8/site-packages/airflow/example_dags/example_bash_operator.py took 0.186 seconds
[2025-02-14 14:14:16,481] {processor.py:153} INFO - Started process (PID=2772) to work on /opt/conda/lib/python3.8/site-packages/airflow/example_dags/example_bash_operator.py
[2025-02-14 14:14:16,482] {processor.py:641} INFO - Processing file /opt/conda/lib/python3.8/site-packages/airflow/example_dags/example_bash_operator.py for tasks to queue
[2025-02-14 14:14:16,483] {logging_mixin.py:115} INFO - [2025-02-14 14:14:16,483] {dagbag.py:508} INFO - Filling up the DagBag from /opt/conda/lib/python3.8/site-packages/airflow/example_dags/example_bash_operator.py
[2025-02-14 14:14:16,495] {processor.py:651} INFO - DAG(s) dict_keys(['example_bash_operator']) retrieved from /opt/conda/lib/python3.8/site-packages/airflow/example_dags/example_bash_operator.py
[2025-02-14 14:14:16,512] {logging_mixin.py:115} INFO - [2025-02-14 14:14:16,512] {dag.py:2420} INFO - Sync 1 DAGs
[2025-02-14 14:14:16,530] {logging_mixin.py:115} INFO - [2025-02-14 14:14:16,530] {dag.py:2968} INFO - Setting next_dagrun for example_bash_operator to 2025-02-13T00:00:00+00:00, run_after=2025-02-14T00:00:00+00:00
[2025-02-14 14:14:16,552] {processor.py:161} INFO - Processing /opt/conda/lib/python3.8/site-packages/airflow/example_dags/example_bash_operator.py took 0.074 seconds
[2025-02-14 14:14:52,909] {processor.py:153} INFO - Started process (PID=2823) to work on /opt/conda/lib/python3.8/site-packages/airflow/example_dags/example_bash_operator.py
[2025-02-14 14:14:52,960] {processor.py:641} INFO - Processing file /opt/conda/lib/python3.8/site-packages/airflow/example_dags/example_bash_operator.py for tasks to queue
[2025-02-14 14:14:52,961] {logging_mixin.py:115} INFO - [2025-02-14 14:14:52,961] {dagbag.py:508} INFO - Filling up the DagBag from /opt/conda/lib/python3.8/site-packages/airflow/example_dags/example_bash_operator.py
[2025-02-14 14:14:52,975] {processor.py:651} INFO - DAG(s) dict_keys(['example_bash_operator']) retrieved from /opt/conda/lib/python3.8/site-packages/airflow/example_dags/example_bash_operator.py
[2025-02-14 14:14:52,991] {logging_mixin.py:115} INFO - [2025-02-14 14:14:52,991] {dag.py:2420} INFO - Sync 1 DAGs
[2025-02-14 14:14:53,010] {logging_mixin.py:115} INFO - [2025-02-14 14:14:53,010] {dag.py:2968} INFO - Setting next_dagrun for example_bash_operator to 2025-02-13T00:00:00+00:00, run_after=2025-02-14T00:00:00+00:00
[2025-02-14 14:14:53,031] {processor.py:161} INFO - Processing /opt/conda/lib/python3.8/site-packages/airflow/example_dags/example_bash_operator.py took 0.124 seconds
[2025-02-14 14:15:33,377] {processor.py:153} INFO - Started process (PID=2878) to work on /opt/conda/lib/python3.8/site-packages/airflow/example_dags/example_bash_operator.py
[2025-02-14 14:15:33,378] {processor.py:641} INFO - Processing file /opt/conda/lib/python3.8/site-packages/airflow/example_dags/example_bash_operator.py for tasks to queue
[2025-02-14 14:15:33,379] {logging_mixin.py:115} INFO - [2025-02-14 14:15:33,379] {dagbag.py:508} INFO - Filling up the DagBag from /opt/conda/lib/python3.8/site-packages/airflow/example_dags/example_bash_operator.py
[2025-02-14 14:15:33,391] {processor.py:651} INFO - DAG(s) dict_keys(['example_bash_operator']) retrieved from /opt/conda/lib/python3.8/site-packages/airflow/example_dags/example_bash_operator.py
[2025-02-14 14:15:33,407] {logging_mixin.py:115} INFO - [2025-02-14 14:15:33,407] {dag.py:2420} INFO - Sync 1 DAGs
[2025-02-14 14:15:33,422] {logging_mixin.py:115} INFO - [2025-02-14 14:15:33,422] {dag.py:2968} INFO - Setting next_dagrun for example_bash_operator to 2025-02-13T00:00:00+00:00, run_after=2025-02-14T00:00:00+00:00
[2025-02-14 14:15:33,442] {processor.py:161} INFO - Processing /opt/conda/lib/python3.8/site-packages/airflow/example_dags/example_bash_operator.py took 0.068 seconds
[2025-02-14 14:16:42,669] {processor.py:153} INFO - Started process (PID=3007) to work on /opt/conda/lib/python3.8/site-packages/airflow/example_dags/example_bash_operator.py
[2025-02-14 14:16:42,671] {processor.py:641} INFO - Processing file /opt/conda/lib/python3.8/site-packages/airflow/example_dags/example_bash_operator.py for tasks to queue
[2025-02-14 14:16:42,671] {logging_mixin.py:115} INFO - [2025-02-14 14:16:42,671] {dagbag.py:508} INFO - Filling up the DagBag from /opt/conda/lib/python3.8/site-packages/airflow/example_dags/example_bash_operator.py
[2025-02-14 14:16:42,808] {processor.py:651} INFO - DAG(s) dict_keys(['example_bash_operator']) retrieved from /opt/conda/lib/python3.8/site-packages/airflow/example_dags/example_bash_operator.py
[2025-02-14 14:16:42,818] {logging_mixin.py:115} INFO - [2025-02-14 14:16:42,818] {dag.py:2420} INFO - Sync 1 DAGs
[2025-02-14 14:16:42,830] {logging_mixin.py:115} INFO - [2025-02-14 14:16:42,830] {dag.py:2968} INFO - Setting next_dagrun for example_bash_operator to 2025-02-13T00:00:00+00:00, run_after=2025-02-14T00:00:00+00:00
[2025-02-14 14:16:42,853] {processor.py:161} INFO - Processing /opt/conda/lib/python3.8/site-packages/airflow/example_dags/example_bash_operator.py took 0.188 seconds
[2025-02-14 14:17:29,192] {processor.py:153} INFO - Started process (PID=3061) to work on /opt/conda/lib/python3.8/site-packages/airflow/example_dags/example_bash_operator.py
[2025-02-14 14:17:29,193] {processor.py:641} INFO - Processing file /opt/conda/lib/python3.8/site-packages/airflow/example_dags/example_bash_operator.py for tasks to queue
[2025-02-14 14:17:29,194] {logging_mixin.py:115} INFO - [2025-02-14 14:17:29,194] {dagbag.py:508} INFO - Filling up the DagBag from /opt/conda/lib/python3.8/site-packages/airflow/example_dags/example_bash_operator.py
[2025-02-14 14:17:29,321] {processor.py:651} INFO - DAG(s) dict_keys(['example_bash_operator']) retrieved from /opt/conda/lib/python3.8/site-packages/airflow/example_dags/example_bash_operator.py
[2025-02-14 14:17:29,330] {logging_mixin.py:115} INFO - [2025-02-14 14:17:29,330] {dag.py:2420} INFO - Sync 1 DAGs
[2025-02-14 14:17:29,343] {logging_mixin.py:115} INFO - [2025-02-14 14:17:29,343] {dag.py:2968} INFO - Setting next_dagrun for example_bash_operator to 2025-02-13T00:00:00+00:00, run_after=2025-02-14T00:00:00+00:00
[2025-02-14 14:17:29,401] {processor.py:161} INFO - Processing /opt/conda/lib/python3.8/site-packages/airflow/example_dags/example_bash_operator.py took 0.213 seconds
[2025-02-14 14:18:13,284] {processor.py:153} INFO - Started process (PID=3115) to work on /opt/conda/lib/python3.8/site-packages/airflow/example_dags/example_bash_operator.py
[2025-02-14 14:18:13,286] {processor.py:641} INFO - Processing file /opt/conda/lib/python3.8/site-packages/airflow/example_dags/example_bash_operator.py for tasks to queue
[2025-02-14 14:18:13,286] {logging_mixin.py:115} INFO - [2025-02-14 14:18:13,286] {dagbag.py:508} INFO - Filling up the DagBag from /opt/conda/lib/python3.8/site-packages/airflow/example_dags/example_bash_operator.py
[2025-02-14 14:18:13,422] {processor.py:651} INFO - DAG(s) dict_keys(['example_bash_operator']) retrieved from /opt/conda/lib/python3.8/site-packages/airflow/example_dags/example_bash_operator.py
[2025-02-14 14:18:13,432] {logging_mixin.py:115} INFO - [2025-02-14 14:18:13,432] {dag.py:2420} INFO - Sync 1 DAGs
[2025-02-14 14:18:13,445] {logging_mixin.py:115} INFO - [2025-02-14 14:18:13,445] {dag.py:2968} INFO - Setting next_dagrun for example_bash_operator to 2025-02-13T00:00:00+00:00, run_after=2025-02-14T00:00:00+00:00
[2025-02-14 14:18:13,463] {processor.py:161} INFO - Processing /opt/conda/lib/python3.8/site-packages/airflow/example_dags/example_bash_operator.py took 0.182 seconds
[2025-02-14 14:18:57,557] {processor.py:153} INFO - Started process (PID=3199) to work on /opt/conda/lib/python3.8/site-packages/airflow/example_dags/example_bash_operator.py
[2025-02-14 14:18:57,559] {processor.py:641} INFO - Processing file /opt/conda/lib/python3.8/site-packages/airflow/example_dags/example_bash_operator.py for tasks to queue
[2025-02-14 14:18:57,559] {logging_mixin.py:115} INFO - [2025-02-14 14:18:57,559] {dagbag.py:508} INFO - Filling up the DagBag from /opt/conda/lib/python3.8/site-packages/airflow/example_dags/example_bash_operator.py
[2025-02-14 14:18:57,688] {processor.py:651} INFO - DAG(s) dict_keys(['example_bash_operator']) retrieved from /opt/conda/lib/python3.8/site-packages/airflow/example_dags/example_bash_operator.py
[2025-02-14 14:18:57,698] {logging_mixin.py:115} INFO - [2025-02-14 14:18:57,698] {dag.py:2420} INFO - Sync 1 DAGs
[2025-02-14 14:18:57,711] {logging_mixin.py:115} INFO - [2025-02-14 14:18:57,711] {dag.py:2968} INFO - Setting next_dagrun for example_bash_operator to 2025-02-13T00:00:00+00:00, run_after=2025-02-14T00:00:00+00:00
[2025-02-14 14:18:57,729] {processor.py:161} INFO - Processing /opt/conda/lib/python3.8/site-packages/airflow/example_dags/example_bash_operator.py took 0.175 seconds
[2025-02-14 14:20:48,268] {processor.py:153} INFO - Started process (PID=3290) to work on /opt/conda/lib/python3.8/site-packages/airflow/example_dags/example_bash_operator.py
[2025-02-14 14:20:48,270] {processor.py:641} INFO - Processing file /opt/conda/lib/python3.8/site-packages/airflow/example_dags/example_bash_operator.py for tasks to queue
[2025-02-14 14:20:48,270] {logging_mixin.py:115} INFO - [2025-02-14 14:20:48,270] {dagbag.py:508} INFO - Filling up the DagBag from /opt/conda/lib/python3.8/site-packages/airflow/example_dags/example_bash_operator.py
[2025-02-14 14:20:48,413] {processor.py:651} INFO - DAG(s) dict_keys(['example_bash_operator']) retrieved from /opt/conda/lib/python3.8/site-packages/airflow/example_dags/example_bash_operator.py
[2025-02-14 14:20:48,423] {logging_mixin.py:115} INFO - [2025-02-14 14:20:48,423] {dag.py:2420} INFO - Sync 1 DAGs
[2025-02-14 14:20:48,436] {logging_mixin.py:115} INFO - [2025-02-14 14:20:48,436] {dag.py:2968} INFO - Setting next_dagrun for example_bash_operator to 2025-02-13T00:00:00+00:00, run_after=2025-02-14T00:00:00+00:00
[2025-02-14 14:20:48,455] {processor.py:161} INFO - Processing /opt/conda/lib/python3.8/site-packages/airflow/example_dags/example_bash_operator.py took 0.190 seconds
[2025-02-14 14:21:34,085] {processor.py:153} INFO - Started process (PID=3346) to work on /opt/conda/lib/python3.8/site-packages/airflow/example_dags/example_bash_operator.py
[2025-02-14 14:21:34,086] {processor.py:641} INFO - Processing file /opt/conda/lib/python3.8/site-packages/airflow/example_dags/example_bash_operator.py for tasks to queue
[2025-02-14 14:21:34,087] {logging_mixin.py:115} INFO - [2025-02-14 14:21:34,087] {dagbag.py:508} INFO - Filling up the DagBag from /opt/conda/lib/python3.8/site-packages/airflow/example_dags/example_bash_operator.py
[2025-02-14 14:21:34,231] {processor.py:651} INFO - DAG(s) dict_keys(['example_bash_operator']) retrieved from /opt/conda/lib/python3.8/site-packages/airflow/example_dags/example_bash_operator.py
[2025-02-14 14:21:34,241] {logging_mixin.py:115} INFO - [2025-02-14 14:21:34,241] {dag.py:2420} INFO - Sync 1 DAGs
[2025-02-14 14:21:34,254] {logging_mixin.py:115} INFO - [2025-02-14 14:21:34,254] {dag.py:2968} INFO - Setting next_dagrun for example_bash_operator to 2025-02-13T00:00:00+00:00, run_after=2025-02-14T00:00:00+00:00
[2025-02-14 14:21:34,308] {processor.py:161} INFO - Processing /opt/conda/lib/python3.8/site-packages/airflow/example_dags/example_bash_operator.py took 0.226 seconds
[2025-02-14 14:22:21,426] {processor.py:153} INFO - Started process (PID=3409) to work on /opt/conda/lib/python3.8/site-packages/airflow/example_dags/example_bash_operator.py
[2025-02-14 14:22:21,428] {processor.py:641} INFO - Processing file /opt/conda/lib/python3.8/site-packages/airflow/example_dags/example_bash_operator.py for tasks to queue
[2025-02-14 14:22:21,428] {logging_mixin.py:115} INFO - [2025-02-14 14:22:21,428] {dagbag.py:508} INFO - Filling up the DagBag from /opt/conda/lib/python3.8/site-packages/airflow/example_dags/example_bash_operator.py
[2025-02-14 14:22:21,580] {processor.py:651} INFO - DAG(s) dict_keys(['example_bash_operator']) retrieved from /opt/conda/lib/python3.8/site-packages/airflow/example_dags/example_bash_operator.py
[2025-02-14 14:22:21,590] {logging_mixin.py:115} INFO - [2025-02-14 14:22:21,590] {dag.py:2420} INFO - Sync 1 DAGs
[2025-02-14 14:22:21,603] {logging_mixin.py:115} INFO - [2025-02-14 14:22:21,603] {dag.py:2968} INFO - Setting next_dagrun for example_bash_operator to 2025-02-13T00:00:00+00:00, run_after=2025-02-14T00:00:00+00:00
[2025-02-14 14:22:21,627] {processor.py:161} INFO - Processing /opt/conda/lib/python3.8/site-packages/airflow/example_dags/example_bash_operator.py took 0.204 seconds
[2025-02-14 14:23:05,837] {processor.py:153} INFO - Started process (PID=3463) to work on /opt/conda/lib/python3.8/site-packages/airflow/example_dags/example_bash_operator.py
[2025-02-14 14:23:05,839] {processor.py:641} INFO - Processing file /opt/conda/lib/python3.8/site-packages/airflow/example_dags/example_bash_operator.py for tasks to queue
[2025-02-14 14:23:05,840] {logging_mixin.py:115} INFO - [2025-02-14 14:23:05,840] {dagbag.py:508} INFO - Filling up the DagBag from /opt/conda/lib/python3.8/site-packages/airflow/example_dags/example_bash_operator.py
[2025-02-14 14:23:05,987] {processor.py:651} INFO - DAG(s) dict_keys(['example_bash_operator']) retrieved from /opt/conda/lib/python3.8/site-packages/airflow/example_dags/example_bash_operator.py
[2025-02-14 14:23:05,997] {logging_mixin.py:115} INFO - [2025-02-14 14:23:05,997] {dag.py:2420} INFO - Sync 1 DAGs
[2025-02-14 14:23:06,010] {logging_mixin.py:115} INFO - [2025-02-14 14:23:06,010] {dag.py:2968} INFO - Setting next_dagrun for example_bash_operator to 2025-02-13T00:00:00+00:00, run_after=2025-02-14T00:00:00+00:00
[2025-02-14 14:23:06,029] {processor.py:161} INFO - Processing /opt/conda/lib/python3.8/site-packages/airflow/example_dags/example_bash_operator.py took 0.195 seconds
[2025-02-14 14:23:37,120] {processor.py:153} INFO - Started process (PID=3547) to work on /opt/conda/lib/python3.8/site-packages/airflow/example_dags/example_bash_operator.py
[2025-02-14 14:23:37,121] {processor.py:641} INFO - Processing file /opt/conda/lib/python3.8/site-packages/airflow/example_dags/example_bash_operator.py for tasks to queue
[2025-02-14 14:23:37,122] {logging_mixin.py:115} INFO - [2025-02-14 14:23:37,122] {dagbag.py:508} INFO - Filling up the DagBag from /opt/conda/lib/python3.8/site-packages/airflow/example_dags/example_bash_operator.py
[2025-02-14 14:23:37,264] {processor.py:651} INFO - DAG(s) dict_keys(['example_bash_operator']) retrieved from /opt/conda/lib/python3.8/site-packages/airflow/example_dags/example_bash_operator.py
[2025-02-14 14:23:37,275] {logging_mixin.py:115} INFO - [2025-02-14 14:23:37,274] {dag.py:2420} INFO - Sync 1 DAGs
[2025-02-14 14:23:37,287] {logging_mixin.py:115} INFO - [2025-02-14 14:23:37,287] {dag.py:2968} INFO - Setting next_dagrun for example_bash_operator to 2025-02-13T00:00:00+00:00, run_after=2025-02-14T00:00:00+00:00
[2025-02-14 14:23:37,306] {processor.py:161} INFO - Processing /opt/conda/lib/python3.8/site-packages/airflow/example_dags/example_bash_operator.py took 0.189 seconds
[2025-02-14 14:24:19,449] {processor.py:153} INFO - Started process (PID=3601) to work on /opt/conda/lib/python3.8/site-packages/airflow/example_dags/example_bash_operator.py
[2025-02-14 14:24:19,450] {processor.py:641} INFO - Processing file /opt/conda/lib/python3.8/site-packages/airflow/example_dags/example_bash_operator.py for tasks to queue
[2025-02-14 14:24:19,451] {logging_mixin.py:115} INFO - [2025-02-14 14:24:19,451] {dagbag.py:508} INFO - Filling up the DagBag from /opt/conda/lib/python3.8/site-packages/airflow/example_dags/example_bash_operator.py
[2025-02-14 14:24:19,584] {processor.py:651} INFO - DAG(s) dict_keys(['example_bash_operator']) retrieved from /opt/conda/lib/python3.8/site-packages/airflow/example_dags/example_bash_operator.py
[2025-02-14 14:24:19,594] {logging_mixin.py:115} INFO - [2025-02-14 14:24:19,594] {dag.py:2420} INFO - Sync 1 DAGs
[2025-02-14 14:24:19,607] {logging_mixin.py:115} INFO - [2025-02-14 14:24:19,607] {dag.py:2968} INFO - Setting next_dagrun for example_bash_operator to 2025-02-13T00:00:00+00:00, run_after=2025-02-14T00:00:00+00:00
[2025-02-14 14:24:19,703] {processor.py:161} INFO - Processing /opt/conda/lib/python3.8/site-packages/airflow/example_dags/example_bash_operator.py took 0.257 seconds
[2025-02-14 14:25:03,756] {processor.py:153} INFO - Started process (PID=3655) to work on /opt/conda/lib/python3.8/site-packages/airflow/example_dags/example_bash_operator.py
[2025-02-14 14:25:03,758] {processor.py:641} INFO - Processing file /opt/conda/lib/python3.8/site-packages/airflow/example_dags/example_bash_operator.py for tasks to queue
[2025-02-14 14:25:03,758] {logging_mixin.py:115} INFO - [2025-02-14 14:25:03,758] {dagbag.py:508} INFO - Filling up the DagBag from /opt/conda/lib/python3.8/site-packages/airflow/example_dags/example_bash_operator.py
[2025-02-14 14:25:03,888] {processor.py:651} INFO - DAG(s) dict_keys(['example_bash_operator']) retrieved from /opt/conda/lib/python3.8/site-packages/airflow/example_dags/example_bash_operator.py
[2025-02-14 14:25:03,898] {logging_mixin.py:115} INFO - [2025-02-14 14:25:03,898] {dag.py:2420} INFO - Sync 1 DAGs
[2025-02-14 14:25:03,911] {logging_mixin.py:115} INFO - [2025-02-14 14:25:03,910] {dag.py:2968} INFO - Setting next_dagrun for example_bash_operator to 2025-02-13T00:00:00+00:00, run_after=2025-02-14T00:00:00+00:00
[2025-02-14 14:25:03,930] {processor.py:161} INFO - Processing /opt/conda/lib/python3.8/site-packages/airflow/example_dags/example_bash_operator.py took 0.176 seconds
[2025-02-14 14:25:48,305] {processor.py:153} INFO - Started process (PID=3709) to work on /opt/conda/lib/python3.8/site-packages/airflow/example_dags/example_bash_operator.py
[2025-02-14 14:25:48,308] {processor.py:641} INFO - Processing file /opt/conda/lib/python3.8/site-packages/airflow/example_dags/example_bash_operator.py for tasks to queue
[2025-02-14 14:25:48,308] {logging_mixin.py:115} INFO - [2025-02-14 14:25:48,308] {dagbag.py:508} INFO - Filling up the DagBag from /opt/conda/lib/python3.8/site-packages/airflow/example_dags/example_bash_operator.py
[2025-02-14 14:25:48,442] {processor.py:651} INFO - DAG(s) dict_keys(['example_bash_operator']) retrieved from /opt/conda/lib/python3.8/site-packages/airflow/example_dags/example_bash_operator.py
[2025-02-14 14:25:48,451] {logging_mixin.py:115} INFO - [2025-02-14 14:25:48,451] {dag.py:2420} INFO - Sync 1 DAGs
[2025-02-14 14:25:48,464] {logging_mixin.py:115} INFO - [2025-02-14 14:25:48,464] {dag.py:2968} INFO - Setting next_dagrun for example_bash_operator to 2025-02-13T00:00:00+00:00, run_after=2025-02-14T00:00:00+00:00
[2025-02-14 14:25:48,483] {processor.py:161} INFO - Processing /opt/conda/lib/python3.8/site-packages/airflow/example_dags/example_bash_operator.py took 0.181 seconds
[2025-02-14 14:26:29,172] {processor.py:153} INFO - Started process (PID=3761) to work on /opt/conda/lib/python3.8/site-packages/airflow/example_dags/example_bash_operator.py
[2025-02-14 14:26:29,173] {processor.py:641} INFO - Processing file /opt/conda/lib/python3.8/site-packages/airflow/example_dags/example_bash_operator.py for tasks to queue
[2025-02-14 14:26:29,174] {logging_mixin.py:115} INFO - [2025-02-14 14:26:29,174] {dagbag.py:508} INFO - Filling up the DagBag from /opt/conda/lib/python3.8/site-packages/airflow/example_dags/example_bash_operator.py
[2025-02-14 14:26:29,304] {processor.py:651} INFO - DAG(s) dict_keys(['example_bash_operator']) retrieved from /opt/conda/lib/python3.8/site-packages/airflow/example_dags/example_bash_operator.py
[2025-02-14 14:26:29,314] {logging_mixin.py:115} INFO - [2025-02-14 14:26:29,314] {dag.py:2420} INFO - Sync 1 DAGs
[2025-02-14 14:26:29,327] {logging_mixin.py:115} INFO - [2025-02-14 14:26:29,327] {dag.py:2968} INFO - Setting next_dagrun for example_bash_operator to 2025-02-13T00:00:00+00:00, run_after=2025-02-14T00:00:00+00:00
[2025-02-14 14:26:29,346] {processor.py:161} INFO - Processing /opt/conda/lib/python3.8/site-packages/airflow/example_dags/example_bash_operator.py took 0.177 seconds
[2025-02-14 14:27:12,502] {processor.py:153} INFO - Started process (PID=3813) to work on /opt/conda/lib/python3.8/site-packages/airflow/example_dags/example_bash_operator.py
[2025-02-14 14:27:12,503] {processor.py:641} INFO - Processing file /opt/conda/lib/python3.8/site-packages/airflow/example_dags/example_bash_operator.py for tasks to queue
[2025-02-14 14:27:12,503] {logging_mixin.py:115} INFO - [2025-02-14 14:27:12,503] {dagbag.py:508} INFO - Filling up the DagBag from /opt/conda/lib/python3.8/site-packages/airflow/example_dags/example_bash_operator.py
[2025-02-14 14:27:12,632] {processor.py:651} INFO - DAG(s) dict_keys(['example_bash_operator']) retrieved from /opt/conda/lib/python3.8/site-packages/airflow/example_dags/example_bash_operator.py
[2025-02-14 14:27:12,642] {logging_mixin.py:115} INFO - [2025-02-14 14:27:12,642] {dag.py:2420} INFO - Sync 1 DAGs
[2025-02-14 14:27:12,655] {logging_mixin.py:115} INFO - [2025-02-14 14:27:12,655] {dag.py:2968} INFO - Setting next_dagrun for example_bash_operator to 2025-02-13T00:00:00+00:00, run_after=2025-02-14T00:00:00+00:00
[2025-02-14 14:27:12,673] {processor.py:161} INFO - Processing /opt/conda/lib/python3.8/site-packages/airflow/example_dags/example_bash_operator.py took 0.174 seconds
[2025-02-14 14:27:58,205] {processor.py:153} INFO - Started process (PID=3867) to work on /opt/conda/lib/python3.8/site-packages/airflow/example_dags/example_bash_operator.py
[2025-02-14 14:27:58,237] {processor.py:641} INFO - Processing file /opt/conda/lib/python3.8/site-packages/airflow/example_dags/example_bash_operator.py for tasks to queue
[2025-02-14 14:27:58,237] {logging_mixin.py:115} INFO - [2025-02-14 14:27:58,237] {dagbag.py:508} INFO - Filling up the DagBag from /opt/conda/lib/python3.8/site-packages/airflow/example_dags/example_bash_operator.py
[2025-02-14 14:27:58,378] {processor.py:651} INFO - DAG(s) dict_keys(['example_bash_operator']) retrieved from /opt/conda/lib/python3.8/site-packages/airflow/example_dags/example_bash_operator.py
[2025-02-14 14:27:58,388] {logging_mixin.py:115} INFO - [2025-02-14 14:27:58,388] {dag.py:2420} INFO - Sync 1 DAGs
[2025-02-14 14:27:58,401] {logging_mixin.py:115} INFO - [2025-02-14 14:27:58,401] {dag.py:2968} INFO - Setting next_dagrun for example_bash_operator to 2025-02-13T00:00:00+00:00, run_after=2025-02-14T00:00:00+00:00
[2025-02-14 14:27:58,419] {processor.py:161} INFO - Processing /opt/conda/lib/python3.8/site-packages/airflow/example_dags/example_bash_operator.py took 0.217 seconds
[2025-02-14 14:28:43,058] {processor.py:153} INFO - Started process (PID=3930) to work on /opt/conda/lib/python3.8/site-packages/airflow/example_dags/example_bash_operator.py
[2025-02-14 14:28:43,059] {processor.py:641} INFO - Processing file /opt/conda/lib/python3.8/site-packages/airflow/example_dags/example_bash_operator.py for tasks to queue
[2025-02-14 14:28:43,060] {logging_mixin.py:115} INFO - [2025-02-14 14:28:43,060] {dagbag.py:508} INFO - Filling up the DagBag from /opt/conda/lib/python3.8/site-packages/airflow/example_dags/example_bash_operator.py
[2025-02-14 14:28:43,071] {processor.py:651} INFO - DAG(s) dict_keys(['example_bash_operator']) retrieved from /opt/conda/lib/python3.8/site-packages/airflow/example_dags/example_bash_operator.py
[2025-02-14 14:28:43,086] {logging_mixin.py:115} INFO - [2025-02-14 14:28:43,085] {dag.py:2420} INFO - Sync 1 DAGs
[2025-02-14 14:28:43,100] {logging_mixin.py:115} INFO - [2025-02-14 14:28:43,100] {dag.py:2968} INFO - Setting next_dagrun for example_bash_operator to 2025-02-13T00:00:00+00:00, run_after=2025-02-14T00:00:00+00:00
[2025-02-14 14:28:43,121] {processor.py:161} INFO - Processing /opt/conda/lib/python3.8/site-packages/airflow/example_dags/example_bash_operator.py took 0.067 seconds
[2025-02-14 14:29:21,070] {processor.py:153} INFO - Started process (PID=3982) to work on /opt/conda/lib/python3.8/site-packages/airflow/example_dags/example_bash_operator.py
[2025-02-14 14:29:21,072] {processor.py:641} INFO - Processing file /opt/conda/lib/python3.8/site-packages/airflow/example_dags/example_bash_operator.py for tasks to queue
[2025-02-14 14:29:21,073] {logging_mixin.py:115} INFO - [2025-02-14 14:29:21,073] {dagbag.py:508} INFO - Filling up the DagBag from /opt/conda/lib/python3.8/site-packages/airflow/example_dags/example_bash_operator.py
[2025-02-14 14:29:21,085] {processor.py:651} INFO - DAG(s) dict_keys(['example_bash_operator']) retrieved from /opt/conda/lib/python3.8/site-packages/airflow/example_dags/example_bash_operator.py
[2025-02-14 14:29:21,102] {logging_mixin.py:115} INFO - [2025-02-14 14:29:21,101] {dag.py:2420} INFO - Sync 1 DAGs
[2025-02-14 14:29:21,120] {logging_mixin.py:115} INFO - [2025-02-14 14:29:21,120] {dag.py:2968} INFO - Setting next_dagrun for example_bash_operator to 2025-02-13T00:00:00+00:00, run_after=2025-02-14T00:00:00+00:00
[2025-02-14 14:29:21,143] {processor.py:161} INFO - Processing /opt/conda/lib/python3.8/site-packages/airflow/example_dags/example_bash_operator.py took 0.077 seconds
[2025-02-14 14:30:02,916] {processor.py:153} INFO - Started process (PID=4045) to work on /opt/conda/lib/python3.8/site-packages/airflow/example_dags/example_bash_operator.py
[2025-02-14 14:30:02,919] {processor.py:641} INFO - Processing file /opt/conda/lib/python3.8/site-packages/airflow/example_dags/example_bash_operator.py for tasks to queue
[2025-02-14 14:30:02,919] {logging_mixin.py:115} INFO - [2025-02-14 14:30:02,919] {dagbag.py:508} INFO - Filling up the DagBag from /opt/conda/lib/python3.8/site-packages/airflow/example_dags/example_bash_operator.py
[2025-02-14 14:30:02,932] {processor.py:651} INFO - DAG(s) dict_keys(['example_bash_operator']) retrieved from /opt/conda/lib/python3.8/site-packages/airflow/example_dags/example_bash_operator.py
[2025-02-14 14:30:02,948] {logging_mixin.py:115} INFO - [2025-02-14 14:30:02,948] {dag.py:2420} INFO - Sync 1 DAGs
[2025-02-14 14:30:02,967] {logging_mixin.py:115} INFO - [2025-02-14 14:30:02,967] {dag.py:2968} INFO - Setting next_dagrun for example_bash_operator to 2025-02-13T00:00:00+00:00, run_after=2025-02-14T00:00:00+00:00
[2025-02-14 14:30:02,989] {processor.py:161} INFO - Processing /opt/conda/lib/python3.8/site-packages/airflow/example_dags/example_bash_operator.py took 0.076 seconds
[2025-02-14 14:30:40,556] {processor.py:153} INFO - Started process (PID=4099) to work on /opt/conda/lib/python3.8/site-packages/airflow/example_dags/example_bash_operator.py
[2025-02-14 14:30:40,557] {processor.py:641} INFO - Processing file /opt/conda/lib/python3.8/site-packages/airflow/example_dags/example_bash_operator.py for tasks to queue
[2025-02-14 14:30:40,558] {logging_mixin.py:115} INFO - [2025-02-14 14:30:40,557] {dagbag.py:508} INFO - Filling up the DagBag from /opt/conda/lib/python3.8/site-packages/airflow/example_dags/example_bash_operator.py
[2025-02-14 14:30:40,569] {processor.py:651} INFO - DAG(s) dict_keys(['example_bash_operator']) retrieved from /opt/conda/lib/python3.8/site-packages/airflow/example_dags/example_bash_operator.py
[2025-02-14 14:30:40,584] {logging_mixin.py:115} INFO - [2025-02-14 14:30:40,584] {dag.py:2420} INFO - Sync 1 DAGs
[2025-02-14 14:30:40,598] {logging_mixin.py:115} INFO - [2025-02-14 14:30:40,598] {dag.py:2968} INFO - Setting next_dagrun for example_bash_operator to 2025-02-13T00:00:00+00:00, run_after=2025-02-14T00:00:00+00:00
[2025-02-14 14:30:40,618] {processor.py:161} INFO - Processing /opt/conda/lib/python3.8/site-packages/airflow/example_dags/example_bash_operator.py took 0.065 seconds
[2025-02-14 14:31:21,086] {processor.py:153} INFO - Started process (PID=4155) to work on /opt/conda/lib/python3.8/site-packages/airflow/example_dags/example_bash_operator.py
[2025-02-14 14:31:21,103] {processor.py:641} INFO - Processing file /opt/conda/lib/python3.8/site-packages/airflow/example_dags/example_bash_operator.py for tasks to queue
[2025-02-14 14:31:21,103] {logging_mixin.py:115} INFO - [2025-02-14 14:31:21,103] {dagbag.py:508} INFO - Filling up the DagBag from /opt/conda/lib/python3.8/site-packages/airflow/example_dags/example_bash_operator.py
[2025-02-14 14:31:21,116] {processor.py:651} INFO - DAG(s) dict_keys(['example_bash_operator']) retrieved from /opt/conda/lib/python3.8/site-packages/airflow/example_dags/example_bash_operator.py
[2025-02-14 14:31:21,133] {logging_mixin.py:115} INFO - [2025-02-14 14:31:21,133] {dag.py:2420} INFO - Sync 1 DAGs
[2025-02-14 14:31:21,152] {logging_mixin.py:115} INFO - [2025-02-14 14:31:21,152] {dag.py:2968} INFO - Setting next_dagrun for example_bash_operator to 2025-02-13T00:00:00+00:00, run_after=2025-02-14T00:00:00+00:00
[2025-02-14 14:31:21,254] {processor.py:161} INFO - Processing /opt/conda/lib/python3.8/site-packages/airflow/example_dags/example_bash_operator.py took 0.172 seconds
[2025-02-14 14:33:18,904] {processor.py:153} INFO - Started process (PID=4349) to work on /opt/conda/lib/python3.8/site-packages/airflow/example_dags/example_bash_operator.py
[2025-02-14 14:33:18,906] {processor.py:641} INFO - Processing file /opt/conda/lib/python3.8/site-packages/airflow/example_dags/example_bash_operator.py for tasks to queue
[2025-02-14 14:33:18,907] {logging_mixin.py:115} INFO - [2025-02-14 14:33:18,907] {dagbag.py:508} INFO - Filling up the DagBag from /opt/conda/lib/python3.8/site-packages/airflow/example_dags/example_bash_operator.py
[2025-02-14 14:33:18,918] {processor.py:651} INFO - DAG(s) dict_keys(['example_bash_operator']) retrieved from /opt/conda/lib/python3.8/site-packages/airflow/example_dags/example_bash_operator.py
[2025-02-14 14:33:18,933] {logging_mixin.py:115} INFO - [2025-02-14 14:33:18,933] {dag.py:2420} INFO - Sync 1 DAGs
[2025-02-14 14:33:18,947] {logging_mixin.py:115} INFO - [2025-02-14 14:33:18,947] {dag.py:2968} INFO - Setting next_dagrun for example_bash_operator to 2025-02-13T00:00:00+00:00, run_after=2025-02-14T00:00:00+00:00
[2025-02-14 14:33:18,967] {processor.py:161} INFO - Processing /opt/conda/lib/python3.8/site-packages/airflow/example_dags/example_bash_operator.py took 0.065 seconds
[2025-02-14 14:33:59,613] {processor.py:153} INFO - Started process (PID=4403) to work on /opt/conda/lib/python3.8/site-packages/airflow/example_dags/example_bash_operator.py
[2025-02-14 14:33:59,614] {processor.py:641} INFO - Processing file /opt/conda/lib/python3.8/site-packages/airflow/example_dags/example_bash_operator.py for tasks to queue
[2025-02-14 14:33:59,615] {logging_mixin.py:115} INFO - [2025-02-14 14:33:59,615] {dagbag.py:508} INFO - Filling up the DagBag from /opt/conda/lib/python3.8/site-packages/airflow/example_dags/example_bash_operator.py
[2025-02-14 14:33:59,627] {processor.py:651} INFO - DAG(s) dict_keys(['example_bash_operator']) retrieved from /opt/conda/lib/python3.8/site-packages/airflow/example_dags/example_bash_operator.py
[2025-02-14 14:33:59,643] {logging_mixin.py:115} INFO - [2025-02-14 14:33:59,643] {dag.py:2420} INFO - Sync 1 DAGs
[2025-02-14 14:33:59,662] {logging_mixin.py:115} INFO - [2025-02-14 14:33:59,662] {dag.py:2968} INFO - Setting next_dagrun for example_bash_operator to 2025-02-13T00:00:00+00:00, run_after=2025-02-14T00:00:00+00:00
[2025-02-14 14:33:59,684] {processor.py:161} INFO - Processing /opt/conda/lib/python3.8/site-packages/airflow/example_dags/example_bash_operator.py took 0.074 seconds
[2025-02-14 14:34:33,269] {processor.py:153} INFO - Started process (PID=4450) to work on /opt/conda/lib/python3.8/site-packages/airflow/example_dags/example_bash_operator.py
[2025-02-14 14:34:33,270] {processor.py:641} INFO - Processing file /opt/conda/lib/python3.8/site-packages/airflow/example_dags/example_bash_operator.py for tasks to queue
[2025-02-14 14:34:33,271] {logging_mixin.py:115} INFO - [2025-02-14 14:34:33,271] {dagbag.py:508} INFO - Filling up the DagBag from /opt/conda/lib/python3.8/site-packages/airflow/example_dags/example_bash_operator.py
[2025-02-14 14:34:33,283] {processor.py:651} INFO - DAG(s) dict_keys(['example_bash_operator']) retrieved from /opt/conda/lib/python3.8/site-packages/airflow/example_dags/example_bash_operator.py
[2025-02-14 14:34:33,299] {logging_mixin.py:115} INFO - [2025-02-14 14:34:33,299] {dag.py:2420} INFO - Sync 1 DAGs
[2025-02-14 14:34:33,318] {logging_mixin.py:115} INFO - [2025-02-14 14:34:33,318] {dag.py:2968} INFO - Setting next_dagrun for example_bash_operator to 2025-02-13T00:00:00+00:00, run_after=2025-02-14T00:00:00+00:00
[2025-02-14 14:34:33,340] {processor.py:161} INFO - Processing /opt/conda/lib/python3.8/site-packages/airflow/example_dags/example_bash_operator.py took 0.073 seconds
[2025-02-14 14:35:09,484] {processor.py:153} INFO - Started process (PID=4501) to work on /opt/conda/lib/python3.8/site-packages/airflow/example_dags/example_bash_operator.py
[2025-02-14 14:35:09,485] {processor.py:641} INFO - Processing file /opt/conda/lib/python3.8/site-packages/airflow/example_dags/example_bash_operator.py for tasks to queue
[2025-02-14 14:35:09,486] {logging_mixin.py:115} INFO - [2025-02-14 14:35:09,485] {dagbag.py:508} INFO - Filling up the DagBag from /opt/conda/lib/python3.8/site-packages/airflow/example_dags/example_bash_operator.py
[2025-02-14 14:35:09,497] {processor.py:651} INFO - DAG(s) dict_keys(['example_bash_operator']) retrieved from /opt/conda/lib/python3.8/site-packages/airflow/example_dags/example_bash_operator.py
[2025-02-14 14:35:09,511] {logging_mixin.py:115} INFO - [2025-02-14 14:35:09,511] {dag.py:2420} INFO - Sync 1 DAGs
[2025-02-14 14:35:09,526] {logging_mixin.py:115} INFO - [2025-02-14 14:35:09,526] {dag.py:2968} INFO - Setting next_dagrun for example_bash_operator to 2025-02-13T00:00:00+00:00, run_after=2025-02-14T00:00:00+00:00
[2025-02-14 14:35:09,546] {processor.py:161} INFO - Processing /opt/conda/lib/python3.8/site-packages/airflow/example_dags/example_bash_operator.py took 0.065 seconds
[2025-02-14 14:35:47,217] {processor.py:153} INFO - Started process (PID=4553) to work on /opt/conda/lib/python3.8/site-packages/airflow/example_dags/example_bash_operator.py
[2025-02-14 14:35:47,219] {processor.py:641} INFO - Processing file /opt/conda/lib/python3.8/site-packages/airflow/example_dags/example_bash_operator.py for tasks to queue
[2025-02-14 14:35:47,219] {logging_mixin.py:115} INFO - [2025-02-14 14:35:47,219] {dagbag.py:508} INFO - Filling up the DagBag from /opt/conda/lib/python3.8/site-packages/airflow/example_dags/example_bash_operator.py
[2025-02-14 14:35:47,231] {processor.py:651} INFO - DAG(s) dict_keys(['example_bash_operator']) retrieved from /opt/conda/lib/python3.8/site-packages/airflow/example_dags/example_bash_operator.py
[2025-02-14 14:35:47,248] {logging_mixin.py:115} INFO - [2025-02-14 14:35:47,248] {dag.py:2420} INFO - Sync 1 DAGs
[2025-02-14 14:35:47,267] {logging_mixin.py:115} INFO - [2025-02-14 14:35:47,267] {dag.py:2968} INFO - Setting next_dagrun for example_bash_operator to 2025-02-13T00:00:00+00:00, run_after=2025-02-14T00:00:00+00:00
[2025-02-14 14:35:47,288] {processor.py:161} INFO - Processing /opt/conda/lib/python3.8/site-packages/airflow/example_dags/example_bash_operator.py took 0.074 seconds
[2025-02-14 14:36:32,352] {processor.py:153} INFO - Started process (PID=4609) to work on /opt/conda/lib/python3.8/site-packages/airflow/example_dags/example_bash_operator.py
[2025-02-14 14:36:32,354] {processor.py:641} INFO - Processing file /opt/conda/lib/python3.8/site-packages/airflow/example_dags/example_bash_operator.py for tasks to queue
[2025-02-14 14:36:32,354] {logging_mixin.py:115} INFO - [2025-02-14 14:36:32,354] {dagbag.py:508} INFO - Filling up the DagBag from /opt/conda/lib/python3.8/site-packages/airflow/example_dags/example_bash_operator.py
[2025-02-14 14:36:32,366] {processor.py:651} INFO - DAG(s) dict_keys(['example_bash_operator']) retrieved from /opt/conda/lib/python3.8/site-packages/airflow/example_dags/example_bash_operator.py
[2025-02-14 14:36:32,383] {logging_mixin.py:115} INFO - [2025-02-14 14:36:32,383] {dag.py:2420} INFO - Sync 1 DAGs
[2025-02-14 14:36:32,402] {logging_mixin.py:115} INFO - [2025-02-14 14:36:32,402] {dag.py:2968} INFO - Setting next_dagrun for example_bash_operator to 2025-02-13T00:00:00+00:00, run_after=2025-02-14T00:00:00+00:00
[2025-02-14 14:36:32,425] {processor.py:161} INFO - Processing /opt/conda/lib/python3.8/site-packages/airflow/example_dags/example_bash_operator.py took 0.076 seconds
[2025-02-14 14:37:08,769] {processor.py:153} INFO - Started process (PID=4660) to work on /opt/conda/lib/python3.8/site-packages/airflow/example_dags/example_bash_operator.py
[2025-02-14 14:37:08,770] {processor.py:641} INFO - Processing file /opt/conda/lib/python3.8/site-packages/airflow/example_dags/example_bash_operator.py for tasks to queue
[2025-02-14 14:37:08,771] {logging_mixin.py:115} INFO - [2025-02-14 14:37:08,771] {dagbag.py:508} INFO - Filling up the DagBag from /opt/conda/lib/python3.8/site-packages/airflow/example_dags/example_bash_operator.py
[2025-02-14 14:37:08,783] {processor.py:651} INFO - DAG(s) dict_keys(['example_bash_operator']) retrieved from /opt/conda/lib/python3.8/site-packages/airflow/example_dags/example_bash_operator.py
[2025-02-14 14:37:08,799] {logging_mixin.py:115} INFO - [2025-02-14 14:37:08,799] {dag.py:2420} INFO - Sync 1 DAGs
[2025-02-14 14:37:08,818] {logging_mixin.py:115} INFO - [2025-02-14 14:37:08,818] {dag.py:2968} INFO - Setting next_dagrun for example_bash_operator to 2025-02-13T00:00:00+00:00, run_after=2025-02-14T00:00:00+00:00
[2025-02-14 14:37:08,841] {processor.py:161} INFO - Processing /opt/conda/lib/python3.8/site-packages/airflow/example_dags/example_bash_operator.py took 0.074 seconds
[2025-02-14 14:42:08,325] {processor.py:153} INFO - Started process (PID=4763) to work on /opt/conda/lib/python3.8/site-packages/airflow/example_dags/example_bash_operator.py
[2025-02-14 14:42:08,327] {processor.py:641} INFO - Processing file /opt/conda/lib/python3.8/site-packages/airflow/example_dags/example_bash_operator.py for tasks to queue
[2025-02-14 14:42:08,327] {logging_mixin.py:115} INFO - [2025-02-14 14:42:08,327] {dagbag.py:508} INFO - Filling up the DagBag from /opt/conda/lib/python3.8/site-packages/airflow/example_dags/example_bash_operator.py
[2025-02-14 14:42:08,474] {processor.py:651} INFO - DAG(s) dict_keys(['example_bash_operator']) retrieved from /opt/conda/lib/python3.8/site-packages/airflow/example_dags/example_bash_operator.py
[2025-02-14 14:42:08,484] {logging_mixin.py:115} INFO - [2025-02-14 14:42:08,484] {dag.py:2420} INFO - Sync 1 DAGs
[2025-02-14 14:42:08,497] {logging_mixin.py:115} INFO - [2025-02-14 14:42:08,497] {dag.py:2968} INFO - Setting next_dagrun for example_bash_operator to 2025-02-13T00:00:00+00:00, run_after=2025-02-14T00:00:00+00:00
[2025-02-14 14:42:08,524] {processor.py:161} INFO - Processing /opt/conda/lib/python3.8/site-packages/airflow/example_dags/example_bash_operator.py took 0.202 seconds
[2025-02-14 14:42:53,518] {processor.py:153} INFO - Started process (PID=4855) to work on /opt/conda/lib/python3.8/site-packages/airflow/example_dags/example_bash_operator.py
[2025-02-14 14:42:53,519] {processor.py:641} INFO - Processing file /opt/conda/lib/python3.8/site-packages/airflow/example_dags/example_bash_operator.py for tasks to queue
[2025-02-14 14:42:53,520] {logging_mixin.py:115} INFO - [2025-02-14 14:42:53,520] {dagbag.py:508} INFO - Filling up the DagBag from /opt/conda/lib/python3.8/site-packages/airflow/example_dags/example_bash_operator.py
[2025-02-14 14:42:53,652] {processor.py:651} INFO - DAG(s) dict_keys(['example_bash_operator']) retrieved from /opt/conda/lib/python3.8/site-packages/airflow/example_dags/example_bash_operator.py
[2025-02-14 14:42:53,662] {logging_mixin.py:115} INFO - [2025-02-14 14:42:53,662] {dag.py:2420} INFO - Sync 1 DAGs
[2025-02-14 14:42:53,675] {logging_mixin.py:115} INFO - [2025-02-14 14:42:53,675] {dag.py:2968} INFO - Setting next_dagrun for example_bash_operator to 2025-02-13T00:00:00+00:00, run_after=2025-02-14T00:00:00+00:00
[2025-02-14 14:42:53,700] {processor.py:161} INFO - Processing /opt/conda/lib/python3.8/site-packages/airflow/example_dags/example_bash_operator.py took 0.185 seconds
[2025-02-14 17:09:29,842] {processor.py:153} INFO - Started process (PID=6354) to work on /opt/conda/lib/python3.8/site-packages/airflow/example_dags/example_bash_operator.py
[2025-02-14 17:09:29,843] {processor.py:641} INFO - Processing file /opt/conda/lib/python3.8/site-packages/airflow/example_dags/example_bash_operator.py for tasks to queue
[2025-02-14 17:09:29,844] {logging_mixin.py:115} INFO - [2025-02-14 17:09:29,844] {dagbag.py:508} INFO - Filling up the DagBag from /opt/conda/lib/python3.8/site-packages/airflow/example_dags/example_bash_operator.py
[2025-02-14 17:09:29,998] {processor.py:651} INFO - DAG(s) dict_keys(['example_bash_operator']) retrieved from /opt/conda/lib/python3.8/site-packages/airflow/example_dags/example_bash_operator.py
[2025-02-14 17:09:30,008] {logging_mixin.py:115} INFO - [2025-02-14 17:09:30,007] {dag.py:2420} INFO - Sync 1 DAGs
[2025-02-14 17:09:30,020] {logging_mixin.py:115} INFO - [2025-02-14 17:09:30,020] {dag.py:2968} INFO - Setting next_dagrun for example_bash_operator to 2025-02-13T00:00:00+00:00, run_after=2025-02-14T00:00:00+00:00
[2025-02-14 17:09:30,038] {processor.py:161} INFO - Processing /opt/conda/lib/python3.8/site-packages/airflow/example_dags/example_bash_operator.py took 0.199 seconds
[2025-02-14 17:10:53,874] {processor.py:153} INFO - Started process (PID=6500) to work on /opt/conda/lib/python3.8/site-packages/airflow/example_dags/example_bash_operator.py
[2025-02-14 17:10:53,875] {processor.py:641} INFO - Processing file /opt/conda/lib/python3.8/site-packages/airflow/example_dags/example_bash_operator.py for tasks to queue
[2025-02-14 17:10:53,876] {logging_mixin.py:115} INFO - [2025-02-14 17:10:53,876] {dagbag.py:508} INFO - Filling up the DagBag from /opt/conda/lib/python3.8/site-packages/airflow/example_dags/example_bash_operator.py
[2025-02-14 17:10:54,077] {processor.py:651} INFO - DAG(s) dict_keys(['example_bash_operator']) retrieved from /opt/conda/lib/python3.8/site-packages/airflow/example_dags/example_bash_operator.py
[2025-02-14 17:10:54,093] {logging_mixin.py:115} INFO - [2025-02-14 17:10:54,092] {dag.py:2420} INFO - Sync 1 DAGs
[2025-02-14 17:10:54,113] {logging_mixin.py:115} INFO - [2025-02-14 17:10:54,113] {dag.py:2968} INFO - Setting next_dagrun for example_bash_operator to 2025-02-13T00:00:00+00:00, run_after=2025-02-14T00:00:00+00:00
[2025-02-14 17:10:54,141] {processor.py:161} INFO - Processing /opt/conda/lib/python3.8/site-packages/airflow/example_dags/example_bash_operator.py took 0.271 seconds
[2025-02-14 17:11:46,129] {processor.py:153} INFO - Started process (PID=6573) to work on /opt/conda/lib/python3.8/site-packages/airflow/example_dags/example_bash_operator.py
[2025-02-14 17:11:46,131] {processor.py:641} INFO - Processing file /opt/conda/lib/python3.8/site-packages/airflow/example_dags/example_bash_operator.py for tasks to queue
[2025-02-14 17:11:46,131] {logging_mixin.py:115} INFO - [2025-02-14 17:11:46,131] {dagbag.py:508} INFO - Filling up the DagBag from /opt/conda/lib/python3.8/site-packages/airflow/example_dags/example_bash_operator.py
[2025-02-14 17:11:46,329] {processor.py:651} INFO - DAG(s) dict_keys(['example_bash_operator']) retrieved from /opt/conda/lib/python3.8/site-packages/airflow/example_dags/example_bash_operator.py
[2025-02-14 17:11:46,344] {logging_mixin.py:115} INFO - [2025-02-14 17:11:46,344] {dag.py:2420} INFO - Sync 1 DAGs
[2025-02-14 17:11:46,364] {logging_mixin.py:115} INFO - [2025-02-14 17:11:46,364] {dag.py:2968} INFO - Setting next_dagrun for example_bash_operator to 2025-02-13T00:00:00+00:00, run_after=2025-02-14T00:00:00+00:00
[2025-02-14 17:11:46,392] {processor.py:161} INFO - Processing /opt/conda/lib/python3.8/site-packages/airflow/example_dags/example_bash_operator.py took 0.266 seconds
[2025-02-14 17:12:42,223] {processor.py:153} INFO - Started process (PID=6646) to work on /opt/conda/lib/python3.8/site-packages/airflow/example_dags/example_bash_operator.py
[2025-02-14 17:12:42,225] {processor.py:641} INFO - Processing file /opt/conda/lib/python3.8/site-packages/airflow/example_dags/example_bash_operator.py for tasks to queue
[2025-02-14 17:12:42,225] {logging_mixin.py:115} INFO - [2025-02-14 17:12:42,225] {dagbag.py:508} INFO - Filling up the DagBag from /opt/conda/lib/python3.8/site-packages/airflow/example_dags/example_bash_operator.py
[2025-02-14 17:12:42,425] {processor.py:651} INFO - DAG(s) dict_keys(['example_bash_operator']) retrieved from /opt/conda/lib/python3.8/site-packages/airflow/example_dags/example_bash_operator.py
[2025-02-14 17:12:42,440] {logging_mixin.py:115} INFO - [2025-02-14 17:12:42,440] {dag.py:2420} INFO - Sync 1 DAGs
[2025-02-14 17:12:42,461] {logging_mixin.py:115} INFO - [2025-02-14 17:12:42,460] {dag.py:2968} INFO - Setting next_dagrun for example_bash_operator to 2025-02-13T00:00:00+00:00, run_after=2025-02-14T00:00:00+00:00
[2025-02-14 17:12:42,483] {processor.py:161} INFO - Processing /opt/conda/lib/python3.8/site-packages/airflow/example_dags/example_bash_operator.py took 0.263 seconds
[2025-02-14 17:13:34,273] {processor.py:153} INFO - Started process (PID=6716) to work on /opt/conda/lib/python3.8/site-packages/airflow/example_dags/example_bash_operator.py
[2025-02-14 17:13:34,275] {processor.py:641} INFO - Processing file /opt/conda/lib/python3.8/site-packages/airflow/example_dags/example_bash_operator.py for tasks to queue
[2025-02-14 17:13:34,275] {logging_mixin.py:115} INFO - [2025-02-14 17:13:34,275] {dagbag.py:508} INFO - Filling up the DagBag from /opt/conda/lib/python3.8/site-packages/airflow/example_dags/example_bash_operator.py
[2025-02-14 17:13:34,473] {processor.py:651} INFO - DAG(s) dict_keys(['example_bash_operator']) retrieved from /opt/conda/lib/python3.8/site-packages/airflow/example_dags/example_bash_operator.py
[2025-02-14 17:13:34,488] {logging_mixin.py:115} INFO - [2025-02-14 17:13:34,488] {dag.py:2420} INFO - Sync 1 DAGs
[2025-02-14 17:13:34,508] {logging_mixin.py:115} INFO - [2025-02-14 17:13:34,508] {dag.py:2968} INFO - Setting next_dagrun for example_bash_operator to 2025-02-13T00:00:00+00:00, run_after=2025-02-14T00:00:00+00:00
[2025-02-14 17:13:34,530] {processor.py:161} INFO - Processing /opt/conda/lib/python3.8/site-packages/airflow/example_dags/example_bash_operator.py took 0.260 seconds
[2025-02-14 17:14:22,468] {processor.py:153} INFO - Started process (PID=6786) to work on /opt/conda/lib/python3.8/site-packages/airflow/example_dags/example_bash_operator.py
[2025-02-14 17:14:22,469] {processor.py:641} INFO - Processing file /opt/conda/lib/python3.8/site-packages/airflow/example_dags/example_bash_operator.py for tasks to queue
[2025-02-14 17:14:22,470] {logging_mixin.py:115} INFO - [2025-02-14 17:14:22,470] {dagbag.py:508} INFO - Filling up the DagBag from /opt/conda/lib/python3.8/site-packages/airflow/example_dags/example_bash_operator.py
[2025-02-14 17:14:22,484] {processor.py:651} INFO - DAG(s) dict_keys(['example_bash_operator']) retrieved from /opt/conda/lib/python3.8/site-packages/airflow/example_dags/example_bash_operator.py
[2025-02-14 17:14:22,503] {logging_mixin.py:115} INFO - [2025-02-14 17:14:22,503] {dag.py:2420} INFO - Sync 1 DAGs
[2025-02-14 17:14:22,525] {logging_mixin.py:115} INFO - [2025-02-14 17:14:22,525] {dag.py:2968} INFO - Setting next_dagrun for example_bash_operator to 2025-02-13T00:00:00+00:00, run_after=2025-02-14T00:00:00+00:00
[2025-02-14 17:14:22,548] {processor.py:161} INFO - Processing /opt/conda/lib/python3.8/site-packages/airflow/example_dags/example_bash_operator.py took 0.084 seconds
[2025-02-14 17:15:05,677] {processor.py:153} INFO - Started process (PID=6855) to work on /opt/conda/lib/python3.8/site-packages/airflow/example_dags/example_bash_operator.py
[2025-02-14 17:15:05,679] {processor.py:641} INFO - Processing file /opt/conda/lib/python3.8/site-packages/airflow/example_dags/example_bash_operator.py for tasks to queue
[2025-02-14 17:15:05,679] {logging_mixin.py:115} INFO - [2025-02-14 17:15:05,679] {dagbag.py:508} INFO - Filling up the DagBag from /opt/conda/lib/python3.8/site-packages/airflow/example_dags/example_bash_operator.py
[2025-02-14 17:15:05,693] {processor.py:651} INFO - DAG(s) dict_keys(['example_bash_operator']) retrieved from /opt/conda/lib/python3.8/site-packages/airflow/example_dags/example_bash_operator.py
[2025-02-14 17:15:05,712] {logging_mixin.py:115} INFO - [2025-02-14 17:15:05,712] {dag.py:2420} INFO - Sync 1 DAGs
[2025-02-14 17:15:05,734] {logging_mixin.py:115} INFO - [2025-02-14 17:15:05,734] {dag.py:2968} INFO - Setting next_dagrun for example_bash_operator to 2025-02-13T00:00:00+00:00, run_after=2025-02-14T00:00:00+00:00
[2025-02-14 17:15:05,759] {processor.py:161} INFO - Processing /opt/conda/lib/python3.8/site-packages/airflow/example_dags/example_bash_operator.py took 0.085 seconds
[2025-02-14 17:15:52,193] {processor.py:153} INFO - Started process (PID=6928) to work on /opt/conda/lib/python3.8/site-packages/airflow/example_dags/example_bash_operator.py
[2025-02-14 17:15:52,195] {processor.py:641} INFO - Processing file /opt/conda/lib/python3.8/site-packages/airflow/example_dags/example_bash_operator.py for tasks to queue
[2025-02-14 17:15:52,196] {logging_mixin.py:115} INFO - [2025-02-14 17:15:52,196] {dagbag.py:508} INFO - Filling up the DagBag from /opt/conda/lib/python3.8/site-packages/airflow/example_dags/example_bash_operator.py
[2025-02-14 17:15:52,209] {processor.py:651} INFO - DAG(s) dict_keys(['example_bash_operator']) retrieved from /opt/conda/lib/python3.8/site-packages/airflow/example_dags/example_bash_operator.py
[2025-02-14 17:15:52,229] {logging_mixin.py:115} INFO - [2025-02-14 17:15:52,229] {dag.py:2420} INFO - Sync 1 DAGs
[2025-02-14 17:15:52,251] {logging_mixin.py:115} INFO - [2025-02-14 17:15:52,251] {dag.py:2968} INFO - Setting next_dagrun for example_bash_operator to 2025-02-13T00:00:00+00:00, run_after=2025-02-14T00:00:00+00:00
[2025-02-14 17:15:52,298] {processor.py:161} INFO - Processing /opt/conda/lib/python3.8/site-packages/airflow/example_dags/example_bash_operator.py took 0.108 seconds
[2025-02-14 17:16:36,201] {processor.py:153} INFO - Started process (PID=7169) to work on /opt/conda/lib/python3.8/site-packages/airflow/example_dags/example_bash_operator.py
[2025-02-14 17:16:36,203] {processor.py:641} INFO - Processing file /opt/conda/lib/python3.8/site-packages/airflow/example_dags/example_bash_operator.py for tasks to queue
[2025-02-14 17:16:36,203] {logging_mixin.py:115} INFO - [2025-02-14 17:16:36,203] {dagbag.py:508} INFO - Filling up the DagBag from /opt/conda/lib/python3.8/site-packages/airflow/example_dags/example_bash_operator.py
[2025-02-14 17:16:36,216] {processor.py:651} INFO - DAG(s) dict_keys(['example_bash_operator']) retrieved from /opt/conda/lib/python3.8/site-packages/airflow/example_dags/example_bash_operator.py
[2025-02-14 17:16:36,230] {logging_mixin.py:115} INFO - [2025-02-14 17:16:36,230] {dag.py:2420} INFO - Sync 1 DAGs
[2025-02-14 17:16:36,245] {logging_mixin.py:115} INFO - [2025-02-14 17:16:36,245] {dag.py:2968} INFO - Setting next_dagrun for example_bash_operator to 2025-02-13T00:00:00+00:00, run_after=2025-02-14T00:00:00+00:00
[2025-02-14 17:16:36,264] {processor.py:161} INFO - Processing /opt/conda/lib/python3.8/site-packages/airflow/example_dags/example_bash_operator.py took 0.066 seconds
[2025-02-14 18:18:01,342] {processor.py:153} INFO - Started process (PID=7895) to work on /opt/conda/lib/python3.8/site-packages/airflow/example_dags/example_bash_operator.py
[2025-02-14 18:18:01,344] {processor.py:641} INFO - Processing file /opt/conda/lib/python3.8/site-packages/airflow/example_dags/example_bash_operator.py for tasks to queue
[2025-02-14 18:18:01,344] {logging_mixin.py:115} INFO - [2025-02-14 18:18:01,344] {dagbag.py:508} INFO - Filling up the DagBag from /opt/conda/lib/python3.8/site-packages/airflow/example_dags/example_bash_operator.py
[2025-02-14 18:18:01,544] {processor.py:651} INFO - DAG(s) dict_keys(['example_bash_operator']) retrieved from /opt/conda/lib/python3.8/site-packages/airflow/example_dags/example_bash_operator.py
[2025-02-14 18:18:01,560] {logging_mixin.py:115} INFO - [2025-02-14 18:18:01,560] {dag.py:2420} INFO - Sync 1 DAGs
[2025-02-14 18:18:01,580] {logging_mixin.py:115} INFO - [2025-02-14 18:18:01,579] {dag.py:2968} INFO - Setting next_dagrun for example_bash_operator to 2025-02-13T00:00:00+00:00, run_after=2025-02-14T00:00:00+00:00
[2025-02-14 18:18:01,603] {processor.py:161} INFO - Processing /opt/conda/lib/python3.8/site-packages/airflow/example_dags/example_bash_operator.py took 0.264 seconds
[2025-02-14 18:19:19,704] {processor.py:153} INFO - Started process (PID=8035) to work on /opt/conda/lib/python3.8/site-packages/airflow/example_dags/example_bash_operator.py
[2025-02-14 18:19:19,706] {processor.py:641} INFO - Processing file /opt/conda/lib/python3.8/site-packages/airflow/example_dags/example_bash_operator.py for tasks to queue
[2025-02-14 18:19:19,707] {logging_mixin.py:115} INFO - [2025-02-14 18:19:19,707] {dagbag.py:508} INFO - Filling up the DagBag from /opt/conda/lib/python3.8/site-packages/airflow/example_dags/example_bash_operator.py
[2025-02-14 18:19:19,898] {processor.py:651} INFO - DAG(s) dict_keys(['example_bash_operator']) retrieved from /opt/conda/lib/python3.8/site-packages/airflow/example_dags/example_bash_operator.py
[2025-02-14 18:19:19,914] {logging_mixin.py:115} INFO - [2025-02-14 18:19:19,914] {dag.py:2420} INFO - Sync 1 DAGs
[2025-02-14 18:19:19,934] {logging_mixin.py:115} INFO - [2025-02-14 18:19:19,934] {dag.py:2968} INFO - Setting next_dagrun for example_bash_operator to 2025-02-13T00:00:00+00:00, run_after=2025-02-14T00:00:00+00:00
[2025-02-14 18:19:19,959] {processor.py:161} INFO - Processing /opt/conda/lib/python3.8/site-packages/airflow/example_dags/example_bash_operator.py took 0.258 seconds
[2025-02-14 18:20:30,716] {processor.py:153} INFO - Started process (PID=8157) to work on /opt/conda/lib/python3.8/site-packages/airflow/example_dags/example_bash_operator.py
[2025-02-14 18:20:30,718] {processor.py:641} INFO - Processing file /opt/conda/lib/python3.8/site-packages/airflow/example_dags/example_bash_operator.py for tasks to queue
[2025-02-14 18:20:30,719] {logging_mixin.py:115} INFO - [2025-02-14 18:20:30,719] {dagbag.py:508} INFO - Filling up the DagBag from /opt/conda/lib/python3.8/site-packages/airflow/example_dags/example_bash_operator.py
[2025-02-14 18:20:30,913] {processor.py:651} INFO - DAG(s) dict_keys(['example_bash_operator']) retrieved from /opt/conda/lib/python3.8/site-packages/airflow/example_dags/example_bash_operator.py
[2025-02-14 18:20:30,928] {logging_mixin.py:115} INFO - [2025-02-14 18:20:30,928] {dag.py:2420} INFO - Sync 1 DAGs
[2025-02-14 18:20:30,948] {logging_mixin.py:115} INFO - [2025-02-14 18:20:30,948] {dag.py:2968} INFO - Setting next_dagrun for example_bash_operator to 2025-02-13T00:00:00+00:00, run_after=2025-02-14T00:00:00+00:00
[2025-02-14 18:20:30,971] {processor.py:161} INFO - Processing /opt/conda/lib/python3.8/site-packages/airflow/example_dags/example_bash_operator.py took 0.258 seconds
[2025-02-14 18:21:46,766] {processor.py:153} INFO - Started process (PID=8292) to work on /opt/conda/lib/python3.8/site-packages/airflow/example_dags/example_bash_operator.py
[2025-02-14 18:21:46,768] {processor.py:641} INFO - Processing file /opt/conda/lib/python3.8/site-packages/airflow/example_dags/example_bash_operator.py for tasks to queue
[2025-02-14 18:21:46,769] {logging_mixin.py:115} INFO - [2025-02-14 18:21:46,769] {dagbag.py:508} INFO - Filling up the DagBag from /opt/conda/lib/python3.8/site-packages/airflow/example_dags/example_bash_operator.py
[2025-02-14 18:21:46,783] {processor.py:651} INFO - DAG(s) dict_keys(['example_bash_operator']) retrieved from /opt/conda/lib/python3.8/site-packages/airflow/example_dags/example_bash_operator.py
[2025-02-14 18:21:46,803] {logging_mixin.py:115} INFO - [2025-02-14 18:21:46,802] {dag.py:2420} INFO - Sync 1 DAGs
[2025-02-14 18:21:46,825] {logging_mixin.py:115} INFO - [2025-02-14 18:21:46,825] {dag.py:2968} INFO - Setting next_dagrun for example_bash_operator to 2025-02-13T00:00:00+00:00, run_after=2025-02-14T00:00:00+00:00
[2025-02-14 18:21:46,850] {processor.py:161} INFO - Processing /opt/conda/lib/python3.8/site-packages/airflow/example_dags/example_bash_operator.py took 0.087 seconds
[2025-02-14 18:22:48,693] {processor.py:153} INFO - Started process (PID=8407) to work on /opt/conda/lib/python3.8/site-packages/airflow/example_dags/example_bash_operator.py
[2025-02-14 18:22:48,695] {processor.py:641} INFO - Processing file /opt/conda/lib/python3.8/site-packages/airflow/example_dags/example_bash_operator.py for tasks to queue
[2025-02-14 18:22:48,695] {logging_mixin.py:115} INFO - [2025-02-14 18:22:48,695] {dagbag.py:508} INFO - Filling up the DagBag from /opt/conda/lib/python3.8/site-packages/airflow/example_dags/example_bash_operator.py
[2025-02-14 18:22:48,709] {processor.py:651} INFO - DAG(s) dict_keys(['example_bash_operator']) retrieved from /opt/conda/lib/python3.8/site-packages/airflow/example_dags/example_bash_operator.py
[2025-02-14 18:22:48,729] {logging_mixin.py:115} INFO - [2025-02-14 18:22:48,729] {dag.py:2420} INFO - Sync 1 DAGs
[2025-02-14 18:22:48,752] {logging_mixin.py:115} INFO - [2025-02-14 18:22:48,752] {dag.py:2968} INFO - Setting next_dagrun for example_bash_operator to 2025-02-13T00:00:00+00:00, run_after=2025-02-14T00:00:00+00:00
[2025-02-14 18:22:48,776] {processor.py:161} INFO - Processing /opt/conda/lib/python3.8/site-packages/airflow/example_dags/example_bash_operator.py took 0.087 seconds
[2025-02-14 18:23:53,037] {processor.py:153} INFO - Started process (PID=8535) to work on /opt/conda/lib/python3.8/site-packages/airflow/example_dags/example_bash_operator.py
[2025-02-14 18:23:53,039] {processor.py:641} INFO - Processing file /opt/conda/lib/python3.8/site-packages/airflow/example_dags/example_bash_operator.py for tasks to queue
[2025-02-14 18:23:53,040] {logging_mixin.py:115} INFO - [2025-02-14 18:23:53,039] {dagbag.py:508} INFO - Filling up the DagBag from /opt/conda/lib/python3.8/site-packages/airflow/example_dags/example_bash_operator.py
[2025-02-14 18:23:53,052] {processor.py:651} INFO - DAG(s) dict_keys(['example_bash_operator']) retrieved from /opt/conda/lib/python3.8/site-packages/airflow/example_dags/example_bash_operator.py
[2025-02-14 18:23:53,069] {logging_mixin.py:115} INFO - [2025-02-14 18:23:53,069] {dag.py:2420} INFO - Sync 1 DAGs
[2025-02-14 18:23:53,085] {logging_mixin.py:115} INFO - [2025-02-14 18:23:53,085] {dag.py:2968} INFO - Setting next_dagrun for example_bash_operator to 2025-02-13T00:00:00+00:00, run_after=2025-02-14T00:00:00+00:00
[2025-02-14 18:23:53,105] {processor.py:161} INFO - Processing /opt/conda/lib/python3.8/site-packages/airflow/example_dags/example_bash_operator.py took 0.072 seconds
[2025-02-14 18:30:13,570] {processor.py:153} INFO - Started process (PID=8775) to work on /opt/conda/lib/python3.8/site-packages/airflow/example_dags/example_bash_operator.py
[2025-02-14 18:30:13,571] {processor.py:641} INFO - Processing file /opt/conda/lib/python3.8/site-packages/airflow/example_dags/example_bash_operator.py for tasks to queue
[2025-02-14 18:30:13,572] {logging_mixin.py:115} INFO - [2025-02-14 18:30:13,572] {dagbag.py:508} INFO - Filling up the DagBag from /opt/conda/lib/python3.8/site-packages/airflow/example_dags/example_bash_operator.py
[2025-02-14 18:30:13,713] {processor.py:651} INFO - DAG(s) dict_keys(['example_bash_operator']) retrieved from /opt/conda/lib/python3.8/site-packages/airflow/example_dags/example_bash_operator.py
[2025-02-14 18:30:13,726] {logging_mixin.py:115} INFO - [2025-02-14 18:30:13,726] {dag.py:2420} INFO - Sync 1 DAGs
[2025-02-14 18:30:13,742] {logging_mixin.py:115} INFO - [2025-02-14 18:30:13,742] {dag.py:2968} INFO - Setting next_dagrun for example_bash_operator to 2025-02-13T00:00:00+00:00, run_after=2025-02-14T00:00:00+00:00
[2025-02-14 18:30:13,764] {processor.py:161} INFO - Processing /opt/conda/lib/python3.8/site-packages/airflow/example_dags/example_bash_operator.py took 0.197 seconds
[2025-02-14 18:31:57,637] {processor.py:153} INFO - Started process (PID=9079) to work on /opt/conda/lib/python3.8/site-packages/airflow/example_dags/example_bash_operator.py
[2025-02-14 18:31:57,638] {processor.py:641} INFO - Processing file /opt/conda/lib/python3.8/site-packages/airflow/example_dags/example_bash_operator.py for tasks to queue
[2025-02-14 18:31:57,639] {logging_mixin.py:115} INFO - [2025-02-14 18:31:57,639] {dagbag.py:508} INFO - Filling up the DagBag from /opt/conda/lib/python3.8/site-packages/airflow/example_dags/example_bash_operator.py
[2025-02-14 18:31:57,763] {processor.py:651} INFO - DAG(s) dict_keys(['example_bash_operator']) retrieved from /opt/conda/lib/python3.8/site-packages/airflow/example_dags/example_bash_operator.py
[2025-02-14 18:31:57,773] {logging_mixin.py:115} INFO - [2025-02-14 18:31:57,772] {dag.py:2420} INFO - Sync 1 DAGs
[2025-02-14 18:31:57,785] {logging_mixin.py:115} INFO - [2025-02-14 18:31:57,785] {dag.py:2968} INFO - Setting next_dagrun for example_bash_operator to 2025-02-13T00:00:00+00:00, run_after=2025-02-14T00:00:00+00:00
[2025-02-14 18:31:57,819] {processor.py:161} INFO - Processing /opt/conda/lib/python3.8/site-packages/airflow/example_dags/example_bash_operator.py took 0.185 seconds
[2025-02-14 18:33:43,426] {processor.py:153} INFO - Started process (PID=9400) to work on /opt/conda/lib/python3.8/site-packages/airflow/example_dags/example_bash_operator.py
[2025-02-14 18:33:43,428] {processor.py:641} INFO - Processing file /opt/conda/lib/python3.8/site-packages/airflow/example_dags/example_bash_operator.py for tasks to queue
[2025-02-14 18:33:43,428] {logging_mixin.py:115} INFO - [2025-02-14 18:33:43,428] {dagbag.py:508} INFO - Filling up the DagBag from /opt/conda/lib/python3.8/site-packages/airflow/example_dags/example_bash_operator.py
[2025-02-14 18:33:43,562] {processor.py:651} INFO - DAG(s) dict_keys(['example_bash_operator']) retrieved from /opt/conda/lib/python3.8/site-packages/airflow/example_dags/example_bash_operator.py
[2025-02-14 18:33:43,570] {logging_mixin.py:115} INFO - [2025-02-14 18:33:43,570] {dag.py:2420} INFO - Sync 1 DAGs
[2025-02-14 18:33:43,582] {logging_mixin.py:115} INFO - [2025-02-14 18:33:43,582] {dag.py:2968} INFO - Setting next_dagrun for example_bash_operator to 2025-02-13T00:00:00+00:00, run_after=2025-02-14T00:00:00+00:00
[2025-02-14 18:33:43,603] {processor.py:161} INFO - Processing /opt/conda/lib/python3.8/site-packages/airflow/example_dags/example_bash_operator.py took 0.180 seconds
[2025-02-14 18:34:48,481] {processor.py:153} INFO - Started process (PID=9523) to work on /opt/conda/lib/python3.8/site-packages/airflow/example_dags/example_bash_operator.py
[2025-02-14 18:34:48,483] {processor.py:641} INFO - Processing file /opt/conda/lib/python3.8/site-packages/airflow/example_dags/example_bash_operator.py for tasks to queue
[2025-02-14 18:34:48,483] {logging_mixin.py:115} INFO - [2025-02-14 18:34:48,483] {dagbag.py:508} INFO - Filling up the DagBag from /opt/conda/lib/python3.8/site-packages/airflow/example_dags/example_bash_operator.py
[2025-02-14 18:34:48,495] {processor.py:651} INFO - DAG(s) dict_keys(['example_bash_operator']) retrieved from /opt/conda/lib/python3.8/site-packages/airflow/example_dags/example_bash_operator.py
[2025-02-14 18:34:48,511] {logging_mixin.py:115} INFO - [2025-02-14 18:34:48,511] {dag.py:2420} INFO - Sync 1 DAGs
[2025-02-14 18:34:48,528] {logging_mixin.py:115} INFO - [2025-02-14 18:34:48,528] {dag.py:2968} INFO - Setting next_dagrun for example_bash_operator to 2025-02-13T00:00:00+00:00, run_after=2025-02-14T00:00:00+00:00
[2025-02-14 18:34:48,548] {processor.py:161} INFO - Processing /opt/conda/lib/python3.8/site-packages/airflow/example_dags/example_bash_operator.py took 0.069 seconds
[2025-02-14 18:35:48,037] {processor.py:153} INFO - Started process (PID=9819) to work on /opt/conda/lib/python3.8/site-packages/airflow/example_dags/example_bash_operator.py
[2025-02-14 18:35:48,039] {processor.py:641} INFO - Processing file /opt/conda/lib/python3.8/site-packages/airflow/example_dags/example_bash_operator.py for tasks to queue
[2025-02-14 18:35:48,039] {logging_mixin.py:115} INFO - [2025-02-14 18:35:48,039] {dagbag.py:508} INFO - Filling up the DagBag from /opt/conda/lib/python3.8/site-packages/airflow/example_dags/example_bash_operator.py
[2025-02-14 18:35:48,051] {processor.py:651} INFO - DAG(s) dict_keys(['example_bash_operator']) retrieved from /opt/conda/lib/python3.8/site-packages/airflow/example_dags/example_bash_operator.py
[2025-02-14 18:35:48,067] {logging_mixin.py:115} INFO - [2025-02-14 18:35:48,067] {dag.py:2420} INFO - Sync 1 DAGs
[2025-02-14 18:35:48,086] {logging_mixin.py:115} INFO - [2025-02-14 18:35:48,085] {dag.py:2968} INFO - Setting next_dagrun for example_bash_operator to 2025-02-13T00:00:00+00:00, run_after=2025-02-14T00:00:00+00:00
[2025-02-14 18:35:48,125] {processor.py:161} INFO - Processing /opt/conda/lib/python3.8/site-packages/airflow/example_dags/example_bash_operator.py took 0.091 seconds
[2025-02-14 18:36:56,212] {processor.py:153} INFO - Started process (PID=10018) to work on /opt/conda/lib/python3.8/site-packages/airflow/example_dags/example_bash_operator.py
[2025-02-14 18:36:56,214] {processor.py:641} INFO - Processing file /opt/conda/lib/python3.8/site-packages/airflow/example_dags/example_bash_operator.py for tasks to queue
[2025-02-14 18:36:56,214] {logging_mixin.py:115} INFO - [2025-02-14 18:36:56,214] {dagbag.py:508} INFO - Filling up the DagBag from /opt/conda/lib/python3.8/site-packages/airflow/example_dags/example_bash_operator.py
[2025-02-14 18:36:56,226] {processor.py:651} INFO - DAG(s) dict_keys(['example_bash_operator']) retrieved from /opt/conda/lib/python3.8/site-packages/airflow/example_dags/example_bash_operator.py
[2025-02-14 18:36:56,242] {logging_mixin.py:115} INFO - [2025-02-14 18:36:56,242] {dag.py:2420} INFO - Sync 1 DAGs
[2025-02-14 18:36:56,261] {logging_mixin.py:115} INFO - [2025-02-14 18:36:56,261] {dag.py:2968} INFO - Setting next_dagrun for example_bash_operator to 2025-02-13T00:00:00+00:00, run_after=2025-02-14T00:00:00+00:00
[2025-02-14 18:36:56,283] {processor.py:161} INFO - Processing /opt/conda/lib/python3.8/site-packages/airflow/example_dags/example_bash_operator.py took 0.074 seconds
[2025-02-14 18:40:12,069] {processor.py:153} INFO - Started process (PID=981) to work on /opt/conda/lib/python3.8/site-packages/airflow/example_dags/example_bash_operator.py
[2025-02-14 18:40:12,071] {processor.py:641} INFO - Processing file /opt/conda/lib/python3.8/site-packages/airflow/example_dags/example_bash_operator.py for tasks to queue
[2025-02-14 18:40:12,072] {logging_mixin.py:115} INFO - [2025-02-14 18:40:12,071] {dagbag.py:508} INFO - Filling up the DagBag from /opt/conda/lib/python3.8/site-packages/airflow/example_dags/example_bash_operator.py
[2025-02-14 18:40:12,205] {processor.py:651} INFO - DAG(s) dict_keys(['example_bash_operator']) retrieved from /opt/conda/lib/python3.8/site-packages/airflow/example_dags/example_bash_operator.py
[2025-02-14 18:40:12,215] {logging_mixin.py:115} INFO - [2025-02-14 18:40:12,215] {dag.py:2420} INFO - Sync 1 DAGs
[2025-02-14 18:40:12,228] {logging_mixin.py:115} INFO - [2025-02-14 18:40:12,228] {dag.py:2968} INFO - Setting next_dagrun for example_bash_operator to 2025-02-13T00:00:00+00:00, run_after=2025-02-14T00:00:00+00:00
[2025-02-14 18:40:12,428] {processor.py:161} INFO - Processing /opt/conda/lib/python3.8/site-packages/airflow/example_dags/example_bash_operator.py took 0.362 seconds
[2025-02-14 18:41:14,265] {processor.py:153} INFO - Started process (PID=1093) to work on /opt/conda/lib/python3.8/site-packages/airflow/example_dags/example_bash_operator.py
[2025-02-14 18:41:14,267] {processor.py:641} INFO - Processing file /opt/conda/lib/python3.8/site-packages/airflow/example_dags/example_bash_operator.py for tasks to queue
[2025-02-14 18:41:14,268] {logging_mixin.py:115} INFO - [2025-02-14 18:41:14,268] {dagbag.py:508} INFO - Filling up the DagBag from /opt/conda/lib/python3.8/site-packages/airflow/example_dags/example_bash_operator.py
[2025-02-14 18:41:14,406] {processor.py:651} INFO - DAG(s) dict_keys(['example_bash_operator']) retrieved from /opt/conda/lib/python3.8/site-packages/airflow/example_dags/example_bash_operator.py
[2025-02-14 18:41:14,415] {logging_mixin.py:115} INFO - [2025-02-14 18:41:14,415] {dag.py:2420} INFO - Sync 1 DAGs
[2025-02-14 18:41:14,428] {logging_mixin.py:115} INFO - [2025-02-14 18:41:14,428] {dag.py:2968} INFO - Setting next_dagrun for example_bash_operator to 2025-02-13T00:00:00+00:00, run_after=2025-02-14T00:00:00+00:00
[2025-02-14 18:41:14,451] {processor.py:161} INFO - Processing /opt/conda/lib/python3.8/site-packages/airflow/example_dags/example_bash_operator.py took 0.189 seconds
[2025-02-14 18:42:16,620] {processor.py:153} INFO - Started process (PID=1205) to work on /opt/conda/lib/python3.8/site-packages/airflow/example_dags/example_bash_operator.py
[2025-02-14 18:42:16,622] {processor.py:641} INFO - Processing file /opt/conda/lib/python3.8/site-packages/airflow/example_dags/example_bash_operator.py for tasks to queue
[2025-02-14 18:42:16,623] {logging_mixin.py:115} INFO - [2025-02-14 18:42:16,623] {dagbag.py:508} INFO - Filling up the DagBag from /opt/conda/lib/python3.8/site-packages/airflow/example_dags/example_bash_operator.py
[2025-02-14 18:42:16,758] {processor.py:651} INFO - DAG(s) dict_keys(['example_bash_operator']) retrieved from /opt/conda/lib/python3.8/site-packages/airflow/example_dags/example_bash_operator.py
[2025-02-14 18:42:16,768] {logging_mixin.py:115} INFO - [2025-02-14 18:42:16,768] {dag.py:2420} INFO - Sync 1 DAGs
[2025-02-14 18:42:16,781] {logging_mixin.py:115} INFO - [2025-02-14 18:42:16,780] {dag.py:2968} INFO - Setting next_dagrun for example_bash_operator to 2025-02-13T00:00:00+00:00, run_after=2025-02-14T00:00:00+00:00
[2025-02-14 18:42:16,815] {processor.py:161} INFO - Processing /opt/conda/lib/python3.8/site-packages/airflow/example_dags/example_bash_operator.py took 0.198 seconds
[2025-02-14 18:43:29,720] {processor.py:153} INFO - Started process (PID=1336) to work on /opt/conda/lib/python3.8/site-packages/airflow/example_dags/example_bash_operator.py
[2025-02-14 18:43:29,722] {processor.py:641} INFO - Processing file /opt/conda/lib/python3.8/site-packages/airflow/example_dags/example_bash_operator.py for tasks to queue
[2025-02-14 18:43:29,722] {logging_mixin.py:115} INFO - [2025-02-14 18:43:29,722] {dagbag.py:508} INFO - Filling up the DagBag from /opt/conda/lib/python3.8/site-packages/airflow/example_dags/example_bash_operator.py
[2025-02-14 18:43:29,864] {processor.py:651} INFO - DAG(s) dict_keys(['example_bash_operator']) retrieved from /opt/conda/lib/python3.8/site-packages/airflow/example_dags/example_bash_operator.py
[2025-02-14 18:43:29,874] {logging_mixin.py:115} INFO - [2025-02-14 18:43:29,874] {dag.py:2420} INFO - Sync 1 DAGs
[2025-02-14 18:43:29,886] {logging_mixin.py:115} INFO - [2025-02-14 18:43:29,886] {dag.py:2968} INFO - Setting next_dagrun for example_bash_operator to 2025-02-13T00:00:00+00:00, run_after=2025-02-14T00:00:00+00:00
[2025-02-14 18:43:29,931] {processor.py:161} INFO - Processing /opt/conda/lib/python3.8/site-packages/airflow/example_dags/example_bash_operator.py took 0.214 seconds
[2025-02-14 18:44:29,453] {processor.py:153} INFO - Started process (PID=1450) to work on /opt/conda/lib/python3.8/site-packages/airflow/example_dags/example_bash_operator.py
[2025-02-14 18:44:29,455] {processor.py:641} INFO - Processing file /opt/conda/lib/python3.8/site-packages/airflow/example_dags/example_bash_operator.py for tasks to queue
[2025-02-14 18:44:29,455] {logging_mixin.py:115} INFO - [2025-02-14 18:44:29,455] {dagbag.py:508} INFO - Filling up the DagBag from /opt/conda/lib/python3.8/site-packages/airflow/example_dags/example_bash_operator.py
[2025-02-14 18:44:29,467] {processor.py:651} INFO - DAG(s) dict_keys(['example_bash_operator']) retrieved from /opt/conda/lib/python3.8/site-packages/airflow/example_dags/example_bash_operator.py
[2025-02-14 18:44:29,481] {logging_mixin.py:115} INFO - [2025-02-14 18:44:29,481] {dag.py:2420} INFO - Sync 1 DAGs
[2025-02-14 18:44:29,496] {logging_mixin.py:115} INFO - [2025-02-14 18:44:29,496] {dag.py:2968} INFO - Setting next_dagrun for example_bash_operator to 2025-02-13T00:00:00+00:00, run_after=2025-02-14T00:00:00+00:00
[2025-02-14 18:44:29,517] {processor.py:161} INFO - Processing /opt/conda/lib/python3.8/site-packages/airflow/example_dags/example_bash_operator.py took 0.067 seconds
[2025-02-14 18:45:25,569] {processor.py:153} INFO - Started process (PID=1561) to work on /opt/conda/lib/python3.8/site-packages/airflow/example_dags/example_bash_operator.py
[2025-02-14 18:45:25,571] {processor.py:641} INFO - Processing file /opt/conda/lib/python3.8/site-packages/airflow/example_dags/example_bash_operator.py for tasks to queue
[2025-02-14 18:45:25,571] {logging_mixin.py:115} INFO - [2025-02-14 18:45:25,571] {dagbag.py:508} INFO - Filling up the DagBag from /opt/conda/lib/python3.8/site-packages/airflow/example_dags/example_bash_operator.py
[2025-02-14 18:45:25,583] {processor.py:651} INFO - DAG(s) dict_keys(['example_bash_operator']) retrieved from /opt/conda/lib/python3.8/site-packages/airflow/example_dags/example_bash_operator.py
[2025-02-14 18:45:25,600] {logging_mixin.py:115} INFO - [2025-02-14 18:45:25,600] {dag.py:2420} INFO - Sync 1 DAGs
[2025-02-14 18:45:25,619] {logging_mixin.py:115} INFO - [2025-02-14 18:45:25,619] {dag.py:2968} INFO - Setting next_dagrun for example_bash_operator to 2025-02-13T00:00:00+00:00, run_after=2025-02-14T00:00:00+00:00
[2025-02-14 18:45:25,641] {processor.py:161} INFO - Processing /opt/conda/lib/python3.8/site-packages/airflow/example_dags/example_bash_operator.py took 0.075 seconds
[2025-02-14 18:46:21,352] {processor.py:153} INFO - Started process (PID=1672) to work on /opt/conda/lib/python3.8/site-packages/airflow/example_dags/example_bash_operator.py
[2025-02-14 18:46:21,354] {processor.py:641} INFO - Processing file /opt/conda/lib/python3.8/site-packages/airflow/example_dags/example_bash_operator.py for tasks to queue
[2025-02-14 18:46:21,354] {logging_mixin.py:115} INFO - [2025-02-14 18:46:21,354] {dagbag.py:508} INFO - Filling up the DagBag from /opt/conda/lib/python3.8/site-packages/airflow/example_dags/example_bash_operator.py
[2025-02-14 18:46:21,366] {processor.py:651} INFO - DAG(s) dict_keys(['example_bash_operator']) retrieved from /opt/conda/lib/python3.8/site-packages/airflow/example_dags/example_bash_operator.py
[2025-02-14 18:46:21,380] {logging_mixin.py:115} INFO - [2025-02-14 18:46:21,380] {dag.py:2420} INFO - Sync 1 DAGs
[2025-02-14 18:46:21,395] {logging_mixin.py:115} INFO - [2025-02-14 18:46:21,395] {dag.py:2968} INFO - Setting next_dagrun for example_bash_operator to 2025-02-13T00:00:00+00:00, run_after=2025-02-14T00:00:00+00:00
[2025-02-14 18:46:21,437] {processor.py:161} INFO - Processing /opt/conda/lib/python3.8/site-packages/airflow/example_dags/example_bash_operator.py took 0.088 seconds
[2025-02-14 18:54:36,004] {processor.py:153} INFO - Started process (PID=2190) to work on /opt/conda/lib/python3.8/site-packages/airflow/example_dags/example_bash_operator.py
[2025-02-14 18:54:36,008] {processor.py:641} INFO - Processing file /opt/conda/lib/python3.8/site-packages/airflow/example_dags/example_bash_operator.py for tasks to queue
[2025-02-14 18:54:36,008] {logging_mixin.py:115} INFO - [2025-02-14 18:54:36,008] {dagbag.py:508} INFO - Filling up the DagBag from /opt/conda/lib/python3.8/site-packages/airflow/example_dags/example_bash_operator.py
[2025-02-14 18:54:36,019] {processor.py:651} INFO - DAG(s) dict_keys(['example_bash_operator']) retrieved from /opt/conda/lib/python3.8/site-packages/airflow/example_dags/example_bash_operator.py
[2025-02-14 18:54:36,033] {logging_mixin.py:115} INFO - [2025-02-14 18:54:36,033] {dag.py:2420} INFO - Sync 1 DAGs
[2025-02-14 18:54:36,046] {logging_mixin.py:115} INFO - [2025-02-14 18:54:36,046] {dag.py:2968} INFO - Setting next_dagrun for example_bash_operator to 2025-02-13T00:00:00+00:00, run_after=2025-02-14T00:00:00+00:00
[2025-02-14 18:54:36,065] {processor.py:161} INFO - Processing /opt/conda/lib/python3.8/site-packages/airflow/example_dags/example_bash_operator.py took 0.065 seconds
[2025-02-14 19:03:10,849] {processor.py:153} INFO - Started process (PID=2705) to work on /opt/conda/lib/python3.8/site-packages/airflow/example_dags/example_bash_operator.py
[2025-02-14 19:03:10,851] {processor.py:641} INFO - Processing file /opt/conda/lib/python3.8/site-packages/airflow/example_dags/example_bash_operator.py for tasks to queue
[2025-02-14 19:03:10,852] {logging_mixin.py:115} INFO - [2025-02-14 19:03:10,852] {dagbag.py:508} INFO - Filling up the DagBag from /opt/conda/lib/python3.8/site-packages/airflow/example_dags/example_bash_operator.py
[2025-02-14 19:03:11,063] {processor.py:651} INFO - DAG(s) dict_keys(['example_bash_operator']) retrieved from /opt/conda/lib/python3.8/site-packages/airflow/example_dags/example_bash_operator.py
[2025-02-14 19:03:11,077] {logging_mixin.py:115} INFO - [2025-02-14 19:03:11,077] {dag.py:2420} INFO - Sync 1 DAGs
[2025-02-14 19:03:11,096] {logging_mixin.py:115} INFO - [2025-02-14 19:03:11,095] {dag.py:2968} INFO - Setting next_dagrun for example_bash_operator to 2025-02-13T00:00:00+00:00, run_after=2025-02-14T00:00:00+00:00
[2025-02-14 19:03:11,119] {processor.py:161} INFO - Processing /opt/conda/lib/python3.8/site-packages/airflow/example_dags/example_bash_operator.py took 0.274 seconds
[2025-02-14 19:04:15,701] {processor.py:153} INFO - Started process (PID=2819) to work on /opt/conda/lib/python3.8/site-packages/airflow/example_dags/example_bash_operator.py
[2025-02-14 19:04:15,702] {processor.py:641} INFO - Processing file /opt/conda/lib/python3.8/site-packages/airflow/example_dags/example_bash_operator.py for tasks to queue
[2025-02-14 19:04:15,703] {logging_mixin.py:115} INFO - [2025-02-14 19:04:15,703] {dagbag.py:508} INFO - Filling up the DagBag from /opt/conda/lib/python3.8/site-packages/airflow/example_dags/example_bash_operator.py
[2025-02-14 19:04:15,846] {processor.py:651} INFO - DAG(s) dict_keys(['example_bash_operator']) retrieved from /opt/conda/lib/python3.8/site-packages/airflow/example_dags/example_bash_operator.py
[2025-02-14 19:04:15,856] {logging_mixin.py:115} INFO - [2025-02-14 19:04:15,856] {dag.py:2420} INFO - Sync 1 DAGs
[2025-02-14 19:04:15,868] {logging_mixin.py:115} INFO - [2025-02-14 19:04:15,868] {dag.py:2968} INFO - Setting next_dagrun for example_bash_operator to 2025-02-13T00:00:00+00:00, run_after=2025-02-14T00:00:00+00:00
[2025-02-14 19:04:15,888] {processor.py:161} INFO - Processing /opt/conda/lib/python3.8/site-packages/airflow/example_dags/example_bash_operator.py took 0.191 seconds
[2025-02-14 19:05:18,336] {processor.py:153} INFO - Started process (PID=2932) to work on /opt/conda/lib/python3.8/site-packages/airflow/example_dags/example_bash_operator.py
[2025-02-14 19:05:18,337] {processor.py:641} INFO - Processing file /opt/conda/lib/python3.8/site-packages/airflow/example_dags/example_bash_operator.py for tasks to queue
[2025-02-14 19:05:18,338] {logging_mixin.py:115} INFO - [2025-02-14 19:05:18,338] {dagbag.py:508} INFO - Filling up the DagBag from /opt/conda/lib/python3.8/site-packages/airflow/example_dags/example_bash_operator.py
[2025-02-14 19:05:18,473] {processor.py:651} INFO - DAG(s) dict_keys(['example_bash_operator']) retrieved from /opt/conda/lib/python3.8/site-packages/airflow/example_dags/example_bash_operator.py
[2025-02-14 19:05:18,483] {logging_mixin.py:115} INFO - [2025-02-14 19:05:18,483] {dag.py:2420} INFO - Sync 1 DAGs
[2025-02-14 19:05:18,495] {logging_mixin.py:115} INFO - [2025-02-14 19:05:18,495] {dag.py:2968} INFO - Setting next_dagrun for example_bash_operator to 2025-02-13T00:00:00+00:00, run_after=2025-02-14T00:00:00+00:00
[2025-02-14 19:05:18,515] {processor.py:161} INFO - Processing /opt/conda/lib/python3.8/site-packages/airflow/example_dags/example_bash_operator.py took 0.182 seconds
[2025-02-14 19:06:23,361] {processor.py:153} INFO - Started process (PID=3046) to work on /opt/conda/lib/python3.8/site-packages/airflow/example_dags/example_bash_operator.py
[2025-02-14 19:06:23,363] {processor.py:641} INFO - Processing file /opt/conda/lib/python3.8/site-packages/airflow/example_dags/example_bash_operator.py for tasks to queue
[2025-02-14 19:06:23,363] {logging_mixin.py:115} INFO - [2025-02-14 19:06:23,363] {dagbag.py:508} INFO - Filling up the DagBag from /opt/conda/lib/python3.8/site-packages/airflow/example_dags/example_bash_operator.py
[2025-02-14 19:06:23,491] {processor.py:651} INFO - DAG(s) dict_keys(['example_bash_operator']) retrieved from /opt/conda/lib/python3.8/site-packages/airflow/example_dags/example_bash_operator.py
[2025-02-14 19:06:23,501] {logging_mixin.py:115} INFO - [2025-02-14 19:06:23,501] {dag.py:2420} INFO - Sync 1 DAGs
[2025-02-14 19:06:23,513] {logging_mixin.py:115} INFO - [2025-02-14 19:06:23,513] {dag.py:2968} INFO - Setting next_dagrun for example_bash_operator to 2025-02-13T00:00:00+00:00, run_after=2025-02-14T00:00:00+00:00
[2025-02-14 19:06:23,533] {processor.py:161} INFO - Processing /opt/conda/lib/python3.8/site-packages/airflow/example_dags/example_bash_operator.py took 0.176 seconds
[2025-02-14 19:07:29,521] {processor.py:153} INFO - Started process (PID=3169) to work on /opt/conda/lib/python3.8/site-packages/airflow/example_dags/example_bash_operator.py
[2025-02-14 19:07:29,522] {processor.py:641} INFO - Processing file /opt/conda/lib/python3.8/site-packages/airflow/example_dags/example_bash_operator.py for tasks to queue
[2025-02-14 19:07:29,523] {logging_mixin.py:115} INFO - [2025-02-14 19:07:29,523] {dagbag.py:508} INFO - Filling up the DagBag from /opt/conda/lib/python3.8/site-packages/airflow/example_dags/example_bash_operator.py
[2025-02-14 19:07:29,656] {processor.py:651} INFO - DAG(s) dict_keys(['example_bash_operator']) retrieved from /opt/conda/lib/python3.8/site-packages/airflow/example_dags/example_bash_operator.py
[2025-02-14 19:07:29,666] {logging_mixin.py:115} INFO - [2025-02-14 19:07:29,666] {dag.py:2420} INFO - Sync 1 DAGs
[2025-02-14 19:07:29,678] {logging_mixin.py:115} INFO - [2025-02-14 19:07:29,678] {dag.py:2968} INFO - Setting next_dagrun for example_bash_operator to 2025-02-13T00:00:00+00:00, run_after=2025-02-14T00:00:00+00:00
[2025-02-14 19:07:29,698] {processor.py:161} INFO - Processing /opt/conda/lib/python3.8/site-packages/airflow/example_dags/example_bash_operator.py took 0.180 seconds
[2025-02-14 19:08:28,484] {processor.py:153} INFO - Started process (PID=3281) to work on /opt/conda/lib/python3.8/site-packages/airflow/example_dags/example_bash_operator.py
[2025-02-14 19:08:28,486] {processor.py:641} INFO - Processing file /opt/conda/lib/python3.8/site-packages/airflow/example_dags/example_bash_operator.py for tasks to queue
[2025-02-14 19:08:28,487] {logging_mixin.py:115} INFO - [2025-02-14 19:08:28,487] {dagbag.py:508} INFO - Filling up the DagBag from /opt/conda/lib/python3.8/site-packages/airflow/example_dags/example_bash_operator.py
[2025-02-14 19:08:28,498] {processor.py:651} INFO - DAG(s) dict_keys(['example_bash_operator']) retrieved from /opt/conda/lib/python3.8/site-packages/airflow/example_dags/example_bash_operator.py
[2025-02-14 19:08:28,512] {logging_mixin.py:115} INFO - [2025-02-14 19:08:28,512] {dag.py:2420} INFO - Sync 1 DAGs
[2025-02-14 19:08:28,527] {logging_mixin.py:115} INFO - [2025-02-14 19:08:28,527] {dag.py:2968} INFO - Setting next_dagrun for example_bash_operator to 2025-02-13T00:00:00+00:00, run_after=2025-02-14T00:00:00+00:00
[2025-02-14 19:08:28,546] {processor.py:161} INFO - Processing /opt/conda/lib/python3.8/site-packages/airflow/example_dags/example_bash_operator.py took 0.065 seconds
[2025-02-14 19:09:26,236] {processor.py:153} INFO - Started process (PID=3393) to work on /opt/conda/lib/python3.8/site-packages/airflow/example_dags/example_bash_operator.py
[2025-02-14 19:09:26,238] {processor.py:641} INFO - Processing file /opt/conda/lib/python3.8/site-packages/airflow/example_dags/example_bash_operator.py for tasks to queue
[2025-02-14 19:09:26,238] {logging_mixin.py:115} INFO - [2025-02-14 19:09:26,238] {dagbag.py:508} INFO - Filling up the DagBag from /opt/conda/lib/python3.8/site-packages/airflow/example_dags/example_bash_operator.py
[2025-02-14 19:09:26,250] {processor.py:651} INFO - DAG(s) dict_keys(['example_bash_operator']) retrieved from /opt/conda/lib/python3.8/site-packages/airflow/example_dags/example_bash_operator.py
[2025-02-14 19:09:26,265] {logging_mixin.py:115} INFO - [2025-02-14 19:09:26,264] {dag.py:2420} INFO - Sync 1 DAGs
[2025-02-14 19:09:26,279] {logging_mixin.py:115} INFO - [2025-02-14 19:09:26,279] {dag.py:2968} INFO - Setting next_dagrun for example_bash_operator to 2025-02-13T00:00:00+00:00, run_after=2025-02-14T00:00:00+00:00
[2025-02-14 19:09:26,320] {processor.py:161} INFO - Processing /opt/conda/lib/python3.8/site-packages/airflow/example_dags/example_bash_operator.py took 0.087 seconds
[2025-02-14 19:10:44,137] {processor.py:153} INFO - Started process (PID=3652) to work on /opt/conda/lib/python3.8/site-packages/airflow/example_dags/example_bash_operator.py
[2025-02-14 19:10:44,138] {processor.py:641} INFO - Processing file /opt/conda/lib/python3.8/site-packages/airflow/example_dags/example_bash_operator.py for tasks to queue
[2025-02-14 19:10:44,139] {logging_mixin.py:115} INFO - [2025-02-14 19:10:44,139] {dagbag.py:508} INFO - Filling up the DagBag from /opt/conda/lib/python3.8/site-packages/airflow/example_dags/example_bash_operator.py
[2025-02-14 19:10:44,151] {processor.py:651} INFO - DAG(s) dict_keys(['example_bash_operator']) retrieved from /opt/conda/lib/python3.8/site-packages/airflow/example_dags/example_bash_operator.py
[2025-02-14 19:10:44,184] {logging_mixin.py:115} INFO - [2025-02-14 19:10:44,184] {dag.py:2420} INFO - Sync 1 DAGs
[2025-02-14 19:10:44,429] {logging_mixin.py:115} INFO - [2025-02-14 19:10:44,429] {dag.py:2968} INFO - Setting next_dagrun for example_bash_operator to 2025-02-13T00:00:00+00:00, run_after=2025-02-14T00:00:00+00:00
[2025-02-14 19:10:44,500] {processor.py:161} INFO - Processing /opt/conda/lib/python3.8/site-packages/airflow/example_dags/example_bash_operator.py took 0.366 seconds
