[2025-02-14 13:59:35,274] {processor.py:153} INFO - Started process (PID=1827) to work on /opt/conda/lib/python3.8/site-packages/airflow/example_dags/example_task_group_decorator.py
[2025-02-14 13:59:35,274] {processor.py:641} INFO - Processing file /opt/conda/lib/python3.8/site-packages/airflow/example_dags/example_task_group_decorator.py for tasks to queue
[2025-02-14 13:59:35,275] {logging_mixin.py:115} INFO - [2025-02-14 13:59:35,275] {dagbag.py:508} INFO - Filling up the DagBag from /opt/conda/lib/python3.8/site-packages/airflow/example_dags/example_task_group_decorator.py
[2025-02-14 13:59:35,417] {processor.py:651} INFO - DAG(s) dict_keys(['example_task_group_decorator']) retrieved from /opt/conda/lib/python3.8/site-packages/airflow/example_dags/example_task_group_decorator.py
[2025-02-14 13:59:35,487] {logging_mixin.py:115} INFO - [2025-02-14 13:59:35,486] {manager.py:508} INFO - Created Permission View: can read on DAG:example_task_group_decorator
[2025-02-14 13:59:35,506] {logging_mixin.py:115} INFO - [2025-02-14 13:59:35,506] {manager.py:508} INFO - Created Permission View: can delete on DAG:example_task_group_decorator
[2025-02-14 13:59:35,525] {logging_mixin.py:115} INFO - [2025-02-14 13:59:35,525] {manager.py:508} INFO - Created Permission View: can edit on DAG:example_task_group_decorator
[2025-02-14 13:59:35,525] {logging_mixin.py:115} INFO - [2025-02-14 13:59:35,525] {dag.py:2420} INFO - Sync 1 DAGs
[2025-02-14 13:59:35,530] {logging_mixin.py:115} INFO - [2025-02-14 13:59:35,530] {dag.py:2439} INFO - Creating ORM DAG for example_task_group_decorator
[2025-02-14 13:59:35,537] {logging_mixin.py:115} INFO - [2025-02-14 13:59:35,537] {dag.py:2968} INFO - Setting next_dagrun for example_task_group_decorator to 2025-02-13T13:59:35.537429+00:00, run_after=2025-02-14T13:59:35.537429+00:00
[2025-02-14 13:59:35,561] {processor.py:161} INFO - Processing /opt/conda/lib/python3.8/site-packages/airflow/example_dags/example_task_group_decorator.py took 0.290 seconds
[2025-02-14 14:00:22,036] {processor.py:153} INFO - Started process (PID=1864) to work on /opt/conda/lib/python3.8/site-packages/airflow/example_dags/example_task_group_decorator.py
[2025-02-14 14:00:22,110] {processor.py:641} INFO - Processing file /opt/conda/lib/python3.8/site-packages/airflow/example_dags/example_task_group_decorator.py for tasks to queue
[2025-02-14 14:00:22,111] {logging_mixin.py:115} INFO - [2025-02-14 14:00:22,110] {dagbag.py:508} INFO - Filling up the DagBag from /opt/conda/lib/python3.8/site-packages/airflow/example_dags/example_task_group_decorator.py
[2025-02-14 14:00:22,257] {processor.py:651} INFO - DAG(s) dict_keys(['example_task_group_decorator']) retrieved from /opt/conda/lib/python3.8/site-packages/airflow/example_dags/example_task_group_decorator.py
[2025-02-14 14:00:22,288] {logging_mixin.py:115} INFO - [2025-02-14 14:00:22,288] {dag.py:2420} INFO - Sync 1 DAGs
[2025-02-14 14:00:22,300] {logging_mixin.py:115} INFO - [2025-02-14 14:00:22,300] {dag.py:2968} INFO - Setting next_dagrun for example_task_group_decorator to 2025-02-13T14:00:22.300279+00:00, run_after=2025-02-14T14:00:22.300279+00:00
[2025-02-14 14:00:22,321] {processor.py:161} INFO - Processing /opt/conda/lib/python3.8/site-packages/airflow/example_dags/example_task_group_decorator.py took 0.288 seconds
[2025-02-14 14:01:06,129] {processor.py:153} INFO - Started process (PID=1901) to work on /opt/conda/lib/python3.8/site-packages/airflow/example_dags/example_task_group_decorator.py
[2025-02-14 14:01:06,130] {processor.py:641} INFO - Processing file /opt/conda/lib/python3.8/site-packages/airflow/example_dags/example_task_group_decorator.py for tasks to queue
[2025-02-14 14:01:06,131] {logging_mixin.py:115} INFO - [2025-02-14 14:01:06,131] {dagbag.py:508} INFO - Filling up the DagBag from /opt/conda/lib/python3.8/site-packages/airflow/example_dags/example_task_group_decorator.py
[2025-02-14 14:01:06,282] {processor.py:651} INFO - DAG(s) dict_keys(['example_task_group_decorator']) retrieved from /opt/conda/lib/python3.8/site-packages/airflow/example_dags/example_task_group_decorator.py
[2025-02-14 14:01:06,313] {logging_mixin.py:115} INFO - [2025-02-14 14:01:06,313] {dag.py:2420} INFO - Sync 1 DAGs
[2025-02-14 14:01:06,324] {logging_mixin.py:115} INFO - [2025-02-14 14:01:06,324] {dag.py:2968} INFO - Setting next_dagrun for example_task_group_decorator to 2025-02-13T14:01:06.324618+00:00, run_after=2025-02-14T14:01:06.324618+00:00
[2025-02-14 14:01:06,346] {processor.py:161} INFO - Processing /opt/conda/lib/python3.8/site-packages/airflow/example_dags/example_task_group_decorator.py took 0.220 seconds
[2025-02-14 14:01:46,977] {processor.py:153} INFO - Started process (PID=1938) to work on /opt/conda/lib/python3.8/site-packages/airflow/example_dags/example_task_group_decorator.py
[2025-02-14 14:01:46,978] {processor.py:641} INFO - Processing file /opt/conda/lib/python3.8/site-packages/airflow/example_dags/example_task_group_decorator.py for tasks to queue
[2025-02-14 14:01:46,979] {logging_mixin.py:115} INFO - [2025-02-14 14:01:46,979] {dagbag.py:508} INFO - Filling up the DagBag from /opt/conda/lib/python3.8/site-packages/airflow/example_dags/example_task_group_decorator.py
[2025-02-14 14:01:47,122] {processor.py:651} INFO - DAG(s) dict_keys(['example_task_group_decorator']) retrieved from /opt/conda/lib/python3.8/site-packages/airflow/example_dags/example_task_group_decorator.py
[2025-02-14 14:01:47,132] {logging_mixin.py:115} INFO - [2025-02-14 14:01:47,132] {dag.py:2420} INFO - Sync 1 DAGs
[2025-02-14 14:01:47,144] {logging_mixin.py:115} INFO - [2025-02-14 14:01:47,144] {dag.py:2968} INFO - Setting next_dagrun for example_task_group_decorator to 2025-02-13T14:01:47.144219+00:00, run_after=2025-02-14T14:01:47.144219+00:00
[2025-02-14 14:01:47,163] {processor.py:161} INFO - Processing /opt/conda/lib/python3.8/site-packages/airflow/example_dags/example_task_group_decorator.py took 0.189 seconds
[2025-02-14 14:02:30,417] {processor.py:153} INFO - Started process (PID=1977) to work on /opt/conda/lib/python3.8/site-packages/airflow/example_dags/example_task_group_decorator.py
[2025-02-14 14:02:30,419] {processor.py:641} INFO - Processing file /opt/conda/lib/python3.8/site-packages/airflow/example_dags/example_task_group_decorator.py for tasks to queue
[2025-02-14 14:02:30,419] {logging_mixin.py:115} INFO - [2025-02-14 14:02:30,419] {dagbag.py:508} INFO - Filling up the DagBag from /opt/conda/lib/python3.8/site-packages/airflow/example_dags/example_task_group_decorator.py
[2025-02-14 14:02:30,580] {processor.py:651} INFO - DAG(s) dict_keys(['example_task_group_decorator']) retrieved from /opt/conda/lib/python3.8/site-packages/airflow/example_dags/example_task_group_decorator.py
[2025-02-14 14:02:30,612] {logging_mixin.py:115} INFO - [2025-02-14 14:02:30,611] {dag.py:2420} INFO - Sync 1 DAGs
[2025-02-14 14:02:30,624] {logging_mixin.py:115} INFO - [2025-02-14 14:02:30,624] {dag.py:2968} INFO - Setting next_dagrun for example_task_group_decorator to 2025-02-13T14:02:30.624015+00:00, run_after=2025-02-14T14:02:30.624015+00:00
[2025-02-14 14:02:30,646] {processor.py:161} INFO - Processing /opt/conda/lib/python3.8/site-packages/airflow/example_dags/example_task_group_decorator.py took 0.232 seconds
[2025-02-14 14:03:04,785] {processor.py:153} INFO - Started process (PID=2008) to work on /opt/conda/lib/python3.8/site-packages/airflow/example_dags/example_task_group_decorator.py
[2025-02-14 14:03:04,787] {processor.py:641} INFO - Processing file /opt/conda/lib/python3.8/site-packages/airflow/example_dags/example_task_group_decorator.py for tasks to queue
[2025-02-14 14:03:04,787] {logging_mixin.py:115} INFO - [2025-02-14 14:03:04,787] {dagbag.py:508} INFO - Filling up the DagBag from /opt/conda/lib/python3.8/site-packages/airflow/example_dags/example_task_group_decorator.py
[2025-02-14 14:03:04,932] {processor.py:651} INFO - DAG(s) dict_keys(['example_task_group_decorator']) retrieved from /opt/conda/lib/python3.8/site-packages/airflow/example_dags/example_task_group_decorator.py
[2025-02-14 14:03:04,963] {logging_mixin.py:115} INFO - [2025-02-14 14:03:04,963] {dag.py:2420} INFO - Sync 1 DAGs
[2025-02-14 14:03:04,975] {logging_mixin.py:115} INFO - [2025-02-14 14:03:04,975] {dag.py:2968} INFO - Setting next_dagrun for example_task_group_decorator to 2025-02-13T14:03:04.974840+00:00, run_after=2025-02-14T14:03:04.974840+00:00
[2025-02-14 14:03:04,997] {processor.py:161} INFO - Processing /opt/conda/lib/python3.8/site-packages/airflow/example_dags/example_task_group_decorator.py took 0.215 seconds
[2025-02-14 14:03:44,182] {processor.py:153} INFO - Started process (PID=2043) to work on /opt/conda/lib/python3.8/site-packages/airflow/example_dags/example_task_group_decorator.py
[2025-02-14 14:03:44,183] {processor.py:641} INFO - Processing file /opt/conda/lib/python3.8/site-packages/airflow/example_dags/example_task_group_decorator.py for tasks to queue
[2025-02-14 14:03:44,183] {logging_mixin.py:115} INFO - [2025-02-14 14:03:44,183] {dagbag.py:508} INFO - Filling up the DagBag from /opt/conda/lib/python3.8/site-packages/airflow/example_dags/example_task_group_decorator.py
[2025-02-14 14:03:44,326] {processor.py:651} INFO - DAG(s) dict_keys(['example_task_group_decorator']) retrieved from /opt/conda/lib/python3.8/site-packages/airflow/example_dags/example_task_group_decorator.py
[2025-02-14 14:03:44,356] {logging_mixin.py:115} INFO - [2025-02-14 14:03:44,356] {dag.py:2420} INFO - Sync 1 DAGs
[2025-02-14 14:03:44,368] {logging_mixin.py:115} INFO - [2025-02-14 14:03:44,368] {dag.py:2968} INFO - Setting next_dagrun for example_task_group_decorator to 2025-02-13T14:03:44.368097+00:00, run_after=2025-02-14T14:03:44.368097+00:00
[2025-02-14 14:03:44,391] {processor.py:161} INFO - Processing /opt/conda/lib/python3.8/site-packages/airflow/example_dags/example_task_group_decorator.py took 0.212 seconds
[2025-02-14 14:05:20,892] {processor.py:153} INFO - Started process (PID=2171) to work on /opt/conda/lib/python3.8/site-packages/airflow/example_dags/example_task_group_decorator.py
[2025-02-14 14:05:20,893] {processor.py:641} INFO - Processing file /opt/conda/lib/python3.8/site-packages/airflow/example_dags/example_task_group_decorator.py for tasks to queue
[2025-02-14 14:05:20,894] {logging_mixin.py:115} INFO - [2025-02-14 14:05:20,894] {dagbag.py:508} INFO - Filling up the DagBag from /opt/conda/lib/python3.8/site-packages/airflow/example_dags/example_task_group_decorator.py
[2025-02-14 14:05:21,035] {processor.py:651} INFO - DAG(s) dict_keys(['example_task_group_decorator']) retrieved from /opt/conda/lib/python3.8/site-packages/airflow/example_dags/example_task_group_decorator.py
[2025-02-14 14:05:21,066] {logging_mixin.py:115} INFO - [2025-02-14 14:05:21,066] {dag.py:2420} INFO - Sync 1 DAGs
[2025-02-14 14:05:21,078] {logging_mixin.py:115} INFO - [2025-02-14 14:05:21,077] {dag.py:2968} INFO - Setting next_dagrun for example_task_group_decorator to 2025-02-13T14:05:21.077752+00:00, run_after=2025-02-14T14:05:21.077752+00:00
[2025-02-14 14:05:21,098] {processor.py:161} INFO - Processing /opt/conda/lib/python3.8/site-packages/airflow/example_dags/example_task_group_decorator.py took 0.209 seconds
[2025-02-14 14:06:06,301] {processor.py:153} INFO - Started process (PID=2225) to work on /opt/conda/lib/python3.8/site-packages/airflow/example_dags/example_task_group_decorator.py
[2025-02-14 14:06:06,303] {processor.py:641} INFO - Processing file /opt/conda/lib/python3.8/site-packages/airflow/example_dags/example_task_group_decorator.py for tasks to queue
[2025-02-14 14:06:06,303] {logging_mixin.py:115} INFO - [2025-02-14 14:06:06,303] {dagbag.py:508} INFO - Filling up the DagBag from /opt/conda/lib/python3.8/site-packages/airflow/example_dags/example_task_group_decorator.py
[2025-02-14 14:06:06,443] {processor.py:651} INFO - DAG(s) dict_keys(['example_task_group_decorator']) retrieved from /opt/conda/lib/python3.8/site-packages/airflow/example_dags/example_task_group_decorator.py
[2025-02-14 14:06:06,474] {logging_mixin.py:115} INFO - [2025-02-14 14:06:06,474] {dag.py:2420} INFO - Sync 1 DAGs
[2025-02-14 14:06:06,485] {logging_mixin.py:115} INFO - [2025-02-14 14:06:06,485] {dag.py:2968} INFO - Setting next_dagrun for example_task_group_decorator to 2025-02-13T14:06:06.485723+00:00, run_after=2025-02-14T14:06:06.485723+00:00
[2025-02-14 14:06:06,504] {processor.py:161} INFO - Processing /opt/conda/lib/python3.8/site-packages/airflow/example_dags/example_task_group_decorator.py took 0.206 seconds
[2025-02-14 14:06:53,052] {processor.py:153} INFO - Started process (PID=2281) to work on /opt/conda/lib/python3.8/site-packages/airflow/example_dags/example_task_group_decorator.py
[2025-02-14 14:06:53,054] {processor.py:641} INFO - Processing file /opt/conda/lib/python3.8/site-packages/airflow/example_dags/example_task_group_decorator.py for tasks to queue
[2025-02-14 14:06:53,054] {logging_mixin.py:115} INFO - [2025-02-14 14:06:53,054] {dagbag.py:508} INFO - Filling up the DagBag from /opt/conda/lib/python3.8/site-packages/airflow/example_dags/example_task_group_decorator.py
[2025-02-14 14:06:53,203] {processor.py:651} INFO - DAG(s) dict_keys(['example_task_group_decorator']) retrieved from /opt/conda/lib/python3.8/site-packages/airflow/example_dags/example_task_group_decorator.py
[2025-02-14 14:06:53,214] {logging_mixin.py:115} INFO - [2025-02-14 14:06:53,214] {dag.py:2420} INFO - Sync 1 DAGs
[2025-02-14 14:06:53,225] {logging_mixin.py:115} INFO - [2025-02-14 14:06:53,225] {dag.py:2968} INFO - Setting next_dagrun for example_task_group_decorator to 2025-02-13T14:06:53.225489+00:00, run_after=2025-02-14T14:06:53.225489+00:00
[2025-02-14 14:06:53,245] {processor.py:161} INFO - Processing /opt/conda/lib/python3.8/site-packages/airflow/example_dags/example_task_group_decorator.py took 0.195 seconds
[2025-02-14 14:07:39,033] {processor.py:153} INFO - Started process (PID=2320) to work on /opt/conda/lib/python3.8/site-packages/airflow/example_dags/example_task_group_decorator.py
[2025-02-14 14:07:39,035] {processor.py:641} INFO - Processing file /opt/conda/lib/python3.8/site-packages/airflow/example_dags/example_task_group_decorator.py for tasks to queue
[2025-02-14 14:07:39,035] {logging_mixin.py:115} INFO - [2025-02-14 14:07:39,035] {dagbag.py:508} INFO - Filling up the DagBag from /opt/conda/lib/python3.8/site-packages/airflow/example_dags/example_task_group_decorator.py
[2025-02-14 14:07:39,176] {processor.py:651} INFO - DAG(s) dict_keys(['example_task_group_decorator']) retrieved from /opt/conda/lib/python3.8/site-packages/airflow/example_dags/example_task_group_decorator.py
[2025-02-14 14:07:39,187] {logging_mixin.py:115} INFO - [2025-02-14 14:07:39,187] {dag.py:2420} INFO - Sync 1 DAGs
[2025-02-14 14:07:39,199] {logging_mixin.py:115} INFO - [2025-02-14 14:07:39,199] {dag.py:2968} INFO - Setting next_dagrun for example_task_group_decorator to 2025-02-13T14:07:39.199111+00:00, run_after=2025-02-14T14:07:39.199111+00:00
[2025-02-14 14:07:39,217] {processor.py:161} INFO - Processing /opt/conda/lib/python3.8/site-packages/airflow/example_dags/example_task_group_decorator.py took 0.187 seconds
[2025-02-14 14:08:22,384] {processor.py:153} INFO - Started process (PID=2359) to work on /opt/conda/lib/python3.8/site-packages/airflow/example_dags/example_task_group_decorator.py
[2025-02-14 14:08:22,386] {processor.py:641} INFO - Processing file /opt/conda/lib/python3.8/site-packages/airflow/example_dags/example_task_group_decorator.py for tasks to queue
[2025-02-14 14:08:22,386] {logging_mixin.py:115} INFO - [2025-02-14 14:08:22,386] {dagbag.py:508} INFO - Filling up the DagBag from /opt/conda/lib/python3.8/site-packages/airflow/example_dags/example_task_group_decorator.py
[2025-02-14 14:08:22,531] {processor.py:651} INFO - DAG(s) dict_keys(['example_task_group_decorator']) retrieved from /opt/conda/lib/python3.8/site-packages/airflow/example_dags/example_task_group_decorator.py
[2025-02-14 14:08:22,542] {logging_mixin.py:115} INFO - [2025-02-14 14:08:22,542] {dag.py:2420} INFO - Sync 1 DAGs
[2025-02-14 14:08:22,553] {logging_mixin.py:115} INFO - [2025-02-14 14:08:22,553] {dag.py:2968} INFO - Setting next_dagrun for example_task_group_decorator to 2025-02-13T14:08:22.553694+00:00, run_after=2025-02-14T14:08:22.553694+00:00
[2025-02-14 14:08:22,583] {processor.py:161} INFO - Processing /opt/conda/lib/python3.8/site-packages/airflow/example_dags/example_task_group_decorator.py took 0.202 seconds
[2025-02-14 14:09:16,662] {processor.py:153} INFO - Started process (PID=2429) to work on /opt/conda/lib/python3.8/site-packages/airflow/example_dags/example_task_group_decorator.py
[2025-02-14 14:09:16,663] {processor.py:641} INFO - Processing file /opt/conda/lib/python3.8/site-packages/airflow/example_dags/example_task_group_decorator.py for tasks to queue
[2025-02-14 14:09:16,664] {logging_mixin.py:115} INFO - [2025-02-14 14:09:16,664] {dagbag.py:508} INFO - Filling up the DagBag from /opt/conda/lib/python3.8/site-packages/airflow/example_dags/example_task_group_decorator.py
[2025-02-14 14:09:16,888] {processor.py:651} INFO - DAG(s) dict_keys(['example_task_group_decorator']) retrieved from /opt/conda/lib/python3.8/site-packages/airflow/example_dags/example_task_group_decorator.py
[2025-02-14 14:09:16,938] {logging_mixin.py:115} INFO - [2025-02-14 14:09:16,938] {dag.py:2420} INFO - Sync 1 DAGs
[2025-02-14 14:09:16,957] {logging_mixin.py:115} INFO - [2025-02-14 14:09:16,957] {dag.py:2968} INFO - Setting next_dagrun for example_task_group_decorator to 2025-02-13T14:09:16.957329+00:00, run_after=2025-02-14T14:09:16.957329+00:00
[2025-02-14 14:09:16,981] {processor.py:161} INFO - Processing /opt/conda/lib/python3.8/site-packages/airflow/example_dags/example_task_group_decorator.py took 0.322 seconds
[2025-02-14 14:09:59,861] {processor.py:153} INFO - Started process (PID=2467) to work on /opt/conda/lib/python3.8/site-packages/airflow/example_dags/example_task_group_decorator.py
[2025-02-14 14:09:59,862] {processor.py:641} INFO - Processing file /opt/conda/lib/python3.8/site-packages/airflow/example_dags/example_task_group_decorator.py for tasks to queue
[2025-02-14 14:09:59,863] {logging_mixin.py:115} INFO - [2025-02-14 14:09:59,863] {dagbag.py:508} INFO - Filling up the DagBag from /opt/conda/lib/python3.8/site-packages/airflow/example_dags/example_task_group_decorator.py
[2025-02-14 14:10:00,006] {processor.py:651} INFO - DAG(s) dict_keys(['example_task_group_decorator']) retrieved from /opt/conda/lib/python3.8/site-packages/airflow/example_dags/example_task_group_decorator.py
[2025-02-14 14:10:00,037] {logging_mixin.py:115} INFO - [2025-02-14 14:10:00,037] {dag.py:2420} INFO - Sync 1 DAGs
[2025-02-14 14:10:00,049] {logging_mixin.py:115} INFO - [2025-02-14 14:10:00,049] {dag.py:2968} INFO - Setting next_dagrun for example_task_group_decorator to 2025-02-13T14:10:00.049253+00:00, run_after=2025-02-14T14:10:00.049253+00:00
[2025-02-14 14:10:00,071] {processor.py:161} INFO - Processing /opt/conda/lib/python3.8/site-packages/airflow/example_dags/example_task_group_decorator.py took 0.213 seconds
[2025-02-14 14:10:45,893] {processor.py:153} INFO - Started process (PID=2507) to work on /opt/conda/lib/python3.8/site-packages/airflow/example_dags/example_task_group_decorator.py
[2025-02-14 14:10:45,895] {processor.py:641} INFO - Processing file /opt/conda/lib/python3.8/site-packages/airflow/example_dags/example_task_group_decorator.py for tasks to queue
[2025-02-14 14:10:45,895] {logging_mixin.py:115} INFO - [2025-02-14 14:10:45,895] {dagbag.py:508} INFO - Filling up the DagBag from /opt/conda/lib/python3.8/site-packages/airflow/example_dags/example_task_group_decorator.py
[2025-02-14 14:10:46,034] {processor.py:651} INFO - DAG(s) dict_keys(['example_task_group_decorator']) retrieved from /opt/conda/lib/python3.8/site-packages/airflow/example_dags/example_task_group_decorator.py
[2025-02-14 14:10:46,045] {logging_mixin.py:115} INFO - [2025-02-14 14:10:46,045] {dag.py:2420} INFO - Sync 1 DAGs
[2025-02-14 14:10:46,056] {logging_mixin.py:115} INFO - [2025-02-14 14:10:46,056] {dag.py:2968} INFO - Setting next_dagrun for example_task_group_decorator to 2025-02-13T14:10:46.056729+00:00, run_after=2025-02-14T14:10:46.056729+00:00
[2025-02-14 14:10:46,076] {processor.py:161} INFO - Processing /opt/conda/lib/python3.8/site-packages/airflow/example_dags/example_task_group_decorator.py took 0.185 seconds
[2025-02-14 14:11:33,392] {processor.py:153} INFO - Started process (PID=2564) to work on /opt/conda/lib/python3.8/site-packages/airflow/example_dags/example_task_group_decorator.py
[2025-02-14 14:11:33,394] {processor.py:641} INFO - Processing file /opt/conda/lib/python3.8/site-packages/airflow/example_dags/example_task_group_decorator.py for tasks to queue
[2025-02-14 14:11:33,395] {logging_mixin.py:115} INFO - [2025-02-14 14:11:33,395] {dagbag.py:508} INFO - Filling up the DagBag from /opt/conda/lib/python3.8/site-packages/airflow/example_dags/example_task_group_decorator.py
[2025-02-14 14:11:33,555] {processor.py:651} INFO - DAG(s) dict_keys(['example_task_group_decorator']) retrieved from /opt/conda/lib/python3.8/site-packages/airflow/example_dags/example_task_group_decorator.py
[2025-02-14 14:11:33,566] {logging_mixin.py:115} INFO - [2025-02-14 14:11:33,566] {dag.py:2420} INFO - Sync 1 DAGs
[2025-02-14 14:11:33,578] {logging_mixin.py:115} INFO - [2025-02-14 14:11:33,578] {dag.py:2968} INFO - Setting next_dagrun for example_task_group_decorator to 2025-02-13T14:11:33.577884+00:00, run_after=2025-02-14T14:11:33.577884+00:00
[2025-02-14 14:11:33,597] {processor.py:161} INFO - Processing /opt/conda/lib/python3.8/site-packages/airflow/example_dags/example_task_group_decorator.py took 0.207 seconds
[2025-02-14 14:12:16,045] {processor.py:153} INFO - Started process (PID=2618) to work on /opt/conda/lib/python3.8/site-packages/airflow/example_dags/example_task_group_decorator.py
[2025-02-14 14:12:16,048] {processor.py:641} INFO - Processing file /opt/conda/lib/python3.8/site-packages/airflow/example_dags/example_task_group_decorator.py for tasks to queue
[2025-02-14 14:12:16,048] {logging_mixin.py:115} INFO - [2025-02-14 14:12:16,048] {dagbag.py:508} INFO - Filling up the DagBag from /opt/conda/lib/python3.8/site-packages/airflow/example_dags/example_task_group_decorator.py
[2025-02-14 14:12:16,202] {processor.py:651} INFO - DAG(s) dict_keys(['example_task_group_decorator']) retrieved from /opt/conda/lib/python3.8/site-packages/airflow/example_dags/example_task_group_decorator.py
[2025-02-14 14:12:16,213] {logging_mixin.py:115} INFO - [2025-02-14 14:12:16,212] {dag.py:2420} INFO - Sync 1 DAGs
[2025-02-14 14:12:16,224] {logging_mixin.py:115} INFO - [2025-02-14 14:12:16,224] {dag.py:2968} INFO - Setting next_dagrun for example_task_group_decorator to 2025-02-13T14:12:16.224110+00:00, run_after=2025-02-14T14:12:16.224110+00:00
[2025-02-14 14:12:16,243] {processor.py:161} INFO - Processing /opt/conda/lib/python3.8/site-packages/airflow/example_dags/example_task_group_decorator.py took 0.200 seconds
[2025-02-14 14:12:55,405] {processor.py:153} INFO - Started process (PID=2668) to work on /opt/conda/lib/python3.8/site-packages/airflow/example_dags/example_task_group_decorator.py
[2025-02-14 14:12:55,406] {processor.py:641} INFO - Processing file /opt/conda/lib/python3.8/site-packages/airflow/example_dags/example_task_group_decorator.py for tasks to queue
[2025-02-14 14:12:55,407] {logging_mixin.py:115} INFO - [2025-02-14 14:12:55,407] {dagbag.py:508} INFO - Filling up the DagBag from /opt/conda/lib/python3.8/site-packages/airflow/example_dags/example_task_group_decorator.py
[2025-02-14 14:12:55,551] {processor.py:651} INFO - DAG(s) dict_keys(['example_task_group_decorator']) retrieved from /opt/conda/lib/python3.8/site-packages/airflow/example_dags/example_task_group_decorator.py
[2025-02-14 14:12:55,562] {logging_mixin.py:115} INFO - [2025-02-14 14:12:55,562] {dag.py:2420} INFO - Sync 1 DAGs
[2025-02-14 14:12:55,573] {logging_mixin.py:115} INFO - [2025-02-14 14:12:55,573] {dag.py:2968} INFO - Setting next_dagrun for example_task_group_decorator to 2025-02-13T14:12:55.573657+00:00, run_after=2025-02-14T14:12:55.573657+00:00
[2025-02-14 14:12:55,591] {processor.py:161} INFO - Processing /opt/conda/lib/python3.8/site-packages/airflow/example_dags/example_task_group_decorator.py took 0.189 seconds
[2025-02-14 14:13:34,340] {processor.py:153} INFO - Started process (PID=2719) to work on /opt/conda/lib/python3.8/site-packages/airflow/example_dags/example_task_group_decorator.py
[2025-02-14 14:13:34,341] {processor.py:641} INFO - Processing file /opt/conda/lib/python3.8/site-packages/airflow/example_dags/example_task_group_decorator.py for tasks to queue
[2025-02-14 14:13:34,342] {logging_mixin.py:115} INFO - [2025-02-14 14:13:34,342] {dagbag.py:508} INFO - Filling up the DagBag from /opt/conda/lib/python3.8/site-packages/airflow/example_dags/example_task_group_decorator.py
[2025-02-14 14:13:34,484] {processor.py:651} INFO - DAG(s) dict_keys(['example_task_group_decorator']) retrieved from /opt/conda/lib/python3.8/site-packages/airflow/example_dags/example_task_group_decorator.py
[2025-02-14 14:13:34,494] {logging_mixin.py:115} INFO - [2025-02-14 14:13:34,494] {dag.py:2420} INFO - Sync 1 DAGs
[2025-02-14 14:13:34,506] {logging_mixin.py:115} INFO - [2025-02-14 14:13:34,506] {dag.py:2968} INFO - Setting next_dagrun for example_task_group_decorator to 2025-02-13T14:13:34.506035+00:00, run_after=2025-02-14T14:13:34.506035+00:00
[2025-02-14 14:13:34,523] {processor.py:161} INFO - Processing /opt/conda/lib/python3.8/site-packages/airflow/example_dags/example_task_group_decorator.py took 0.186 seconds
[2025-02-14 14:14:15,185] {processor.py:153} INFO - Started process (PID=2771) to work on /opt/conda/lib/python3.8/site-packages/airflow/example_dags/example_task_group_decorator.py
[2025-02-14 14:14:15,197] {processor.py:641} INFO - Processing file /opt/conda/lib/python3.8/site-packages/airflow/example_dags/example_task_group_decorator.py for tasks to queue
[2025-02-14 14:14:15,198] {logging_mixin.py:115} INFO - [2025-02-14 14:14:15,197] {dagbag.py:508} INFO - Filling up the DagBag from /opt/conda/lib/python3.8/site-packages/airflow/example_dags/example_task_group_decorator.py
[2025-02-14 14:14:15,226] {processor.py:651} INFO - DAG(s) dict_keys(['example_task_group_decorator']) retrieved from /opt/conda/lib/python3.8/site-packages/airflow/example_dags/example_task_group_decorator.py
[2025-02-14 14:14:15,270] {logging_mixin.py:115} INFO - [2025-02-14 14:14:15,270] {dag.py:2420} INFO - Sync 1 DAGs
[2025-02-14 14:14:15,283] {logging_mixin.py:115} INFO - [2025-02-14 14:14:15,283] {dag.py:2968} INFO - Setting next_dagrun for example_task_group_decorator to 2025-02-13T14:14:15.283449+00:00, run_after=2025-02-14T14:14:15.283449+00:00
[2025-02-14 14:14:15,304] {processor.py:161} INFO - Processing /opt/conda/lib/python3.8/site-packages/airflow/example_dags/example_task_group_decorator.py took 0.122 seconds
[2025-02-14 14:14:51,509] {processor.py:153} INFO - Started process (PID=2822) to work on /opt/conda/lib/python3.8/site-packages/airflow/example_dags/example_task_group_decorator.py
[2025-02-14 14:14:51,613] {processor.py:641} INFO - Processing file /opt/conda/lib/python3.8/site-packages/airflow/example_dags/example_task_group_decorator.py for tasks to queue
[2025-02-14 14:14:51,614] {logging_mixin.py:115} INFO - [2025-02-14 14:14:51,613] {dagbag.py:508} INFO - Filling up the DagBag from /opt/conda/lib/python3.8/site-packages/airflow/example_dags/example_task_group_decorator.py
[2025-02-14 14:14:51,642] {processor.py:651} INFO - DAG(s) dict_keys(['example_task_group_decorator']) retrieved from /opt/conda/lib/python3.8/site-packages/airflow/example_dags/example_task_group_decorator.py
[2025-02-14 14:14:51,689] {logging_mixin.py:115} INFO - [2025-02-14 14:14:51,689] {dag.py:2420} INFO - Sync 1 DAGs
[2025-02-14 14:14:51,706] {logging_mixin.py:115} INFO - [2025-02-14 14:14:51,706] {dag.py:2968} INFO - Setting next_dagrun for example_task_group_decorator to 2025-02-13T14:14:51.706559+00:00, run_after=2025-02-14T14:14:51.706559+00:00
[2025-02-14 14:14:51,731] {processor.py:161} INFO - Processing /opt/conda/lib/python3.8/site-packages/airflow/example_dags/example_task_group_decorator.py took 0.224 seconds
[2025-02-14 14:15:32,113] {processor.py:153} INFO - Started process (PID=2877) to work on /opt/conda/lib/python3.8/site-packages/airflow/example_dags/example_task_group_decorator.py
[2025-02-14 14:15:32,114] {processor.py:641} INFO - Processing file /opt/conda/lib/python3.8/site-packages/airflow/example_dags/example_task_group_decorator.py for tasks to queue
[2025-02-14 14:15:32,115] {logging_mixin.py:115} INFO - [2025-02-14 14:15:32,114] {dagbag.py:508} INFO - Filling up the DagBag from /opt/conda/lib/python3.8/site-packages/airflow/example_dags/example_task_group_decorator.py
[2025-02-14 14:15:32,143] {processor.py:651} INFO - DAG(s) dict_keys(['example_task_group_decorator']) retrieved from /opt/conda/lib/python3.8/site-packages/airflow/example_dags/example_task_group_decorator.py
[2025-02-14 14:15:32,189] {logging_mixin.py:115} INFO - [2025-02-14 14:15:32,189] {dag.py:2420} INFO - Sync 1 DAGs
[2025-02-14 14:15:32,202] {logging_mixin.py:115} INFO - [2025-02-14 14:15:32,202] {dag.py:2968} INFO - Setting next_dagrun for example_task_group_decorator to 2025-02-13T14:15:32.202434+00:00, run_after=2025-02-14T14:15:32.202434+00:00
[2025-02-14 14:15:32,224] {processor.py:161} INFO - Processing /opt/conda/lib/python3.8/site-packages/airflow/example_dags/example_task_group_decorator.py took 0.115 seconds
[2025-02-14 14:16:41,387] {processor.py:153} INFO - Started process (PID=3006) to work on /opt/conda/lib/python3.8/site-packages/airflow/example_dags/example_task_group_decorator.py
[2025-02-14 14:16:41,458] {processor.py:641} INFO - Processing file /opt/conda/lib/python3.8/site-packages/airflow/example_dags/example_task_group_decorator.py for tasks to queue
[2025-02-14 14:16:41,459] {logging_mixin.py:115} INFO - [2025-02-14 14:16:41,459] {dagbag.py:508} INFO - Filling up the DagBag from /opt/conda/lib/python3.8/site-packages/airflow/example_dags/example_task_group_decorator.py
[2025-02-14 14:16:41,697] {processor.py:651} INFO - DAG(s) dict_keys(['example_task_group_decorator']) retrieved from /opt/conda/lib/python3.8/site-packages/airflow/example_dags/example_task_group_decorator.py
[2025-02-14 14:16:41,745] {logging_mixin.py:115} INFO - [2025-02-14 14:16:41,745] {dag.py:2420} INFO - Sync 1 DAGs
[2025-02-14 14:16:41,763] {logging_mixin.py:115} INFO - [2025-02-14 14:16:41,763] {dag.py:2968} INFO - Setting next_dagrun for example_task_group_decorator to 2025-02-13T14:16:41.763167+00:00, run_after=2025-02-14T14:16:41.763167+00:00
[2025-02-14 14:16:41,788] {processor.py:161} INFO - Processing /opt/conda/lib/python3.8/site-packages/airflow/example_dags/example_task_group_decorator.py took 0.405 seconds
[2025-02-14 14:17:27,745] {processor.py:153} INFO - Started process (PID=3060) to work on /opt/conda/lib/python3.8/site-packages/airflow/example_dags/example_task_group_decorator.py
[2025-02-14 14:17:27,925] {processor.py:641} INFO - Processing file /opt/conda/lib/python3.8/site-packages/airflow/example_dags/example_task_group_decorator.py for tasks to queue
[2025-02-14 14:17:27,925] {logging_mixin.py:115} INFO - [2025-02-14 14:17:27,925] {dagbag.py:508} INFO - Filling up the DagBag from /opt/conda/lib/python3.8/site-packages/airflow/example_dags/example_task_group_decorator.py
[2025-02-14 14:17:28,070] {processor.py:651} INFO - DAG(s) dict_keys(['example_task_group_decorator']) retrieved from /opt/conda/lib/python3.8/site-packages/airflow/example_dags/example_task_group_decorator.py
[2025-02-14 14:17:28,101] {logging_mixin.py:115} INFO - [2025-02-14 14:17:28,101] {dag.py:2420} INFO - Sync 1 DAGs
[2025-02-14 14:17:28,112] {logging_mixin.py:115} INFO - [2025-02-14 14:17:28,112] {dag.py:2968} INFO - Setting next_dagrun for example_task_group_decorator to 2025-02-13T14:17:28.112706+00:00, run_after=2025-02-14T14:17:28.112706+00:00
[2025-02-14 14:17:28,133] {processor.py:161} INFO - Processing /opt/conda/lib/python3.8/site-packages/airflow/example_dags/example_task_group_decorator.py took 0.391 seconds
[2025-02-14 14:18:12,036] {processor.py:153} INFO - Started process (PID=3114) to work on /opt/conda/lib/python3.8/site-packages/airflow/example_dags/example_task_group_decorator.py
[2025-02-14 14:18:12,037] {processor.py:641} INFO - Processing file /opt/conda/lib/python3.8/site-packages/airflow/example_dags/example_task_group_decorator.py for tasks to queue
[2025-02-14 14:18:12,038] {logging_mixin.py:115} INFO - [2025-02-14 14:18:12,038] {dagbag.py:508} INFO - Filling up the DagBag from /opt/conda/lib/python3.8/site-packages/airflow/example_dags/example_task_group_decorator.py
[2025-02-14 14:18:12,179] {processor.py:651} INFO - DAG(s) dict_keys(['example_task_group_decorator']) retrieved from /opt/conda/lib/python3.8/site-packages/airflow/example_dags/example_task_group_decorator.py
[2025-02-14 14:18:12,190] {logging_mixin.py:115} INFO - [2025-02-14 14:18:12,190] {dag.py:2420} INFO - Sync 1 DAGs
[2025-02-14 14:18:12,201] {logging_mixin.py:115} INFO - [2025-02-14 14:18:12,201] {dag.py:2968} INFO - Setting next_dagrun for example_task_group_decorator to 2025-02-13T14:18:12.201572+00:00, run_after=2025-02-14T14:18:12.201572+00:00
[2025-02-14 14:18:12,224] {processor.py:161} INFO - Processing /opt/conda/lib/python3.8/site-packages/airflow/example_dags/example_task_group_decorator.py took 0.191 seconds
[2025-02-14 14:18:56,165] {processor.py:153} INFO - Started process (PID=3198) to work on /opt/conda/lib/python3.8/site-packages/airflow/example_dags/example_task_group_decorator.py
[2025-02-14 14:18:56,167] {processor.py:641} INFO - Processing file /opt/conda/lib/python3.8/site-packages/airflow/example_dags/example_task_group_decorator.py for tasks to queue
[2025-02-14 14:18:56,167] {logging_mixin.py:115} INFO - [2025-02-14 14:18:56,167] {dagbag.py:508} INFO - Filling up the DagBag from /opt/conda/lib/python3.8/site-packages/airflow/example_dags/example_task_group_decorator.py
[2025-02-14 14:18:56,314] {processor.py:651} INFO - DAG(s) dict_keys(['example_task_group_decorator']) retrieved from /opt/conda/lib/python3.8/site-packages/airflow/example_dags/example_task_group_decorator.py
[2025-02-14 14:18:56,346] {logging_mixin.py:115} INFO - [2025-02-14 14:18:56,345] {dag.py:2420} INFO - Sync 1 DAGs
[2025-02-14 14:18:56,357] {logging_mixin.py:115} INFO - [2025-02-14 14:18:56,357] {dag.py:2968} INFO - Setting next_dagrun for example_task_group_decorator to 2025-02-13T14:18:56.357601+00:00, run_after=2025-02-14T14:18:56.357601+00:00
[2025-02-14 14:18:56,381] {processor.py:161} INFO - Processing /opt/conda/lib/python3.8/site-packages/airflow/example_dags/example_task_group_decorator.py took 0.218 seconds
[2025-02-14 14:20:46,870] {processor.py:153} INFO - Started process (PID=3289) to work on /opt/conda/lib/python3.8/site-packages/airflow/example_dags/example_task_group_decorator.py
[2025-02-14 14:20:46,873] {processor.py:641} INFO - Processing file /opt/conda/lib/python3.8/site-packages/airflow/example_dags/example_task_group_decorator.py for tasks to queue
[2025-02-14 14:20:46,874] {logging_mixin.py:115} INFO - [2025-02-14 14:20:46,874] {dagbag.py:508} INFO - Filling up the DagBag from /opt/conda/lib/python3.8/site-packages/airflow/example_dags/example_task_group_decorator.py
[2025-02-14 14:20:47,027] {processor.py:651} INFO - DAG(s) dict_keys(['example_task_group_decorator']) retrieved from /opt/conda/lib/python3.8/site-packages/airflow/example_dags/example_task_group_decorator.py
[2025-02-14 14:20:47,058] {logging_mixin.py:115} INFO - [2025-02-14 14:20:47,058] {dag.py:2420} INFO - Sync 1 DAGs
[2025-02-14 14:20:47,070] {logging_mixin.py:115} INFO - [2025-02-14 14:20:47,070] {dag.py:2968} INFO - Setting next_dagrun for example_task_group_decorator to 2025-02-13T14:20:47.069981+00:00, run_after=2025-02-14T14:20:47.069981+00:00
[2025-02-14 14:20:47,092] {processor.py:161} INFO - Processing /opt/conda/lib/python3.8/site-packages/airflow/example_dags/example_task_group_decorator.py took 0.226 seconds
[2025-02-14 14:21:32,673] {processor.py:153} INFO - Started process (PID=3345) to work on /opt/conda/lib/python3.8/site-packages/airflow/example_dags/example_task_group_decorator.py
[2025-02-14 14:21:32,675] {processor.py:641} INFO - Processing file /opt/conda/lib/python3.8/site-packages/airflow/example_dags/example_task_group_decorator.py for tasks to queue
[2025-02-14 14:21:32,675] {logging_mixin.py:115} INFO - [2025-02-14 14:21:32,675] {dagbag.py:508} INFO - Filling up the DagBag from /opt/conda/lib/python3.8/site-packages/airflow/example_dags/example_task_group_decorator.py
[2025-02-14 14:21:32,832] {processor.py:651} INFO - DAG(s) dict_keys(['example_task_group_decorator']) retrieved from /opt/conda/lib/python3.8/site-packages/airflow/example_dags/example_task_group_decorator.py
[2025-02-14 14:21:32,864] {logging_mixin.py:115} INFO - [2025-02-14 14:21:32,864] {dag.py:2420} INFO - Sync 1 DAGs
[2025-02-14 14:21:32,876] {logging_mixin.py:115} INFO - [2025-02-14 14:21:32,876] {dag.py:2968} INFO - Setting next_dagrun for example_task_group_decorator to 2025-02-13T14:21:32.876182+00:00, run_after=2025-02-14T14:21:32.876182+00:00
[2025-02-14 14:21:32,897] {processor.py:161} INFO - Processing /opt/conda/lib/python3.8/site-packages/airflow/example_dags/example_task_group_decorator.py took 0.227 seconds
[2025-02-14 14:22:18,506] {processor.py:153} INFO - Started process (PID=3399) to work on /opt/conda/lib/python3.8/site-packages/airflow/example_dags/example_task_group_decorator.py
[2025-02-14 14:22:18,508] {processor.py:641} INFO - Processing file /opt/conda/lib/python3.8/site-packages/airflow/example_dags/example_task_group_decorator.py for tasks to queue
[2025-02-14 14:22:18,508] {logging_mixin.py:115} INFO - [2025-02-14 14:22:18,508] {dagbag.py:508} INFO - Filling up the DagBag from /opt/conda/lib/python3.8/site-packages/airflow/example_dags/example_task_group_decorator.py
[2025-02-14 14:22:18,673] {processor.py:651} INFO - DAG(s) dict_keys(['example_task_group_decorator']) retrieved from /opt/conda/lib/python3.8/site-packages/airflow/example_dags/example_task_group_decorator.py
[2025-02-14 14:22:18,705] {logging_mixin.py:115} INFO - [2025-02-14 14:22:18,705] {dag.py:2420} INFO - Sync 1 DAGs
[2025-02-14 14:22:18,718] {logging_mixin.py:115} INFO - [2025-02-14 14:22:18,718] {dag.py:2968} INFO - Setting next_dagrun for example_task_group_decorator to 2025-02-13T14:22:18.718231+00:00, run_after=2025-02-14T14:22:18.718231+00:00
[2025-02-14 14:22:18,740] {processor.py:161} INFO - Processing /opt/conda/lib/python3.8/site-packages/airflow/example_dags/example_task_group_decorator.py took 0.237 seconds
[2025-02-14 14:23:02,777] {processor.py:153} INFO - Started process (PID=3453) to work on /opt/conda/lib/python3.8/site-packages/airflow/example_dags/example_task_group_decorator.py
[2025-02-14 14:23:02,778] {processor.py:641} INFO - Processing file /opt/conda/lib/python3.8/site-packages/airflow/example_dags/example_task_group_decorator.py for tasks to queue
[2025-02-14 14:23:02,779] {logging_mixin.py:115} INFO - [2025-02-14 14:23:02,779] {dagbag.py:508} INFO - Filling up the DagBag from /opt/conda/lib/python3.8/site-packages/airflow/example_dags/example_task_group_decorator.py
[2025-02-14 14:23:02,944] {processor.py:651} INFO - DAG(s) dict_keys(['example_task_group_decorator']) retrieved from /opt/conda/lib/python3.8/site-packages/airflow/example_dags/example_task_group_decorator.py
[2025-02-14 14:23:02,955] {logging_mixin.py:115} INFO - [2025-02-14 14:23:02,955] {dag.py:2420} INFO - Sync 1 DAGs
[2025-02-14 14:23:02,967] {logging_mixin.py:115} INFO - [2025-02-14 14:23:02,967] {dag.py:2968} INFO - Setting next_dagrun for example_task_group_decorator to 2025-02-13T14:23:02.966989+00:00, run_after=2025-02-14T14:23:02.966989+00:00
[2025-02-14 14:23:02,987] {processor.py:161} INFO - Processing /opt/conda/lib/python3.8/site-packages/airflow/example_dags/example_task_group_decorator.py took 0.213 seconds
[2025-02-14 14:23:35,725] {processor.py:153} INFO - Started process (PID=3546) to work on /opt/conda/lib/python3.8/site-packages/airflow/example_dags/example_task_group_decorator.py
[2025-02-14 14:23:35,725] {processor.py:641} INFO - Processing file /opt/conda/lib/python3.8/site-packages/airflow/example_dags/example_task_group_decorator.py for tasks to queue
[2025-02-14 14:23:35,726] {logging_mixin.py:115} INFO - [2025-02-14 14:23:35,726] {dagbag.py:508} INFO - Filling up the DagBag from /opt/conda/lib/python3.8/site-packages/airflow/example_dags/example_task_group_decorator.py
[2025-02-14 14:23:35,863] {processor.py:651} INFO - DAG(s) dict_keys(['example_task_group_decorator']) retrieved from /opt/conda/lib/python3.8/site-packages/airflow/example_dags/example_task_group_decorator.py
[2025-02-14 14:23:35,894] {logging_mixin.py:115} INFO - [2025-02-14 14:23:35,894] {dag.py:2420} INFO - Sync 1 DAGs
[2025-02-14 14:23:35,906] {logging_mixin.py:115} INFO - [2025-02-14 14:23:35,906] {dag.py:2968} INFO - Setting next_dagrun for example_task_group_decorator to 2025-02-13T14:23:35.906072+00:00, run_after=2025-02-14T14:23:35.906072+00:00
[2025-02-14 14:23:35,927] {processor.py:161} INFO - Processing /opt/conda/lib/python3.8/site-packages/airflow/example_dags/example_task_group_decorator.py took 0.205 seconds
[2025-02-14 14:24:18,053] {processor.py:153} INFO - Started process (PID=3600) to work on /opt/conda/lib/python3.8/site-packages/airflow/example_dags/example_task_group_decorator.py
[2025-02-14 14:24:18,055] {processor.py:641} INFO - Processing file /opt/conda/lib/python3.8/site-packages/airflow/example_dags/example_task_group_decorator.py for tasks to queue
[2025-02-14 14:24:18,055] {logging_mixin.py:115} INFO - [2025-02-14 14:24:18,055] {dagbag.py:508} INFO - Filling up the DagBag from /opt/conda/lib/python3.8/site-packages/airflow/example_dags/example_task_group_decorator.py
[2025-02-14 14:24:18,194] {processor.py:651} INFO - DAG(s) dict_keys(['example_task_group_decorator']) retrieved from /opt/conda/lib/python3.8/site-packages/airflow/example_dags/example_task_group_decorator.py
[2025-02-14 14:24:18,225] {logging_mixin.py:115} INFO - [2025-02-14 14:24:18,225] {dag.py:2420} INFO - Sync 1 DAGs
[2025-02-14 14:24:18,237] {logging_mixin.py:115} INFO - [2025-02-14 14:24:18,237] {dag.py:2968} INFO - Setting next_dagrun for example_task_group_decorator to 2025-02-13T14:24:18.237321+00:00, run_after=2025-02-14T14:24:18.237321+00:00
[2025-02-14 14:24:18,259] {processor.py:161} INFO - Processing /opt/conda/lib/python3.8/site-packages/airflow/example_dags/example_task_group_decorator.py took 0.209 seconds
[2025-02-14 14:25:02,385] {processor.py:153} INFO - Started process (PID=3654) to work on /opt/conda/lib/python3.8/site-packages/airflow/example_dags/example_task_group_decorator.py
[2025-02-14 14:25:02,458] {processor.py:641} INFO - Processing file /opt/conda/lib/python3.8/site-packages/airflow/example_dags/example_task_group_decorator.py for tasks to queue
[2025-02-14 14:25:02,458] {logging_mixin.py:115} INFO - [2025-02-14 14:25:02,458] {dagbag.py:508} INFO - Filling up the DagBag from /opt/conda/lib/python3.8/site-packages/airflow/example_dags/example_task_group_decorator.py
[2025-02-14 14:25:02,604] {processor.py:651} INFO - DAG(s) dict_keys(['example_task_group_decorator']) retrieved from /opt/conda/lib/python3.8/site-packages/airflow/example_dags/example_task_group_decorator.py
[2025-02-14 14:25:02,635] {logging_mixin.py:115} INFO - [2025-02-14 14:25:02,635] {dag.py:2420} INFO - Sync 1 DAGs
[2025-02-14 14:25:02,647] {logging_mixin.py:115} INFO - [2025-02-14 14:25:02,647] {dag.py:2968} INFO - Setting next_dagrun for example_task_group_decorator to 2025-02-13T14:25:02.647441+00:00, run_after=2025-02-14T14:25:02.647441+00:00
[2025-02-14 14:25:02,668] {processor.py:161} INFO - Processing /opt/conda/lib/python3.8/site-packages/airflow/example_dags/example_task_group_decorator.py took 0.286 seconds
[2025-02-14 14:25:46,913] {processor.py:153} INFO - Started process (PID=3708) to work on /opt/conda/lib/python3.8/site-packages/airflow/example_dags/example_task_group_decorator.py
[2025-02-14 14:25:46,915] {processor.py:641} INFO - Processing file /opt/conda/lib/python3.8/site-packages/airflow/example_dags/example_task_group_decorator.py for tasks to queue
[2025-02-14 14:25:46,915] {logging_mixin.py:115} INFO - [2025-02-14 14:25:46,915] {dagbag.py:508} INFO - Filling up the DagBag from /opt/conda/lib/python3.8/site-packages/airflow/example_dags/example_task_group_decorator.py
[2025-02-14 14:25:47,065] {processor.py:651} INFO - DAG(s) dict_keys(['example_task_group_decorator']) retrieved from /opt/conda/lib/python3.8/site-packages/airflow/example_dags/example_task_group_decorator.py
[2025-02-14 14:25:47,098] {logging_mixin.py:115} INFO - [2025-02-14 14:25:47,098] {dag.py:2420} INFO - Sync 1 DAGs
[2025-02-14 14:25:47,110] {logging_mixin.py:115} INFO - [2025-02-14 14:25:47,110] {dag.py:2968} INFO - Setting next_dagrun for example_task_group_decorator to 2025-02-13T14:25:47.110228+00:00, run_after=2025-02-14T14:25:47.110228+00:00
[2025-02-14 14:25:47,131] {processor.py:161} INFO - Processing /opt/conda/lib/python3.8/site-packages/airflow/example_dags/example_task_group_decorator.py took 0.221 seconds
[2025-02-14 14:26:28,317] {processor.py:153} INFO - Started process (PID=3760) to work on /opt/conda/lib/python3.8/site-packages/airflow/example_dags/example_task_group_decorator.py
[2025-02-14 14:26:28,319] {processor.py:641} INFO - Processing file /opt/conda/lib/python3.8/site-packages/airflow/example_dags/example_task_group_decorator.py for tasks to queue
[2025-02-14 14:26:28,320] {logging_mixin.py:115} INFO - [2025-02-14 14:26:28,320] {dagbag.py:508} INFO - Filling up the DagBag from /opt/conda/lib/python3.8/site-packages/airflow/example_dags/example_task_group_decorator.py
[2025-02-14 14:26:28,462] {processor.py:651} INFO - DAG(s) dict_keys(['example_task_group_decorator']) retrieved from /opt/conda/lib/python3.8/site-packages/airflow/example_dags/example_task_group_decorator.py
[2025-02-14 14:26:28,494] {logging_mixin.py:115} INFO - [2025-02-14 14:26:28,493] {dag.py:2420} INFO - Sync 1 DAGs
[2025-02-14 14:26:28,506] {logging_mixin.py:115} INFO - [2025-02-14 14:26:28,506] {dag.py:2968} INFO - Setting next_dagrun for example_task_group_decorator to 2025-02-13T14:26:28.506208+00:00, run_after=2025-02-14T14:26:28.506208+00:00
[2025-02-14 14:26:28,527] {processor.py:161} INFO - Processing /opt/conda/lib/python3.8/site-packages/airflow/example_dags/example_task_group_decorator.py took 0.213 seconds
[2025-02-14 14:27:11,108] {processor.py:153} INFO - Started process (PID=3812) to work on /opt/conda/lib/python3.8/site-packages/airflow/example_dags/example_task_group_decorator.py
[2025-02-14 14:27:11,109] {processor.py:641} INFO - Processing file /opt/conda/lib/python3.8/site-packages/airflow/example_dags/example_task_group_decorator.py for tasks to queue
[2025-02-14 14:27:11,110] {logging_mixin.py:115} INFO - [2025-02-14 14:27:11,110] {dagbag.py:508} INFO - Filling up the DagBag from /opt/conda/lib/python3.8/site-packages/airflow/example_dags/example_task_group_decorator.py
[2025-02-14 14:27:11,251] {processor.py:651} INFO - DAG(s) dict_keys(['example_task_group_decorator']) retrieved from /opt/conda/lib/python3.8/site-packages/airflow/example_dags/example_task_group_decorator.py
[2025-02-14 14:27:11,282] {logging_mixin.py:115} INFO - [2025-02-14 14:27:11,282] {dag.py:2420} INFO - Sync 1 DAGs
[2025-02-14 14:27:11,294] {logging_mixin.py:115} INFO - [2025-02-14 14:27:11,294] {dag.py:2968} INFO - Setting next_dagrun for example_task_group_decorator to 2025-02-13T14:27:11.294218+00:00, run_after=2025-02-14T14:27:11.294218+00:00
[2025-02-14 14:27:11,313] {processor.py:161} INFO - Processing /opt/conda/lib/python3.8/site-packages/airflow/example_dags/example_task_group_decorator.py took 0.208 seconds
[2025-02-14 14:27:56,833] {processor.py:153} INFO - Started process (PID=3866) to work on /opt/conda/lib/python3.8/site-packages/airflow/example_dags/example_task_group_decorator.py
[2025-02-14 14:27:56,835] {processor.py:641} INFO - Processing file /opt/conda/lib/python3.8/site-packages/airflow/example_dags/example_task_group_decorator.py for tasks to queue
[2025-02-14 14:27:56,836] {logging_mixin.py:115} INFO - [2025-02-14 14:27:56,835] {dagbag.py:508} INFO - Filling up the DagBag from /opt/conda/lib/python3.8/site-packages/airflow/example_dags/example_task_group_decorator.py
[2025-02-14 14:27:56,980] {processor.py:651} INFO - DAG(s) dict_keys(['example_task_group_decorator']) retrieved from /opt/conda/lib/python3.8/site-packages/airflow/example_dags/example_task_group_decorator.py
[2025-02-14 14:27:57,011] {logging_mixin.py:115} INFO - [2025-02-14 14:27:57,011] {dag.py:2420} INFO - Sync 1 DAGs
[2025-02-14 14:27:57,023] {logging_mixin.py:115} INFO - [2025-02-14 14:27:57,023] {dag.py:2968} INFO - Setting next_dagrun for example_task_group_decorator to 2025-02-13T14:27:57.023380+00:00, run_after=2025-02-14T14:27:57.023380+00:00
[2025-02-14 14:27:57,046] {processor.py:161} INFO - Processing /opt/conda/lib/python3.8/site-packages/airflow/example_dags/example_task_group_decorator.py took 0.216 seconds
[2025-02-14 14:28:41,794] {processor.py:153} INFO - Started process (PID=3929) to work on /opt/conda/lib/python3.8/site-packages/airflow/example_dags/example_task_group_decorator.py
[2025-02-14 14:28:41,795] {processor.py:641} INFO - Processing file /opt/conda/lib/python3.8/site-packages/airflow/example_dags/example_task_group_decorator.py for tasks to queue
[2025-02-14 14:28:41,796] {logging_mixin.py:115} INFO - [2025-02-14 14:28:41,796] {dagbag.py:508} INFO - Filling up the DagBag from /opt/conda/lib/python3.8/site-packages/airflow/example_dags/example_task_group_decorator.py
[2025-02-14 14:28:41,824] {processor.py:651} INFO - DAG(s) dict_keys(['example_task_group_decorator']) retrieved from /opt/conda/lib/python3.8/site-packages/airflow/example_dags/example_task_group_decorator.py
[2025-02-14 14:28:41,863] {logging_mixin.py:115} INFO - [2025-02-14 14:28:41,863] {dag.py:2420} INFO - Sync 1 DAGs
[2025-02-14 14:28:41,876] {logging_mixin.py:115} INFO - [2025-02-14 14:28:41,876] {dag.py:2968} INFO - Setting next_dagrun for example_task_group_decorator to 2025-02-13T14:28:41.876327+00:00, run_after=2025-02-14T14:28:41.876327+00:00
[2025-02-14 14:28:41,898] {processor.py:161} INFO - Processing /opt/conda/lib/python3.8/site-packages/airflow/example_dags/example_task_group_decorator.py took 0.107 seconds
[2025-02-14 14:29:19,805] {processor.py:153} INFO - Started process (PID=3981) to work on /opt/conda/lib/python3.8/site-packages/airflow/example_dags/example_task_group_decorator.py
[2025-02-14 14:29:19,807] {processor.py:641} INFO - Processing file /opt/conda/lib/python3.8/site-packages/airflow/example_dags/example_task_group_decorator.py for tasks to queue
[2025-02-14 14:29:19,807] {logging_mixin.py:115} INFO - [2025-02-14 14:29:19,807] {dagbag.py:508} INFO - Filling up the DagBag from /opt/conda/lib/python3.8/site-packages/airflow/example_dags/example_task_group_decorator.py
[2025-02-14 14:29:19,835] {processor.py:651} INFO - DAG(s) dict_keys(['example_task_group_decorator']) retrieved from /opt/conda/lib/python3.8/site-packages/airflow/example_dags/example_task_group_decorator.py
[2025-02-14 14:29:19,879] {logging_mixin.py:115} INFO - [2025-02-14 14:29:19,879] {dag.py:2420} INFO - Sync 1 DAGs
[2025-02-14 14:29:19,892] {logging_mixin.py:115} INFO - [2025-02-14 14:29:19,892] {dag.py:2968} INFO - Setting next_dagrun for example_task_group_decorator to 2025-02-13T14:29:19.892608+00:00, run_after=2025-02-14T14:29:19.892608+00:00
[2025-02-14 14:29:19,913] {processor.py:161} INFO - Processing /opt/conda/lib/python3.8/site-packages/airflow/example_dags/example_task_group_decorator.py took 0.111 seconds
[2025-02-14 14:30:01,657] {processor.py:153} INFO - Started process (PID=4044) to work on /opt/conda/lib/python3.8/site-packages/airflow/example_dags/example_task_group_decorator.py
[2025-02-14 14:30:01,666] {processor.py:641} INFO - Processing file /opt/conda/lib/python3.8/site-packages/airflow/example_dags/example_task_group_decorator.py for tasks to queue
[2025-02-14 14:30:01,666] {logging_mixin.py:115} INFO - [2025-02-14 14:30:01,666] {dagbag.py:508} INFO - Filling up the DagBag from /opt/conda/lib/python3.8/site-packages/airflow/example_dags/example_task_group_decorator.py
[2025-02-14 14:30:01,694] {processor.py:651} INFO - DAG(s) dict_keys(['example_task_group_decorator']) retrieved from /opt/conda/lib/python3.8/site-packages/airflow/example_dags/example_task_group_decorator.py
[2025-02-14 14:30:01,738] {logging_mixin.py:115} INFO - [2025-02-14 14:30:01,738] {dag.py:2420} INFO - Sync 1 DAGs
[2025-02-14 14:30:01,752] {logging_mixin.py:115} INFO - [2025-02-14 14:30:01,752] {dag.py:2968} INFO - Setting next_dagrun for example_task_group_decorator to 2025-02-13T14:30:01.752017+00:00, run_after=2025-02-14T14:30:01.752017+00:00
[2025-02-14 14:30:01,774] {processor.py:161} INFO - Processing /opt/conda/lib/python3.8/site-packages/airflow/example_dags/example_task_group_decorator.py took 0.120 seconds
[2025-02-14 14:30:40,117] {processor.py:153} INFO - Started process (PID=4098) to work on /opt/conda/lib/python3.8/site-packages/airflow/example_dags/example_task_group_decorator.py
[2025-02-14 14:30:40,118] {processor.py:641} INFO - Processing file /opt/conda/lib/python3.8/site-packages/airflow/example_dags/example_task_group_decorator.py for tasks to queue
[2025-02-14 14:30:40,119] {logging_mixin.py:115} INFO - [2025-02-14 14:30:40,119] {dagbag.py:508} INFO - Filling up the DagBag from /opt/conda/lib/python3.8/site-packages/airflow/example_dags/example_task_group_decorator.py
[2025-02-14 14:30:40,146] {processor.py:651} INFO - DAG(s) dict_keys(['example_task_group_decorator']) retrieved from /opt/conda/lib/python3.8/site-packages/airflow/example_dags/example_task_group_decorator.py
[2025-02-14 14:30:40,165] {logging_mixin.py:115} INFO - [2025-02-14 14:30:40,165] {dag.py:2420} INFO - Sync 1 DAGs
[2025-02-14 14:30:40,180] {logging_mixin.py:115} INFO - [2025-02-14 14:30:40,180] {dag.py:2968} INFO - Setting next_dagrun for example_task_group_decorator to 2025-02-13T14:30:40.180030+00:00, run_after=2025-02-14T14:30:40.180030+00:00
[2025-02-14 14:30:40,200] {processor.py:161} INFO - Processing /opt/conda/lib/python3.8/site-packages/airflow/example_dags/example_task_group_decorator.py took 0.086 seconds
[2025-02-14 14:31:16,920] {processor.py:153} INFO - Started process (PID=4151) to work on /opt/conda/lib/python3.8/site-packages/airflow/example_dags/example_task_group_decorator.py
[2025-02-14 14:31:16,922] {processor.py:641} INFO - Processing file /opt/conda/lib/python3.8/site-packages/airflow/example_dags/example_task_group_decorator.py for tasks to queue
[2025-02-14 14:31:16,923] {logging_mixin.py:115} INFO - [2025-02-14 14:31:16,923] {dagbag.py:508} INFO - Filling up the DagBag from /opt/conda/lib/python3.8/site-packages/airflow/example_dags/example_task_group_decorator.py
[2025-02-14 14:31:16,948] {processor.py:651} INFO - DAG(s) dict_keys(['example_task_group_decorator']) retrieved from /opt/conda/lib/python3.8/site-packages/airflow/example_dags/example_task_group_decorator.py
[2025-02-14 14:31:16,963] {logging_mixin.py:115} INFO - [2025-02-14 14:31:16,963] {dag.py:2420} INFO - Sync 1 DAGs
[2025-02-14 14:31:16,976] {logging_mixin.py:115} INFO - [2025-02-14 14:31:16,976] {dag.py:2968} INFO - Setting next_dagrun for example_task_group_decorator to 2025-02-13T14:31:16.976486+00:00, run_after=2025-02-14T14:31:16.976486+00:00
[2025-02-14 14:31:16,997] {processor.py:161} INFO - Processing /opt/conda/lib/python3.8/site-packages/airflow/example_dags/example_task_group_decorator.py took 0.080 seconds
[2025-02-14 14:32:57,814] {processor.py:153} INFO - Started process (PID=4316) to work on /opt/conda/lib/python3.8/site-packages/airflow/example_dags/example_task_group_decorator.py
[2025-02-14 14:32:57,907] {processor.py:641} INFO - Processing file /opt/conda/lib/python3.8/site-packages/airflow/example_dags/example_task_group_decorator.py for tasks to queue
[2025-02-14 14:32:57,908] {logging_mixin.py:115} INFO - [2025-02-14 14:32:57,907] {dagbag.py:508} INFO - Filling up the DagBag from /opt/conda/lib/python3.8/site-packages/airflow/example_dags/example_task_group_decorator.py
[2025-02-14 14:32:57,936] {processor.py:651} INFO - DAG(s) dict_keys(['example_task_group_decorator']) retrieved from /opt/conda/lib/python3.8/site-packages/airflow/example_dags/example_task_group_decorator.py
[2025-02-14 14:32:57,954] {logging_mixin.py:115} INFO - [2025-02-14 14:32:57,954] {dag.py:2420} INFO - Sync 1 DAGs
[2025-02-14 14:32:57,972] {logging_mixin.py:115} INFO - [2025-02-14 14:32:57,971] {dag.py:2968} INFO - Setting next_dagrun for example_task_group_decorator to 2025-02-13T14:32:57.971681+00:00, run_after=2025-02-14T14:32:57.971681+00:00
[2025-02-14 14:32:58,000] {processor.py:161} INFO - Processing /opt/conda/lib/python3.8/site-packages/airflow/example_dags/example_task_group_decorator.py took 0.189 seconds
[2025-02-14 14:33:40,048] {processor.py:153} INFO - Started process (PID=4370) to work on /opt/conda/lib/python3.8/site-packages/airflow/example_dags/example_task_group_decorator.py
[2025-02-14 14:33:40,049] {processor.py:641} INFO - Processing file /opt/conda/lib/python3.8/site-packages/airflow/example_dags/example_task_group_decorator.py for tasks to queue
[2025-02-14 14:33:40,050] {logging_mixin.py:115} INFO - [2025-02-14 14:33:40,050] {dagbag.py:508} INFO - Filling up the DagBag from /opt/conda/lib/python3.8/site-packages/airflow/example_dags/example_task_group_decorator.py
[2025-02-14 14:33:40,075] {processor.py:651} INFO - DAG(s) dict_keys(['example_task_group_decorator']) retrieved from /opt/conda/lib/python3.8/site-packages/airflow/example_dags/example_task_group_decorator.py
[2025-02-14 14:33:40,112] {logging_mixin.py:115} INFO - [2025-02-14 14:33:40,112] {dag.py:2420} INFO - Sync 1 DAGs
[2025-02-14 14:33:40,125] {logging_mixin.py:115} INFO - [2025-02-14 14:33:40,125] {dag.py:2968} INFO - Setting next_dagrun for example_task_group_decorator to 2025-02-13T14:33:40.125292+00:00, run_after=2025-02-14T14:33:40.125292+00:00
[2025-02-14 14:33:40,147] {processor.py:161} INFO - Processing /opt/conda/lib/python3.8/site-packages/airflow/example_dags/example_task_group_decorator.py took 0.102 seconds
[2025-02-14 14:34:27,597] {processor.py:153} INFO - Started process (PID=4444) to work on /opt/conda/lib/python3.8/site-packages/airflow/example_dags/example_task_group_decorator.py
[2025-02-14 14:34:27,599] {processor.py:641} INFO - Processing file /opt/conda/lib/python3.8/site-packages/airflow/example_dags/example_task_group_decorator.py for tasks to queue
[2025-02-14 14:34:27,599] {logging_mixin.py:115} INFO - [2025-02-14 14:34:27,599] {dagbag.py:508} INFO - Filling up the DagBag from /opt/conda/lib/python3.8/site-packages/airflow/example_dags/example_task_group_decorator.py
[2025-02-14 14:34:27,626] {processor.py:651} INFO - DAG(s) dict_keys(['example_task_group_decorator']) retrieved from /opt/conda/lib/python3.8/site-packages/airflow/example_dags/example_task_group_decorator.py
[2025-02-14 14:34:27,662] {logging_mixin.py:115} INFO - [2025-02-14 14:34:27,662] {dag.py:2420} INFO - Sync 1 DAGs
[2025-02-14 14:34:27,676] {logging_mixin.py:115} INFO - [2025-02-14 14:34:27,676] {dag.py:2968} INFO - Setting next_dagrun for example_task_group_decorator to 2025-02-13T14:34:27.675838+00:00, run_after=2025-02-14T14:34:27.675838+00:00
[2025-02-14 14:34:27,697] {processor.py:161} INFO - Processing /opt/conda/lib/python3.8/site-packages/airflow/example_dags/example_task_group_decorator.py took 0.103 seconds
[2025-02-14 14:35:09,150] {processor.py:153} INFO - Started process (PID=4500) to work on /opt/conda/lib/python3.8/site-packages/airflow/example_dags/example_task_group_decorator.py
[2025-02-14 14:35:09,151] {processor.py:641} INFO - Processing file /opt/conda/lib/python3.8/site-packages/airflow/example_dags/example_task_group_decorator.py for tasks to queue
[2025-02-14 14:35:09,152] {logging_mixin.py:115} INFO - [2025-02-14 14:35:09,152] {dagbag.py:508} INFO - Filling up the DagBag from /opt/conda/lib/python3.8/site-packages/airflow/example_dags/example_task_group_decorator.py
[2025-02-14 14:35:09,179] {processor.py:651} INFO - DAG(s) dict_keys(['example_task_group_decorator']) retrieved from /opt/conda/lib/python3.8/site-packages/airflow/example_dags/example_task_group_decorator.py
[2025-02-14 14:35:09,197] {logging_mixin.py:115} INFO - [2025-02-14 14:35:09,197] {dag.py:2420} INFO - Sync 1 DAGs
[2025-02-14 14:35:09,211] {logging_mixin.py:115} INFO - [2025-02-14 14:35:09,210] {dag.py:2968} INFO - Setting next_dagrun for example_task_group_decorator to 2025-02-13T14:35:09.210764+00:00, run_after=2025-02-14T14:35:09.210764+00:00
[2025-02-14 14:35:09,232] {processor.py:161} INFO - Processing /opt/conda/lib/python3.8/site-packages/airflow/example_dags/example_task_group_decorator.py took 0.085 seconds
[2025-02-14 14:35:46,017] {processor.py:153} INFO - Started process (PID=4552) to work on /opt/conda/lib/python3.8/site-packages/airflow/example_dags/example_task_group_decorator.py
[2025-02-14 14:35:46,018] {processor.py:641} INFO - Processing file /opt/conda/lib/python3.8/site-packages/airflow/example_dags/example_task_group_decorator.py for tasks to queue
[2025-02-14 14:35:46,018] {logging_mixin.py:115} INFO - [2025-02-14 14:35:46,018] {dagbag.py:508} INFO - Filling up the DagBag from /opt/conda/lib/python3.8/site-packages/airflow/example_dags/example_task_group_decorator.py
[2025-02-14 14:35:46,046] {processor.py:651} INFO - DAG(s) dict_keys(['example_task_group_decorator']) retrieved from /opt/conda/lib/python3.8/site-packages/airflow/example_dags/example_task_group_decorator.py
[2025-02-14 14:35:46,064] {logging_mixin.py:115} INFO - [2025-02-14 14:35:46,064] {dag.py:2420} INFO - Sync 1 DAGs
[2025-02-14 14:35:46,082] {logging_mixin.py:115} INFO - [2025-02-14 14:35:46,082] {dag.py:2968} INFO - Setting next_dagrun for example_task_group_decorator to 2025-02-13T14:35:46.081728+00:00, run_after=2025-02-14T14:35:46.081728+00:00
[2025-02-14 14:35:46,110] {processor.py:161} INFO - Processing /opt/conda/lib/python3.8/site-packages/airflow/example_dags/example_task_group_decorator.py took 0.096 seconds
[2025-02-14 14:36:31,662] {processor.py:153} INFO - Started process (PID=4608) to work on /opt/conda/lib/python3.8/site-packages/airflow/example_dags/example_task_group_decorator.py
[2025-02-14 14:36:31,663] {processor.py:641} INFO - Processing file /opt/conda/lib/python3.8/site-packages/airflow/example_dags/example_task_group_decorator.py for tasks to queue
[2025-02-14 14:36:31,663] {logging_mixin.py:115} INFO - [2025-02-14 14:36:31,663] {dagbag.py:508} INFO - Filling up the DagBag from /opt/conda/lib/python3.8/site-packages/airflow/example_dags/example_task_group_decorator.py
[2025-02-14 14:36:31,690] {processor.py:651} INFO - DAG(s) dict_keys(['example_task_group_decorator']) retrieved from /opt/conda/lib/python3.8/site-packages/airflow/example_dags/example_task_group_decorator.py
[2025-02-14 14:36:31,709] {logging_mixin.py:115} INFO - [2025-02-14 14:36:31,709] {dag.py:2420} INFO - Sync 1 DAGs
[2025-02-14 14:36:31,726] {logging_mixin.py:115} INFO - [2025-02-14 14:36:31,726] {dag.py:2968} INFO - Setting next_dagrun for example_task_group_decorator to 2025-02-13T14:36:31.726407+00:00, run_after=2025-02-14T14:36:31.726407+00:00
[2025-02-14 14:36:31,748] {processor.py:161} INFO - Processing /opt/conda/lib/python3.8/site-packages/airflow/example_dags/example_task_group_decorator.py took 0.090 seconds
[2025-02-14 14:37:07,606] {processor.py:153} INFO - Started process (PID=4659) to work on /opt/conda/lib/python3.8/site-packages/airflow/example_dags/example_task_group_decorator.py
[2025-02-14 14:37:07,606] {processor.py:641} INFO - Processing file /opt/conda/lib/python3.8/site-packages/airflow/example_dags/example_task_group_decorator.py for tasks to queue
[2025-02-14 14:37:07,607] {logging_mixin.py:115} INFO - [2025-02-14 14:37:07,607] {dagbag.py:508} INFO - Filling up the DagBag from /opt/conda/lib/python3.8/site-packages/airflow/example_dags/example_task_group_decorator.py
[2025-02-14 14:37:07,634] {processor.py:651} INFO - DAG(s) dict_keys(['example_task_group_decorator']) retrieved from /opt/conda/lib/python3.8/site-packages/airflow/example_dags/example_task_group_decorator.py
[2025-02-14 14:37:07,652] {logging_mixin.py:115} INFO - [2025-02-14 14:37:07,652] {dag.py:2420} INFO - Sync 1 DAGs
[2025-02-14 14:37:07,665] {logging_mixin.py:115} INFO - [2025-02-14 14:37:07,665] {dag.py:2968} INFO - Setting next_dagrun for example_task_group_decorator to 2025-02-13T14:37:07.665512+00:00, run_after=2025-02-14T14:37:07.665512+00:00
[2025-02-14 14:37:07,685] {processor.py:161} INFO - Processing /opt/conda/lib/python3.8/site-packages/airflow/example_dags/example_task_group_decorator.py took 0.082 seconds
[2025-02-14 14:42:06,957] {processor.py:153} INFO - Started process (PID=4762) to work on /opt/conda/lib/python3.8/site-packages/airflow/example_dags/example_task_group_decorator.py
[2025-02-14 14:42:06,964] {processor.py:641} INFO - Processing file /opt/conda/lib/python3.8/site-packages/airflow/example_dags/example_task_group_decorator.py for tasks to queue
[2025-02-14 14:42:06,965] {logging_mixin.py:115} INFO - [2025-02-14 14:42:06,965] {dagbag.py:508} INFO - Filling up the DagBag from /opt/conda/lib/python3.8/site-packages/airflow/example_dags/example_task_group_decorator.py
[2025-02-14 14:42:07,107] {processor.py:651} INFO - DAG(s) dict_keys(['example_task_group_decorator']) retrieved from /opt/conda/lib/python3.8/site-packages/airflow/example_dags/example_task_group_decorator.py
[2025-02-14 14:42:07,138] {logging_mixin.py:115} INFO - [2025-02-14 14:42:07,138] {dag.py:2420} INFO - Sync 1 DAGs
[2025-02-14 14:42:07,150] {logging_mixin.py:115} INFO - [2025-02-14 14:42:07,150] {dag.py:2968} INFO - Setting next_dagrun for example_task_group_decorator to 2025-02-13T14:42:07.150333+00:00, run_after=2025-02-14T14:42:07.150333+00:00
[2025-02-14 14:42:07,173] {processor.py:161} INFO - Processing /opt/conda/lib/python3.8/site-packages/airflow/example_dags/example_task_group_decorator.py took 0.219 seconds
[2025-02-14 14:42:52,149] {processor.py:153} INFO - Started process (PID=4854) to work on /opt/conda/lib/python3.8/site-packages/airflow/example_dags/example_task_group_decorator.py
[2025-02-14 14:42:52,151] {processor.py:641} INFO - Processing file /opt/conda/lib/python3.8/site-packages/airflow/example_dags/example_task_group_decorator.py for tasks to queue
[2025-02-14 14:42:52,151] {logging_mixin.py:115} INFO - [2025-02-14 14:42:52,151] {dagbag.py:508} INFO - Filling up the DagBag from /opt/conda/lib/python3.8/site-packages/airflow/example_dags/example_task_group_decorator.py
[2025-02-14 14:42:52,295] {processor.py:651} INFO - DAG(s) dict_keys(['example_task_group_decorator']) retrieved from /opt/conda/lib/python3.8/site-packages/airflow/example_dags/example_task_group_decorator.py
[2025-02-14 14:42:52,326] {logging_mixin.py:115} INFO - [2025-02-14 14:42:52,326] {dag.py:2420} INFO - Sync 1 DAGs
[2025-02-14 14:42:52,338] {logging_mixin.py:115} INFO - [2025-02-14 14:42:52,338] {dag.py:2968} INFO - Setting next_dagrun for example_task_group_decorator to 2025-02-13T14:42:52.338122+00:00, run_after=2025-02-14T14:42:52.338122+00:00
[2025-02-14 14:42:52,362] {processor.py:161} INFO - Processing /opt/conda/lib/python3.8/site-packages/airflow/example_dags/example_task_group_decorator.py took 0.215 seconds
[2025-02-14 17:09:28,035] {processor.py:153} INFO - Started process (PID=6353) to work on /opt/conda/lib/python3.8/site-packages/airflow/example_dags/example_task_group_decorator.py
[2025-02-14 17:09:28,036] {processor.py:641} INFO - Processing file /opt/conda/lib/python3.8/site-packages/airflow/example_dags/example_task_group_decorator.py for tasks to queue
[2025-02-14 17:09:28,037] {logging_mixin.py:115} INFO - [2025-02-14 17:09:28,037] {dagbag.py:508} INFO - Filling up the DagBag from /opt/conda/lib/python3.8/site-packages/airflow/example_dags/example_task_group_decorator.py
[2025-02-14 17:09:28,252] {processor.py:651} INFO - DAG(s) dict_keys(['example_task_group_decorator']) retrieved from /opt/conda/lib/python3.8/site-packages/airflow/example_dags/example_task_group_decorator.py
[2025-02-14 17:09:28,300] {logging_mixin.py:115} INFO - [2025-02-14 17:09:28,300] {dag.py:2420} INFO - Sync 1 DAGs
[2025-02-14 17:09:28,319] {logging_mixin.py:115} INFO - [2025-02-14 17:09:28,318] {dag.py:2968} INFO - Setting next_dagrun for example_task_group_decorator to 2025-02-13T17:09:28.318584+00:00, run_after=2025-02-14T17:09:28.318584+00:00
[2025-02-14 17:09:28,362] {processor.py:161} INFO - Processing /opt/conda/lib/python3.8/site-packages/airflow/example_dags/example_task_group_decorator.py took 0.331 seconds
[2025-02-14 17:10:52,391] {processor.py:153} INFO - Started process (PID=6499) to work on /opt/conda/lib/python3.8/site-packages/airflow/example_dags/example_task_group_decorator.py
[2025-02-14 17:10:52,393] {processor.py:641} INFO - Processing file /opt/conda/lib/python3.8/site-packages/airflow/example_dags/example_task_group_decorator.py for tasks to queue
[2025-02-14 17:10:52,393] {logging_mixin.py:115} INFO - [2025-02-14 17:10:52,393] {dagbag.py:508} INFO - Filling up the DagBag from /opt/conda/lib/python3.8/site-packages/airflow/example_dags/example_task_group_decorator.py
[2025-02-14 17:10:52,612] {processor.py:651} INFO - DAG(s) dict_keys(['example_task_group_decorator']) retrieved from /opt/conda/lib/python3.8/site-packages/airflow/example_dags/example_task_group_decorator.py
[2025-02-14 17:10:52,660] {logging_mixin.py:115} INFO - [2025-02-14 17:10:52,660] {dag.py:2420} INFO - Sync 1 DAGs
[2025-02-14 17:10:52,679] {logging_mixin.py:115} INFO - [2025-02-14 17:10:52,679] {dag.py:2968} INFO - Setting next_dagrun for example_task_group_decorator to 2025-02-13T17:10:52.679296+00:00, run_after=2025-02-14T17:10:52.679296+00:00
[2025-02-14 17:10:52,705] {processor.py:161} INFO - Processing /opt/conda/lib/python3.8/site-packages/airflow/example_dags/example_task_group_decorator.py took 0.318 seconds
[2025-02-14 17:11:44,687] {processor.py:153} INFO - Started process (PID=6572) to work on /opt/conda/lib/python3.8/site-packages/airflow/example_dags/example_task_group_decorator.py
[2025-02-14 17:11:44,688] {processor.py:641} INFO - Processing file /opt/conda/lib/python3.8/site-packages/airflow/example_dags/example_task_group_decorator.py for tasks to queue
[2025-02-14 17:11:44,689] {logging_mixin.py:115} INFO - [2025-02-14 17:11:44,689] {dagbag.py:508} INFO - Filling up the DagBag from /opt/conda/lib/python3.8/site-packages/airflow/example_dags/example_task_group_decorator.py
[2025-02-14 17:11:44,905] {processor.py:651} INFO - DAG(s) dict_keys(['example_task_group_decorator']) retrieved from /opt/conda/lib/python3.8/site-packages/airflow/example_dags/example_task_group_decorator.py
[2025-02-14 17:11:44,953] {logging_mixin.py:115} INFO - [2025-02-14 17:11:44,953] {dag.py:2420} INFO - Sync 1 DAGs
[2025-02-14 17:11:44,972] {logging_mixin.py:115} INFO - [2025-02-14 17:11:44,972] {dag.py:2968} INFO - Setting next_dagrun for example_task_group_decorator to 2025-02-13T17:11:44.972068+00:00, run_after=2025-02-14T17:11:44.972068+00:00
[2025-02-14 17:11:44,999] {processor.py:161} INFO - Processing /opt/conda/lib/python3.8/site-packages/airflow/example_dags/example_task_group_decorator.py took 0.315 seconds
[2025-02-14 17:12:40,882] {processor.py:153} INFO - Started process (PID=6645) to work on /opt/conda/lib/python3.8/site-packages/airflow/example_dags/example_task_group_decorator.py
[2025-02-14 17:12:40,884] {processor.py:641} INFO - Processing file /opt/conda/lib/python3.8/site-packages/airflow/example_dags/example_task_group_decorator.py for tasks to queue
[2025-02-14 17:12:40,884] {logging_mixin.py:115} INFO - [2025-02-14 17:12:40,884] {dagbag.py:508} INFO - Filling up the DagBag from /opt/conda/lib/python3.8/site-packages/airflow/example_dags/example_task_group_decorator.py
[2025-02-14 17:12:41,043] {processor.py:651} INFO - DAG(s) dict_keys(['example_task_group_decorator']) retrieved from /opt/conda/lib/python3.8/site-packages/airflow/example_dags/example_task_group_decorator.py
[2025-02-14 17:12:41,074] {logging_mixin.py:115} INFO - [2025-02-14 17:12:41,074] {dag.py:2420} INFO - Sync 1 DAGs
[2025-02-14 17:12:41,086] {logging_mixin.py:115} INFO - [2025-02-14 17:12:41,086] {dag.py:2968} INFO - Setting next_dagrun for example_task_group_decorator to 2025-02-13T17:12:41.086084+00:00, run_after=2025-02-14T17:12:41.086084+00:00
[2025-02-14 17:12:41,107] {processor.py:161} INFO - Processing /opt/conda/lib/python3.8/site-packages/airflow/example_dags/example_task_group_decorator.py took 0.229 seconds
[2025-02-14 17:13:32,957] {processor.py:153} INFO - Started process (PID=6715) to work on /opt/conda/lib/python3.8/site-packages/airflow/example_dags/example_task_group_decorator.py
[2025-02-14 17:13:32,959] {processor.py:641} INFO - Processing file /opt/conda/lib/python3.8/site-packages/airflow/example_dags/example_task_group_decorator.py for tasks to queue
[2025-02-14 17:13:32,959] {logging_mixin.py:115} INFO - [2025-02-14 17:13:32,959] {dagbag.py:508} INFO - Filling up the DagBag from /opt/conda/lib/python3.8/site-packages/airflow/example_dags/example_task_group_decorator.py
[2025-02-14 17:13:33,174] {processor.py:651} INFO - DAG(s) dict_keys(['example_task_group_decorator']) retrieved from /opt/conda/lib/python3.8/site-packages/airflow/example_dags/example_task_group_decorator.py
[2025-02-14 17:13:33,191] {logging_mixin.py:115} INFO - [2025-02-14 17:13:33,191] {dag.py:2420} INFO - Sync 1 DAGs
[2025-02-14 17:13:33,209] {logging_mixin.py:115} INFO - [2025-02-14 17:13:33,209] {dag.py:2968} INFO - Setting next_dagrun for example_task_group_decorator to 2025-02-13T17:13:33.209345+00:00, run_after=2025-02-14T17:13:33.209345+00:00
[2025-02-14 17:13:33,233] {processor.py:161} INFO - Processing /opt/conda/lib/python3.8/site-packages/airflow/example_dags/example_task_group_decorator.py took 0.279 seconds
[2025-02-14 17:14:21,205] {processor.py:153} INFO - Started process (PID=6785) to work on /opt/conda/lib/python3.8/site-packages/airflow/example_dags/example_task_group_decorator.py
[2025-02-14 17:14:21,209] {processor.py:641} INFO - Processing file /opt/conda/lib/python3.8/site-packages/airflow/example_dags/example_task_group_decorator.py for tasks to queue
[2025-02-14 17:14:21,209] {logging_mixin.py:115} INFO - [2025-02-14 17:14:21,209] {dagbag.py:508} INFO - Filling up the DagBag from /opt/conda/lib/python3.8/site-packages/airflow/example_dags/example_task_group_decorator.py
[2025-02-14 17:14:21,241] {processor.py:651} INFO - DAG(s) dict_keys(['example_task_group_decorator']) retrieved from /opt/conda/lib/python3.8/site-packages/airflow/example_dags/example_task_group_decorator.py
[2025-02-14 17:14:21,297] {logging_mixin.py:115} INFO - [2025-02-14 17:14:21,297] {dag.py:2420} INFO - Sync 1 DAGs
[2025-02-14 17:14:21,317] {logging_mixin.py:115} INFO - [2025-02-14 17:14:21,317] {dag.py:2968} INFO - Setting next_dagrun for example_task_group_decorator to 2025-02-13T17:14:21.317330+00:00, run_after=2025-02-14T17:14:21.317330+00:00
[2025-02-14 17:14:21,343] {processor.py:161} INFO - Processing /opt/conda/lib/python3.8/site-packages/airflow/example_dags/example_task_group_decorator.py took 0.141 seconds
[2025-02-14 17:15:04,625] {processor.py:153} INFO - Started process (PID=6854) to work on /opt/conda/lib/python3.8/site-packages/airflow/example_dags/example_task_group_decorator.py
[2025-02-14 17:15:04,626] {processor.py:641} INFO - Processing file /opt/conda/lib/python3.8/site-packages/airflow/example_dags/example_task_group_decorator.py for tasks to queue
[2025-02-14 17:15:04,627] {logging_mixin.py:115} INFO - [2025-02-14 17:15:04,627] {dagbag.py:508} INFO - Filling up the DagBag from /opt/conda/lib/python3.8/site-packages/airflow/example_dags/example_task_group_decorator.py
[2025-02-14 17:15:04,658] {processor.py:651} INFO - DAG(s) dict_keys(['example_task_group_decorator']) retrieved from /opt/conda/lib/python3.8/site-packages/airflow/example_dags/example_task_group_decorator.py
[2025-02-14 17:15:04,713] {logging_mixin.py:115} INFO - [2025-02-14 17:15:04,713] {dag.py:2420} INFO - Sync 1 DAGs
[2025-02-14 17:15:04,733] {logging_mixin.py:115} INFO - [2025-02-14 17:15:04,733] {dag.py:2968} INFO - Setting next_dagrun for example_task_group_decorator to 2025-02-13T17:15:04.733229+00:00, run_after=2025-02-14T17:15:04.733229+00:00
[2025-02-14 17:15:04,760] {processor.py:161} INFO - Processing /opt/conda/lib/python3.8/site-packages/airflow/example_dags/example_task_group_decorator.py took 0.139 seconds
[2025-02-14 17:15:50,952] {processor.py:153} INFO - Started process (PID=6927) to work on /opt/conda/lib/python3.8/site-packages/airflow/example_dags/example_task_group_decorator.py
[2025-02-14 17:15:50,954] {processor.py:641} INFO - Processing file /opt/conda/lib/python3.8/site-packages/airflow/example_dags/example_task_group_decorator.py for tasks to queue
[2025-02-14 17:15:50,954] {logging_mixin.py:115} INFO - [2025-02-14 17:15:50,954] {dagbag.py:508} INFO - Filling up the DagBag from /opt/conda/lib/python3.8/site-packages/airflow/example_dags/example_task_group_decorator.py
[2025-02-14 17:15:50,986] {processor.py:651} INFO - DAG(s) dict_keys(['example_task_group_decorator']) retrieved from /opt/conda/lib/python3.8/site-packages/airflow/example_dags/example_task_group_decorator.py
[2025-02-14 17:15:51,008] {logging_mixin.py:115} INFO - [2025-02-14 17:15:51,007] {dag.py:2420} INFO - Sync 1 DAGs
[2025-02-14 17:15:51,028] {logging_mixin.py:115} INFO - [2025-02-14 17:15:51,028] {dag.py:2968} INFO - Setting next_dagrun for example_task_group_decorator to 2025-02-13T17:15:51.028035+00:00, run_after=2025-02-14T17:15:51.028035+00:00
[2025-02-14 17:15:51,053] {processor.py:161} INFO - Processing /opt/conda/lib/python3.8/site-packages/airflow/example_dags/example_task_group_decorator.py took 0.104 seconds
[2025-02-14 17:16:35,557] {processor.py:153} INFO - Started process (PID=7168) to work on /opt/conda/lib/python3.8/site-packages/airflow/example_dags/example_task_group_decorator.py
[2025-02-14 17:16:35,558] {processor.py:641} INFO - Processing file /opt/conda/lib/python3.8/site-packages/airflow/example_dags/example_task_group_decorator.py for tasks to queue
[2025-02-14 17:16:35,559] {logging_mixin.py:115} INFO - [2025-02-14 17:16:35,559] {dagbag.py:508} INFO - Filling up the DagBag from /opt/conda/lib/python3.8/site-packages/airflow/example_dags/example_task_group_decorator.py
[2025-02-14 17:16:35,587] {processor.py:651} INFO - DAG(s) dict_keys(['example_task_group_decorator']) retrieved from /opt/conda/lib/python3.8/site-packages/airflow/example_dags/example_task_group_decorator.py
[2025-02-14 17:16:35,604] {logging_mixin.py:115} INFO - [2025-02-14 17:16:35,604] {dag.py:2420} INFO - Sync 1 DAGs
[2025-02-14 17:16:35,618] {logging_mixin.py:115} INFO - [2025-02-14 17:16:35,618] {dag.py:2968} INFO - Setting next_dagrun for example_task_group_decorator to 2025-02-13T17:16:35.618356+00:00, run_after=2025-02-14T17:16:35.618356+00:00
[2025-02-14 17:16:35,638] {processor.py:161} INFO - Processing /opt/conda/lib/python3.8/site-packages/airflow/example_dags/example_task_group_decorator.py took 0.085 seconds
[2025-02-14 18:17:49,654] {processor.py:153} INFO - Started process (PID=7877) to work on /opt/conda/lib/python3.8/site-packages/airflow/example_dags/example_task_group_decorator.py
[2025-02-14 18:17:49,657] {processor.py:641} INFO - Processing file /opt/conda/lib/python3.8/site-packages/airflow/example_dags/example_task_group_decorator.py for tasks to queue
[2025-02-14 18:17:49,657] {logging_mixin.py:115} INFO - [2025-02-14 18:17:49,657] {dagbag.py:508} INFO - Filling up the DagBag from /opt/conda/lib/python3.8/site-packages/airflow/example_dags/example_task_group_decorator.py
[2025-02-14 18:17:49,809] {processor.py:651} INFO - DAG(s) dict_keys(['example_task_group_decorator']) retrieved from /opt/conda/lib/python3.8/site-packages/airflow/example_dags/example_task_group_decorator.py
[2025-02-14 18:17:49,840] {logging_mixin.py:115} INFO - [2025-02-14 18:17:49,840] {dag.py:2420} INFO - Sync 1 DAGs
[2025-02-14 18:17:49,852] {logging_mixin.py:115} INFO - [2025-02-14 18:17:49,852] {dag.py:2968} INFO - Setting next_dagrun for example_task_group_decorator to 2025-02-13T18:17:49.852163+00:00, run_after=2025-02-14T18:17:49.852163+00:00
[2025-02-14 18:17:49,872] {processor.py:161} INFO - Processing /opt/conda/lib/python3.8/site-packages/airflow/example_dags/example_task_group_decorator.py took 0.220 seconds
[2025-02-14 18:19:07,622] {processor.py:153} INFO - Started process (PID=8005) to work on /opt/conda/lib/python3.8/site-packages/airflow/example_dags/example_task_group_decorator.py
[2025-02-14 18:19:07,624] {processor.py:641} INFO - Processing file /opt/conda/lib/python3.8/site-packages/airflow/example_dags/example_task_group_decorator.py for tasks to queue
[2025-02-14 18:19:07,624] {logging_mixin.py:115} INFO - [2025-02-14 18:19:07,624] {dagbag.py:508} INFO - Filling up the DagBag from /opt/conda/lib/python3.8/site-packages/airflow/example_dags/example_task_group_decorator.py
[2025-02-14 18:19:07,844] {processor.py:651} INFO - DAG(s) dict_keys(['example_task_group_decorator']) retrieved from /opt/conda/lib/python3.8/site-packages/airflow/example_dags/example_task_group_decorator.py
[2025-02-14 18:19:07,892] {logging_mixin.py:115} INFO - [2025-02-14 18:19:07,892] {dag.py:2420} INFO - Sync 1 DAGs
[2025-02-14 18:19:07,911] {logging_mixin.py:115} INFO - [2025-02-14 18:19:07,911] {dag.py:2968} INFO - Setting next_dagrun for example_task_group_decorator to 2025-02-13T18:19:07.911299+00:00, run_after=2025-02-14T18:19:07.911299+00:00
[2025-02-14 18:19:07,937] {processor.py:161} INFO - Processing /opt/conda/lib/python3.8/site-packages/airflow/example_dags/example_task_group_decorator.py took 0.319 seconds
[2025-02-14 18:20:22,434] {processor.py:153} INFO - Started process (PID=8136) to work on /opt/conda/lib/python3.8/site-packages/airflow/example_dags/example_task_group_decorator.py
[2025-02-14 18:20:22,436] {processor.py:641} INFO - Processing file /opt/conda/lib/python3.8/site-packages/airflow/example_dags/example_task_group_decorator.py for tasks to queue
[2025-02-14 18:20:22,437] {logging_mixin.py:115} INFO - [2025-02-14 18:20:22,437] {dagbag.py:508} INFO - Filling up the DagBag from /opt/conda/lib/python3.8/site-packages/airflow/example_dags/example_task_group_decorator.py
[2025-02-14 18:20:22,643] {processor.py:651} INFO - DAG(s) dict_keys(['example_task_group_decorator']) retrieved from /opt/conda/lib/python3.8/site-packages/airflow/example_dags/example_task_group_decorator.py
[2025-02-14 18:20:22,661] {logging_mixin.py:115} INFO - [2025-02-14 18:20:22,660] {dag.py:2420} INFO - Sync 1 DAGs
[2025-02-14 18:20:22,678] {logging_mixin.py:115} INFO - [2025-02-14 18:20:22,678] {dag.py:2968} INFO - Setting next_dagrun for example_task_group_decorator to 2025-02-13T18:20:22.678447+00:00, run_after=2025-02-14T18:20:22.678447+00:00
[2025-02-14 18:20:22,702] {processor.py:161} INFO - Processing /opt/conda/lib/python3.8/site-packages/airflow/example_dags/example_task_group_decorator.py took 0.271 seconds
[2025-02-14 18:21:36,401] {processor.py:153} INFO - Started process (PID=8262) to work on /opt/conda/lib/python3.8/site-packages/airflow/example_dags/example_task_group_decorator.py
[2025-02-14 18:21:36,402] {processor.py:641} INFO - Processing file /opt/conda/lib/python3.8/site-packages/airflow/example_dags/example_task_group_decorator.py for tasks to queue
[2025-02-14 18:21:36,403] {logging_mixin.py:115} INFO - [2025-02-14 18:21:36,403] {dagbag.py:508} INFO - Filling up the DagBag from /opt/conda/lib/python3.8/site-packages/airflow/example_dags/example_task_group_decorator.py
[2025-02-14 18:21:36,556] {processor.py:651} INFO - DAG(s) dict_keys(['example_task_group_decorator']) retrieved from /opt/conda/lib/python3.8/site-packages/airflow/example_dags/example_task_group_decorator.py
[2025-02-14 18:21:36,567] {logging_mixin.py:115} INFO - [2025-02-14 18:21:36,567] {dag.py:2420} INFO - Sync 1 DAGs
[2025-02-14 18:21:36,578] {logging_mixin.py:115} INFO - [2025-02-14 18:21:36,578] {dag.py:2968} INFO - Setting next_dagrun for example_task_group_decorator to 2025-02-13T18:21:36.578473+00:00, run_after=2025-02-14T18:21:36.578473+00:00
[2025-02-14 18:21:36,598] {processor.py:161} INFO - Processing /opt/conda/lib/python3.8/site-packages/airflow/example_dags/example_task_group_decorator.py took 0.201 seconds
[2025-02-14 18:22:37,053] {processor.py:153} INFO - Started process (PID=8377) to work on /opt/conda/lib/python3.8/site-packages/airflow/example_dags/example_task_group_decorator.py
[2025-02-14 18:22:37,055] {processor.py:641} INFO - Processing file /opt/conda/lib/python3.8/site-packages/airflow/example_dags/example_task_group_decorator.py for tasks to queue
[2025-02-14 18:22:37,055] {logging_mixin.py:115} INFO - [2025-02-14 18:22:37,055] {dagbag.py:508} INFO - Filling up the DagBag from /opt/conda/lib/python3.8/site-packages/airflow/example_dags/example_task_group_decorator.py
[2025-02-14 18:22:37,088] {processor.py:651} INFO - DAG(s) dict_keys(['example_task_group_decorator']) retrieved from /opt/conda/lib/python3.8/site-packages/airflow/example_dags/example_task_group_decorator.py
[2025-02-14 18:22:37,143] {logging_mixin.py:115} INFO - [2025-02-14 18:22:37,143] {dag.py:2420} INFO - Sync 1 DAGs
[2025-02-14 18:22:37,165] {logging_mixin.py:115} INFO - [2025-02-14 18:22:37,164] {dag.py:2968} INFO - Setting next_dagrun for example_task_group_decorator to 2025-02-13T18:22:37.164557+00:00, run_after=2025-02-14T18:22:37.164557+00:00
[2025-02-14 18:22:37,196] {processor.py:161} INFO - Processing /opt/conda/lib/python3.8/site-packages/airflow/example_dags/example_task_group_decorator.py took 0.146 seconds
[2025-02-14 18:23:39,778] {processor.py:153} INFO - Started process (PID=8490) to work on /opt/conda/lib/python3.8/site-packages/airflow/example_dags/example_task_group_decorator.py
[2025-02-14 18:23:39,780] {processor.py:641} INFO - Processing file /opt/conda/lib/python3.8/site-packages/airflow/example_dags/example_task_group_decorator.py for tasks to queue
[2025-02-14 18:23:39,780] {logging_mixin.py:115} INFO - [2025-02-14 18:23:39,780] {dagbag.py:508} INFO - Filling up the DagBag from /opt/conda/lib/python3.8/site-packages/airflow/example_dags/example_task_group_decorator.py
[2025-02-14 18:23:39,812] {processor.py:651} INFO - DAG(s) dict_keys(['example_task_group_decorator']) retrieved from /opt/conda/lib/python3.8/site-packages/airflow/example_dags/example_task_group_decorator.py
[2025-02-14 18:23:39,870] {logging_mixin.py:115} INFO - [2025-02-14 18:23:39,870] {dag.py:2420} INFO - Sync 1 DAGs
[2025-02-14 18:23:39,891] {logging_mixin.py:115} INFO - [2025-02-14 18:23:39,891] {dag.py:2968} INFO - Setting next_dagrun for example_task_group_decorator to 2025-02-13T18:23:39.891033+00:00, run_after=2025-02-14T18:23:39.891033+00:00
[2025-02-14 18:23:39,918] {processor.py:161} INFO - Processing /opt/conda/lib/python3.8/site-packages/airflow/example_dags/example_task_group_decorator.py took 0.144 seconds
[2025-02-14 18:24:40,520] {processor.py:153} INFO - Started process (PID=8631) to work on /opt/conda/lib/python3.8/site-packages/airflow/example_dags/example_task_group_decorator.py
[2025-02-14 18:24:40,522] {processor.py:641} INFO - Processing file /opt/conda/lib/python3.8/site-packages/airflow/example_dags/example_task_group_decorator.py for tasks to queue
[2025-02-14 18:24:40,522] {logging_mixin.py:115} INFO - [2025-02-14 18:24:40,522] {dagbag.py:508} INFO - Filling up the DagBag from /opt/conda/lib/python3.8/site-packages/airflow/example_dags/example_task_group_decorator.py
[2025-02-14 18:24:40,550] {processor.py:651} INFO - DAG(s) dict_keys(['example_task_group_decorator']) retrieved from /opt/conda/lib/python3.8/site-packages/airflow/example_dags/example_task_group_decorator.py
[2025-02-14 18:24:40,570] {logging_mixin.py:115} INFO - [2025-02-14 18:24:40,570] {dag.py:2420} INFO - Sync 1 DAGs
[2025-02-14 18:24:40,588] {logging_mixin.py:115} INFO - [2025-02-14 18:24:40,587] {dag.py:2968} INFO - Setting next_dagrun for example_task_group_decorator to 2025-02-13T18:24:40.587646+00:00, run_after=2025-02-14T18:24:40.587646+00:00
[2025-02-14 18:24:40,610] {processor.py:161} INFO - Processing /opt/conda/lib/python3.8/site-packages/airflow/example_dags/example_task_group_decorator.py took 0.093 seconds
[2025-02-14 18:30:12,202] {processor.py:153} INFO - Started process (PID=8774) to work on /opt/conda/lib/python3.8/site-packages/airflow/example_dags/example_task_group_decorator.py
[2025-02-14 18:30:12,203] {processor.py:641} INFO - Processing file /opt/conda/lib/python3.8/site-packages/airflow/example_dags/example_task_group_decorator.py for tasks to queue
[2025-02-14 18:30:12,204] {logging_mixin.py:115} INFO - [2025-02-14 18:30:12,204] {dagbag.py:508} INFO - Filling up the DagBag from /opt/conda/lib/python3.8/site-packages/airflow/example_dags/example_task_group_decorator.py
[2025-02-14 18:30:12,344] {processor.py:651} INFO - DAG(s) dict_keys(['example_task_group_decorator']) retrieved from /opt/conda/lib/python3.8/site-packages/airflow/example_dags/example_task_group_decorator.py
[2025-02-14 18:30:12,373] {logging_mixin.py:115} INFO - [2025-02-14 18:30:12,373] {dag.py:2420} INFO - Sync 1 DAGs
[2025-02-14 18:30:12,384] {logging_mixin.py:115} INFO - [2025-02-14 18:30:12,384] {dag.py:2968} INFO - Setting next_dagrun for example_task_group_decorator to 2025-02-13T18:30:12.384326+00:00, run_after=2025-02-14T18:30:12.384326+00:00
[2025-02-14 18:30:12,406] {processor.py:161} INFO - Processing /opt/conda/lib/python3.8/site-packages/airflow/example_dags/example_task_group_decorator.py took 0.208 seconds
[2025-02-14 18:31:56,265] {processor.py:153} INFO - Started process (PID=9078) to work on /opt/conda/lib/python3.8/site-packages/airflow/example_dags/example_task_group_decorator.py
[2025-02-14 18:31:56,266] {processor.py:641} INFO - Processing file /opt/conda/lib/python3.8/site-packages/airflow/example_dags/example_task_group_decorator.py for tasks to queue
[2025-02-14 18:31:56,267] {logging_mixin.py:115} INFO - [2025-02-14 18:31:56,267] {dagbag.py:508} INFO - Filling up the DagBag from /opt/conda/lib/python3.8/site-packages/airflow/example_dags/example_task_group_decorator.py
[2025-02-14 18:31:56,409] {processor.py:651} INFO - DAG(s) dict_keys(['example_task_group_decorator']) retrieved from /opt/conda/lib/python3.8/site-packages/airflow/example_dags/example_task_group_decorator.py
[2025-02-14 18:31:56,438] {logging_mixin.py:115} INFO - [2025-02-14 18:31:56,438] {dag.py:2420} INFO - Sync 1 DAGs
[2025-02-14 18:31:56,449] {logging_mixin.py:115} INFO - [2025-02-14 18:31:56,449] {dag.py:2968} INFO - Setting next_dagrun for example_task_group_decorator to 2025-02-13T18:31:56.449466+00:00, run_after=2025-02-14T18:31:56.449466+00:00
[2025-02-14 18:31:56,485] {processor.py:161} INFO - Processing /opt/conda/lib/python3.8/site-packages/airflow/example_dags/example_task_group_decorator.py took 0.223 seconds
[2025-02-14 18:33:42,061] {processor.py:153} INFO - Started process (PID=9397) to work on /opt/conda/lib/python3.8/site-packages/airflow/example_dags/example_task_group_decorator.py
[2025-02-14 18:33:42,062] {processor.py:641} INFO - Processing file /opt/conda/lib/python3.8/site-packages/airflow/example_dags/example_task_group_decorator.py for tasks to queue
[2025-02-14 18:33:42,063] {logging_mixin.py:115} INFO - [2025-02-14 18:33:42,063] {dagbag.py:508} INFO - Filling up the DagBag from /opt/conda/lib/python3.8/site-packages/airflow/example_dags/example_task_group_decorator.py
[2025-02-14 18:33:42,196] {processor.py:651} INFO - DAG(s) dict_keys(['example_task_group_decorator']) retrieved from /opt/conda/lib/python3.8/site-packages/airflow/example_dags/example_task_group_decorator.py
[2025-02-14 18:33:42,225] {logging_mixin.py:115} INFO - [2025-02-14 18:33:42,225] {dag.py:2420} INFO - Sync 1 DAGs
[2025-02-14 18:33:42,236] {logging_mixin.py:115} INFO - [2025-02-14 18:33:42,236] {dag.py:2968} INFO - Setting next_dagrun for example_task_group_decorator to 2025-02-13T18:33:42.236638+00:00, run_after=2025-02-14T18:33:42.236638+00:00
[2025-02-14 18:33:42,258] {processor.py:161} INFO - Processing /opt/conda/lib/python3.8/site-packages/airflow/example_dags/example_task_group_decorator.py took 0.200 seconds
[2025-02-14 18:34:47,221] {processor.py:153} INFO - Started process (PID=9522) to work on /opt/conda/lib/python3.8/site-packages/airflow/example_dags/example_task_group_decorator.py
[2025-02-14 18:34:47,223] {processor.py:641} INFO - Processing file /opt/conda/lib/python3.8/site-packages/airflow/example_dags/example_task_group_decorator.py for tasks to queue
[2025-02-14 18:34:47,223] {logging_mixin.py:115} INFO - [2025-02-14 18:34:47,223] {dagbag.py:508} INFO - Filling up the DagBag from /opt/conda/lib/python3.8/site-packages/airflow/example_dags/example_task_group_decorator.py
[2025-02-14 18:34:47,251] {processor.py:651} INFO - DAG(s) dict_keys(['example_task_group_decorator']) retrieved from /opt/conda/lib/python3.8/site-packages/airflow/example_dags/example_task_group_decorator.py
[2025-02-14 18:34:47,292] {logging_mixin.py:115} INFO - [2025-02-14 18:34:47,291] {dag.py:2420} INFO - Sync 1 DAGs
[2025-02-14 18:34:47,304] {logging_mixin.py:115} INFO - [2025-02-14 18:34:47,303] {dag.py:2968} INFO - Setting next_dagrun for example_task_group_decorator to 2025-02-13T18:34:47.303767+00:00, run_after=2025-02-14T18:34:47.303767+00:00
[2025-02-14 18:34:47,326] {processor.py:161} INFO - Processing /opt/conda/lib/python3.8/site-packages/airflow/example_dags/example_task_group_decorator.py took 0.107 seconds
[2025-02-14 18:35:46,969] {processor.py:153} INFO - Started process (PID=9818) to work on /opt/conda/lib/python3.8/site-packages/airflow/example_dags/example_task_group_decorator.py
[2025-02-14 18:35:46,970] {processor.py:641} INFO - Processing file /opt/conda/lib/python3.8/site-packages/airflow/example_dags/example_task_group_decorator.py for tasks to queue
[2025-02-14 18:35:46,971] {logging_mixin.py:115} INFO - [2025-02-14 18:35:46,971] {dagbag.py:508} INFO - Filling up the DagBag from /opt/conda/lib/python3.8/site-packages/airflow/example_dags/example_task_group_decorator.py
[2025-02-14 18:35:46,998] {processor.py:651} INFO - DAG(s) dict_keys(['example_task_group_decorator']) retrieved from /opt/conda/lib/python3.8/site-packages/airflow/example_dags/example_task_group_decorator.py
[2025-02-14 18:35:47,042] {logging_mixin.py:115} INFO - [2025-02-14 18:35:47,042] {dag.py:2420} INFO - Sync 1 DAGs
[2025-02-14 18:35:47,055] {logging_mixin.py:115} INFO - [2025-02-14 18:35:47,055] {dag.py:2968} INFO - Setting next_dagrun for example_task_group_decorator to 2025-02-13T18:35:47.054864+00:00, run_after=2025-02-14T18:35:47.054864+00:00
[2025-02-14 18:35:47,078] {processor.py:161} INFO - Processing /opt/conda/lib/python3.8/site-packages/airflow/example_dags/example_task_group_decorator.py took 0.112 seconds
[2025-02-14 18:36:52,872] {processor.py:153} INFO - Started process (PID=10000) to work on /opt/conda/lib/python3.8/site-packages/airflow/example_dags/example_task_group_decorator.py
[2025-02-14 18:36:52,874] {processor.py:641} INFO - Processing file /opt/conda/lib/python3.8/site-packages/airflow/example_dags/example_task_group_decorator.py for tasks to queue
[2025-02-14 18:36:52,874] {logging_mixin.py:115} INFO - [2025-02-14 18:36:52,874] {dagbag.py:508} INFO - Filling up the DagBag from /opt/conda/lib/python3.8/site-packages/airflow/example_dags/example_task_group_decorator.py
[2025-02-14 18:36:52,902] {processor.py:651} INFO - DAG(s) dict_keys(['example_task_group_decorator']) retrieved from /opt/conda/lib/python3.8/site-packages/airflow/example_dags/example_task_group_decorator.py
[2025-02-14 18:36:52,946] {logging_mixin.py:115} INFO - [2025-02-14 18:36:52,946] {dag.py:2420} INFO - Sync 1 DAGs
[2025-02-14 18:36:52,959] {logging_mixin.py:115} INFO - [2025-02-14 18:36:52,959] {dag.py:2968} INFO - Setting next_dagrun for example_task_group_decorator to 2025-02-13T18:36:52.958959+00:00, run_after=2025-02-14T18:36:52.958959+00:00
[2025-02-14 18:36:52,980] {processor.py:161} INFO - Processing /opt/conda/lib/python3.8/site-packages/airflow/example_dags/example_task_group_decorator.py took 0.111 seconds
[2025-02-14 18:40:11,589] {processor.py:153} INFO - Started process (PID=980) to work on /opt/conda/lib/python3.8/site-packages/airflow/example_dags/example_task_group_decorator.py
[2025-02-14 18:40:11,591] {processor.py:641} INFO - Processing file /opt/conda/lib/python3.8/site-packages/airflow/example_dags/example_task_group_decorator.py for tasks to queue
[2025-02-14 18:40:11,592] {logging_mixin.py:115} INFO - [2025-02-14 18:40:11,592] {dagbag.py:508} INFO - Filling up the DagBag from /opt/conda/lib/python3.8/site-packages/airflow/example_dags/example_task_group_decorator.py
[2025-02-14 18:40:11,735] {processor.py:651} INFO - DAG(s) dict_keys(['example_task_group_decorator']) retrieved from /opt/conda/lib/python3.8/site-packages/airflow/example_dags/example_task_group_decorator.py
[2025-02-14 18:40:11,766] {logging_mixin.py:115} INFO - [2025-02-14 18:40:11,766] {dag.py:2420} INFO - Sync 1 DAGs
[2025-02-14 18:40:11,777] {logging_mixin.py:115} INFO - [2025-02-14 18:40:11,777] {dag.py:2968} INFO - Setting next_dagrun for example_task_group_decorator to 2025-02-13T18:40:11.777390+00:00, run_after=2025-02-14T18:40:11.777390+00:00
[2025-02-14 18:40:11,816] {processor.py:161} INFO - Processing /opt/conda/lib/python3.8/site-packages/airflow/example_dags/example_task_group_decorator.py took 0.230 seconds
[2025-02-14 18:41:13,861] {processor.py:153} INFO - Started process (PID=1092) to work on /opt/conda/lib/python3.8/site-packages/airflow/example_dags/example_task_group_decorator.py
[2025-02-14 18:41:13,863] {processor.py:641} INFO - Processing file /opt/conda/lib/python3.8/site-packages/airflow/example_dags/example_task_group_decorator.py for tasks to queue
[2025-02-14 18:41:13,863] {logging_mixin.py:115} INFO - [2025-02-14 18:41:13,863] {dagbag.py:508} INFO - Filling up the DagBag from /opt/conda/lib/python3.8/site-packages/airflow/example_dags/example_task_group_decorator.py
[2025-02-14 18:41:14,013] {processor.py:651} INFO - DAG(s) dict_keys(['example_task_group_decorator']) retrieved from /opt/conda/lib/python3.8/site-packages/airflow/example_dags/example_task_group_decorator.py
[2025-02-14 18:41:14,043] {logging_mixin.py:115} INFO - [2025-02-14 18:41:14,043] {dag.py:2420} INFO - Sync 1 DAGs
[2025-02-14 18:41:14,054] {logging_mixin.py:115} INFO - [2025-02-14 18:41:14,054] {dag.py:2968} INFO - Setting next_dagrun for example_task_group_decorator to 2025-02-13T18:41:14.054288+00:00, run_after=2025-02-14T18:41:14.054288+00:00
[2025-02-14 18:41:14,074] {processor.py:161} INFO - Processing /opt/conda/lib/python3.8/site-packages/airflow/example_dags/example_task_group_decorator.py took 0.217 seconds
[2025-02-14 18:42:16,050] {processor.py:153} INFO - Started process (PID=1204) to work on /opt/conda/lib/python3.8/site-packages/airflow/example_dags/example_task_group_decorator.py
[2025-02-14 18:42:16,051] {processor.py:641} INFO - Processing file /opt/conda/lib/python3.8/site-packages/airflow/example_dags/example_task_group_decorator.py for tasks to queue
[2025-02-14 18:42:16,052] {logging_mixin.py:115} INFO - [2025-02-14 18:42:16,052] {dagbag.py:508} INFO - Filling up the DagBag from /opt/conda/lib/python3.8/site-packages/airflow/example_dags/example_task_group_decorator.py
[2025-02-14 18:42:16,192] {processor.py:651} INFO - DAG(s) dict_keys(['example_task_group_decorator']) retrieved from /opt/conda/lib/python3.8/site-packages/airflow/example_dags/example_task_group_decorator.py
[2025-02-14 18:42:16,222] {logging_mixin.py:115} INFO - [2025-02-14 18:42:16,222] {dag.py:2420} INFO - Sync 1 DAGs
[2025-02-14 18:42:16,233] {logging_mixin.py:115} INFO - [2025-02-14 18:42:16,233] {dag.py:2968} INFO - Setting next_dagrun for example_task_group_decorator to 2025-02-13T18:42:16.233661+00:00, run_after=2025-02-14T18:42:16.233661+00:00
[2025-02-14 18:42:16,255] {processor.py:161} INFO - Processing /opt/conda/lib/python3.8/site-packages/airflow/example_dags/example_task_group_decorator.py took 0.209 seconds
[2025-02-14 18:43:28,322] {processor.py:153} INFO - Started process (PID=1335) to work on /opt/conda/lib/python3.8/site-packages/airflow/example_dags/example_task_group_decorator.py
[2025-02-14 18:43:28,323] {processor.py:641} INFO - Processing file /opt/conda/lib/python3.8/site-packages/airflow/example_dags/example_task_group_decorator.py for tasks to queue
[2025-02-14 18:43:28,324] {logging_mixin.py:115} INFO - [2025-02-14 18:43:28,324] {dagbag.py:508} INFO - Filling up the DagBag from /opt/conda/lib/python3.8/site-packages/airflow/example_dags/example_task_group_decorator.py
[2025-02-14 18:43:28,462] {processor.py:651} INFO - DAG(s) dict_keys(['example_task_group_decorator']) retrieved from /opt/conda/lib/python3.8/site-packages/airflow/example_dags/example_task_group_decorator.py
[2025-02-14 18:43:28,492] {logging_mixin.py:115} INFO - [2025-02-14 18:43:28,492] {dag.py:2420} INFO - Sync 1 DAGs
[2025-02-14 18:43:28,503] {logging_mixin.py:115} INFO - [2025-02-14 18:43:28,503] {dag.py:2968} INFO - Setting next_dagrun for example_task_group_decorator to 2025-02-13T18:43:28.503078+00:00, run_after=2025-02-14T18:43:28.503078+00:00
[2025-02-14 18:43:28,539] {processor.py:161} INFO - Processing /opt/conda/lib/python3.8/site-packages/airflow/example_dags/example_task_group_decorator.py took 0.221 seconds
[2025-02-14 18:44:28,221] {processor.py:153} INFO - Started process (PID=1449) to work on /opt/conda/lib/python3.8/site-packages/airflow/example_dags/example_task_group_decorator.py
[2025-02-14 18:44:28,222] {processor.py:641} INFO - Processing file /opt/conda/lib/python3.8/site-packages/airflow/example_dags/example_task_group_decorator.py for tasks to queue
[2025-02-14 18:44:28,223] {logging_mixin.py:115} INFO - [2025-02-14 18:44:28,223] {dagbag.py:508} INFO - Filling up the DagBag from /opt/conda/lib/python3.8/site-packages/airflow/example_dags/example_task_group_decorator.py
[2025-02-14 18:44:28,247] {processor.py:651} INFO - DAG(s) dict_keys(['example_task_group_decorator']) retrieved from /opt/conda/lib/python3.8/site-packages/airflow/example_dags/example_task_group_decorator.py
[2025-02-14 18:44:28,283] {logging_mixin.py:115} INFO - [2025-02-14 18:44:28,283] {dag.py:2420} INFO - Sync 1 DAGs
[2025-02-14 18:44:28,296] {logging_mixin.py:115} INFO - [2025-02-14 18:44:28,296] {dag.py:2968} INFO - Setting next_dagrun for example_task_group_decorator to 2025-02-13T18:44:28.295825+00:00, run_after=2025-02-14T18:44:28.295825+00:00
[2025-02-14 18:44:28,320] {processor.py:161} INFO - Processing /opt/conda/lib/python3.8/site-packages/airflow/example_dags/example_task_group_decorator.py took 0.103 seconds
[2025-02-14 18:45:24,296] {processor.py:153} INFO - Started process (PID=1560) to work on /opt/conda/lib/python3.8/site-packages/airflow/example_dags/example_task_group_decorator.py
[2025-02-14 18:45:24,298] {processor.py:641} INFO - Processing file /opt/conda/lib/python3.8/site-packages/airflow/example_dags/example_task_group_decorator.py for tasks to queue
[2025-02-14 18:45:24,298] {logging_mixin.py:115} INFO - [2025-02-14 18:45:24,298] {dagbag.py:508} INFO - Filling up the DagBag from /opt/conda/lib/python3.8/site-packages/airflow/example_dags/example_task_group_decorator.py
[2025-02-14 18:45:24,326] {processor.py:651} INFO - DAG(s) dict_keys(['example_task_group_decorator']) retrieved from /opt/conda/lib/python3.8/site-packages/airflow/example_dags/example_task_group_decorator.py
[2025-02-14 18:45:24,369] {logging_mixin.py:115} INFO - [2025-02-14 18:45:24,369] {dag.py:2420} INFO - Sync 1 DAGs
[2025-02-14 18:45:24,382] {logging_mixin.py:115} INFO - [2025-02-14 18:45:24,382] {dag.py:2968} INFO - Setting next_dagrun for example_task_group_decorator to 2025-02-13T18:45:24.382523+00:00, run_after=2025-02-14T18:45:24.382523+00:00
[2025-02-14 18:45:24,489] {processor.py:161} INFO - Processing /opt/conda/lib/python3.8/site-packages/airflow/example_dags/example_task_group_decorator.py took 0.196 seconds
[2025-02-14 18:46:20,086] {processor.py:153} INFO - Started process (PID=1671) to work on /opt/conda/lib/python3.8/site-packages/airflow/example_dags/example_task_group_decorator.py
[2025-02-14 18:46:20,087] {processor.py:641} INFO - Processing file /opt/conda/lib/python3.8/site-packages/airflow/example_dags/example_task_group_decorator.py for tasks to queue
[2025-02-14 18:46:20,088] {logging_mixin.py:115} INFO - [2025-02-14 18:46:20,088] {dagbag.py:508} INFO - Filling up the DagBag from /opt/conda/lib/python3.8/site-packages/airflow/example_dags/example_task_group_decorator.py
[2025-02-14 18:46:20,115] {processor.py:651} INFO - DAG(s) dict_keys(['example_task_group_decorator']) retrieved from /opt/conda/lib/python3.8/site-packages/airflow/example_dags/example_task_group_decorator.py
[2025-02-14 18:46:20,159] {logging_mixin.py:115} INFO - [2025-02-14 18:46:20,159] {dag.py:2420} INFO - Sync 1 DAGs
[2025-02-14 18:46:20,172] {logging_mixin.py:115} INFO - [2025-02-14 18:46:20,172] {dag.py:2968} INFO - Setting next_dagrun for example_task_group_decorator to 2025-02-13T18:46:20.171818+00:00, run_after=2025-02-14T18:46:20.171818+00:00
[2025-02-14 18:46:20,209] {processor.py:161} INFO - Processing /opt/conda/lib/python3.8/site-packages/airflow/example_dags/example_task_group_decorator.py took 0.126 seconds
[2025-02-14 18:54:32,528] {processor.py:153} INFO - Started process (PID=2171) to work on /opt/conda/lib/python3.8/site-packages/airflow/example_dags/example_task_group_decorator.py
[2025-02-14 18:54:32,530] {processor.py:641} INFO - Processing file /opt/conda/lib/python3.8/site-packages/airflow/example_dags/example_task_group_decorator.py for tasks to queue
[2025-02-14 18:54:32,531] {logging_mixin.py:115} INFO - [2025-02-14 18:54:32,530] {dagbag.py:508} INFO - Filling up the DagBag from /opt/conda/lib/python3.8/site-packages/airflow/example_dags/example_task_group_decorator.py
[2025-02-14 18:54:32,558] {processor.py:651} INFO - DAG(s) dict_keys(['example_task_group_decorator']) retrieved from /opt/conda/lib/python3.8/site-packages/airflow/example_dags/example_task_group_decorator.py
[2025-02-14 18:54:32,606] {logging_mixin.py:115} INFO - [2025-02-14 18:54:32,606] {dag.py:2420} INFO - Sync 1 DAGs
[2025-02-14 18:54:32,615] {logging_mixin.py:115} INFO - [2025-02-14 18:54:32,615] {dag.py:2968} INFO - Setting next_dagrun for example_task_group_decorator to 2025-02-13T18:54:32.614973+00:00, run_after=2025-02-14T18:54:32.614973+00:00
[2025-02-14 18:54:32,636] {processor.py:161} INFO - Processing /opt/conda/lib/python3.8/site-packages/airflow/example_dags/example_task_group_decorator.py took 0.111 seconds
[2025-02-14 18:55:38,356] {processor.py:153} INFO - Started process (PID=2339) to work on /opt/conda/lib/python3.8/site-packages/airflow/example_dags/example_task_group_decorator.py
[2025-02-14 18:55:38,358] {processor.py:641} INFO - Processing file /opt/conda/lib/python3.8/site-packages/airflow/example_dags/example_task_group_decorator.py for tasks to queue
[2025-02-14 18:55:38,359] {logging_mixin.py:115} INFO - [2025-02-14 18:55:38,359] {dagbag.py:508} INFO - Filling up the DagBag from /opt/conda/lib/python3.8/site-packages/airflow/example_dags/example_task_group_decorator.py
[2025-02-14 18:55:38,386] {processor.py:651} INFO - DAG(s) dict_keys(['example_task_group_decorator']) retrieved from /opt/conda/lib/python3.8/site-packages/airflow/example_dags/example_task_group_decorator.py
[2025-02-14 18:55:38,433] {logging_mixin.py:115} INFO - [2025-02-14 18:55:38,433] {dag.py:2420} INFO - Sync 1 DAGs
[2025-02-14 18:55:38,446] {logging_mixin.py:115} INFO - [2025-02-14 18:55:38,446] {dag.py:2968} INFO - Setting next_dagrun for example_task_group_decorator to 2025-02-13T18:55:38.445773+00:00, run_after=2025-02-14T18:55:38.445773+00:00
[2025-02-14 18:55:38,469] {processor.py:161} INFO - Processing /opt/conda/lib/python3.8/site-packages/airflow/example_dags/example_task_group_decorator.py took 0.116 seconds
[2025-02-14 19:03:09,505] {processor.py:153} INFO - Started process (PID=2704) to work on /opt/conda/lib/python3.8/site-packages/airflow/example_dags/example_task_group_decorator.py
[2025-02-14 19:03:09,507] {processor.py:641} INFO - Processing file /opt/conda/lib/python3.8/site-packages/airflow/example_dags/example_task_group_decorator.py for tasks to queue
[2025-02-14 19:03:09,507] {logging_mixin.py:115} INFO - [2025-02-14 19:03:09,507] {dagbag.py:508} INFO - Filling up the DagBag from /opt/conda/lib/python3.8/site-packages/airflow/example_dags/example_task_group_decorator.py
[2025-02-14 19:03:09,647] {processor.py:651} INFO - DAG(s) dict_keys(['example_task_group_decorator']) retrieved from /opt/conda/lib/python3.8/site-packages/airflow/example_dags/example_task_group_decorator.py
[2025-02-14 19:03:09,678] {logging_mixin.py:115} INFO - [2025-02-14 19:03:09,678] {dag.py:2420} INFO - Sync 1 DAGs
[2025-02-14 19:03:09,690] {logging_mixin.py:115} INFO - [2025-02-14 19:03:09,690] {dag.py:2968} INFO - Setting next_dagrun for example_task_group_decorator to 2025-02-13T19:03:09.690397+00:00, run_after=2025-02-14T19:03:09.690397+00:00
[2025-02-14 19:03:09,713] {processor.py:161} INFO - Processing /opt/conda/lib/python3.8/site-packages/airflow/example_dags/example_task_group_decorator.py took 0.212 seconds
[2025-02-14 19:04:14,207] {processor.py:153} INFO - Started process (PID=2818) to work on /opt/conda/lib/python3.8/site-packages/airflow/example_dags/example_task_group_decorator.py
[2025-02-14 19:04:14,209] {processor.py:641} INFO - Processing file /opt/conda/lib/python3.8/site-packages/airflow/example_dags/example_task_group_decorator.py for tasks to queue
[2025-02-14 19:04:14,209] {logging_mixin.py:115} INFO - [2025-02-14 19:04:14,209] {dagbag.py:508} INFO - Filling up the DagBag from /opt/conda/lib/python3.8/site-packages/airflow/example_dags/example_task_group_decorator.py
[2025-02-14 19:04:14,430] {processor.py:651} INFO - DAG(s) dict_keys(['example_task_group_decorator']) retrieved from /opt/conda/lib/python3.8/site-packages/airflow/example_dags/example_task_group_decorator.py
[2025-02-14 19:04:14,480] {logging_mixin.py:115} INFO - [2025-02-14 19:04:14,479] {dag.py:2420} INFO - Sync 1 DAGs
[2025-02-14 19:04:14,499] {logging_mixin.py:115} INFO - [2025-02-14 19:04:14,499] {dag.py:2968} INFO - Setting next_dagrun for example_task_group_decorator to 2025-02-13T19:04:14.499011+00:00, run_after=2025-02-14T19:04:14.499011+00:00
[2025-02-14 19:04:14,526] {processor.py:161} INFO - Processing /opt/conda/lib/python3.8/site-packages/airflow/example_dags/example_task_group_decorator.py took 0.322 seconds
[2025-02-14 19:05:16,869] {processor.py:153} INFO - Started process (PID=2931) to work on /opt/conda/lib/python3.8/site-packages/airflow/example_dags/example_task_group_decorator.py
[2025-02-14 19:05:16,870] {processor.py:641} INFO - Processing file /opt/conda/lib/python3.8/site-packages/airflow/example_dags/example_task_group_decorator.py for tasks to queue
[2025-02-14 19:05:16,871] {logging_mixin.py:115} INFO - [2025-02-14 19:05:16,871] {dagbag.py:508} INFO - Filling up the DagBag from /opt/conda/lib/python3.8/site-packages/airflow/example_dags/example_task_group_decorator.py
[2025-02-14 19:05:17,017] {processor.py:651} INFO - DAG(s) dict_keys(['example_task_group_decorator']) retrieved from /opt/conda/lib/python3.8/site-packages/airflow/example_dags/example_task_group_decorator.py
[2025-02-14 19:05:17,048] {logging_mixin.py:115} INFO - [2025-02-14 19:05:17,048] {dag.py:2420} INFO - Sync 1 DAGs
[2025-02-14 19:05:17,059] {logging_mixin.py:115} INFO - [2025-02-14 19:05:17,059] {dag.py:2968} INFO - Setting next_dagrun for example_task_group_decorator to 2025-02-13T19:05:17.059565+00:00, run_after=2025-02-14T19:05:17.059565+00:00
[2025-02-14 19:05:17,185] {processor.py:161} INFO - Processing /opt/conda/lib/python3.8/site-packages/airflow/example_dags/example_task_group_decorator.py took 0.319 seconds
[2025-02-14 19:06:22,622] {processor.py:153} INFO - Started process (PID=3045) to work on /opt/conda/lib/python3.8/site-packages/airflow/example_dags/example_task_group_decorator.py
[2025-02-14 19:06:22,623] {processor.py:641} INFO - Processing file /opt/conda/lib/python3.8/site-packages/airflow/example_dags/example_task_group_decorator.py for tasks to queue
[2025-02-14 19:06:22,624] {logging_mixin.py:115} INFO - [2025-02-14 19:06:22,624] {dagbag.py:508} INFO - Filling up the DagBag from /opt/conda/lib/python3.8/site-packages/airflow/example_dags/example_task_group_decorator.py
[2025-02-14 19:06:22,765] {processor.py:651} INFO - DAG(s) dict_keys(['example_task_group_decorator']) retrieved from /opt/conda/lib/python3.8/site-packages/airflow/example_dags/example_task_group_decorator.py
[2025-02-14 19:06:22,794] {logging_mixin.py:115} INFO - [2025-02-14 19:06:22,794] {dag.py:2420} INFO - Sync 1 DAGs
[2025-02-14 19:06:22,805] {logging_mixin.py:115} INFO - [2025-02-14 19:06:22,805] {dag.py:2968} INFO - Setting next_dagrun for example_task_group_decorator to 2025-02-13T19:06:22.805611+00:00, run_after=2025-02-14T19:06:22.805611+00:00
[2025-02-14 19:06:22,828] {processor.py:161} INFO - Processing /opt/conda/lib/python3.8/site-packages/airflow/example_dags/example_task_group_decorator.py took 0.209 seconds
[2025-02-14 19:07:28,120] {processor.py:153} INFO - Started process (PID=3168) to work on /opt/conda/lib/python3.8/site-packages/airflow/example_dags/example_task_group_decorator.py
[2025-02-14 19:07:28,122] {processor.py:641} INFO - Processing file /opt/conda/lib/python3.8/site-packages/airflow/example_dags/example_task_group_decorator.py for tasks to queue
[2025-02-14 19:07:28,122] {logging_mixin.py:115} INFO - [2025-02-14 19:07:28,122] {dagbag.py:508} INFO - Filling up the DagBag from /opt/conda/lib/python3.8/site-packages/airflow/example_dags/example_task_group_decorator.py
[2025-02-14 19:07:28,264] {processor.py:651} INFO - DAG(s) dict_keys(['example_task_group_decorator']) retrieved from /opt/conda/lib/python3.8/site-packages/airflow/example_dags/example_task_group_decorator.py
[2025-02-14 19:07:28,294] {logging_mixin.py:115} INFO - [2025-02-14 19:07:28,294] {dag.py:2420} INFO - Sync 1 DAGs
[2025-02-14 19:07:28,306] {logging_mixin.py:115} INFO - [2025-02-14 19:07:28,306] {dag.py:2968} INFO - Setting next_dagrun for example_task_group_decorator to 2025-02-13T19:07:28.306103+00:00, run_after=2025-02-14T19:07:28.306103+00:00
[2025-02-14 19:07:28,327] {processor.py:161} INFO - Processing /opt/conda/lib/python3.8/site-packages/airflow/example_dags/example_task_group_decorator.py took 0.210 seconds
[2025-02-14 19:08:27,190] {processor.py:153} INFO - Started process (PID=3280) to work on /opt/conda/lib/python3.8/site-packages/airflow/example_dags/example_task_group_decorator.py
[2025-02-14 19:08:27,191] {processor.py:641} INFO - Processing file /opt/conda/lib/python3.8/site-packages/airflow/example_dags/example_task_group_decorator.py for tasks to queue
[2025-02-14 19:08:27,192] {logging_mixin.py:115} INFO - [2025-02-14 19:08:27,192] {dagbag.py:508} INFO - Filling up the DagBag from /opt/conda/lib/python3.8/site-packages/airflow/example_dags/example_task_group_decorator.py
[2025-02-14 19:08:27,217] {processor.py:651} INFO - DAG(s) dict_keys(['example_task_group_decorator']) retrieved from /opt/conda/lib/python3.8/site-packages/airflow/example_dags/example_task_group_decorator.py
[2025-02-14 19:08:27,253] {logging_mixin.py:115} INFO - [2025-02-14 19:08:27,253] {dag.py:2420} INFO - Sync 1 DAGs
[2025-02-14 19:08:27,265] {logging_mixin.py:115} INFO - [2025-02-14 19:08:27,265] {dag.py:2968} INFO - Setting next_dagrun for example_task_group_decorator to 2025-02-13T19:08:27.265556+00:00, run_after=2025-02-14T19:08:27.265556+00:00
[2025-02-14 19:08:27,286] {processor.py:161} INFO - Processing /opt/conda/lib/python3.8/site-packages/airflow/example_dags/example_task_group_decorator.py took 0.099 seconds
[2025-02-14 19:09:24,970] {processor.py:153} INFO - Started process (PID=3392) to work on /opt/conda/lib/python3.8/site-packages/airflow/example_dags/example_task_group_decorator.py
[2025-02-14 19:09:24,971] {processor.py:641} INFO - Processing file /opt/conda/lib/python3.8/site-packages/airflow/example_dags/example_task_group_decorator.py for tasks to queue
[2025-02-14 19:09:24,972] {logging_mixin.py:115} INFO - [2025-02-14 19:09:24,972] {dagbag.py:508} INFO - Filling up the DagBag from /opt/conda/lib/python3.8/site-packages/airflow/example_dags/example_task_group_decorator.py
[2025-02-14 19:09:24,997] {processor.py:651} INFO - DAG(s) dict_keys(['example_task_group_decorator']) retrieved from /opt/conda/lib/python3.8/site-packages/airflow/example_dags/example_task_group_decorator.py
[2025-02-14 19:09:25,032] {logging_mixin.py:115} INFO - [2025-02-14 19:09:25,032] {dag.py:2420} INFO - Sync 1 DAGs
[2025-02-14 19:09:25,045] {logging_mixin.py:115} INFO - [2025-02-14 19:09:25,045] {dag.py:2968} INFO - Setting next_dagrun for example_task_group_decorator to 2025-02-13T19:09:25.045139+00:00, run_after=2025-02-14T19:09:25.045139+00:00
[2025-02-14 19:09:25,068] {processor.py:161} INFO - Processing /opt/conda/lib/python3.8/site-packages/airflow/example_dags/example_task_group_decorator.py took 0.101 seconds
[2025-02-14 19:10:42,970] {processor.py:153} INFO - Started process (PID=3651) to work on /opt/conda/lib/python3.8/site-packages/airflow/example_dags/example_task_group_decorator.py
[2025-02-14 19:10:42,972] {processor.py:641} INFO - Processing file /opt/conda/lib/python3.8/site-packages/airflow/example_dags/example_task_group_decorator.py for tasks to queue
[2025-02-14 19:10:42,972] {logging_mixin.py:115} INFO - [2025-02-14 19:10:42,972] {dagbag.py:508} INFO - Filling up the DagBag from /opt/conda/lib/python3.8/site-packages/airflow/example_dags/example_task_group_decorator.py
[2025-02-14 19:10:43,000] {processor.py:651} INFO - DAG(s) dict_keys(['example_task_group_decorator']) retrieved from /opt/conda/lib/python3.8/site-packages/airflow/example_dags/example_task_group_decorator.py
[2025-02-14 19:10:43,018] {logging_mixin.py:115} INFO - [2025-02-14 19:10:43,018] {dag.py:2420} INFO - Sync 1 DAGs
[2025-02-14 19:10:43,035] {logging_mixin.py:115} INFO - [2025-02-14 19:10:43,035] {dag.py:2968} INFO - Setting next_dagrun for example_task_group_decorator to 2025-02-13T19:10:43.035648+00:00, run_after=2025-02-14T19:10:43.035648+00:00
[2025-02-14 19:10:43,056] {processor.py:161} INFO - Processing /opt/conda/lib/python3.8/site-packages/airflow/example_dags/example_task_group_decorator.py took 0.089 seconds
