[2025-02-14 13:59:48,940] {processor.py:153} INFO - Started process (PID=1837) to work on /opt/conda/lib/python3.8/site-packages/airflow/example_dags/example_nested_branch_dag.py
[2025-02-14 13:59:48,941] {processor.py:641} INFO - Processing file /opt/conda/lib/python3.8/site-packages/airflow/example_dags/example_nested_branch_dag.py for tasks to queue
[2025-02-14 13:59:48,941] {logging_mixin.py:115} INFO - [2025-02-14 13:59:48,941] {dagbag.py:508} INFO - Filling up the DagBag from /opt/conda/lib/python3.8/site-packages/airflow/example_dags/example_nested_branch_dag.py
[2025-02-14 13:59:49,075] {processor.py:651} INFO - DAG(s) dict_keys(['example_nested_branch_dag']) retrieved from /opt/conda/lib/python3.8/site-packages/airflow/example_dags/example_nested_branch_dag.py
[2025-02-14 13:59:49,145] {logging_mixin.py:115} INFO - [2025-02-14 13:59:49,145] {manager.py:508} INFO - Created Permission View: can read on DAG:example_nested_branch_dag
[2025-02-14 13:59:49,162] {logging_mixin.py:115} INFO - [2025-02-14 13:59:49,162] {manager.py:508} INFO - Created Permission View: can delete on DAG:example_nested_branch_dag
[2025-02-14 13:59:49,177] {logging_mixin.py:115} INFO - [2025-02-14 13:59:49,177] {manager.py:508} INFO - Created Permission View: can edit on DAG:example_nested_branch_dag
[2025-02-14 13:59:49,177] {logging_mixin.py:115} INFO - [2025-02-14 13:59:49,177] {dag.py:2420} INFO - Sync 1 DAGs
[2025-02-14 13:59:49,183] {logging_mixin.py:115} INFO - [2025-02-14 13:59:49,183] {dag.py:2439} INFO - Creating ORM DAG for example_nested_branch_dag
[2025-02-14 13:59:49,192] {logging_mixin.py:115} INFO - [2025-02-14 13:59:49,192] {dag.py:2968} INFO - Setting next_dagrun for example_nested_branch_dag to 2025-02-13T00:00:00+00:00, run_after=2025-02-14T00:00:00+00:00
[2025-02-14 13:59:49,214] {processor.py:161} INFO - Processing /opt/conda/lib/python3.8/site-packages/airflow/example_dags/example_nested_branch_dag.py took 0.277 seconds
[2025-02-14 14:00:35,413] {processor.py:153} INFO - Started process (PID=1874) to work on /opt/conda/lib/python3.8/site-packages/airflow/example_dags/example_nested_branch_dag.py
[2025-02-14 14:00:35,442] {processor.py:641} INFO - Processing file /opt/conda/lib/python3.8/site-packages/airflow/example_dags/example_nested_branch_dag.py for tasks to queue
[2025-02-14 14:00:35,442] {logging_mixin.py:115} INFO - [2025-02-14 14:00:35,442] {dagbag.py:508} INFO - Filling up the DagBag from /opt/conda/lib/python3.8/site-packages/airflow/example_dags/example_nested_branch_dag.py
[2025-02-14 14:00:35,580] {processor.py:651} INFO - DAG(s) dict_keys(['example_nested_branch_dag']) retrieved from /opt/conda/lib/python3.8/site-packages/airflow/example_dags/example_nested_branch_dag.py
[2025-02-14 14:00:35,589] {logging_mixin.py:115} INFO - [2025-02-14 14:00:35,589] {dag.py:2420} INFO - Sync 1 DAGs
[2025-02-14 14:00:35,602] {logging_mixin.py:115} INFO - [2025-02-14 14:00:35,602] {dag.py:2968} INFO - Setting next_dagrun for example_nested_branch_dag to 2025-02-13T00:00:00+00:00, run_after=2025-02-14T00:00:00+00:00
[2025-02-14 14:00:35,620] {processor.py:161} INFO - Processing /opt/conda/lib/python3.8/site-packages/airflow/example_dags/example_nested_branch_dag.py took 0.211 seconds
[2025-02-14 14:01:17,424] {processor.py:153} INFO - Started process (PID=1911) to work on /opt/conda/lib/python3.8/site-packages/airflow/example_dags/example_nested_branch_dag.py
[2025-02-14 14:01:17,426] {processor.py:641} INFO - Processing file /opt/conda/lib/python3.8/site-packages/airflow/example_dags/example_nested_branch_dag.py for tasks to queue
[2025-02-14 14:01:17,427] {logging_mixin.py:115} INFO - [2025-02-14 14:01:17,426] {dagbag.py:508} INFO - Filling up the DagBag from /opt/conda/lib/python3.8/site-packages/airflow/example_dags/example_nested_branch_dag.py
[2025-02-14 14:01:17,560] {processor.py:651} INFO - DAG(s) dict_keys(['example_nested_branch_dag']) retrieved from /opt/conda/lib/python3.8/site-packages/airflow/example_dags/example_nested_branch_dag.py
[2025-02-14 14:01:17,570] {logging_mixin.py:115} INFO - [2025-02-14 14:01:17,569] {dag.py:2420} INFO - Sync 1 DAGs
[2025-02-14 14:01:17,582] {logging_mixin.py:115} INFO - [2025-02-14 14:01:17,582] {dag.py:2968} INFO - Setting next_dagrun for example_nested_branch_dag to 2025-02-13T00:00:00+00:00, run_after=2025-02-14T00:00:00+00:00
[2025-02-14 14:01:17,601] {processor.py:161} INFO - Processing /opt/conda/lib/python3.8/site-packages/airflow/example_dags/example_nested_branch_dag.py took 0.180 seconds
[2025-02-14 14:01:59,517] {processor.py:153} INFO - Started process (PID=1950) to work on /opt/conda/lib/python3.8/site-packages/airflow/example_dags/example_nested_branch_dag.py
[2025-02-14 14:01:59,519] {processor.py:641} INFO - Processing file /opt/conda/lib/python3.8/site-packages/airflow/example_dags/example_nested_branch_dag.py for tasks to queue
[2025-02-14 14:01:59,519] {logging_mixin.py:115} INFO - [2025-02-14 14:01:59,519] {dagbag.py:508} INFO - Filling up the DagBag from /opt/conda/lib/python3.8/site-packages/airflow/example_dags/example_nested_branch_dag.py
[2025-02-14 14:01:59,650] {processor.py:651} INFO - DAG(s) dict_keys(['example_nested_branch_dag']) retrieved from /opt/conda/lib/python3.8/site-packages/airflow/example_dags/example_nested_branch_dag.py
[2025-02-14 14:01:59,659] {logging_mixin.py:115} INFO - [2025-02-14 14:01:59,659] {dag.py:2420} INFO - Sync 1 DAGs
[2025-02-14 14:01:59,672] {logging_mixin.py:115} INFO - [2025-02-14 14:01:59,672] {dag.py:2968} INFO - Setting next_dagrun for example_nested_branch_dag to 2025-02-13T00:00:00+00:00, run_after=2025-02-14T00:00:00+00:00
[2025-02-14 14:01:59,690] {processor.py:161} INFO - Processing /opt/conda/lib/python3.8/site-packages/airflow/example_dags/example_nested_branch_dag.py took 0.175 seconds
[2025-02-14 14:02:45,433] {processor.py:153} INFO - Started process (PID=1991) to work on /opt/conda/lib/python3.8/site-packages/airflow/example_dags/example_nested_branch_dag.py
[2025-02-14 14:02:45,435] {processor.py:641} INFO - Processing file /opt/conda/lib/python3.8/site-packages/airflow/example_dags/example_nested_branch_dag.py for tasks to queue
[2025-02-14 14:02:45,435] {logging_mixin.py:115} INFO - [2025-02-14 14:02:45,435] {dagbag.py:508} INFO - Filling up the DagBag from /opt/conda/lib/python3.8/site-packages/airflow/example_dags/example_nested_branch_dag.py
[2025-02-14 14:02:45,572] {processor.py:651} INFO - DAG(s) dict_keys(['example_nested_branch_dag']) retrieved from /opt/conda/lib/python3.8/site-packages/airflow/example_dags/example_nested_branch_dag.py
[2025-02-14 14:02:45,581] {logging_mixin.py:115} INFO - [2025-02-14 14:02:45,581] {dag.py:2420} INFO - Sync 1 DAGs
[2025-02-14 14:02:45,594] {logging_mixin.py:115} INFO - [2025-02-14 14:02:45,594] {dag.py:2968} INFO - Setting next_dagrun for example_nested_branch_dag to 2025-02-13T00:00:00+00:00, run_after=2025-02-14T00:00:00+00:00
[2025-02-14 14:02:45,613] {processor.py:161} INFO - Processing /opt/conda/lib/python3.8/site-packages/airflow/example_dags/example_nested_branch_dag.py took 0.183 seconds
[2025-02-14 14:03:36,224] {processor.py:153} INFO - Started process (PID=2035) to work on /opt/conda/lib/python3.8/site-packages/airflow/example_dags/example_nested_branch_dag.py
[2025-02-14 14:03:36,226] {processor.py:641} INFO - Processing file /opt/conda/lib/python3.8/site-packages/airflow/example_dags/example_nested_branch_dag.py for tasks to queue
[2025-02-14 14:03:36,226] {logging_mixin.py:115} INFO - [2025-02-14 14:03:36,226] {dagbag.py:508} INFO - Filling up the DagBag from /opt/conda/lib/python3.8/site-packages/airflow/example_dags/example_nested_branch_dag.py
[2025-02-14 14:03:36,369] {processor.py:651} INFO - DAG(s) dict_keys(['example_nested_branch_dag']) retrieved from /opt/conda/lib/python3.8/site-packages/airflow/example_dags/example_nested_branch_dag.py
[2025-02-14 14:03:36,378] {logging_mixin.py:115} INFO - [2025-02-14 14:03:36,378] {dag.py:2420} INFO - Sync 1 DAGs
[2025-02-14 14:03:36,391] {logging_mixin.py:115} INFO - [2025-02-14 14:03:36,391] {dag.py:2968} INFO - Setting next_dagrun for example_nested_branch_dag to 2025-02-13T00:00:00+00:00, run_after=2025-02-14T00:00:00+00:00
[2025-02-14 14:03:36,410] {processor.py:161} INFO - Processing /opt/conda/lib/python3.8/site-packages/airflow/example_dags/example_nested_branch_dag.py took 0.189 seconds
[2025-02-14 14:05:32,829] {processor.py:153} INFO - Started process (PID=2181) to work on /opt/conda/lib/python3.8/site-packages/airflow/example_dags/example_nested_branch_dag.py
[2025-02-14 14:05:32,830] {processor.py:641} INFO - Processing file /opt/conda/lib/python3.8/site-packages/airflow/example_dags/example_nested_branch_dag.py for tasks to queue
[2025-02-14 14:05:32,831] {logging_mixin.py:115} INFO - [2025-02-14 14:05:32,831] {dagbag.py:508} INFO - Filling up the DagBag from /opt/conda/lib/python3.8/site-packages/airflow/example_dags/example_nested_branch_dag.py
[2025-02-14 14:05:32,961] {processor.py:651} INFO - DAG(s) dict_keys(['example_nested_branch_dag']) retrieved from /opt/conda/lib/python3.8/site-packages/airflow/example_dags/example_nested_branch_dag.py
[2025-02-14 14:05:32,971] {logging_mixin.py:115} INFO - [2025-02-14 14:05:32,971] {dag.py:2420} INFO - Sync 1 DAGs
[2025-02-14 14:05:32,983] {logging_mixin.py:115} INFO - [2025-02-14 14:05:32,983] {dag.py:2968} INFO - Setting next_dagrun for example_nested_branch_dag to 2025-02-13T00:00:00+00:00, run_after=2025-02-14T00:00:00+00:00
[2025-02-14 14:05:33,012] {processor.py:161} INFO - Processing /opt/conda/lib/python3.8/site-packages/airflow/example_dags/example_nested_branch_dag.py took 0.186 seconds
[2025-02-14 14:06:17,032] {processor.py:153} INFO - Started process (PID=2235) to work on /opt/conda/lib/python3.8/site-packages/airflow/example_dags/example_nested_branch_dag.py
[2025-02-14 14:06:17,034] {processor.py:641} INFO - Processing file /opt/conda/lib/python3.8/site-packages/airflow/example_dags/example_nested_branch_dag.py for tasks to queue
[2025-02-14 14:06:17,034] {logging_mixin.py:115} INFO - [2025-02-14 14:06:17,034] {dagbag.py:508} INFO - Filling up the DagBag from /opt/conda/lib/python3.8/site-packages/airflow/example_dags/example_nested_branch_dag.py
[2025-02-14 14:06:17,162] {processor.py:651} INFO - DAG(s) dict_keys(['example_nested_branch_dag']) retrieved from /opt/conda/lib/python3.8/site-packages/airflow/example_dags/example_nested_branch_dag.py
[2025-02-14 14:06:17,172] {logging_mixin.py:115} INFO - [2025-02-14 14:06:17,171] {dag.py:2420} INFO - Sync 1 DAGs
[2025-02-14 14:06:17,184] {logging_mixin.py:115} INFO - [2025-02-14 14:06:17,184] {dag.py:2968} INFO - Setting next_dagrun for example_nested_branch_dag to 2025-02-13T00:00:00+00:00, run_after=2025-02-14T00:00:00+00:00
[2025-02-14 14:06:17,203] {processor.py:161} INFO - Processing /opt/conda/lib/python3.8/site-packages/airflow/example_dags/example_nested_branch_dag.py took 0.174 seconds
[2025-02-14 14:07:08,145] {processor.py:153} INFO - Started process (PID=2293) to work on /opt/conda/lib/python3.8/site-packages/airflow/example_dags/example_nested_branch_dag.py
[2025-02-14 14:07:08,147] {processor.py:641} INFO - Processing file /opt/conda/lib/python3.8/site-packages/airflow/example_dags/example_nested_branch_dag.py for tasks to queue
[2025-02-14 14:07:08,147] {logging_mixin.py:115} INFO - [2025-02-14 14:07:08,147] {dagbag.py:508} INFO - Filling up the DagBag from /opt/conda/lib/python3.8/site-packages/airflow/example_dags/example_nested_branch_dag.py
[2025-02-14 14:07:08,283] {processor.py:651} INFO - DAG(s) dict_keys(['example_nested_branch_dag']) retrieved from /opt/conda/lib/python3.8/site-packages/airflow/example_dags/example_nested_branch_dag.py
[2025-02-14 14:07:08,293] {logging_mixin.py:115} INFO - [2025-02-14 14:07:08,292] {dag.py:2420} INFO - Sync 1 DAGs
[2025-02-14 14:07:08,306] {logging_mixin.py:115} INFO - [2025-02-14 14:07:08,306] {dag.py:2968} INFO - Setting next_dagrun for example_nested_branch_dag to 2025-02-13T00:00:00+00:00, run_after=2025-02-14T00:00:00+00:00
[2025-02-14 14:07:08,327] {processor.py:161} INFO - Processing /opt/conda/lib/python3.8/site-packages/airflow/example_dags/example_nested_branch_dag.py took 0.185 seconds
[2025-02-14 14:07:53,949] {processor.py:153} INFO - Started process (PID=2332) to work on /opt/conda/lib/python3.8/site-packages/airflow/example_dags/example_nested_branch_dag.py
[2025-02-14 14:07:53,951] {processor.py:641} INFO - Processing file /opt/conda/lib/python3.8/site-packages/airflow/example_dags/example_nested_branch_dag.py for tasks to queue
[2025-02-14 14:07:53,951] {logging_mixin.py:115} INFO - [2025-02-14 14:07:53,951] {dagbag.py:508} INFO - Filling up the DagBag from /opt/conda/lib/python3.8/site-packages/airflow/example_dags/example_nested_branch_dag.py
[2025-02-14 14:07:54,079] {processor.py:651} INFO - DAG(s) dict_keys(['example_nested_branch_dag']) retrieved from /opt/conda/lib/python3.8/site-packages/airflow/example_dags/example_nested_branch_dag.py
[2025-02-14 14:07:54,089] {logging_mixin.py:115} INFO - [2025-02-14 14:07:54,089] {dag.py:2420} INFO - Sync 1 DAGs
[2025-02-14 14:07:54,101] {logging_mixin.py:115} INFO - [2025-02-14 14:07:54,101] {dag.py:2968} INFO - Setting next_dagrun for example_nested_branch_dag to 2025-02-13T00:00:00+00:00, run_after=2025-02-14T00:00:00+00:00
[2025-02-14 14:07:54,119] {processor.py:161} INFO - Processing /opt/conda/lib/python3.8/site-packages/airflow/example_dags/example_nested_branch_dag.py took 0.173 seconds
[2025-02-14 14:09:28,437] {processor.py:153} INFO - Started process (PID=2439) to work on /opt/conda/lib/python3.8/site-packages/airflow/example_dags/example_nested_branch_dag.py
[2025-02-14 14:09:28,438] {processor.py:641} INFO - Processing file /opt/conda/lib/python3.8/site-packages/airflow/example_dags/example_nested_branch_dag.py for tasks to queue
[2025-02-14 14:09:28,439] {logging_mixin.py:115} INFO - [2025-02-14 14:09:28,439] {dagbag.py:508} INFO - Filling up the DagBag from /opt/conda/lib/python3.8/site-packages/airflow/example_dags/example_nested_branch_dag.py
[2025-02-14 14:09:28,571] {processor.py:651} INFO - DAG(s) dict_keys(['example_nested_branch_dag']) retrieved from /opt/conda/lib/python3.8/site-packages/airflow/example_dags/example_nested_branch_dag.py
[2025-02-14 14:09:28,603] {logging_mixin.py:115} INFO - [2025-02-14 14:09:28,603] {dag.py:2420} INFO - Sync 1 DAGs
[2025-02-14 14:09:28,616] {logging_mixin.py:115} INFO - [2025-02-14 14:09:28,616] {dag.py:2968} INFO - Setting next_dagrun for example_nested_branch_dag to 2025-02-13T00:00:00+00:00, run_after=2025-02-14T00:00:00+00:00
[2025-02-14 14:09:28,633] {processor.py:161} INFO - Processing /opt/conda/lib/python3.8/site-packages/airflow/example_dags/example_nested_branch_dag.py took 0.199 seconds
[2025-02-14 14:10:11,516] {processor.py:153} INFO - Started process (PID=2477) to work on /opt/conda/lib/python3.8/site-packages/airflow/example_dags/example_nested_branch_dag.py
[2025-02-14 14:10:11,517] {processor.py:641} INFO - Processing file /opt/conda/lib/python3.8/site-packages/airflow/example_dags/example_nested_branch_dag.py for tasks to queue
[2025-02-14 14:10:11,518] {logging_mixin.py:115} INFO - [2025-02-14 14:10:11,517] {dagbag.py:508} INFO - Filling up the DagBag from /opt/conda/lib/python3.8/site-packages/airflow/example_dags/example_nested_branch_dag.py
[2025-02-14 14:10:11,655] {processor.py:651} INFO - DAG(s) dict_keys(['example_nested_branch_dag']) retrieved from /opt/conda/lib/python3.8/site-packages/airflow/example_dags/example_nested_branch_dag.py
[2025-02-14 14:10:11,664] {logging_mixin.py:115} INFO - [2025-02-14 14:10:11,664] {dag.py:2420} INFO - Sync 1 DAGs
[2025-02-14 14:10:11,677] {logging_mixin.py:115} INFO - [2025-02-14 14:10:11,677] {dag.py:2968} INFO - Setting next_dagrun for example_nested_branch_dag to 2025-02-13T00:00:00+00:00, run_after=2025-02-14T00:00:00+00:00
[2025-02-14 14:10:11,695] {processor.py:161} INFO - Processing /opt/conda/lib/python3.8/site-packages/airflow/example_dags/example_nested_branch_dag.py took 0.183 seconds
[2025-02-14 14:10:59,513] {processor.py:153} INFO - Started process (PID=2519) to work on /opt/conda/lib/python3.8/site-packages/airflow/example_dags/example_nested_branch_dag.py
[2025-02-14 14:10:59,514] {processor.py:641} INFO - Processing file /opt/conda/lib/python3.8/site-packages/airflow/example_dags/example_nested_branch_dag.py for tasks to queue
[2025-02-14 14:10:59,514] {logging_mixin.py:115} INFO - [2025-02-14 14:10:59,514] {dagbag.py:508} INFO - Filling up the DagBag from /opt/conda/lib/python3.8/site-packages/airflow/example_dags/example_nested_branch_dag.py
[2025-02-14 14:10:59,650] {processor.py:651} INFO - DAG(s) dict_keys(['example_nested_branch_dag']) retrieved from /opt/conda/lib/python3.8/site-packages/airflow/example_dags/example_nested_branch_dag.py
[2025-02-14 14:10:59,659] {logging_mixin.py:115} INFO - [2025-02-14 14:10:59,659] {dag.py:2420} INFO - Sync 1 DAGs
[2025-02-14 14:10:59,672] {logging_mixin.py:115} INFO - [2025-02-14 14:10:59,672] {dag.py:2968} INFO - Setting next_dagrun for example_nested_branch_dag to 2025-02-13T00:00:00+00:00, run_after=2025-02-14T00:00:00+00:00
[2025-02-14 14:10:59,692] {processor.py:161} INFO - Processing /opt/conda/lib/python3.8/site-packages/airflow/example_dags/example_nested_branch_dag.py took 0.182 seconds
[2025-02-14 14:11:45,134] {processor.py:153} INFO - Started process (PID=2575) to work on /opt/conda/lib/python3.8/site-packages/airflow/example_dags/example_nested_branch_dag.py
[2025-02-14 14:11:45,136] {processor.py:641} INFO - Processing file /opt/conda/lib/python3.8/site-packages/airflow/example_dags/example_nested_branch_dag.py for tasks to queue
[2025-02-14 14:11:45,136] {logging_mixin.py:115} INFO - [2025-02-14 14:11:45,136] {dagbag.py:508} INFO - Filling up the DagBag from /opt/conda/lib/python3.8/site-packages/airflow/example_dags/example_nested_branch_dag.py
[2025-02-14 14:11:45,287] {processor.py:651} INFO - DAG(s) dict_keys(['example_nested_branch_dag']) retrieved from /opt/conda/lib/python3.8/site-packages/airflow/example_dags/example_nested_branch_dag.py
[2025-02-14 14:11:45,297] {logging_mixin.py:115} INFO - [2025-02-14 14:11:45,297] {dag.py:2420} INFO - Sync 1 DAGs
[2025-02-14 14:11:45,310] {logging_mixin.py:115} INFO - [2025-02-14 14:11:45,309] {dag.py:2968} INFO - Setting next_dagrun for example_nested_branch_dag to 2025-02-13T00:00:00+00:00, run_after=2025-02-14T00:00:00+00:00
[2025-02-14 14:11:45,329] {processor.py:161} INFO - Processing /opt/conda/lib/python3.8/site-packages/airflow/example_dags/example_nested_branch_dag.py took 0.198 seconds
[2025-02-14 14:12:28,805] {processor.py:153} INFO - Started process (PID=2629) to work on /opt/conda/lib/python3.8/site-packages/airflow/example_dags/example_nested_branch_dag.py
[2025-02-14 14:12:28,806] {processor.py:641} INFO - Processing file /opt/conda/lib/python3.8/site-packages/airflow/example_dags/example_nested_branch_dag.py for tasks to queue
[2025-02-14 14:12:28,807] {logging_mixin.py:115} INFO - [2025-02-14 14:12:28,807] {dagbag.py:508} INFO - Filling up the DagBag from /opt/conda/lib/python3.8/site-packages/airflow/example_dags/example_nested_branch_dag.py
[2025-02-14 14:12:28,948] {processor.py:651} INFO - DAG(s) dict_keys(['example_nested_branch_dag']) retrieved from /opt/conda/lib/python3.8/site-packages/airflow/example_dags/example_nested_branch_dag.py
[2025-02-14 14:12:28,957] {logging_mixin.py:115} INFO - [2025-02-14 14:12:28,957] {dag.py:2420} INFO - Sync 1 DAGs
[2025-02-14 14:12:28,970] {logging_mixin.py:115} INFO - [2025-02-14 14:12:28,970] {dag.py:2968} INFO - Setting next_dagrun for example_nested_branch_dag to 2025-02-13T00:00:00+00:00, run_after=2025-02-14T00:00:00+00:00
[2025-02-14 14:12:29,181] {processor.py:161} INFO - Processing /opt/conda/lib/python3.8/site-packages/airflow/example_dags/example_nested_branch_dag.py took 0.379 seconds
[2025-02-14 14:13:10,980] {processor.py:153} INFO - Started process (PID=2683) to work on /opt/conda/lib/python3.8/site-packages/airflow/example_dags/example_nested_branch_dag.py
[2025-02-14 14:13:10,982] {processor.py:641} INFO - Processing file /opt/conda/lib/python3.8/site-packages/airflow/example_dags/example_nested_branch_dag.py for tasks to queue
[2025-02-14 14:13:10,982] {logging_mixin.py:115} INFO - [2025-02-14 14:13:10,982] {dagbag.py:508} INFO - Filling up the DagBag from /opt/conda/lib/python3.8/site-packages/airflow/example_dags/example_nested_branch_dag.py
[2025-02-14 14:13:11,125] {processor.py:651} INFO - DAG(s) dict_keys(['example_nested_branch_dag']) retrieved from /opt/conda/lib/python3.8/site-packages/airflow/example_dags/example_nested_branch_dag.py
[2025-02-14 14:13:11,134] {logging_mixin.py:115} INFO - [2025-02-14 14:13:11,134] {dag.py:2420} INFO - Sync 1 DAGs
[2025-02-14 14:13:11,147] {logging_mixin.py:115} INFO - [2025-02-14 14:13:11,147] {dag.py:2968} INFO - Setting next_dagrun for example_nested_branch_dag to 2025-02-13T00:00:00+00:00, run_after=2025-02-14T00:00:00+00:00
[2025-02-14 14:13:11,166] {processor.py:161} INFO - Processing /opt/conda/lib/python3.8/site-packages/airflow/example_dags/example_nested_branch_dag.py took 0.188 seconds
[2025-02-14 14:13:53,149] {processor.py:153} INFO - Started process (PID=2735) to work on /opt/conda/lib/python3.8/site-packages/airflow/example_dags/example_nested_branch_dag.py
[2025-02-14 14:13:53,150] {processor.py:641} INFO - Processing file /opt/conda/lib/python3.8/site-packages/airflow/example_dags/example_nested_branch_dag.py for tasks to queue
[2025-02-14 14:13:53,151] {logging_mixin.py:115} INFO - [2025-02-14 14:13:53,151] {dagbag.py:508} INFO - Filling up the DagBag from /opt/conda/lib/python3.8/site-packages/airflow/example_dags/example_nested_branch_dag.py
[2025-02-14 14:13:53,292] {processor.py:651} INFO - DAG(s) dict_keys(['example_nested_branch_dag']) retrieved from /opt/conda/lib/python3.8/site-packages/airflow/example_dags/example_nested_branch_dag.py
[2025-02-14 14:13:53,302] {logging_mixin.py:115} INFO - [2025-02-14 14:13:53,302] {dag.py:2420} INFO - Sync 1 DAGs
[2025-02-14 14:13:53,315] {logging_mixin.py:115} INFO - [2025-02-14 14:13:53,315] {dag.py:2968} INFO - Setting next_dagrun for example_nested_branch_dag to 2025-02-13T00:00:00+00:00, run_after=2025-02-14T00:00:00+00:00
[2025-02-14 14:13:53,334] {processor.py:161} INFO - Processing /opt/conda/lib/python3.8/site-packages/airflow/example_dags/example_nested_branch_dag.py took 0.189 seconds
[2025-02-14 14:14:33,170] {processor.py:153} INFO - Started process (PID=2788) to work on /opt/conda/lib/python3.8/site-packages/airflow/example_dags/example_nested_branch_dag.py
[2025-02-14 14:14:33,171] {processor.py:641} INFO - Processing file /opt/conda/lib/python3.8/site-packages/airflow/example_dags/example_nested_branch_dag.py for tasks to queue
[2025-02-14 14:14:33,172] {logging_mixin.py:115} INFO - [2025-02-14 14:14:33,172] {dagbag.py:508} INFO - Filling up the DagBag from /opt/conda/lib/python3.8/site-packages/airflow/example_dags/example_nested_branch_dag.py
[2025-02-14 14:14:33,182] {processor.py:651} INFO - DAG(s) dict_keys(['example_nested_branch_dag']) retrieved from /opt/conda/lib/python3.8/site-packages/airflow/example_dags/example_nested_branch_dag.py
[2025-02-14 14:14:33,199] {logging_mixin.py:115} INFO - [2025-02-14 14:14:33,199] {dag.py:2420} INFO - Sync 1 DAGs
[2025-02-14 14:14:33,218] {logging_mixin.py:115} INFO - [2025-02-14 14:14:33,218] {dag.py:2968} INFO - Setting next_dagrun for example_nested_branch_dag to 2025-02-13T00:00:00+00:00, run_after=2025-02-14T00:00:00+00:00
[2025-02-14 14:14:33,240] {processor.py:161} INFO - Processing /opt/conda/lib/python3.8/site-packages/airflow/example_dags/example_nested_branch_dag.py took 0.073 seconds
[2025-02-14 14:15:14,726] {processor.py:153} INFO - Started process (PID=2851) to work on /opt/conda/lib/python3.8/site-packages/airflow/example_dags/example_nested_branch_dag.py
[2025-02-14 14:15:14,727] {processor.py:641} INFO - Processing file /opt/conda/lib/python3.8/site-packages/airflow/example_dags/example_nested_branch_dag.py for tasks to queue
[2025-02-14 14:15:14,728] {logging_mixin.py:115} INFO - [2025-02-14 14:15:14,727] {dagbag.py:508} INFO - Filling up the DagBag from /opt/conda/lib/python3.8/site-packages/airflow/example_dags/example_nested_branch_dag.py
[2025-02-14 14:15:14,738] {processor.py:651} INFO - DAG(s) dict_keys(['example_nested_branch_dag']) retrieved from /opt/conda/lib/python3.8/site-packages/airflow/example_dags/example_nested_branch_dag.py
[2025-02-14 14:15:14,754] {logging_mixin.py:115} INFO - [2025-02-14 14:15:14,754] {dag.py:2420} INFO - Sync 1 DAGs
[2025-02-14 14:15:14,774] {logging_mixin.py:115} INFO - [2025-02-14 14:15:14,774] {dag.py:2968} INFO - Setting next_dagrun for example_nested_branch_dag to 2025-02-13T00:00:00+00:00, run_after=2025-02-14T00:00:00+00:00
[2025-02-14 14:15:14,796] {processor.py:161} INFO - Processing /opt/conda/lib/python3.8/site-packages/airflow/example_dags/example_nested_branch_dag.py took 0.073 seconds
[2025-02-14 14:15:56,376] {processor.py:153} INFO - Started process (PID=2914) to work on /opt/conda/lib/python3.8/site-packages/airflow/example_dags/example_nested_branch_dag.py
[2025-02-14 14:15:56,467] {processor.py:641} INFO - Processing file /opt/conda/lib/python3.8/site-packages/airflow/example_dags/example_nested_branch_dag.py for tasks to queue
[2025-02-14 14:15:56,468] {logging_mixin.py:115} INFO - [2025-02-14 14:15:56,468] {dagbag.py:508} INFO - Filling up the DagBag from /opt/conda/lib/python3.8/site-packages/airflow/example_dags/example_nested_branch_dag.py
[2025-02-14 14:15:56,478] {processor.py:651} INFO - DAG(s) dict_keys(['example_nested_branch_dag']) retrieved from /opt/conda/lib/python3.8/site-packages/airflow/example_dags/example_nested_branch_dag.py
[2025-02-14 14:15:56,496] {logging_mixin.py:115} INFO - [2025-02-14 14:15:56,495] {dag.py:2420} INFO - Sync 1 DAGs
[2025-02-14 14:15:56,514] {logging_mixin.py:115} INFO - [2025-02-14 14:15:56,514] {dag.py:2968} INFO - Setting next_dagrun for example_nested_branch_dag to 2025-02-13T00:00:00+00:00, run_after=2025-02-14T00:00:00+00:00
[2025-02-14 14:15:56,537] {processor.py:161} INFO - Processing /opt/conda/lib/python3.8/site-packages/airflow/example_dags/example_nested_branch_dag.py took 0.164 seconds
[2025-02-14 14:16:53,461] {processor.py:153} INFO - Started process (PID=3016) to work on /opt/conda/lib/python3.8/site-packages/airflow/example_dags/example_nested_branch_dag.py
[2025-02-14 14:16:53,462] {processor.py:641} INFO - Processing file /opt/conda/lib/python3.8/site-packages/airflow/example_dags/example_nested_branch_dag.py for tasks to queue
[2025-02-14 14:16:53,463] {logging_mixin.py:115} INFO - [2025-02-14 14:16:53,463] {dagbag.py:508} INFO - Filling up the DagBag from /opt/conda/lib/python3.8/site-packages/airflow/example_dags/example_nested_branch_dag.py
[2025-02-14 14:16:53,613] {processor.py:651} INFO - DAG(s) dict_keys(['example_nested_branch_dag']) retrieved from /opt/conda/lib/python3.8/site-packages/airflow/example_dags/example_nested_branch_dag.py
[2025-02-14 14:16:53,624] {logging_mixin.py:115} INFO - [2025-02-14 14:16:53,624] {dag.py:2420} INFO - Sync 1 DAGs
[2025-02-14 14:16:53,637] {logging_mixin.py:115} INFO - [2025-02-14 14:16:53,637] {dag.py:2968} INFO - Setting next_dagrun for example_nested_branch_dag to 2025-02-13T00:00:00+00:00, run_after=2025-02-14T00:00:00+00:00
[2025-02-14 14:16:53,657] {processor.py:161} INFO - Processing /opt/conda/lib/python3.8/site-packages/airflow/example_dags/example_nested_branch_dag.py took 0.200 seconds
[2025-02-14 14:17:40,097] {processor.py:153} INFO - Started process (PID=3070) to work on /opt/conda/lib/python3.8/site-packages/airflow/example_dags/example_nested_branch_dag.py
[2025-02-14 14:17:40,099] {processor.py:641} INFO - Processing file /opt/conda/lib/python3.8/site-packages/airflow/example_dags/example_nested_branch_dag.py for tasks to queue
[2025-02-14 14:17:40,099] {logging_mixin.py:115} INFO - [2025-02-14 14:17:40,099] {dagbag.py:508} INFO - Filling up the DagBag from /opt/conda/lib/python3.8/site-packages/airflow/example_dags/example_nested_branch_dag.py
[2025-02-14 14:17:40,232] {processor.py:651} INFO - DAG(s) dict_keys(['example_nested_branch_dag']) retrieved from /opt/conda/lib/python3.8/site-packages/airflow/example_dags/example_nested_branch_dag.py
[2025-02-14 14:17:40,241] {logging_mixin.py:115} INFO - [2025-02-14 14:17:40,241] {dag.py:2420} INFO - Sync 1 DAGs
[2025-02-14 14:17:40,254] {logging_mixin.py:115} INFO - [2025-02-14 14:17:40,254] {dag.py:2968} INFO - Setting next_dagrun for example_nested_branch_dag to 2025-02-13T00:00:00+00:00, run_after=2025-02-14T00:00:00+00:00
[2025-02-14 14:17:40,282] {processor.py:161} INFO - Processing /opt/conda/lib/python3.8/site-packages/airflow/example_dags/example_nested_branch_dag.py took 0.188 seconds
[2025-02-14 14:20:58,830] {processor.py:153} INFO - Started process (PID=3299) to work on /opt/conda/lib/python3.8/site-packages/airflow/example_dags/example_nested_branch_dag.py
[2025-02-14 14:20:58,831] {processor.py:641} INFO - Processing file /opt/conda/lib/python3.8/site-packages/airflow/example_dags/example_nested_branch_dag.py for tasks to queue
[2025-02-14 14:20:58,832] {logging_mixin.py:115} INFO - [2025-02-14 14:20:58,832] {dagbag.py:508} INFO - Filling up the DagBag from /opt/conda/lib/python3.8/site-packages/airflow/example_dags/example_nested_branch_dag.py
[2025-02-14 14:20:58,983] {processor.py:651} INFO - DAG(s) dict_keys(['example_nested_branch_dag']) retrieved from /opt/conda/lib/python3.8/site-packages/airflow/example_dags/example_nested_branch_dag.py
[2025-02-14 14:20:58,993] {logging_mixin.py:115} INFO - [2025-02-14 14:20:58,993] {dag.py:2420} INFO - Sync 1 DAGs
[2025-02-14 14:20:59,006] {logging_mixin.py:115} INFO - [2025-02-14 14:20:59,006] {dag.py:2968} INFO - Setting next_dagrun for example_nested_branch_dag to 2025-02-13T00:00:00+00:00, run_after=2025-02-14T00:00:00+00:00
[2025-02-14 14:20:59,026] {processor.py:161} INFO - Processing /opt/conda/lib/python3.8/site-packages/airflow/example_dags/example_nested_branch_dag.py took 0.199 seconds
[2025-02-14 14:21:44,880] {processor.py:153} INFO - Started process (PID=3355) to work on /opt/conda/lib/python3.8/site-packages/airflow/example_dags/example_nested_branch_dag.py
[2025-02-14 14:21:44,882] {processor.py:641} INFO - Processing file /opt/conda/lib/python3.8/site-packages/airflow/example_dags/example_nested_branch_dag.py for tasks to queue
[2025-02-14 14:21:44,882] {logging_mixin.py:115} INFO - [2025-02-14 14:21:44,882] {dagbag.py:508} INFO - Filling up the DagBag from /opt/conda/lib/python3.8/site-packages/airflow/example_dags/example_nested_branch_dag.py
[2025-02-14 14:21:45,038] {processor.py:651} INFO - DAG(s) dict_keys(['example_nested_branch_dag']) retrieved from /opt/conda/lib/python3.8/site-packages/airflow/example_dags/example_nested_branch_dag.py
[2025-02-14 14:21:45,048] {logging_mixin.py:115} INFO - [2025-02-14 14:21:45,048] {dag.py:2420} INFO - Sync 1 DAGs
[2025-02-14 14:21:45,061] {logging_mixin.py:115} INFO - [2025-02-14 14:21:45,061] {dag.py:2968} INFO - Setting next_dagrun for example_nested_branch_dag to 2025-02-13T00:00:00+00:00, run_after=2025-02-14T00:00:00+00:00
[2025-02-14 14:21:45,080] {processor.py:161} INFO - Processing /opt/conda/lib/python3.8/site-packages/airflow/example_dags/example_nested_branch_dag.py took 0.203 seconds
[2025-02-14 14:22:31,305] {processor.py:153} INFO - Started process (PID=3418) to work on /opt/conda/lib/python3.8/site-packages/airflow/example_dags/example_nested_branch_dag.py
[2025-02-14 14:22:31,306] {processor.py:641} INFO - Processing file /opt/conda/lib/python3.8/site-packages/airflow/example_dags/example_nested_branch_dag.py for tasks to queue
[2025-02-14 14:22:31,307] {logging_mixin.py:115} INFO - [2025-02-14 14:22:31,307] {dagbag.py:508} INFO - Filling up the DagBag from /opt/conda/lib/python3.8/site-packages/airflow/example_dags/example_nested_branch_dag.py
[2025-02-14 14:22:31,459] {processor.py:651} INFO - DAG(s) dict_keys(['example_nested_branch_dag']) retrieved from /opt/conda/lib/python3.8/site-packages/airflow/example_dags/example_nested_branch_dag.py
[2025-02-14 14:22:31,469] {logging_mixin.py:115} INFO - [2025-02-14 14:22:31,469] {dag.py:2420} INFO - Sync 1 DAGs
[2025-02-14 14:22:31,482] {logging_mixin.py:115} INFO - [2025-02-14 14:22:31,482] {dag.py:2968} INFO - Setting next_dagrun for example_nested_branch_dag to 2025-02-13T00:00:00+00:00, run_after=2025-02-14T00:00:00+00:00
[2025-02-14 14:22:31,501] {processor.py:161} INFO - Processing /opt/conda/lib/python3.8/site-packages/airflow/example_dags/example_nested_branch_dag.py took 0.199 seconds
[2025-02-14 14:23:47,537] {processor.py:153} INFO - Started process (PID=3556) to work on /opt/conda/lib/python3.8/site-packages/airflow/example_dags/example_nested_branch_dag.py
[2025-02-14 14:23:47,538] {processor.py:641} INFO - Processing file /opt/conda/lib/python3.8/site-packages/airflow/example_dags/example_nested_branch_dag.py for tasks to queue
[2025-02-14 14:23:47,539] {logging_mixin.py:115} INFO - [2025-02-14 14:23:47,538] {dagbag.py:508} INFO - Filling up the DagBag from /opt/conda/lib/python3.8/site-packages/airflow/example_dags/example_nested_branch_dag.py
[2025-02-14 14:23:47,684] {processor.py:651} INFO - DAG(s) dict_keys(['example_nested_branch_dag']) retrieved from /opt/conda/lib/python3.8/site-packages/airflow/example_dags/example_nested_branch_dag.py
[2025-02-14 14:23:47,694] {logging_mixin.py:115} INFO - [2025-02-14 14:23:47,694] {dag.py:2420} INFO - Sync 1 DAGs
[2025-02-14 14:23:47,707] {logging_mixin.py:115} INFO - [2025-02-14 14:23:47,707] {dag.py:2968} INFO - Setting next_dagrun for example_nested_branch_dag to 2025-02-13T00:00:00+00:00, run_after=2025-02-14T00:00:00+00:00
[2025-02-14 14:23:47,726] {processor.py:161} INFO - Processing /opt/conda/lib/python3.8/site-packages/airflow/example_dags/example_nested_branch_dag.py took 0.193 seconds
[2025-02-14 14:24:29,821] {processor.py:153} INFO - Started process (PID=3610) to work on /opt/conda/lib/python3.8/site-packages/airflow/example_dags/example_nested_branch_dag.py
[2025-02-14 14:24:29,822] {processor.py:641} INFO - Processing file /opt/conda/lib/python3.8/site-packages/airflow/example_dags/example_nested_branch_dag.py for tasks to queue
[2025-02-14 14:24:29,822] {logging_mixin.py:115} INFO - [2025-02-14 14:24:29,822] {dagbag.py:508} INFO - Filling up the DagBag from /opt/conda/lib/python3.8/site-packages/airflow/example_dags/example_nested_branch_dag.py
[2025-02-14 14:24:29,952] {processor.py:651} INFO - DAG(s) dict_keys(['example_nested_branch_dag']) retrieved from /opt/conda/lib/python3.8/site-packages/airflow/example_dags/example_nested_branch_dag.py
[2025-02-14 14:24:29,961] {logging_mixin.py:115} INFO - [2025-02-14 14:24:29,961] {dag.py:2420} INFO - Sync 1 DAGs
[2025-02-14 14:24:29,974] {logging_mixin.py:115} INFO - [2025-02-14 14:24:29,974] {dag.py:2968} INFO - Setting next_dagrun for example_nested_branch_dag to 2025-02-13T00:00:00+00:00, run_after=2025-02-14T00:00:00+00:00
[2025-02-14 14:24:29,993] {processor.py:161} INFO - Processing /opt/conda/lib/python3.8/site-packages/airflow/example_dags/example_nested_branch_dag.py took 0.175 seconds
[2025-02-14 14:25:15,287] {processor.py:153} INFO - Started process (PID=3664) to work on /opt/conda/lib/python3.8/site-packages/airflow/example_dags/example_nested_branch_dag.py
[2025-02-14 14:25:15,289] {processor.py:641} INFO - Processing file /opt/conda/lib/python3.8/site-packages/airflow/example_dags/example_nested_branch_dag.py for tasks to queue
[2025-02-14 14:25:15,290] {logging_mixin.py:115} INFO - [2025-02-14 14:25:15,289] {dagbag.py:508} INFO - Filling up the DagBag from /opt/conda/lib/python3.8/site-packages/airflow/example_dags/example_nested_branch_dag.py
[2025-02-14 14:25:15,508] {processor.py:651} INFO - DAG(s) dict_keys(['example_nested_branch_dag']) retrieved from /opt/conda/lib/python3.8/site-packages/airflow/example_dags/example_nested_branch_dag.py
[2025-02-14 14:25:15,523] {logging_mixin.py:115} INFO - [2025-02-14 14:25:15,523] {dag.py:2420} INFO - Sync 1 DAGs
[2025-02-14 14:25:15,543] {logging_mixin.py:115} INFO - [2025-02-14 14:25:15,543] {dag.py:2968} INFO - Setting next_dagrun for example_nested_branch_dag to 2025-02-13T00:00:00+00:00, run_after=2025-02-14T00:00:00+00:00
[2025-02-14 14:25:15,565] {processor.py:161} INFO - Processing /opt/conda/lib/python3.8/site-packages/airflow/example_dags/example_nested_branch_dag.py took 0.282 seconds
[2025-02-14 14:25:58,712] {processor.py:153} INFO - Started process (PID=3718) to work on /opt/conda/lib/python3.8/site-packages/airflow/example_dags/example_nested_branch_dag.py
[2025-02-14 14:25:58,714] {processor.py:641} INFO - Processing file /opt/conda/lib/python3.8/site-packages/airflow/example_dags/example_nested_branch_dag.py for tasks to queue
[2025-02-14 14:25:58,715] {logging_mixin.py:115} INFO - [2025-02-14 14:25:58,714] {dagbag.py:508} INFO - Filling up the DagBag from /opt/conda/lib/python3.8/site-packages/airflow/example_dags/example_nested_branch_dag.py
[2025-02-14 14:25:58,852] {processor.py:651} INFO - DAG(s) dict_keys(['example_nested_branch_dag']) retrieved from /opt/conda/lib/python3.8/site-packages/airflow/example_dags/example_nested_branch_dag.py
[2025-02-14 14:25:58,861] {logging_mixin.py:115} INFO - [2025-02-14 14:25:58,861] {dag.py:2420} INFO - Sync 1 DAGs
[2025-02-14 14:25:58,874] {logging_mixin.py:115} INFO - [2025-02-14 14:25:58,874] {dag.py:2968} INFO - Setting next_dagrun for example_nested_branch_dag to 2025-02-13T00:00:00+00:00, run_after=2025-02-14T00:00:00+00:00
[2025-02-14 14:25:58,895] {processor.py:161} INFO - Processing /opt/conda/lib/python3.8/site-packages/airflow/example_dags/example_nested_branch_dag.py took 0.186 seconds
[2025-02-14 14:26:42,284] {processor.py:153} INFO - Started process (PID=3772) to work on /opt/conda/lib/python3.8/site-packages/airflow/example_dags/example_nested_branch_dag.py
[2025-02-14 14:26:42,286] {processor.py:641} INFO - Processing file /opt/conda/lib/python3.8/site-packages/airflow/example_dags/example_nested_branch_dag.py for tasks to queue
[2025-02-14 14:26:42,286] {logging_mixin.py:115} INFO - [2025-02-14 14:26:42,286] {dagbag.py:508} INFO - Filling up the DagBag from /opt/conda/lib/python3.8/site-packages/airflow/example_dags/example_nested_branch_dag.py
[2025-02-14 14:26:42,419] {processor.py:651} INFO - DAG(s) dict_keys(['example_nested_branch_dag']) retrieved from /opt/conda/lib/python3.8/site-packages/airflow/example_dags/example_nested_branch_dag.py
[2025-02-14 14:26:42,429] {logging_mixin.py:115} INFO - [2025-02-14 14:26:42,429] {dag.py:2420} INFO - Sync 1 DAGs
[2025-02-14 14:26:42,443] {logging_mixin.py:115} INFO - [2025-02-14 14:26:42,443] {dag.py:2968} INFO - Setting next_dagrun for example_nested_branch_dag to 2025-02-13T00:00:00+00:00, run_after=2025-02-14T00:00:00+00:00
[2025-02-14 14:26:42,461] {processor.py:161} INFO - Processing /opt/conda/lib/python3.8/site-packages/airflow/example_dags/example_nested_branch_dag.py took 0.180 seconds
[2025-02-14 14:27:25,916] {processor.py:153} INFO - Started process (PID=3825) to work on /opt/conda/lib/python3.8/site-packages/airflow/example_dags/example_nested_branch_dag.py
[2025-02-14 14:27:26,188] {processor.py:641} INFO - Processing file /opt/conda/lib/python3.8/site-packages/airflow/example_dags/example_nested_branch_dag.py for tasks to queue
[2025-02-14 14:27:26,189] {logging_mixin.py:115} INFO - [2025-02-14 14:27:26,189] {dagbag.py:508} INFO - Filling up the DagBag from /opt/conda/lib/python3.8/site-packages/airflow/example_dags/example_nested_branch_dag.py
[2025-02-14 14:27:26,336] {processor.py:651} INFO - DAG(s) dict_keys(['example_nested_branch_dag']) retrieved from /opt/conda/lib/python3.8/site-packages/airflow/example_dags/example_nested_branch_dag.py
[2025-02-14 14:27:26,345] {logging_mixin.py:115} INFO - [2025-02-14 14:27:26,345] {dag.py:2420} INFO - Sync 1 DAGs
[2025-02-14 14:27:26,358] {logging_mixin.py:115} INFO - [2025-02-14 14:27:26,358] {dag.py:2968} INFO - Setting next_dagrun for example_nested_branch_dag to 2025-02-13T00:00:00+00:00, run_after=2025-02-14T00:00:00+00:00
[2025-02-14 14:27:26,375] {processor.py:161} INFO - Processing /opt/conda/lib/python3.8/site-packages/airflow/example_dags/example_nested_branch_dag.py took 0.462 seconds
[2025-02-14 14:28:14,685] {processor.py:153} INFO - Started process (PID=3897) to work on /opt/conda/lib/python3.8/site-packages/airflow/example_dags/example_nested_branch_dag.py
[2025-02-14 14:28:14,687] {processor.py:641} INFO - Processing file /opt/conda/lib/python3.8/site-packages/airflow/example_dags/example_nested_branch_dag.py for tasks to queue
[2025-02-14 14:28:14,687] {logging_mixin.py:115} INFO - [2025-02-14 14:28:14,687] {dagbag.py:508} INFO - Filling up the DagBag from /opt/conda/lib/python3.8/site-packages/airflow/example_dags/example_nested_branch_dag.py
[2025-02-14 14:28:14,817] {processor.py:651} INFO - DAG(s) dict_keys(['example_nested_branch_dag']) retrieved from /opt/conda/lib/python3.8/site-packages/airflow/example_dags/example_nested_branch_dag.py
[2025-02-14 14:28:14,827] {logging_mixin.py:115} INFO - [2025-02-14 14:28:14,827] {dag.py:2420} INFO - Sync 1 DAGs
[2025-02-14 14:28:14,839] {logging_mixin.py:115} INFO - [2025-02-14 14:28:14,839] {dag.py:2968} INFO - Setting next_dagrun for example_nested_branch_dag to 2025-02-13T00:00:00+00:00, run_after=2025-02-14T00:00:00+00:00
[2025-02-14 14:28:14,858] {processor.py:161} INFO - Processing /opt/conda/lib/python3.8/site-packages/airflow/example_dags/example_nested_branch_dag.py took 0.176 seconds
[2025-02-14 14:28:57,433] {processor.py:153} INFO - Started process (PID=3951) to work on /opt/conda/lib/python3.8/site-packages/airflow/example_dags/example_nested_branch_dag.py
[2025-02-14 14:28:57,435] {processor.py:641} INFO - Processing file /opt/conda/lib/python3.8/site-packages/airflow/example_dags/example_nested_branch_dag.py for tasks to queue
[2025-02-14 14:28:57,435] {logging_mixin.py:115} INFO - [2025-02-14 14:28:57,435] {dagbag.py:508} INFO - Filling up the DagBag from /opt/conda/lib/python3.8/site-packages/airflow/example_dags/example_nested_branch_dag.py
[2025-02-14 14:28:57,445] {processor.py:651} INFO - DAG(s) dict_keys(['example_nested_branch_dag']) retrieved from /opt/conda/lib/python3.8/site-packages/airflow/example_dags/example_nested_branch_dag.py
[2025-02-14 14:28:57,460] {logging_mixin.py:115} INFO - [2025-02-14 14:28:57,460] {dag.py:2420} INFO - Sync 1 DAGs
[2025-02-14 14:28:57,475] {logging_mixin.py:115} INFO - [2025-02-14 14:28:57,475] {dag.py:2968} INFO - Setting next_dagrun for example_nested_branch_dag to 2025-02-13T00:00:00+00:00, run_after=2025-02-14T00:00:00+00:00
[2025-02-14 14:28:57,497] {processor.py:161} INFO - Processing /opt/conda/lib/python3.8/site-packages/airflow/example_dags/example_nested_branch_dag.py took 0.067 seconds
[2025-02-14 14:29:38,882] {processor.py:153} INFO - Started process (PID=4007) to work on /opt/conda/lib/python3.8/site-packages/airflow/example_dags/example_nested_branch_dag.py
[2025-02-14 14:29:38,910] {processor.py:641} INFO - Processing file /opt/conda/lib/python3.8/site-packages/airflow/example_dags/example_nested_branch_dag.py for tasks to queue
[2025-02-14 14:29:38,911] {logging_mixin.py:115} INFO - [2025-02-14 14:29:38,911] {dagbag.py:508} INFO - Filling up the DagBag from /opt/conda/lib/python3.8/site-packages/airflow/example_dags/example_nested_branch_dag.py
[2025-02-14 14:29:38,921] {processor.py:651} INFO - DAG(s) dict_keys(['example_nested_branch_dag']) retrieved from /opt/conda/lib/python3.8/site-packages/airflow/example_dags/example_nested_branch_dag.py
[2025-02-14 14:29:38,938] {logging_mixin.py:115} INFO - [2025-02-14 14:29:38,938] {dag.py:2420} INFO - Sync 1 DAGs
[2025-02-14 14:29:38,958] {logging_mixin.py:115} INFO - [2025-02-14 14:29:38,957] {dag.py:2968} INFO - Setting next_dagrun for example_nested_branch_dag to 2025-02-13T00:00:00+00:00, run_after=2025-02-14T00:00:00+00:00
[2025-02-14 14:29:38,981] {processor.py:161} INFO - Processing /opt/conda/lib/python3.8/site-packages/airflow/example_dags/example_nested_branch_dag.py took 0.102 seconds
[2025-02-14 14:30:15,533] {processor.py:153} INFO - Started process (PID=4058) to work on /opt/conda/lib/python3.8/site-packages/airflow/example_dags/example_nested_branch_dag.py
[2025-02-14 14:30:15,535] {processor.py:641} INFO - Processing file /opt/conda/lib/python3.8/site-packages/airflow/example_dags/example_nested_branch_dag.py for tasks to queue
[2025-02-14 14:30:15,535] {logging_mixin.py:115} INFO - [2025-02-14 14:30:15,535] {dagbag.py:508} INFO - Filling up the DagBag from /opt/conda/lib/python3.8/site-packages/airflow/example_dags/example_nested_branch_dag.py
[2025-02-14 14:30:15,545] {processor.py:651} INFO - DAG(s) dict_keys(['example_nested_branch_dag']) retrieved from /opt/conda/lib/python3.8/site-packages/airflow/example_dags/example_nested_branch_dag.py
[2025-02-14 14:30:15,561] {logging_mixin.py:115} INFO - [2025-02-14 14:30:15,561] {dag.py:2420} INFO - Sync 1 DAGs
[2025-02-14 14:30:15,576] {logging_mixin.py:115} INFO - [2025-02-14 14:30:15,576] {dag.py:2968} INFO - Setting next_dagrun for example_nested_branch_dag to 2025-02-13T00:00:00+00:00, run_after=2025-02-14T00:00:00+00:00
[2025-02-14 14:30:15,595] {processor.py:161} INFO - Processing /opt/conda/lib/python3.8/site-packages/airflow/example_dags/example_nested_branch_dag.py took 0.066 seconds
[2025-02-14 14:30:56,785] {processor.py:153} INFO - Started process (PID=4122) to work on /opt/conda/lib/python3.8/site-packages/airflow/example_dags/example_nested_branch_dag.py
[2025-02-14 14:30:56,786] {processor.py:641} INFO - Processing file /opt/conda/lib/python3.8/site-packages/airflow/example_dags/example_nested_branch_dag.py for tasks to queue
[2025-02-14 14:30:56,786] {logging_mixin.py:115} INFO - [2025-02-14 14:30:56,786] {dagbag.py:508} INFO - Filling up the DagBag from /opt/conda/lib/python3.8/site-packages/airflow/example_dags/example_nested_branch_dag.py
[2025-02-14 14:30:56,797] {processor.py:651} INFO - DAG(s) dict_keys(['example_nested_branch_dag']) retrieved from /opt/conda/lib/python3.8/site-packages/airflow/example_dags/example_nested_branch_dag.py
[2025-02-14 14:30:56,813] {logging_mixin.py:115} INFO - [2025-02-14 14:30:56,813] {dag.py:2420} INFO - Sync 1 DAGs
[2025-02-14 14:30:56,833] {logging_mixin.py:115} INFO - [2025-02-14 14:30:56,833] {dag.py:2968} INFO - Setting next_dagrun for example_nested_branch_dag to 2025-02-13T00:00:00+00:00, run_after=2025-02-14T00:00:00+00:00
[2025-02-14 14:30:56,854] {processor.py:161} INFO - Processing /opt/conda/lib/python3.8/site-packages/airflow/example_dags/example_nested_branch_dag.py took 0.073 seconds
[2025-02-14 14:31:34,120] {processor.py:153} INFO - Started process (PID=4174) to work on /opt/conda/lib/python3.8/site-packages/airflow/example_dags/example_nested_branch_dag.py
[2025-02-14 14:31:34,220] {processor.py:641} INFO - Processing file /opt/conda/lib/python3.8/site-packages/airflow/example_dags/example_nested_branch_dag.py for tasks to queue
[2025-02-14 14:31:34,221] {logging_mixin.py:115} INFO - [2025-02-14 14:31:34,221] {dagbag.py:508} INFO - Filling up the DagBag from /opt/conda/lib/python3.8/site-packages/airflow/example_dags/example_nested_branch_dag.py
[2025-02-14 14:31:34,233] {processor.py:651} INFO - DAG(s) dict_keys(['example_nested_branch_dag']) retrieved from /opt/conda/lib/python3.8/site-packages/airflow/example_dags/example_nested_branch_dag.py
[2025-02-14 14:31:34,253] {logging_mixin.py:115} INFO - [2025-02-14 14:31:34,253] {dag.py:2420} INFO - Sync 1 DAGs
[2025-02-14 14:31:34,277] {logging_mixin.py:115} INFO - [2025-02-14 14:31:34,276] {dag.py:2968} INFO - Setting next_dagrun for example_nested_branch_dag to 2025-02-13T00:00:00+00:00, run_after=2025-02-14T00:00:00+00:00
[2025-02-14 14:31:34,303] {processor.py:161} INFO - Processing /opt/conda/lib/python3.8/site-packages/airflow/example_dags/example_nested_branch_dag.py took 0.187 seconds
[2025-02-14 14:33:27,997] {processor.py:153} INFO - Started process (PID=4358) to work on /opt/conda/lib/python3.8/site-packages/airflow/example_dags/example_nested_branch_dag.py
[2025-02-14 14:33:27,998] {processor.py:641} INFO - Processing file /opt/conda/lib/python3.8/site-packages/airflow/example_dags/example_nested_branch_dag.py for tasks to queue
[2025-02-14 14:33:27,999] {logging_mixin.py:115} INFO - [2025-02-14 14:33:27,999] {dagbag.py:508} INFO - Filling up the DagBag from /opt/conda/lib/python3.8/site-packages/airflow/example_dags/example_nested_branch_dag.py
[2025-02-14 14:33:28,009] {processor.py:651} INFO - DAG(s) dict_keys(['example_nested_branch_dag']) retrieved from /opt/conda/lib/python3.8/site-packages/airflow/example_dags/example_nested_branch_dag.py
[2025-02-14 14:33:28,025] {logging_mixin.py:115} INFO - [2025-02-14 14:33:28,025] {dag.py:2420} INFO - Sync 1 DAGs
[2025-02-14 14:33:28,040] {logging_mixin.py:115} INFO - [2025-02-14 14:33:28,040] {dag.py:2968} INFO - Setting next_dagrun for example_nested_branch_dag to 2025-02-13T00:00:00+00:00, run_after=2025-02-14T00:00:00+00:00
[2025-02-14 14:33:28,060] {processor.py:161} INFO - Processing /opt/conda/lib/python3.8/site-packages/airflow/example_dags/example_nested_branch_dag.py took 0.066 seconds
[2025-02-14 14:34:14,793] {processor.py:153} INFO - Started process (PID=4418) to work on /opt/conda/lib/python3.8/site-packages/airflow/example_dags/example_nested_branch_dag.py
[2025-02-14 14:34:14,794] {processor.py:641} INFO - Processing file /opt/conda/lib/python3.8/site-packages/airflow/example_dags/example_nested_branch_dag.py for tasks to queue
[2025-02-14 14:34:14,794] {logging_mixin.py:115} INFO - [2025-02-14 14:34:14,794] {dagbag.py:508} INFO - Filling up the DagBag from /opt/conda/lib/python3.8/site-packages/airflow/example_dags/example_nested_branch_dag.py
[2025-02-14 14:34:14,805] {processor.py:651} INFO - DAG(s) dict_keys(['example_nested_branch_dag']) retrieved from /opt/conda/lib/python3.8/site-packages/airflow/example_dags/example_nested_branch_dag.py
[2025-02-14 14:34:14,821] {logging_mixin.py:115} INFO - [2025-02-14 14:34:14,821] {dag.py:2420} INFO - Sync 1 DAGs
[2025-02-14 14:34:14,837] {logging_mixin.py:115} INFO - [2025-02-14 14:34:14,837] {dag.py:2968} INFO - Setting next_dagrun for example_nested_branch_dag to 2025-02-13T00:00:00+00:00, run_after=2025-02-14T00:00:00+00:00
[2025-02-14 14:34:14,857] {processor.py:161} INFO - Processing /opt/conda/lib/python3.8/site-packages/airflow/example_dags/example_nested_branch_dag.py took 0.067 seconds
[2025-02-14 14:35:00,781] {processor.py:153} INFO - Started process (PID=4492) to work on /opt/conda/lib/python3.8/site-packages/airflow/example_dags/example_nested_branch_dag.py
[2025-02-14 14:35:00,782] {processor.py:641} INFO - Processing file /opt/conda/lib/python3.8/site-packages/airflow/example_dags/example_nested_branch_dag.py for tasks to queue
[2025-02-14 14:35:00,782] {logging_mixin.py:115} INFO - [2025-02-14 14:35:00,782] {dagbag.py:508} INFO - Filling up the DagBag from /opt/conda/lib/python3.8/site-packages/airflow/example_dags/example_nested_branch_dag.py
[2025-02-14 14:35:00,793] {processor.py:651} INFO - DAG(s) dict_keys(['example_nested_branch_dag']) retrieved from /opt/conda/lib/python3.8/site-packages/airflow/example_dags/example_nested_branch_dag.py
[2025-02-14 14:35:00,809] {logging_mixin.py:115} INFO - [2025-02-14 14:35:00,809] {dag.py:2420} INFO - Sync 1 DAGs
[2025-02-14 14:35:00,829] {logging_mixin.py:115} INFO - [2025-02-14 14:35:00,828] {dag.py:2968} INFO - Setting next_dagrun for example_nested_branch_dag to 2025-02-13T00:00:00+00:00, run_after=2025-02-14T00:00:00+00:00
[2025-02-14 14:35:00,852] {processor.py:161} INFO - Processing /opt/conda/lib/python3.8/site-packages/airflow/example_dags/example_nested_branch_dag.py took 0.074 seconds
[2025-02-14 14:35:39,729] {processor.py:153} INFO - Started process (PID=4546) to work on /opt/conda/lib/python3.8/site-packages/airflow/example_dags/example_nested_branch_dag.py
[2025-02-14 14:35:39,730] {processor.py:641} INFO - Processing file /opt/conda/lib/python3.8/site-packages/airflow/example_dags/example_nested_branch_dag.py for tasks to queue
[2025-02-14 14:35:39,731] {logging_mixin.py:115} INFO - [2025-02-14 14:35:39,731] {dagbag.py:508} INFO - Filling up the DagBag from /opt/conda/lib/python3.8/site-packages/airflow/example_dags/example_nested_branch_dag.py
[2025-02-14 14:35:39,741] {processor.py:651} INFO - DAG(s) dict_keys(['example_nested_branch_dag']) retrieved from /opt/conda/lib/python3.8/site-packages/airflow/example_dags/example_nested_branch_dag.py
[2025-02-14 14:35:39,758] {logging_mixin.py:115} INFO - [2025-02-14 14:35:39,757] {dag.py:2420} INFO - Sync 1 DAGs
[2025-02-14 14:35:39,777] {logging_mixin.py:115} INFO - [2025-02-14 14:35:39,777] {dag.py:2968} INFO - Setting next_dagrun for example_nested_branch_dag to 2025-02-13T00:00:00+00:00, run_after=2025-02-14T00:00:00+00:00
[2025-02-14 14:35:39,799] {processor.py:161} INFO - Processing /opt/conda/lib/python3.8/site-packages/airflow/example_dags/example_nested_branch_dag.py took 0.074 seconds
[2025-02-14 14:36:25,106] {processor.py:153} INFO - Started process (PID=4603) to work on /opt/conda/lib/python3.8/site-packages/airflow/example_dags/example_nested_branch_dag.py
[2025-02-14 14:36:25,107] {processor.py:641} INFO - Processing file /opt/conda/lib/python3.8/site-packages/airflow/example_dags/example_nested_branch_dag.py for tasks to queue
[2025-02-14 14:36:25,108] {logging_mixin.py:115} INFO - [2025-02-14 14:36:25,107] {dagbag.py:508} INFO - Filling up the DagBag from /opt/conda/lib/python3.8/site-packages/airflow/example_dags/example_nested_branch_dag.py
[2025-02-14 14:36:25,120] {processor.py:651} INFO - DAG(s) dict_keys(['example_nested_branch_dag']) retrieved from /opt/conda/lib/python3.8/site-packages/airflow/example_dags/example_nested_branch_dag.py
[2025-02-14 14:36:25,140] {logging_mixin.py:115} INFO - [2025-02-14 14:36:25,140] {dag.py:2420} INFO - Sync 1 DAGs
[2025-02-14 14:36:25,163] {logging_mixin.py:115} INFO - [2025-02-14 14:36:25,163] {dag.py:2968} INFO - Setting next_dagrun for example_nested_branch_dag to 2025-02-13T00:00:00+00:00, run_after=2025-02-14T00:00:00+00:00
[2025-02-14 14:36:25,186] {processor.py:161} INFO - Processing /opt/conda/lib/python3.8/site-packages/airflow/example_dags/example_nested_branch_dag.py took 0.084 seconds
[2025-02-14 14:37:11,629] {processor.py:153} INFO - Started process (PID=4663) to work on /opt/conda/lib/python3.8/site-packages/airflow/example_dags/example_nested_branch_dag.py
[2025-02-14 14:37:11,630] {processor.py:641} INFO - Processing file /opt/conda/lib/python3.8/site-packages/airflow/example_dags/example_nested_branch_dag.py for tasks to queue
[2025-02-14 14:37:11,631] {logging_mixin.py:115} INFO - [2025-02-14 14:37:11,631] {dagbag.py:508} INFO - Filling up the DagBag from /opt/conda/lib/python3.8/site-packages/airflow/example_dags/example_nested_branch_dag.py
[2025-02-14 14:37:11,641] {processor.py:651} INFO - DAG(s) dict_keys(['example_nested_branch_dag']) retrieved from /opt/conda/lib/python3.8/site-packages/airflow/example_dags/example_nested_branch_dag.py
[2025-02-14 14:37:11,658] {logging_mixin.py:115} INFO - [2025-02-14 14:37:11,657] {dag.py:2420} INFO - Sync 1 DAGs
[2025-02-14 14:37:11,677] {logging_mixin.py:115} INFO - [2025-02-14 14:37:11,677] {dag.py:2968} INFO - Setting next_dagrun for example_nested_branch_dag to 2025-02-13T00:00:00+00:00, run_after=2025-02-14T00:00:00+00:00
[2025-02-14 14:37:11,700] {processor.py:161} INFO - Processing /opt/conda/lib/python3.8/site-packages/airflow/example_dags/example_nested_branch_dag.py took 0.074 seconds
[2025-02-14 14:42:19,820] {processor.py:153} INFO - Started process (PID=4772) to work on /opt/conda/lib/python3.8/site-packages/airflow/example_dags/example_nested_branch_dag.py
[2025-02-14 14:42:19,822] {processor.py:641} INFO - Processing file /opt/conda/lib/python3.8/site-packages/airflow/example_dags/example_nested_branch_dag.py for tasks to queue
[2025-02-14 14:42:19,822] {logging_mixin.py:115} INFO - [2025-02-14 14:42:19,822] {dagbag.py:508} INFO - Filling up the DagBag from /opt/conda/lib/python3.8/site-packages/airflow/example_dags/example_nested_branch_dag.py
[2025-02-14 14:42:19,961] {processor.py:651} INFO - DAG(s) dict_keys(['example_nested_branch_dag']) retrieved from /opt/conda/lib/python3.8/site-packages/airflow/example_dags/example_nested_branch_dag.py
[2025-02-14 14:42:19,971] {logging_mixin.py:115} INFO - [2025-02-14 14:42:19,971] {dag.py:2420} INFO - Sync 1 DAGs
[2025-02-14 14:42:19,984] {logging_mixin.py:115} INFO - [2025-02-14 14:42:19,984] {dag.py:2968} INFO - Setting next_dagrun for example_nested_branch_dag to 2025-02-13T00:00:00+00:00, run_after=2025-02-14T00:00:00+00:00
[2025-02-14 14:42:20,005] {processor.py:161} INFO - Processing /opt/conda/lib/python3.8/site-packages/airflow/example_dags/example_nested_branch_dag.py took 0.188 seconds
[2025-02-14 17:09:41,119] {processor.py:153} INFO - Started process (PID=6363) to work on /opt/conda/lib/python3.8/site-packages/airflow/example_dags/example_nested_branch_dag.py
[2025-02-14 17:09:41,120] {processor.py:641} INFO - Processing file /opt/conda/lib/python3.8/site-packages/airflow/example_dags/example_nested_branch_dag.py for tasks to queue
[2025-02-14 17:09:41,120] {logging_mixin.py:115} INFO - [2025-02-14 17:09:41,120] {dagbag.py:508} INFO - Filling up the DagBag from /opt/conda/lib/python3.8/site-packages/airflow/example_dags/example_nested_branch_dag.py
[2025-02-14 17:09:41,258] {processor.py:651} INFO - DAG(s) dict_keys(['example_nested_branch_dag']) retrieved from /opt/conda/lib/python3.8/site-packages/airflow/example_dags/example_nested_branch_dag.py
[2025-02-14 17:09:41,268] {logging_mixin.py:115} INFO - [2025-02-14 17:09:41,268] {dag.py:2420} INFO - Sync 1 DAGs
[2025-02-14 17:09:41,281] {logging_mixin.py:115} INFO - [2025-02-14 17:09:41,281] {dag.py:2968} INFO - Setting next_dagrun for example_nested_branch_dag to 2025-02-13T00:00:00+00:00, run_after=2025-02-14T00:00:00+00:00
[2025-02-14 17:09:41,300] {processor.py:161} INFO - Processing /opt/conda/lib/python3.8/site-packages/airflow/example_dags/example_nested_branch_dag.py took 0.185 seconds
[2025-02-14 17:11:04,116] {processor.py:153} INFO - Started process (PID=6509) to work on /opt/conda/lib/python3.8/site-packages/airflow/example_dags/example_nested_branch_dag.py
[2025-02-14 17:11:04,118] {processor.py:641} INFO - Processing file /opt/conda/lib/python3.8/site-packages/airflow/example_dags/example_nested_branch_dag.py for tasks to queue
[2025-02-14 17:11:04,118] {logging_mixin.py:115} INFO - [2025-02-14 17:11:04,118] {dagbag.py:508} INFO - Filling up the DagBag from /opt/conda/lib/python3.8/site-packages/airflow/example_dags/example_nested_branch_dag.py
[2025-02-14 17:11:04,317] {processor.py:651} INFO - DAG(s) dict_keys(['example_nested_branch_dag']) retrieved from /opt/conda/lib/python3.8/site-packages/airflow/example_dags/example_nested_branch_dag.py
[2025-02-14 17:11:04,332] {logging_mixin.py:115} INFO - [2025-02-14 17:11:04,332] {dag.py:2420} INFO - Sync 1 DAGs
[2025-02-14 17:11:04,353] {logging_mixin.py:115} INFO - [2025-02-14 17:11:04,353] {dag.py:2968} INFO - Setting next_dagrun for example_nested_branch_dag to 2025-02-13T00:00:00+00:00, run_after=2025-02-14T00:00:00+00:00
[2025-02-14 17:11:04,376] {processor.py:161} INFO - Processing /opt/conda/lib/python3.8/site-packages/airflow/example_dags/example_nested_branch_dag.py took 0.263 seconds
[2025-02-14 17:11:57,574] {processor.py:153} INFO - Started process (PID=6582) to work on /opt/conda/lib/python3.8/site-packages/airflow/example_dags/example_nested_branch_dag.py
[2025-02-14 17:11:57,576] {processor.py:641} INFO - Processing file /opt/conda/lib/python3.8/site-packages/airflow/example_dags/example_nested_branch_dag.py for tasks to queue
[2025-02-14 17:11:57,576] {logging_mixin.py:115} INFO - [2025-02-14 17:11:57,576] {dagbag.py:508} INFO - Filling up the DagBag from /opt/conda/lib/python3.8/site-packages/airflow/example_dags/example_nested_branch_dag.py
[2025-02-14 17:11:57,717] {processor.py:651} INFO - DAG(s) dict_keys(['example_nested_branch_dag']) retrieved from /opt/conda/lib/python3.8/site-packages/airflow/example_dags/example_nested_branch_dag.py
[2025-02-14 17:11:57,727] {logging_mixin.py:115} INFO - [2025-02-14 17:11:57,727] {dag.py:2420} INFO - Sync 1 DAGs
[2025-02-14 17:11:57,740] {logging_mixin.py:115} INFO - [2025-02-14 17:11:57,740] {dag.py:2968} INFO - Setting next_dagrun for example_nested_branch_dag to 2025-02-13T00:00:00+00:00, run_after=2025-02-14T00:00:00+00:00
[2025-02-14 17:11:57,759] {processor.py:161} INFO - Processing /opt/conda/lib/python3.8/site-packages/airflow/example_dags/example_nested_branch_dag.py took 0.188 seconds
[2025-02-14 17:12:53,017] {processor.py:153} INFO - Started process (PID=6655) to work on /opt/conda/lib/python3.8/site-packages/airflow/example_dags/example_nested_branch_dag.py
[2025-02-14 17:12:53,018] {processor.py:641} INFO - Processing file /opt/conda/lib/python3.8/site-packages/airflow/example_dags/example_nested_branch_dag.py for tasks to queue
[2025-02-14 17:12:53,019] {logging_mixin.py:115} INFO - [2025-02-14 17:12:53,019] {dagbag.py:508} INFO - Filling up the DagBag from /opt/conda/lib/python3.8/site-packages/airflow/example_dags/example_nested_branch_dag.py
[2025-02-14 17:12:53,162] {processor.py:651} INFO - DAG(s) dict_keys(['example_nested_branch_dag']) retrieved from /opt/conda/lib/python3.8/site-packages/airflow/example_dags/example_nested_branch_dag.py
[2025-02-14 17:12:53,171] {logging_mixin.py:115} INFO - [2025-02-14 17:12:53,171] {dag.py:2420} INFO - Sync 1 DAGs
[2025-02-14 17:12:53,184] {logging_mixin.py:115} INFO - [2025-02-14 17:12:53,184] {dag.py:2968} INFO - Setting next_dagrun for example_nested_branch_dag to 2025-02-13T00:00:00+00:00, run_after=2025-02-14T00:00:00+00:00
[2025-02-14 17:12:53,203] {processor.py:161} INFO - Processing /opt/conda/lib/python3.8/site-packages/airflow/example_dags/example_nested_branch_dag.py took 0.190 seconds
[2025-02-14 17:13:44,103] {processor.py:153} INFO - Started process (PID=6725) to work on /opt/conda/lib/python3.8/site-packages/airflow/example_dags/example_nested_branch_dag.py
[2025-02-14 17:13:44,105] {processor.py:641} INFO - Processing file /opt/conda/lib/python3.8/site-packages/airflow/example_dags/example_nested_branch_dag.py for tasks to queue
[2025-02-14 17:13:44,106] {logging_mixin.py:115} INFO - [2025-02-14 17:13:44,105] {dagbag.py:508} INFO - Filling up the DagBag from /opt/conda/lib/python3.8/site-packages/airflow/example_dags/example_nested_branch_dag.py
[2025-02-14 17:13:44,303] {processor.py:651} INFO - DAG(s) dict_keys(['example_nested_branch_dag']) retrieved from /opt/conda/lib/python3.8/site-packages/airflow/example_dags/example_nested_branch_dag.py
[2025-02-14 17:13:44,318] {logging_mixin.py:115} INFO - [2025-02-14 17:13:44,317] {dag.py:2420} INFO - Sync 1 DAGs
[2025-02-14 17:13:44,338] {logging_mixin.py:115} INFO - [2025-02-14 17:13:44,337] {dag.py:2968} INFO - Setting next_dagrun for example_nested_branch_dag to 2025-02-13T00:00:00+00:00, run_after=2025-02-14T00:00:00+00:00
[2025-02-14 17:13:44,360] {processor.py:161} INFO - Processing /opt/conda/lib/python3.8/site-packages/airflow/example_dags/example_nested_branch_dag.py took 0.260 seconds
[2025-02-14 17:14:31,352] {processor.py:153} INFO - Started process (PID=6795) to work on /opt/conda/lib/python3.8/site-packages/airflow/example_dags/example_nested_branch_dag.py
[2025-02-14 17:14:31,354] {processor.py:641} INFO - Processing file /opt/conda/lib/python3.8/site-packages/airflow/example_dags/example_nested_branch_dag.py for tasks to queue
[2025-02-14 17:14:31,354] {logging_mixin.py:115} INFO - [2025-02-14 17:14:31,354] {dagbag.py:508} INFO - Filling up the DagBag from /opt/conda/lib/python3.8/site-packages/airflow/example_dags/example_nested_branch_dag.py
[2025-02-14 17:14:31,366] {processor.py:651} INFO - DAG(s) dict_keys(['example_nested_branch_dag']) retrieved from /opt/conda/lib/python3.8/site-packages/airflow/example_dags/example_nested_branch_dag.py
[2025-02-14 17:14:31,386] {logging_mixin.py:115} INFO - [2025-02-14 17:14:31,385] {dag.py:2420} INFO - Sync 1 DAGs
[2025-02-14 17:14:31,409] {logging_mixin.py:115} INFO - [2025-02-14 17:14:31,409] {dag.py:2968} INFO - Setting next_dagrun for example_nested_branch_dag to 2025-02-13T00:00:00+00:00, run_after=2025-02-14T00:00:00+00:00
[2025-02-14 17:14:31,434] {processor.py:161} INFO - Processing /opt/conda/lib/python3.8/site-packages/airflow/example_dags/example_nested_branch_dag.py took 0.085 seconds
[2025-02-14 17:15:22,438] {processor.py:153} INFO - Started process (PID=6877) to work on /opt/conda/lib/python3.8/site-packages/airflow/example_dags/example_nested_branch_dag.py
[2025-02-14 17:15:22,440] {processor.py:641} INFO - Processing file /opt/conda/lib/python3.8/site-packages/airflow/example_dags/example_nested_branch_dag.py for tasks to queue
[2025-02-14 17:15:22,440] {logging_mixin.py:115} INFO - [2025-02-14 17:15:22,440] {dagbag.py:508} INFO - Filling up the DagBag from /opt/conda/lib/python3.8/site-packages/airflow/example_dags/example_nested_branch_dag.py
[2025-02-14 17:15:22,452] {processor.py:651} INFO - DAG(s) dict_keys(['example_nested_branch_dag']) retrieved from /opt/conda/lib/python3.8/site-packages/airflow/example_dags/example_nested_branch_dag.py
[2025-02-14 17:15:22,472] {logging_mixin.py:115} INFO - [2025-02-14 17:15:22,471] {dag.py:2420} INFO - Sync 1 DAGs
[2025-02-14 17:15:22,494] {logging_mixin.py:115} INFO - [2025-02-14 17:15:22,494] {dag.py:2968} INFO - Setting next_dagrun for example_nested_branch_dag to 2025-02-13T00:00:00+00:00, run_after=2025-02-14T00:00:00+00:00
[2025-02-14 17:15:22,519] {processor.py:161} INFO - Processing /opt/conda/lib/python3.8/site-packages/airflow/example_dags/example_nested_branch_dag.py took 0.084 seconds
[2025-02-14 17:16:07,075] {processor.py:153} INFO - Started process (PID=7116) to work on /opt/conda/lib/python3.8/site-packages/airflow/example_dags/example_nested_branch_dag.py
[2025-02-14 17:16:07,077] {processor.py:641} INFO - Processing file /opt/conda/lib/python3.8/site-packages/airflow/example_dags/example_nested_branch_dag.py for tasks to queue
[2025-02-14 17:16:07,077] {logging_mixin.py:115} INFO - [2025-02-14 17:16:07,077] {dagbag.py:508} INFO - Filling up the DagBag from /opt/conda/lib/python3.8/site-packages/airflow/example_dags/example_nested_branch_dag.py
[2025-02-14 17:16:07,089] {processor.py:651} INFO - DAG(s) dict_keys(['example_nested_branch_dag']) retrieved from /opt/conda/lib/python3.8/site-packages/airflow/example_dags/example_nested_branch_dag.py
[2025-02-14 17:16:07,108] {logging_mixin.py:115} INFO - [2025-02-14 17:16:07,108] {dag.py:2420} INFO - Sync 1 DAGs
[2025-02-14 17:16:07,131] {logging_mixin.py:115} INFO - [2025-02-14 17:16:07,131] {dag.py:2968} INFO - Setting next_dagrun for example_nested_branch_dag to 2025-02-13T00:00:00+00:00, run_after=2025-02-14T00:00:00+00:00
[2025-02-14 17:16:07,155] {processor.py:161} INFO - Processing /opt/conda/lib/python3.8/site-packages/airflow/example_dags/example_nested_branch_dag.py took 0.084 seconds
[2025-02-14 18:18:12,711] {processor.py:153} INFO - Started process (PID=7904) to work on /opt/conda/lib/python3.8/site-packages/airflow/example_dags/example_nested_branch_dag.py
[2025-02-14 18:18:12,713] {processor.py:641} INFO - Processing file /opt/conda/lib/python3.8/site-packages/airflow/example_dags/example_nested_branch_dag.py for tasks to queue
[2025-02-14 18:18:12,714] {logging_mixin.py:115} INFO - [2025-02-14 18:18:12,713] {dagbag.py:508} INFO - Filling up the DagBag from /opt/conda/lib/python3.8/site-packages/airflow/example_dags/example_nested_branch_dag.py
[2025-02-14 18:18:12,903] {processor.py:651} INFO - DAG(s) dict_keys(['example_nested_branch_dag']) retrieved from /opt/conda/lib/python3.8/site-packages/airflow/example_dags/example_nested_branch_dag.py
[2025-02-14 18:18:12,918] {logging_mixin.py:115} INFO - [2025-02-14 18:18:12,918] {dag.py:2420} INFO - Sync 1 DAGs
[2025-02-14 18:18:12,938] {logging_mixin.py:115} INFO - [2025-02-14 18:18:12,938] {dag.py:2968} INFO - Setting next_dagrun for example_nested_branch_dag to 2025-02-13T00:00:00+00:00, run_after=2025-02-14T00:00:00+00:00
[2025-02-14 18:18:12,962] {processor.py:161} INFO - Processing /opt/conda/lib/python3.8/site-packages/airflow/example_dags/example_nested_branch_dag.py took 0.254 seconds
[2025-02-14 18:19:29,266] {processor.py:153} INFO - Started process (PID=8044) to work on /opt/conda/lib/python3.8/site-packages/airflow/example_dags/example_nested_branch_dag.py
[2025-02-14 18:19:29,268] {processor.py:641} INFO - Processing file /opt/conda/lib/python3.8/site-packages/airflow/example_dags/example_nested_branch_dag.py for tasks to queue
[2025-02-14 18:19:29,269] {logging_mixin.py:115} INFO - [2025-02-14 18:19:29,269] {dagbag.py:508} INFO - Filling up the DagBag from /opt/conda/lib/python3.8/site-packages/airflow/example_dags/example_nested_branch_dag.py
[2025-02-14 18:19:29,459] {processor.py:651} INFO - DAG(s) dict_keys(['example_nested_branch_dag']) retrieved from /opt/conda/lib/python3.8/site-packages/airflow/example_dags/example_nested_branch_dag.py
[2025-02-14 18:19:29,474] {logging_mixin.py:115} INFO - [2025-02-14 18:19:29,474] {dag.py:2420} INFO - Sync 1 DAGs
[2025-02-14 18:19:29,495] {logging_mixin.py:115} INFO - [2025-02-14 18:19:29,494] {dag.py:2968} INFO - Setting next_dagrun for example_nested_branch_dag to 2025-02-13T00:00:00+00:00, run_after=2025-02-14T00:00:00+00:00
[2025-02-14 18:19:29,563] {processor.py:161} INFO - Processing /opt/conda/lib/python3.8/site-packages/airflow/example_dags/example_nested_branch_dag.py took 0.300 seconds
[2025-02-14 18:20:42,380] {processor.py:153} INFO - Started process (PID=8166) to work on /opt/conda/lib/python3.8/site-packages/airflow/example_dags/example_nested_branch_dag.py
[2025-02-14 18:20:42,382] {processor.py:641} INFO - Processing file /opt/conda/lib/python3.8/site-packages/airflow/example_dags/example_nested_branch_dag.py for tasks to queue
[2025-02-14 18:20:42,383] {logging_mixin.py:115} INFO - [2025-02-14 18:20:42,383] {dagbag.py:508} INFO - Filling up the DagBag from /opt/conda/lib/python3.8/site-packages/airflow/example_dags/example_nested_branch_dag.py
[2025-02-14 18:20:42,573] {processor.py:651} INFO - DAG(s) dict_keys(['example_nested_branch_dag']) retrieved from /opt/conda/lib/python3.8/site-packages/airflow/example_dags/example_nested_branch_dag.py
[2025-02-14 18:20:42,588] {logging_mixin.py:115} INFO - [2025-02-14 18:20:42,588] {dag.py:2420} INFO - Sync 1 DAGs
[2025-02-14 18:20:42,610] {logging_mixin.py:115} INFO - [2025-02-14 18:20:42,609] {dag.py:2968} INFO - Setting next_dagrun for example_nested_branch_dag to 2025-02-13T00:00:00+00:00, run_after=2025-02-14T00:00:00+00:00
[2025-02-14 18:20:42,673] {processor.py:161} INFO - Processing /opt/conda/lib/python3.8/site-packages/airflow/example_dags/example_nested_branch_dag.py took 0.297 seconds
[2025-02-14 18:21:56,696] {processor.py:153} INFO - Started process (PID=8301) to work on /opt/conda/lib/python3.8/site-packages/airflow/example_dags/example_nested_branch_dag.py
[2025-02-14 18:21:56,697] {processor.py:641} INFO - Processing file /opt/conda/lib/python3.8/site-packages/airflow/example_dags/example_nested_branch_dag.py for tasks to queue
[2025-02-14 18:21:56,698] {logging_mixin.py:115} INFO - [2025-02-14 18:21:56,698] {dagbag.py:508} INFO - Filling up the DagBag from /opt/conda/lib/python3.8/site-packages/airflow/example_dags/example_nested_branch_dag.py
[2025-02-14 18:21:56,710] {processor.py:651} INFO - DAG(s) dict_keys(['example_nested_branch_dag']) retrieved from /opt/conda/lib/python3.8/site-packages/airflow/example_dags/example_nested_branch_dag.py
[2025-02-14 18:21:56,730] {logging_mixin.py:115} INFO - [2025-02-14 18:21:56,730] {dag.py:2420} INFO - Sync 1 DAGs
[2025-02-14 18:21:56,753] {logging_mixin.py:115} INFO - [2025-02-14 18:21:56,753] {dag.py:2968} INFO - Setting next_dagrun for example_nested_branch_dag to 2025-02-13T00:00:00+00:00, run_after=2025-02-14T00:00:00+00:00
[2025-02-14 18:21:56,778] {processor.py:161} INFO - Processing /opt/conda/lib/python3.8/site-packages/airflow/example_dags/example_nested_branch_dag.py took 0.086 seconds
[2025-02-14 18:22:57,881] {processor.py:153} INFO - Started process (PID=8418) to work on /opt/conda/lib/python3.8/site-packages/airflow/example_dags/example_nested_branch_dag.py
[2025-02-14 18:22:57,882] {processor.py:641} INFO - Processing file /opt/conda/lib/python3.8/site-packages/airflow/example_dags/example_nested_branch_dag.py for tasks to queue
[2025-02-14 18:22:57,883] {logging_mixin.py:115} INFO - [2025-02-14 18:22:57,883] {dagbag.py:508} INFO - Filling up the DagBag from /opt/conda/lib/python3.8/site-packages/airflow/example_dags/example_nested_branch_dag.py
[2025-02-14 18:22:57,895] {processor.py:651} INFO - DAG(s) dict_keys(['example_nested_branch_dag']) retrieved from /opt/conda/lib/python3.8/site-packages/airflow/example_dags/example_nested_branch_dag.py
[2025-02-14 18:22:57,915] {logging_mixin.py:115} INFO - [2025-02-14 18:22:57,915] {dag.py:2420} INFO - Sync 1 DAGs
[2025-02-14 18:22:57,938] {logging_mixin.py:115} INFO - [2025-02-14 18:22:57,938] {dag.py:2968} INFO - Setting next_dagrun for example_nested_branch_dag to 2025-02-13T00:00:00+00:00, run_after=2025-02-14T00:00:00+00:00
[2025-02-14 18:22:57,963] {processor.py:161} INFO - Processing /opt/conda/lib/python3.8/site-packages/airflow/example_dags/example_nested_branch_dag.py took 0.085 seconds
[2025-02-14 18:24:01,905] {processor.py:153} INFO - Started process (PID=8548) to work on /opt/conda/lib/python3.8/site-packages/airflow/example_dags/example_nested_branch_dag.py
[2025-02-14 18:24:01,906] {processor.py:641} INFO - Processing file /opt/conda/lib/python3.8/site-packages/airflow/example_dags/example_nested_branch_dag.py for tasks to queue
[2025-02-14 18:24:01,907] {logging_mixin.py:115} INFO - [2025-02-14 18:24:01,907] {dagbag.py:508} INFO - Filling up the DagBag from /opt/conda/lib/python3.8/site-packages/airflow/example_dags/example_nested_branch_dag.py
[2025-02-14 18:24:01,918] {processor.py:651} INFO - DAG(s) dict_keys(['example_nested_branch_dag']) retrieved from /opt/conda/lib/python3.8/site-packages/airflow/example_dags/example_nested_branch_dag.py
[2025-02-14 18:24:01,934] {logging_mixin.py:115} INFO - [2025-02-14 18:24:01,934] {dag.py:2420} INFO - Sync 1 DAGs
[2025-02-14 18:24:01,954] {logging_mixin.py:115} INFO - [2025-02-14 18:24:01,954] {dag.py:2968} INFO - Setting next_dagrun for example_nested_branch_dag to 2025-02-13T00:00:00+00:00, run_after=2025-02-14T00:00:00+00:00
[2025-02-14 18:24:01,977] {processor.py:161} INFO - Processing /opt/conda/lib/python3.8/site-packages/airflow/example_dags/example_nested_branch_dag.py took 0.075 seconds
[2025-02-14 18:30:47,172] {processor.py:153} INFO - Started process (PID=8903) to work on /opt/conda/lib/python3.8/site-packages/airflow/example_dags/example_nested_branch_dag.py
[2025-02-14 18:30:47,174] {processor.py:641} INFO - Processing file /opt/conda/lib/python3.8/site-packages/airflow/example_dags/example_nested_branch_dag.py for tasks to queue
[2025-02-14 18:30:47,174] {logging_mixin.py:115} INFO - [2025-02-14 18:30:47,174] {dagbag.py:508} INFO - Filling up the DagBag from /opt/conda/lib/python3.8/site-packages/airflow/example_dags/example_nested_branch_dag.py
[2025-02-14 18:30:47,316] {processor.py:651} INFO - DAG(s) dict_keys(['example_nested_branch_dag']) retrieved from /opt/conda/lib/python3.8/site-packages/airflow/example_dags/example_nested_branch_dag.py
[2025-02-14 18:30:47,329] {logging_mixin.py:115} INFO - [2025-02-14 18:30:47,328] {dag.py:2420} INFO - Sync 1 DAGs
[2025-02-14 18:30:47,345] {logging_mixin.py:115} INFO - [2025-02-14 18:30:47,345] {dag.py:2968} INFO - Setting next_dagrun for example_nested_branch_dag to 2025-02-13T00:00:00+00:00, run_after=2025-02-14T00:00:00+00:00
[2025-02-14 18:30:47,759] {processor.py:161} INFO - Processing /opt/conda/lib/python3.8/site-packages/airflow/example_dags/example_nested_branch_dag.py took 0.590 seconds
[2025-02-14 18:32:42,618] {processor.py:153} INFO - Started process (PID=9230) to work on /opt/conda/lib/python3.8/site-packages/airflow/example_dags/example_nested_branch_dag.py
[2025-02-14 18:32:42,620] {processor.py:641} INFO - Processing file /opt/conda/lib/python3.8/site-packages/airflow/example_dags/example_nested_branch_dag.py for tasks to queue
[2025-02-14 18:32:42,620] {logging_mixin.py:115} INFO - [2025-02-14 18:32:42,620] {dagbag.py:508} INFO - Filling up the DagBag from /opt/conda/lib/python3.8/site-packages/airflow/example_dags/example_nested_branch_dag.py
[2025-02-14 18:32:42,739] {processor.py:651} INFO - DAG(s) dict_keys(['example_nested_branch_dag']) retrieved from /opt/conda/lib/python3.8/site-packages/airflow/example_dags/example_nested_branch_dag.py
[2025-02-14 18:32:42,748] {logging_mixin.py:115} INFO - [2025-02-14 18:32:42,748] {dag.py:2420} INFO - Sync 1 DAGs
[2025-02-14 18:32:42,760] {logging_mixin.py:115} INFO - [2025-02-14 18:32:42,760] {dag.py:2968} INFO - Setting next_dagrun for example_nested_branch_dag to 2025-02-13T00:00:00+00:00, run_after=2025-02-14T00:00:00+00:00
[2025-02-14 18:32:42,797] {processor.py:161} INFO - Processing /opt/conda/lib/python3.8/site-packages/airflow/example_dags/example_nested_branch_dag.py took 0.181 seconds
[2025-02-14 18:34:12,952] {processor.py:153} INFO - Started process (PID=9468) to work on /opt/conda/lib/python3.8/site-packages/airflow/example_dags/example_nested_branch_dag.py
[2025-02-14 18:34:12,954] {processor.py:641} INFO - Processing file /opt/conda/lib/python3.8/site-packages/airflow/example_dags/example_nested_branch_dag.py for tasks to queue
[2025-02-14 18:34:12,955] {logging_mixin.py:115} INFO - [2025-02-14 18:34:12,954] {dagbag.py:508} INFO - Filling up the DagBag from /opt/conda/lib/python3.8/site-packages/airflow/example_dags/example_nested_branch_dag.py
[2025-02-14 18:34:13,074] {processor.py:651} INFO - DAG(s) dict_keys(['example_nested_branch_dag']) retrieved from /opt/conda/lib/python3.8/site-packages/airflow/example_dags/example_nested_branch_dag.py
[2025-02-14 18:34:13,084] {logging_mixin.py:115} INFO - [2025-02-14 18:34:13,084] {dag.py:2420} INFO - Sync 1 DAGs
[2025-02-14 18:34:13,096] {logging_mixin.py:115} INFO - [2025-02-14 18:34:13,096] {dag.py:2968} INFO - Setting next_dagrun for example_nested_branch_dag to 2025-02-13T00:00:00+00:00, run_after=2025-02-14T00:00:00+00:00
[2025-02-14 18:34:13,120] {processor.py:161} INFO - Processing /opt/conda/lib/python3.8/site-packages/airflow/example_dags/example_nested_branch_dag.py took 0.170 seconds
[2025-02-14 18:35:12,860] {processor.py:153} INFO - Started process (PID=9599) to work on /opt/conda/lib/python3.8/site-packages/airflow/example_dags/example_nested_branch_dag.py
[2025-02-14 18:35:12,862] {processor.py:641} INFO - Processing file /opt/conda/lib/python3.8/site-packages/airflow/example_dags/example_nested_branch_dag.py for tasks to queue
[2025-02-14 18:35:12,862] {logging_mixin.py:115} INFO - [2025-02-14 18:35:12,862] {dagbag.py:508} INFO - Filling up the DagBag from /opt/conda/lib/python3.8/site-packages/airflow/example_dags/example_nested_branch_dag.py
[2025-02-14 18:35:12,873] {processor.py:651} INFO - DAG(s) dict_keys(['example_nested_branch_dag']) retrieved from /opt/conda/lib/python3.8/site-packages/airflow/example_dags/example_nested_branch_dag.py
[2025-02-14 18:35:12,887] {logging_mixin.py:115} INFO - [2025-02-14 18:35:12,887] {dag.py:2420} INFO - Sync 1 DAGs
[2025-02-14 18:35:12,903] {logging_mixin.py:115} INFO - [2025-02-14 18:35:12,903] {dag.py:2968} INFO - Setting next_dagrun for example_nested_branch_dag to 2025-02-13T00:00:00+00:00, run_after=2025-02-14T00:00:00+00:00
[2025-02-14 18:35:12,938] {processor.py:161} INFO - Processing /opt/conda/lib/python3.8/site-packages/airflow/example_dags/example_nested_branch_dag.py took 0.081 seconds
[2025-02-14 18:36:11,092] {processor.py:153} INFO - Started process (PID=9878) to work on /opt/conda/lib/python3.8/site-packages/airflow/example_dags/example_nested_branch_dag.py
[2025-02-14 18:36:11,094] {processor.py:641} INFO - Processing file /opt/conda/lib/python3.8/site-packages/airflow/example_dags/example_nested_branch_dag.py for tasks to queue
[2025-02-14 18:36:11,095] {logging_mixin.py:115} INFO - [2025-02-14 18:36:11,095] {dagbag.py:508} INFO - Filling up the DagBag from /opt/conda/lib/python3.8/site-packages/airflow/example_dags/example_nested_branch_dag.py
[2025-02-14 18:36:11,105] {processor.py:651} INFO - DAG(s) dict_keys(['example_nested_branch_dag']) retrieved from /opt/conda/lib/python3.8/site-packages/airflow/example_dags/example_nested_branch_dag.py
[2025-02-14 18:36:11,121] {logging_mixin.py:115} INFO - [2025-02-14 18:36:11,121] {dag.py:2420} INFO - Sync 1 DAGs
[2025-02-14 18:36:11,140] {logging_mixin.py:115} INFO - [2025-02-14 18:36:11,140] {dag.py:2968} INFO - Setting next_dagrun for example_nested_branch_dag to 2025-02-13T00:00:00+00:00, run_after=2025-02-14T00:00:00+00:00
[2025-02-14 18:36:11,165] {processor.py:161} INFO - Processing /opt/conda/lib/python3.8/site-packages/airflow/example_dags/example_nested_branch_dag.py took 0.076 seconds
[2025-02-14 18:40:22,856] {processor.py:153} INFO - Started process (PID=990) to work on /opt/conda/lib/python3.8/site-packages/airflow/example_dags/example_nested_branch_dag.py
[2025-02-14 18:40:22,858] {processor.py:641} INFO - Processing file /opt/conda/lib/python3.8/site-packages/airflow/example_dags/example_nested_branch_dag.py for tasks to queue
[2025-02-14 18:40:22,858] {logging_mixin.py:115} INFO - [2025-02-14 18:40:22,858] {dagbag.py:508} INFO - Filling up the DagBag from /opt/conda/lib/python3.8/site-packages/airflow/example_dags/example_nested_branch_dag.py
[2025-02-14 18:40:22,986] {processor.py:651} INFO - DAG(s) dict_keys(['example_nested_branch_dag']) retrieved from /opt/conda/lib/python3.8/site-packages/airflow/example_dags/example_nested_branch_dag.py
[2025-02-14 18:40:22,995] {logging_mixin.py:115} INFO - [2025-02-14 18:40:22,995] {dag.py:2420} INFO - Sync 1 DAGs
[2025-02-14 18:40:23,008] {logging_mixin.py:115} INFO - [2025-02-14 18:40:23,007] {dag.py:2968} INFO - Setting next_dagrun for example_nested_branch_dag to 2025-02-13T00:00:00+00:00, run_after=2025-02-14T00:00:00+00:00
[2025-02-14 18:40:23,029] {processor.py:161} INFO - Processing /opt/conda/lib/python3.8/site-packages/airflow/example_dags/example_nested_branch_dag.py took 0.176 seconds
[2025-02-14 18:41:24,537] {processor.py:153} INFO - Started process (PID=1102) to work on /opt/conda/lib/python3.8/site-packages/airflow/example_dags/example_nested_branch_dag.py
[2025-02-14 18:41:24,539] {processor.py:641} INFO - Processing file /opt/conda/lib/python3.8/site-packages/airflow/example_dags/example_nested_branch_dag.py for tasks to queue
[2025-02-14 18:41:24,539] {logging_mixin.py:115} INFO - [2025-02-14 18:41:24,539] {dagbag.py:508} INFO - Filling up the DagBag from /opt/conda/lib/python3.8/site-packages/airflow/example_dags/example_nested_branch_dag.py
[2025-02-14 18:41:24,668] {processor.py:651} INFO - DAG(s) dict_keys(['example_nested_branch_dag']) retrieved from /opt/conda/lib/python3.8/site-packages/airflow/example_dags/example_nested_branch_dag.py
[2025-02-14 18:41:24,677] {logging_mixin.py:115} INFO - [2025-02-14 18:41:24,677] {dag.py:2420} INFO - Sync 1 DAGs
[2025-02-14 18:41:24,690] {logging_mixin.py:115} INFO - [2025-02-14 18:41:24,690] {dag.py:2968} INFO - Setting next_dagrun for example_nested_branch_dag to 2025-02-13T00:00:00+00:00, run_after=2025-02-14T00:00:00+00:00
[2025-02-14 18:41:24,708] {processor.py:161} INFO - Processing /opt/conda/lib/python3.8/site-packages/airflow/example_dags/example_nested_branch_dag.py took 0.174 seconds
[2025-02-14 18:42:28,014] {processor.py:153} INFO - Started process (PID=1214) to work on /opt/conda/lib/python3.8/site-packages/airflow/example_dags/example_nested_branch_dag.py
[2025-02-14 18:42:28,016] {processor.py:641} INFO - Processing file /opt/conda/lib/python3.8/site-packages/airflow/example_dags/example_nested_branch_dag.py for tasks to queue
[2025-02-14 18:42:28,016] {logging_mixin.py:115} INFO - [2025-02-14 18:42:28,016] {dagbag.py:508} INFO - Filling up the DagBag from /opt/conda/lib/python3.8/site-packages/airflow/example_dags/example_nested_branch_dag.py
[2025-02-14 18:42:28,148] {processor.py:651} INFO - DAG(s) dict_keys(['example_nested_branch_dag']) retrieved from /opt/conda/lib/python3.8/site-packages/airflow/example_dags/example_nested_branch_dag.py
[2025-02-14 18:42:28,157] {logging_mixin.py:115} INFO - [2025-02-14 18:42:28,157] {dag.py:2420} INFO - Sync 1 DAGs
[2025-02-14 18:42:28,170] {logging_mixin.py:115} INFO - [2025-02-14 18:42:28,170] {dag.py:2968} INFO - Setting next_dagrun for example_nested_branch_dag to 2025-02-13T00:00:00+00:00, run_after=2025-02-14T00:00:00+00:00
[2025-02-14 18:42:28,199] {processor.py:161} INFO - Processing /opt/conda/lib/python3.8/site-packages/airflow/example_dags/example_nested_branch_dag.py took 0.189 seconds
[2025-02-14 18:43:40,061] {processor.py:153} INFO - Started process (PID=1348) to work on /opt/conda/lib/python3.8/site-packages/airflow/example_dags/example_nested_branch_dag.py
[2025-02-14 18:43:40,063] {processor.py:641} INFO - Processing file /opt/conda/lib/python3.8/site-packages/airflow/example_dags/example_nested_branch_dag.py for tasks to queue
[2025-02-14 18:43:40,063] {logging_mixin.py:115} INFO - [2025-02-14 18:43:40,063] {dagbag.py:508} INFO - Filling up the DagBag from /opt/conda/lib/python3.8/site-packages/airflow/example_dags/example_nested_branch_dag.py
[2025-02-14 18:43:40,195] {processor.py:651} INFO - DAG(s) dict_keys(['example_nested_branch_dag']) retrieved from /opt/conda/lib/python3.8/site-packages/airflow/example_dags/example_nested_branch_dag.py
[2025-02-14 18:43:40,205] {logging_mixin.py:115} INFO - [2025-02-14 18:43:40,205] {dag.py:2420} INFO - Sync 1 DAGs
[2025-02-14 18:43:40,217] {logging_mixin.py:115} INFO - [2025-02-14 18:43:40,217] {dag.py:2968} INFO - Setting next_dagrun for example_nested_branch_dag to 2025-02-13T00:00:00+00:00, run_after=2025-02-14T00:00:00+00:00
[2025-02-14 18:43:40,364] {processor.py:161} INFO - Processing /opt/conda/lib/python3.8/site-packages/airflow/example_dags/example_nested_branch_dag.py took 0.306 seconds
[2025-02-14 18:44:38,673] {processor.py:153} INFO - Started process (PID=1459) to work on /opt/conda/lib/python3.8/site-packages/airflow/example_dags/example_nested_branch_dag.py
[2025-02-14 18:44:38,674] {processor.py:641} INFO - Processing file /opt/conda/lib/python3.8/site-packages/airflow/example_dags/example_nested_branch_dag.py for tasks to queue
[2025-02-14 18:44:38,675] {logging_mixin.py:115} INFO - [2025-02-14 18:44:38,675] {dagbag.py:508} INFO - Filling up the DagBag from /opt/conda/lib/python3.8/site-packages/airflow/example_dags/example_nested_branch_dag.py
[2025-02-14 18:44:38,686] {processor.py:651} INFO - DAG(s) dict_keys(['example_nested_branch_dag']) retrieved from /opt/conda/lib/python3.8/site-packages/airflow/example_dags/example_nested_branch_dag.py
[2025-02-14 18:44:38,702] {logging_mixin.py:115} INFO - [2025-02-14 18:44:38,702] {dag.py:2420} INFO - Sync 1 DAGs
[2025-02-14 18:44:38,722] {logging_mixin.py:115} INFO - [2025-02-14 18:44:38,722] {dag.py:2968} INFO - Setting next_dagrun for example_nested_branch_dag to 2025-02-13T00:00:00+00:00, run_after=2025-02-14T00:00:00+00:00
[2025-02-14 18:44:38,801] {processor.py:161} INFO - Processing /opt/conda/lib/python3.8/site-packages/airflow/example_dags/example_nested_branch_dag.py took 0.131 seconds
[2025-02-14 18:45:34,468] {processor.py:153} INFO - Started process (PID=1570) to work on /opt/conda/lib/python3.8/site-packages/airflow/example_dags/example_nested_branch_dag.py
[2025-02-14 18:45:34,470] {processor.py:641} INFO - Processing file /opt/conda/lib/python3.8/site-packages/airflow/example_dags/example_nested_branch_dag.py for tasks to queue
[2025-02-14 18:45:34,470] {logging_mixin.py:115} INFO - [2025-02-14 18:45:34,470] {dagbag.py:508} INFO - Filling up the DagBag from /opt/conda/lib/python3.8/site-packages/airflow/example_dags/example_nested_branch_dag.py
[2025-02-14 18:45:34,480] {processor.py:651} INFO - DAG(s) dict_keys(['example_nested_branch_dag']) retrieved from /opt/conda/lib/python3.8/site-packages/airflow/example_dags/example_nested_branch_dag.py
[2025-02-14 18:45:34,495] {logging_mixin.py:115} INFO - [2025-02-14 18:45:34,495] {dag.py:2420} INFO - Sync 1 DAGs
[2025-02-14 18:45:34,510] {logging_mixin.py:115} INFO - [2025-02-14 18:45:34,510] {dag.py:2968} INFO - Setting next_dagrun for example_nested_branch_dag to 2025-02-13T00:00:00+00:00, run_after=2025-02-14T00:00:00+00:00
[2025-02-14 18:45:34,531] {processor.py:161} INFO - Processing /opt/conda/lib/python3.8/site-packages/airflow/example_dags/example_nested_branch_dag.py took 0.066 seconds
[2025-02-14 18:46:30,480] {processor.py:153} INFO - Started process (PID=1681) to work on /opt/conda/lib/python3.8/site-packages/airflow/example_dags/example_nested_branch_dag.py
[2025-02-14 18:46:30,482] {processor.py:641} INFO - Processing file /opt/conda/lib/python3.8/site-packages/airflow/example_dags/example_nested_branch_dag.py for tasks to queue
[2025-02-14 18:46:30,482] {logging_mixin.py:115} INFO - [2025-02-14 18:46:30,482] {dagbag.py:508} INFO - Filling up the DagBag from /opt/conda/lib/python3.8/site-packages/airflow/example_dags/example_nested_branch_dag.py
[2025-02-14 18:46:30,493] {processor.py:651} INFO - DAG(s) dict_keys(['example_nested_branch_dag']) retrieved from /opt/conda/lib/python3.8/site-packages/airflow/example_dags/example_nested_branch_dag.py
[2025-02-14 18:46:30,509] {logging_mixin.py:115} INFO - [2025-02-14 18:46:30,509] {dag.py:2420} INFO - Sync 1 DAGs
[2025-02-14 18:46:30,527] {logging_mixin.py:115} INFO - [2025-02-14 18:46:30,527] {dag.py:2968} INFO - Setting next_dagrun for example_nested_branch_dag to 2025-02-13T00:00:00+00:00, run_after=2025-02-14T00:00:00+00:00
[2025-02-14 18:46:30,561] {processor.py:161} INFO - Processing /opt/conda/lib/python3.8/site-packages/airflow/example_dags/example_nested_branch_dag.py took 0.084 seconds
[2025-02-14 18:54:50,513] {processor.py:153} INFO - Started process (PID=2237) to work on /opt/conda/lib/python3.8/site-packages/airflow/example_dags/example_nested_branch_dag.py
[2025-02-14 18:54:50,515] {processor.py:641} INFO - Processing file /opt/conda/lib/python3.8/site-packages/airflow/example_dags/example_nested_branch_dag.py for tasks to queue
[2025-02-14 18:54:50,515] {logging_mixin.py:115} INFO - [2025-02-14 18:54:50,515] {dagbag.py:508} INFO - Filling up the DagBag from /opt/conda/lib/python3.8/site-packages/airflow/example_dags/example_nested_branch_dag.py
[2025-02-14 18:54:50,524] {processor.py:651} INFO - DAG(s) dict_keys(['example_nested_branch_dag']) retrieved from /opt/conda/lib/python3.8/site-packages/airflow/example_dags/example_nested_branch_dag.py
[2025-02-14 18:54:50,541] {logging_mixin.py:115} INFO - [2025-02-14 18:54:50,541] {dag.py:2420} INFO - Sync 1 DAGs
[2025-02-14 18:54:50,557] {logging_mixin.py:115} INFO - [2025-02-14 18:54:50,557] {dag.py:2968} INFO - Setting next_dagrun for example_nested_branch_dag to 2025-02-13T00:00:00+00:00, run_after=2025-02-14T00:00:00+00:00
[2025-02-14 18:54:50,579] {processor.py:161} INFO - Processing /opt/conda/lib/python3.8/site-packages/airflow/example_dags/example_nested_branch_dag.py took 0.069 seconds
[2025-02-14 19:03:21,294] {processor.py:153} INFO - Started process (PID=2714) to work on /opt/conda/lib/python3.8/site-packages/airflow/example_dags/example_nested_branch_dag.py
[2025-02-14 19:03:21,295] {processor.py:641} INFO - Processing file /opt/conda/lib/python3.8/site-packages/airflow/example_dags/example_nested_branch_dag.py for tasks to queue
[2025-02-14 19:03:21,296] {logging_mixin.py:115} INFO - [2025-02-14 19:03:21,296] {dagbag.py:508} INFO - Filling up the DagBag from /opt/conda/lib/python3.8/site-packages/airflow/example_dags/example_nested_branch_dag.py
[2025-02-14 19:03:21,423] {processor.py:651} INFO - DAG(s) dict_keys(['example_nested_branch_dag']) retrieved from /opt/conda/lib/python3.8/site-packages/airflow/example_dags/example_nested_branch_dag.py
[2025-02-14 19:03:21,433] {logging_mixin.py:115} INFO - [2025-02-14 19:03:21,433] {dag.py:2420} INFO - Sync 1 DAGs
[2025-02-14 19:03:21,445] {logging_mixin.py:115} INFO - [2025-02-14 19:03:21,445] {dag.py:2968} INFO - Setting next_dagrun for example_nested_branch_dag to 2025-02-13T00:00:00+00:00, run_after=2025-02-14T00:00:00+00:00
[2025-02-14 19:03:21,464] {processor.py:161} INFO - Processing /opt/conda/lib/python3.8/site-packages/airflow/example_dags/example_nested_branch_dag.py took 0.174 seconds
[2025-02-14 19:04:24,993] {processor.py:153} INFO - Started process (PID=2828) to work on /opt/conda/lib/python3.8/site-packages/airflow/example_dags/example_nested_branch_dag.py
[2025-02-14 19:04:24,994] {processor.py:641} INFO - Processing file /opt/conda/lib/python3.8/site-packages/airflow/example_dags/example_nested_branch_dag.py for tasks to queue
[2025-02-14 19:04:24,995] {logging_mixin.py:115} INFO - [2025-02-14 19:04:24,995] {dagbag.py:508} INFO - Filling up the DagBag from /opt/conda/lib/python3.8/site-packages/airflow/example_dags/example_nested_branch_dag.py
[2025-02-14 19:04:25,122] {processor.py:651} INFO - DAG(s) dict_keys(['example_nested_branch_dag']) retrieved from /opt/conda/lib/python3.8/site-packages/airflow/example_dags/example_nested_branch_dag.py
[2025-02-14 19:04:25,131] {logging_mixin.py:115} INFO - [2025-02-14 19:04:25,131] {dag.py:2420} INFO - Sync 1 DAGs
[2025-02-14 19:04:25,144] {logging_mixin.py:115} INFO - [2025-02-14 19:04:25,144] {dag.py:2968} INFO - Setting next_dagrun for example_nested_branch_dag to 2025-02-13T00:00:00+00:00, run_after=2025-02-14T00:00:00+00:00
[2025-02-14 19:04:25,165] {processor.py:161} INFO - Processing /opt/conda/lib/python3.8/site-packages/airflow/example_dags/example_nested_branch_dag.py took 0.175 seconds
[2025-02-14 19:05:28,478] {processor.py:153} INFO - Started process (PID=2941) to work on /opt/conda/lib/python3.8/site-packages/airflow/example_dags/example_nested_branch_dag.py
[2025-02-14 19:05:28,479] {processor.py:641} INFO - Processing file /opt/conda/lib/python3.8/site-packages/airflow/example_dags/example_nested_branch_dag.py for tasks to queue
[2025-02-14 19:05:28,480] {logging_mixin.py:115} INFO - [2025-02-14 19:05:28,480] {dagbag.py:508} INFO - Filling up the DagBag from /opt/conda/lib/python3.8/site-packages/airflow/example_dags/example_nested_branch_dag.py
[2025-02-14 19:05:28,613] {processor.py:651} INFO - DAG(s) dict_keys(['example_nested_branch_dag']) retrieved from /opt/conda/lib/python3.8/site-packages/airflow/example_dags/example_nested_branch_dag.py
[2025-02-14 19:05:28,622] {logging_mixin.py:115} INFO - [2025-02-14 19:05:28,622] {dag.py:2420} INFO - Sync 1 DAGs
[2025-02-14 19:05:28,635] {logging_mixin.py:115} INFO - [2025-02-14 19:05:28,635] {dag.py:2968} INFO - Setting next_dagrun for example_nested_branch_dag to 2025-02-13T00:00:00+00:00, run_after=2025-02-14T00:00:00+00:00
[2025-02-14 19:05:28,654] {processor.py:161} INFO - Processing /opt/conda/lib/python3.8/site-packages/airflow/example_dags/example_nested_branch_dag.py took 0.180 seconds
[2025-02-14 19:06:33,633] {processor.py:153} INFO - Started process (PID=3055) to work on /opt/conda/lib/python3.8/site-packages/airflow/example_dags/example_nested_branch_dag.py
[2025-02-14 19:06:33,635] {processor.py:641} INFO - Processing file /opt/conda/lib/python3.8/site-packages/airflow/example_dags/example_nested_branch_dag.py for tasks to queue
[2025-02-14 19:06:33,635] {logging_mixin.py:115} INFO - [2025-02-14 19:06:33,635] {dagbag.py:508} INFO - Filling up the DagBag from /opt/conda/lib/python3.8/site-packages/airflow/example_dags/example_nested_branch_dag.py
[2025-02-14 19:06:33,764] {processor.py:651} INFO - DAG(s) dict_keys(['example_nested_branch_dag']) retrieved from /opt/conda/lib/python3.8/site-packages/airflow/example_dags/example_nested_branch_dag.py
[2025-02-14 19:06:33,774] {logging_mixin.py:115} INFO - [2025-02-14 19:06:33,774] {dag.py:2420} INFO - Sync 1 DAGs
[2025-02-14 19:06:33,786] {logging_mixin.py:115} INFO - [2025-02-14 19:06:33,786] {dag.py:2968} INFO - Setting next_dagrun for example_nested_branch_dag to 2025-02-13T00:00:00+00:00, run_after=2025-02-14T00:00:00+00:00
[2025-02-14 19:06:33,807] {processor.py:161} INFO - Processing /opt/conda/lib/python3.8/site-packages/airflow/example_dags/example_nested_branch_dag.py took 0.177 seconds
[2025-02-14 19:07:39,768] {processor.py:153} INFO - Started process (PID=3178) to work on /opt/conda/lib/python3.8/site-packages/airflow/example_dags/example_nested_branch_dag.py
[2025-02-14 19:07:39,770] {processor.py:641} INFO - Processing file /opt/conda/lib/python3.8/site-packages/airflow/example_dags/example_nested_branch_dag.py for tasks to queue
[2025-02-14 19:07:39,770] {logging_mixin.py:115} INFO - [2025-02-14 19:07:39,770] {dagbag.py:508} INFO - Filling up the DagBag from /opt/conda/lib/python3.8/site-packages/airflow/example_dags/example_nested_branch_dag.py
[2025-02-14 19:07:39,781] {processor.py:651} INFO - DAG(s) dict_keys(['example_nested_branch_dag']) retrieved from /opt/conda/lib/python3.8/site-packages/airflow/example_dags/example_nested_branch_dag.py
[2025-02-14 19:07:39,797] {logging_mixin.py:115} INFO - [2025-02-14 19:07:39,797] {dag.py:2420} INFO - Sync 1 DAGs
[2025-02-14 19:07:39,816] {logging_mixin.py:115} INFO - [2025-02-14 19:07:39,816] {dag.py:2968} INFO - Setting next_dagrun for example_nested_branch_dag to 2025-02-13T00:00:00+00:00, run_after=2025-02-14T00:00:00+00:00
[2025-02-14 19:07:39,836] {processor.py:161} INFO - Processing /opt/conda/lib/python3.8/site-packages/airflow/example_dags/example_nested_branch_dag.py took 0.071 seconds
[2025-02-14 19:08:37,140] {processor.py:153} INFO - Started process (PID=3290) to work on /opt/conda/lib/python3.8/site-packages/airflow/example_dags/example_nested_branch_dag.py
[2025-02-14 19:08:37,142] {processor.py:641} INFO - Processing file /opt/conda/lib/python3.8/site-packages/airflow/example_dags/example_nested_branch_dag.py for tasks to queue
[2025-02-14 19:08:37,142] {logging_mixin.py:115} INFO - [2025-02-14 19:08:37,142] {dagbag.py:508} INFO - Filling up the DagBag from /opt/conda/lib/python3.8/site-packages/airflow/example_dags/example_nested_branch_dag.py
[2025-02-14 19:08:37,152] {processor.py:651} INFO - DAG(s) dict_keys(['example_nested_branch_dag']) retrieved from /opt/conda/lib/python3.8/site-packages/airflow/example_dags/example_nested_branch_dag.py
[2025-02-14 19:08:37,169] {logging_mixin.py:115} INFO - [2025-02-14 19:08:37,169] {dag.py:2420} INFO - Sync 1 DAGs
[2025-02-14 19:08:37,188] {logging_mixin.py:115} INFO - [2025-02-14 19:08:37,188] {dag.py:2968} INFO - Setting next_dagrun for example_nested_branch_dag to 2025-02-13T00:00:00+00:00, run_after=2025-02-14T00:00:00+00:00
[2025-02-14 19:08:37,211] {processor.py:161} INFO - Processing /opt/conda/lib/python3.8/site-packages/airflow/example_dags/example_nested_branch_dag.py took 0.074 seconds
[2025-02-14 19:09:34,185] {processor.py:153} INFO - Started process (PID=3402) to work on /opt/conda/lib/python3.8/site-packages/airflow/example_dags/example_nested_branch_dag.py
[2025-02-14 19:09:34,186] {processor.py:641} INFO - Processing file /opt/conda/lib/python3.8/site-packages/airflow/example_dags/example_nested_branch_dag.py for tasks to queue
[2025-02-14 19:09:34,187] {logging_mixin.py:115} INFO - [2025-02-14 19:09:34,187] {dagbag.py:508} INFO - Filling up the DagBag from /opt/conda/lib/python3.8/site-packages/airflow/example_dags/example_nested_branch_dag.py
[2025-02-14 19:09:34,197] {processor.py:651} INFO - DAG(s) dict_keys(['example_nested_branch_dag']) retrieved from /opt/conda/lib/python3.8/site-packages/airflow/example_dags/example_nested_branch_dag.py
[2025-02-14 19:09:34,214] {logging_mixin.py:115} INFO - [2025-02-14 19:09:34,214] {dag.py:2420} INFO - Sync 1 DAGs
[2025-02-14 19:09:34,234] {logging_mixin.py:115} INFO - [2025-02-14 19:09:34,234] {dag.py:2968} INFO - Setting next_dagrun for example_nested_branch_dag to 2025-02-13T00:00:00+00:00, run_after=2025-02-14T00:00:00+00:00
[2025-02-14 19:09:34,264] {processor.py:161} INFO - Processing /opt/conda/lib/python3.8/site-packages/airflow/example_dags/example_nested_branch_dag.py took 0.083 seconds
