[2025-02-14 13:59:39,017] {processor.py:153} INFO - Started process (PID=1830) to work on /opt/conda/lib/python3.8/site-packages/airflow/example_dags/example_xcom.py
[2025-02-14 13:59:39,017] {processor.py:641} INFO - Processing file /opt/conda/lib/python3.8/site-packages/airflow/example_dags/example_xcom.py for tasks to queue
[2025-02-14 13:59:39,018] {logging_mixin.py:115} INFO - [2025-02-14 13:59:39,018] {dagbag.py:508} INFO - Filling up the DagBag from /opt/conda/lib/python3.8/site-packages/airflow/example_dags/example_xcom.py
[2025-02-14 13:59:39,176] {processor.py:651} INFO - DAG(s) dict_keys(['example_xcom']) retrieved from /opt/conda/lib/python3.8/site-packages/airflow/example_dags/example_xcom.py
[2025-02-14 13:59:39,248] {logging_mixin.py:115} INFO - [2025-02-14 13:59:39,248] {manager.py:508} INFO - Created Permission View: can read on DAG:example_xcom
[2025-02-14 13:59:39,265] {logging_mixin.py:115} INFO - [2025-02-14 13:59:39,265] {manager.py:508} INFO - Created Permission View: can delete on DAG:example_xcom
[2025-02-14 13:59:39,282] {logging_mixin.py:115} INFO - [2025-02-14 13:59:39,282] {manager.py:508} INFO - Created Permission View: can edit on DAG:example_xcom
[2025-02-14 13:59:39,282] {logging_mixin.py:115} INFO - [2025-02-14 13:59:39,282] {dag.py:2420} INFO - Sync 1 DAGs
[2025-02-14 13:59:39,288] {logging_mixin.py:115} INFO - [2025-02-14 13:59:39,288] {dag.py:2439} INFO - Creating ORM DAG for example_xcom
[2025-02-14 13:59:39,296] {logging_mixin.py:115} INFO - [2025-02-14 13:59:39,296] {dag.py:2968} INFO - Setting next_dagrun for example_xcom to 2021-01-01T00:00:00+00:00, run_after=2021-01-01T00:00:00+00:00
[2025-02-14 13:59:39,321] {processor.py:161} INFO - Processing /opt/conda/lib/python3.8/site-packages/airflow/example_dags/example_xcom.py took 0.307 seconds
[2025-02-14 14:00:25,961] {processor.py:153} INFO - Started process (PID=1867) to work on /opt/conda/lib/python3.8/site-packages/airflow/example_dags/example_xcom.py
[2025-02-14 14:00:26,257] {processor.py:641} INFO - Processing file /opt/conda/lib/python3.8/site-packages/airflow/example_dags/example_xcom.py for tasks to queue
[2025-02-14 14:00:26,258] {logging_mixin.py:115} INFO - [2025-02-14 14:00:26,257] {dagbag.py:508} INFO - Filling up the DagBag from /opt/conda/lib/python3.8/site-packages/airflow/example_dags/example_xcom.py
[2025-02-14 14:00:26,398] {processor.py:651} INFO - DAG(s) dict_keys(['example_xcom']) retrieved from /opt/conda/lib/python3.8/site-packages/airflow/example_dags/example_xcom.py
[2025-02-14 14:00:26,427] {logging_mixin.py:115} INFO - [2025-02-14 14:00:26,427] {dag.py:2420} INFO - Sync 1 DAGs
[2025-02-14 14:00:26,438] {logging_mixin.py:115} INFO - [2025-02-14 14:00:26,438] {dag.py:2968} INFO - Setting next_dagrun for example_xcom to 2021-01-01T00:00:00+00:00, run_after=2021-01-01T00:00:00+00:00
[2025-02-14 14:00:26,457] {processor.py:161} INFO - Processing /opt/conda/lib/python3.8/site-packages/airflow/example_dags/example_xcom.py took 0.500 seconds
[2025-02-14 14:01:08,629] {processor.py:153} INFO - Started process (PID=1904) to work on /opt/conda/lib/python3.8/site-packages/airflow/example_dags/example_xcom.py
[2025-02-14 14:01:08,631] {processor.py:641} INFO - Processing file /opt/conda/lib/python3.8/site-packages/airflow/example_dags/example_xcom.py for tasks to queue
[2025-02-14 14:01:08,631] {logging_mixin.py:115} INFO - [2025-02-14 14:01:08,631] {dagbag.py:508} INFO - Filling up the DagBag from /opt/conda/lib/python3.8/site-packages/airflow/example_dags/example_xcom.py
[2025-02-14 14:01:08,778] {processor.py:651} INFO - DAG(s) dict_keys(['example_xcom']) retrieved from /opt/conda/lib/python3.8/site-packages/airflow/example_dags/example_xcom.py
[2025-02-14 14:01:08,787] {logging_mixin.py:115} INFO - [2025-02-14 14:01:08,787] {dag.py:2420} INFO - Sync 1 DAGs
[2025-02-14 14:01:08,798] {logging_mixin.py:115} INFO - [2025-02-14 14:01:08,798] {dag.py:2968} INFO - Setting next_dagrun for example_xcom to 2021-01-01T00:00:00+00:00, run_after=2021-01-01T00:00:00+00:00
[2025-02-14 14:01:08,817] {processor.py:161} INFO - Processing /opt/conda/lib/python3.8/site-packages/airflow/example_dags/example_xcom.py took 0.191 seconds
[2025-02-14 14:01:50,333] {processor.py:153} INFO - Started process (PID=1941) to work on /opt/conda/lib/python3.8/site-packages/airflow/example_dags/example_xcom.py
[2025-02-14 14:01:50,335] {processor.py:641} INFO - Processing file /opt/conda/lib/python3.8/site-packages/airflow/example_dags/example_xcom.py for tasks to queue
[2025-02-14 14:01:50,336] {logging_mixin.py:115} INFO - [2025-02-14 14:01:50,336] {dagbag.py:508} INFO - Filling up the DagBag from /opt/conda/lib/python3.8/site-packages/airflow/example_dags/example_xcom.py
[2025-02-14 14:01:50,506] {processor.py:651} INFO - DAG(s) dict_keys(['example_xcom']) retrieved from /opt/conda/lib/python3.8/site-packages/airflow/example_dags/example_xcom.py
[2025-02-14 14:01:50,518] {logging_mixin.py:115} INFO - [2025-02-14 14:01:50,518] {dag.py:2420} INFO - Sync 1 DAGs
[2025-02-14 14:01:50,533] {logging_mixin.py:115} INFO - [2025-02-14 14:01:50,533] {dag.py:2968} INFO - Setting next_dagrun for example_xcom to 2021-01-01T00:00:00+00:00, run_after=2021-01-01T00:00:00+00:00
[2025-02-14 14:01:50,554] {processor.py:161} INFO - Processing /opt/conda/lib/python3.8/site-packages/airflow/example_dags/example_xcom.py took 0.224 seconds
[2025-02-14 14:02:33,561] {processor.py:153} INFO - Started process (PID=1980) to work on /opt/conda/lib/python3.8/site-packages/airflow/example_dags/example_xcom.py
[2025-02-14 14:02:33,563] {processor.py:641} INFO - Processing file /opt/conda/lib/python3.8/site-packages/airflow/example_dags/example_xcom.py for tasks to queue
[2025-02-14 14:02:33,563] {logging_mixin.py:115} INFO - [2025-02-14 14:02:33,563] {dagbag.py:508} INFO - Filling up the DagBag from /opt/conda/lib/python3.8/site-packages/airflow/example_dags/example_xcom.py
[2025-02-14 14:02:33,725] {processor.py:651} INFO - DAG(s) dict_keys(['example_xcom']) retrieved from /opt/conda/lib/python3.8/site-packages/airflow/example_dags/example_xcom.py
[2025-02-14 14:02:33,734] {logging_mixin.py:115} INFO - [2025-02-14 14:02:33,734] {dag.py:2420} INFO - Sync 1 DAGs
[2025-02-14 14:02:33,746] {logging_mixin.py:115} INFO - [2025-02-14 14:02:33,746] {dag.py:2968} INFO - Setting next_dagrun for example_xcom to 2021-01-01T00:00:00+00:00, run_after=2021-01-01T00:00:00+00:00
[2025-02-14 14:02:33,765] {processor.py:161} INFO - Processing /opt/conda/lib/python3.8/site-packages/airflow/example_dags/example_xcom.py took 0.208 seconds
[2025-02-14 14:03:19,313] {processor.py:153} INFO - Started process (PID=2021) to work on /opt/conda/lib/python3.8/site-packages/airflow/example_dags/example_xcom.py
[2025-02-14 14:03:19,315] {processor.py:641} INFO - Processing file /opt/conda/lib/python3.8/site-packages/airflow/example_dags/example_xcom.py for tasks to queue
[2025-02-14 14:03:19,315] {logging_mixin.py:115} INFO - [2025-02-14 14:03:19,315] {dagbag.py:508} INFO - Filling up the DagBag from /opt/conda/lib/python3.8/site-packages/airflow/example_dags/example_xcom.py
[2025-02-14 14:03:19,469] {processor.py:651} INFO - DAG(s) dict_keys(['example_xcom']) retrieved from /opt/conda/lib/python3.8/site-packages/airflow/example_dags/example_xcom.py
[2025-02-14 14:03:19,478] {logging_mixin.py:115} INFO - [2025-02-14 14:03:19,478] {dag.py:2420} INFO - Sync 1 DAGs
[2025-02-14 14:03:19,490] {logging_mixin.py:115} INFO - [2025-02-14 14:03:19,490] {dag.py:2968} INFO - Setting next_dagrun for example_xcom to 2021-01-01T00:00:00+00:00, run_after=2021-01-01T00:00:00+00:00
[2025-02-14 14:03:19,584] {processor.py:161} INFO - Processing /opt/conda/lib/python3.8/site-packages/airflow/example_dags/example_xcom.py took 0.274 seconds
[2025-02-14 14:03:58,794] {processor.py:153} INFO - Started process (PID=2064) to work on /opt/conda/lib/python3.8/site-packages/airflow/example_dags/example_xcom.py
[2025-02-14 14:03:58,795] {processor.py:641} INFO - Processing file /opt/conda/lib/python3.8/site-packages/airflow/example_dags/example_xcom.py for tasks to queue
[2025-02-14 14:03:58,796] {logging_mixin.py:115} INFO - [2025-02-14 14:03:58,796] {dagbag.py:508} INFO - Filling up the DagBag from /opt/conda/lib/python3.8/site-packages/airflow/example_dags/example_xcom.py
[2025-02-14 14:03:58,953] {processor.py:651} INFO - DAG(s) dict_keys(['example_xcom']) retrieved from /opt/conda/lib/python3.8/site-packages/airflow/example_dags/example_xcom.py
[2025-02-14 14:03:58,991] {logging_mixin.py:115} INFO - [2025-02-14 14:03:58,991] {dag.py:2420} INFO - Sync 1 DAGs
[2025-02-14 14:03:59,007] {logging_mixin.py:115} INFO - [2025-02-14 14:03:59,007] {dag.py:2968} INFO - Setting next_dagrun for example_xcom to 2021-01-01T00:00:00+00:00, run_after=2021-01-01T00:00:00+00:00
[2025-02-14 14:03:59,027] {processor.py:161} INFO - Processing /opt/conda/lib/python3.8/site-packages/airflow/example_dags/example_xcom.py took 0.236 seconds
[2025-02-14 14:05:24,765] {processor.py:153} INFO - Started process (PID=2174) to work on /opt/conda/lib/python3.8/site-packages/airflow/example_dags/example_xcom.py
[2025-02-14 14:05:24,767] {processor.py:641} INFO - Processing file /opt/conda/lib/python3.8/site-packages/airflow/example_dags/example_xcom.py for tasks to queue
[2025-02-14 14:05:24,767] {logging_mixin.py:115} INFO - [2025-02-14 14:05:24,767] {dagbag.py:508} INFO - Filling up the DagBag from /opt/conda/lib/python3.8/site-packages/airflow/example_dags/example_xcom.py
[2025-02-14 14:05:24,908] {processor.py:651} INFO - DAG(s) dict_keys(['example_xcom']) retrieved from /opt/conda/lib/python3.8/site-packages/airflow/example_dags/example_xcom.py
[2025-02-14 14:05:24,937] {logging_mixin.py:115} INFO - [2025-02-14 14:05:24,937] {dag.py:2420} INFO - Sync 1 DAGs
[2025-02-14 14:05:24,949] {logging_mixin.py:115} INFO - [2025-02-14 14:05:24,949] {dag.py:2968} INFO - Setting next_dagrun for example_xcom to 2021-01-01T00:00:00+00:00, run_after=2021-01-01T00:00:00+00:00
[2025-02-14 14:05:24,970] {processor.py:161} INFO - Processing /opt/conda/lib/python3.8/site-packages/airflow/example_dags/example_xcom.py took 0.208 seconds
[2025-02-14 14:06:08,349] {processor.py:153} INFO - Started process (PID=2228) to work on /opt/conda/lib/python3.8/site-packages/airflow/example_dags/example_xcom.py
[2025-02-14 14:06:08,350] {processor.py:641} INFO - Processing file /opt/conda/lib/python3.8/site-packages/airflow/example_dags/example_xcom.py for tasks to queue
[2025-02-14 14:06:08,350] {logging_mixin.py:115} INFO - [2025-02-14 14:06:08,350] {dagbag.py:508} INFO - Filling up the DagBag from /opt/conda/lib/python3.8/site-packages/airflow/example_dags/example_xcom.py
[2025-02-14 14:06:08,485] {processor.py:651} INFO - DAG(s) dict_keys(['example_xcom']) retrieved from /opt/conda/lib/python3.8/site-packages/airflow/example_dags/example_xcom.py
[2025-02-14 14:06:08,514] {logging_mixin.py:115} INFO - [2025-02-14 14:06:08,514] {dag.py:2420} INFO - Sync 1 DAGs
[2025-02-14 14:06:08,525] {logging_mixin.py:115} INFO - [2025-02-14 14:06:08,525] {dag.py:2968} INFO - Setting next_dagrun for example_xcom to 2021-01-01T00:00:00+00:00, run_after=2021-01-01T00:00:00+00:00
[2025-02-14 14:06:08,544] {processor.py:161} INFO - Processing /opt/conda/lib/python3.8/site-packages/airflow/example_dags/example_xcom.py took 0.198 seconds
[2025-02-14 14:06:56,792] {processor.py:153} INFO - Started process (PID=2284) to work on /opt/conda/lib/python3.8/site-packages/airflow/example_dags/example_xcom.py
[2025-02-14 14:06:56,794] {processor.py:641} INFO - Processing file /opt/conda/lib/python3.8/site-packages/airflow/example_dags/example_xcom.py for tasks to queue
[2025-02-14 14:06:56,794] {logging_mixin.py:115} INFO - [2025-02-14 14:06:56,794] {dagbag.py:508} INFO - Filling up the DagBag from /opt/conda/lib/python3.8/site-packages/airflow/example_dags/example_xcom.py
[2025-02-14 14:06:56,941] {processor.py:651} INFO - DAG(s) dict_keys(['example_xcom']) retrieved from /opt/conda/lib/python3.8/site-packages/airflow/example_dags/example_xcom.py
[2025-02-14 14:06:56,951] {logging_mixin.py:115} INFO - [2025-02-14 14:06:56,950] {dag.py:2420} INFO - Sync 1 DAGs
[2025-02-14 14:06:56,962] {logging_mixin.py:115} INFO - [2025-02-14 14:06:56,962] {dag.py:2968} INFO - Setting next_dagrun for example_xcom to 2021-01-01T00:00:00+00:00, run_after=2021-01-01T00:00:00+00:00
[2025-02-14 14:06:56,981] {processor.py:161} INFO - Processing /opt/conda/lib/python3.8/site-packages/airflow/example_dags/example_xcom.py took 0.192 seconds
[2025-02-14 14:07:45,393] {processor.py:153} INFO - Started process (PID=2325) to work on /opt/conda/lib/python3.8/site-packages/airflow/example_dags/example_xcom.py
[2025-02-14 14:07:45,394] {processor.py:641} INFO - Processing file /opt/conda/lib/python3.8/site-packages/airflow/example_dags/example_xcom.py for tasks to queue
[2025-02-14 14:07:45,395] {logging_mixin.py:115} INFO - [2025-02-14 14:07:45,395] {dagbag.py:508} INFO - Filling up the DagBag from /opt/conda/lib/python3.8/site-packages/airflow/example_dags/example_xcom.py
[2025-02-14 14:07:45,544] {processor.py:651} INFO - DAG(s) dict_keys(['example_xcom']) retrieved from /opt/conda/lib/python3.8/site-packages/airflow/example_dags/example_xcom.py
[2025-02-14 14:07:45,553] {logging_mixin.py:115} INFO - [2025-02-14 14:07:45,553] {dag.py:2420} INFO - Sync 1 DAGs
[2025-02-14 14:07:45,565] {logging_mixin.py:115} INFO - [2025-02-14 14:07:45,565] {dag.py:2968} INFO - Setting next_dagrun for example_xcom to 2021-01-01T00:00:00+00:00, run_after=2021-01-01T00:00:00+00:00
[2025-02-14 14:07:45,585] {processor.py:161} INFO - Processing /opt/conda/lib/python3.8/site-packages/airflow/example_dags/example_xcom.py took 0.195 seconds
[2025-02-14 14:08:28,245] {processor.py:153} INFO - Started process (PID=2364) to work on /opt/conda/lib/python3.8/site-packages/airflow/example_dags/example_xcom.py
[2025-02-14 14:08:28,246] {processor.py:641} INFO - Processing file /opt/conda/lib/python3.8/site-packages/airflow/example_dags/example_xcom.py for tasks to queue
[2025-02-14 14:08:28,247] {logging_mixin.py:115} INFO - [2025-02-14 14:08:28,247] {dagbag.py:508} INFO - Filling up the DagBag from /opt/conda/lib/python3.8/site-packages/airflow/example_dags/example_xcom.py
[2025-02-14 14:08:28,380] {processor.py:651} INFO - DAG(s) dict_keys(['example_xcom']) retrieved from /opt/conda/lib/python3.8/site-packages/airflow/example_dags/example_xcom.py
[2025-02-14 14:08:28,389] {logging_mixin.py:115} INFO - [2025-02-14 14:08:28,389] {dag.py:2420} INFO - Sync 1 DAGs
[2025-02-14 14:08:28,401] {logging_mixin.py:115} INFO - [2025-02-14 14:08:28,401] {dag.py:2968} INFO - Setting next_dagrun for example_xcom to 2021-01-01T00:00:00+00:00, run_after=2021-01-01T00:00:00+00:00
[2025-02-14 14:08:28,420] {processor.py:161} INFO - Processing /opt/conda/lib/python3.8/site-packages/airflow/example_dags/example_xcom.py took 0.178 seconds
[2025-02-14 14:09:20,169] {processor.py:153} INFO - Started process (PID=2432) to work on /opt/conda/lib/python3.8/site-packages/airflow/example_dags/example_xcom.py
[2025-02-14 14:09:20,170] {processor.py:641} INFO - Processing file /opt/conda/lib/python3.8/site-packages/airflow/example_dags/example_xcom.py for tasks to queue
[2025-02-14 14:09:20,171] {logging_mixin.py:115} INFO - [2025-02-14 14:09:20,171] {dagbag.py:508} INFO - Filling up the DagBag from /opt/conda/lib/python3.8/site-packages/airflow/example_dags/example_xcom.py
[2025-02-14 14:09:20,329] {processor.py:651} INFO - DAG(s) dict_keys(['example_xcom']) retrieved from /opt/conda/lib/python3.8/site-packages/airflow/example_dags/example_xcom.py
[2025-02-14 14:09:20,367] {logging_mixin.py:115} INFO - [2025-02-14 14:09:20,367] {dag.py:2420} INFO - Sync 1 DAGs
[2025-02-14 14:09:20,378] {logging_mixin.py:115} INFO - [2025-02-14 14:09:20,378] {dag.py:2968} INFO - Setting next_dagrun for example_xcom to 2021-01-01T00:00:00+00:00, run_after=2021-01-01T00:00:00+00:00
[2025-02-14 14:09:20,399] {processor.py:161} INFO - Processing /opt/conda/lib/python3.8/site-packages/airflow/example_dags/example_xcom.py took 0.233 seconds
[2025-02-14 14:10:02,529] {processor.py:153} INFO - Started process (PID=2470) to work on /opt/conda/lib/python3.8/site-packages/airflow/example_dags/example_xcom.py
[2025-02-14 14:10:02,530] {processor.py:641} INFO - Processing file /opt/conda/lib/python3.8/site-packages/airflow/example_dags/example_xcom.py for tasks to queue
[2025-02-14 14:10:02,531] {logging_mixin.py:115} INFO - [2025-02-14 14:10:02,531] {dagbag.py:508} INFO - Filling up the DagBag from /opt/conda/lib/python3.8/site-packages/airflow/example_dags/example_xcom.py
[2025-02-14 14:10:02,680] {processor.py:651} INFO - DAG(s) dict_keys(['example_xcom']) retrieved from /opt/conda/lib/python3.8/site-packages/airflow/example_dags/example_xcom.py
[2025-02-14 14:10:02,710] {logging_mixin.py:115} INFO - [2025-02-14 14:10:02,710] {dag.py:2420} INFO - Sync 1 DAGs
[2025-02-14 14:10:02,722] {logging_mixin.py:115} INFO - [2025-02-14 14:10:02,722] {dag.py:2968} INFO - Setting next_dagrun for example_xcom to 2021-01-01T00:00:00+00:00, run_after=2021-01-01T00:00:00+00:00
[2025-02-14 14:10:02,743] {processor.py:161} INFO - Processing /opt/conda/lib/python3.8/site-packages/airflow/example_dags/example_xcom.py took 0.218 seconds
[2025-02-14 14:10:48,977] {processor.py:153} INFO - Started process (PID=2510) to work on /opt/conda/lib/python3.8/site-packages/airflow/example_dags/example_xcom.py
[2025-02-14 14:10:48,978] {processor.py:641} INFO - Processing file /opt/conda/lib/python3.8/site-packages/airflow/example_dags/example_xcom.py for tasks to queue
[2025-02-14 14:10:48,979] {logging_mixin.py:115} INFO - [2025-02-14 14:10:48,978] {dagbag.py:508} INFO - Filling up the DagBag from /opt/conda/lib/python3.8/site-packages/airflow/example_dags/example_xcom.py
[2025-02-14 14:10:49,118] {processor.py:651} INFO - DAG(s) dict_keys(['example_xcom']) retrieved from /opt/conda/lib/python3.8/site-packages/airflow/example_dags/example_xcom.py
[2025-02-14 14:10:49,128] {logging_mixin.py:115} INFO - [2025-02-14 14:10:49,127] {dag.py:2420} INFO - Sync 1 DAGs
[2025-02-14 14:10:49,139] {logging_mixin.py:115} INFO - [2025-02-14 14:10:49,139] {dag.py:2968} INFO - Setting next_dagrun for example_xcom to 2021-01-01T00:00:00+00:00, run_after=2021-01-01T00:00:00+00:00
[2025-02-14 14:10:49,164] {processor.py:161} INFO - Processing /opt/conda/lib/python3.8/site-packages/airflow/example_dags/example_xcom.py took 0.190 seconds
[2025-02-14 14:11:37,294] {processor.py:153} INFO - Started process (PID=2567) to work on /opt/conda/lib/python3.8/site-packages/airflow/example_dags/example_xcom.py
[2025-02-14 14:11:37,295] {processor.py:641} INFO - Processing file /opt/conda/lib/python3.8/site-packages/airflow/example_dags/example_xcom.py for tasks to queue
[2025-02-14 14:11:37,296] {logging_mixin.py:115} INFO - [2025-02-14 14:11:37,296] {dagbag.py:508} INFO - Filling up the DagBag from /opt/conda/lib/python3.8/site-packages/airflow/example_dags/example_xcom.py
[2025-02-14 14:11:37,452] {processor.py:651} INFO - DAG(s) dict_keys(['example_xcom']) retrieved from /opt/conda/lib/python3.8/site-packages/airflow/example_dags/example_xcom.py
[2025-02-14 14:11:37,462] {logging_mixin.py:115} INFO - [2025-02-14 14:11:37,462] {dag.py:2420} INFO - Sync 1 DAGs
[2025-02-14 14:11:37,474] {logging_mixin.py:115} INFO - [2025-02-14 14:11:37,474] {dag.py:2968} INFO - Setting next_dagrun for example_xcom to 2021-01-01T00:00:00+00:00, run_after=2021-01-01T00:00:00+00:00
[2025-02-14 14:11:37,494] {processor.py:161} INFO - Processing /opt/conda/lib/python3.8/site-packages/airflow/example_dags/example_xcom.py took 0.203 seconds
[2025-02-14 14:12:19,358] {processor.py:153} INFO - Started process (PID=2621) to work on /opt/conda/lib/python3.8/site-packages/airflow/example_dags/example_xcom.py
[2025-02-14 14:12:19,359] {processor.py:641} INFO - Processing file /opt/conda/lib/python3.8/site-packages/airflow/example_dags/example_xcom.py for tasks to queue
[2025-02-14 14:12:19,360] {logging_mixin.py:115} INFO - [2025-02-14 14:12:19,360] {dagbag.py:508} INFO - Filling up the DagBag from /opt/conda/lib/python3.8/site-packages/airflow/example_dags/example_xcom.py
[2025-02-14 14:12:19,513] {processor.py:651} INFO - DAG(s) dict_keys(['example_xcom']) retrieved from /opt/conda/lib/python3.8/site-packages/airflow/example_dags/example_xcom.py
[2025-02-14 14:12:19,523] {logging_mixin.py:115} INFO - [2025-02-14 14:12:19,523] {dag.py:2420} INFO - Sync 1 DAGs
[2025-02-14 14:12:19,534] {logging_mixin.py:115} INFO - [2025-02-14 14:12:19,534] {dag.py:2968} INFO - Setting next_dagrun for example_xcom to 2021-01-01T00:00:00+00:00, run_after=2021-01-01T00:00:00+00:00
[2025-02-14 14:12:19,555] {processor.py:161} INFO - Processing /opt/conda/lib/python3.8/site-packages/airflow/example_dags/example_xcom.py took 0.201 seconds
[2025-02-14 14:13:03,171] {processor.py:153} INFO - Started process (PID=2676) to work on /opt/conda/lib/python3.8/site-packages/airflow/example_dags/example_xcom.py
[2025-02-14 14:13:03,173] {processor.py:641} INFO - Processing file /opt/conda/lib/python3.8/site-packages/airflow/example_dags/example_xcom.py for tasks to queue
[2025-02-14 14:13:03,173] {logging_mixin.py:115} INFO - [2025-02-14 14:13:03,173] {dagbag.py:508} INFO - Filling up the DagBag from /opt/conda/lib/python3.8/site-packages/airflow/example_dags/example_xcom.py
[2025-02-14 14:13:03,313] {processor.py:651} INFO - DAG(s) dict_keys(['example_xcom']) retrieved from /opt/conda/lib/python3.8/site-packages/airflow/example_dags/example_xcom.py
[2025-02-14 14:13:03,322] {logging_mixin.py:115} INFO - [2025-02-14 14:13:03,322] {dag.py:2420} INFO - Sync 1 DAGs
[2025-02-14 14:13:03,334] {logging_mixin.py:115} INFO - [2025-02-14 14:13:03,333] {dag.py:2968} INFO - Setting next_dagrun for example_xcom to 2021-01-01T00:00:00+00:00, run_after=2021-01-01T00:00:00+00:00
[2025-02-14 14:13:03,352] {processor.py:161} INFO - Processing /opt/conda/lib/python3.8/site-packages/airflow/example_dags/example_xcom.py took 0.184 seconds
[2025-02-14 14:13:44,794] {processor.py:153} INFO - Started process (PID=2728) to work on /opt/conda/lib/python3.8/site-packages/airflow/example_dags/example_xcom.py
[2025-02-14 14:13:44,795] {processor.py:641} INFO - Processing file /opt/conda/lib/python3.8/site-packages/airflow/example_dags/example_xcom.py for tasks to queue
[2025-02-14 14:13:44,795] {logging_mixin.py:115} INFO - [2025-02-14 14:13:44,795] {dagbag.py:508} INFO - Filling up the DagBag from /opt/conda/lib/python3.8/site-packages/airflow/example_dags/example_xcom.py
[2025-02-14 14:13:44,940] {processor.py:651} INFO - DAG(s) dict_keys(['example_xcom']) retrieved from /opt/conda/lib/python3.8/site-packages/airflow/example_dags/example_xcom.py
[2025-02-14 14:13:44,949] {logging_mixin.py:115} INFO - [2025-02-14 14:13:44,949] {dag.py:2420} INFO - Sync 1 DAGs
[2025-02-14 14:13:44,961] {logging_mixin.py:115} INFO - [2025-02-14 14:13:44,961] {dag.py:2968} INFO - Setting next_dagrun for example_xcom to 2021-01-01T00:00:00+00:00, run_after=2021-01-01T00:00:00+00:00
[2025-02-14 14:13:44,979] {processor.py:161} INFO - Processing /opt/conda/lib/python3.8/site-packages/airflow/example_dags/example_xcom.py took 0.188 seconds
[2025-02-14 14:14:25,521] {processor.py:153} INFO - Started process (PID=2781) to work on /opt/conda/lib/python3.8/site-packages/airflow/example_dags/example_xcom.py
[2025-02-14 14:14:25,533] {processor.py:641} INFO - Processing file /opt/conda/lib/python3.8/site-packages/airflow/example_dags/example_xcom.py for tasks to queue
[2025-02-14 14:14:25,534] {logging_mixin.py:115} INFO - [2025-02-14 14:14:25,534] {dagbag.py:508} INFO - Filling up the DagBag from /opt/conda/lib/python3.8/site-packages/airflow/example_dags/example_xcom.py
[2025-02-14 14:14:25,554] {processor.py:651} INFO - DAG(s) dict_keys(['example_xcom']) retrieved from /opt/conda/lib/python3.8/site-packages/airflow/example_dags/example_xcom.py
[2025-02-14 14:14:25,598] {logging_mixin.py:115} INFO - [2025-02-14 14:14:25,598] {dag.py:2420} INFO - Sync 1 DAGs
[2025-02-14 14:14:25,612] {logging_mixin.py:115} INFO - [2025-02-14 14:14:25,611] {dag.py:2968} INFO - Setting next_dagrun for example_xcom to 2021-01-01T00:00:00+00:00, run_after=2021-01-01T00:00:00+00:00
[2025-02-14 14:14:25,656] {processor.py:161} INFO - Processing /opt/conda/lib/python3.8/site-packages/airflow/example_dags/example_xcom.py took 0.138 seconds
[2025-02-14 14:14:58,972] {processor.py:153} INFO - Started process (PID=2829) to work on /opt/conda/lib/python3.8/site-packages/airflow/example_dags/example_xcom.py
[2025-02-14 14:14:58,973] {processor.py:641} INFO - Processing file /opt/conda/lib/python3.8/site-packages/airflow/example_dags/example_xcom.py for tasks to queue
[2025-02-14 14:14:58,974] {logging_mixin.py:115} INFO - [2025-02-14 14:14:58,973] {dagbag.py:508} INFO - Filling up the DagBag from /opt/conda/lib/python3.8/site-packages/airflow/example_dags/example_xcom.py
[2025-02-14 14:14:58,993] {processor.py:651} INFO - DAG(s) dict_keys(['example_xcom']) retrieved from /opt/conda/lib/python3.8/site-packages/airflow/example_dags/example_xcom.py
[2025-02-14 14:14:59,038] {logging_mixin.py:115} INFO - [2025-02-14 14:14:59,038] {dag.py:2420} INFO - Sync 1 DAGs
[2025-02-14 14:14:59,055] {logging_mixin.py:115} INFO - [2025-02-14 14:14:59,055] {dag.py:2968} INFO - Setting next_dagrun for example_xcom to 2021-01-01T00:00:00+00:00, run_after=2021-01-01T00:00:00+00:00
[2025-02-14 14:14:59,077] {processor.py:161} INFO - Processing /opt/conda/lib/python3.8/site-packages/airflow/example_dags/example_xcom.py took 0.108 seconds
[2025-02-14 14:15:39,757] {processor.py:153} INFO - Started process (PID=2892) to work on /opt/conda/lib/python3.8/site-packages/airflow/example_dags/example_xcom.py
[2025-02-14 14:15:39,771] {processor.py:641} INFO - Processing file /opt/conda/lib/python3.8/site-packages/airflow/example_dags/example_xcom.py for tasks to queue
[2025-02-14 14:15:39,771] {logging_mixin.py:115} INFO - [2025-02-14 14:15:39,771] {dagbag.py:508} INFO - Filling up the DagBag from /opt/conda/lib/python3.8/site-packages/airflow/example_dags/example_xcom.py
[2025-02-14 14:15:39,791] {processor.py:651} INFO - DAG(s) dict_keys(['example_xcom']) retrieved from /opt/conda/lib/python3.8/site-packages/airflow/example_dags/example_xcom.py
[2025-02-14 14:15:39,835] {logging_mixin.py:115} INFO - [2025-02-14 14:15:39,835] {dag.py:2420} INFO - Sync 1 DAGs
[2025-02-14 14:15:39,849] {logging_mixin.py:115} INFO - [2025-02-14 14:15:39,848] {dag.py:2968} INFO - Setting next_dagrun for example_xcom to 2021-01-01T00:00:00+00:00, run_after=2021-01-01T00:00:00+00:00
[2025-02-14 14:15:39,869] {processor.py:161} INFO - Processing /opt/conda/lib/python3.8/site-packages/airflow/example_dags/example_xcom.py took 0.115 seconds
[2025-02-14 14:16:45,232] {processor.py:153} INFO - Started process (PID=3009) to work on /opt/conda/lib/python3.8/site-packages/airflow/example_dags/example_xcom.py
[2025-02-14 14:16:45,246] {processor.py:641} INFO - Processing file /opt/conda/lib/python3.8/site-packages/airflow/example_dags/example_xcom.py for tasks to queue
[2025-02-14 14:16:45,246] {logging_mixin.py:115} INFO - [2025-02-14 14:16:45,246] {dagbag.py:508} INFO - Filling up the DagBag from /opt/conda/lib/python3.8/site-packages/airflow/example_dags/example_xcom.py
[2025-02-14 14:16:45,397] {processor.py:651} INFO - DAG(s) dict_keys(['example_xcom']) retrieved from /opt/conda/lib/python3.8/site-packages/airflow/example_dags/example_xcom.py
[2025-02-14 14:16:45,426] {logging_mixin.py:115} INFO - [2025-02-14 14:16:45,426] {dag.py:2420} INFO - Sync 1 DAGs
[2025-02-14 14:16:45,438] {logging_mixin.py:115} INFO - [2025-02-14 14:16:45,438] {dag.py:2968} INFO - Setting next_dagrun for example_xcom to 2021-01-01T00:00:00+00:00, run_after=2021-01-01T00:00:00+00:00
[2025-02-14 14:16:45,459] {processor.py:161} INFO - Processing /opt/conda/lib/python3.8/site-packages/airflow/example_dags/example_xcom.py took 0.230 seconds
[2025-02-14 14:17:31,969] {processor.py:153} INFO - Started process (PID=3063) to work on /opt/conda/lib/python3.8/site-packages/airflow/example_dags/example_xcom.py
[2025-02-14 14:17:32,006] {processor.py:641} INFO - Processing file /opt/conda/lib/python3.8/site-packages/airflow/example_dags/example_xcom.py for tasks to queue
[2025-02-14 14:17:32,007] {logging_mixin.py:115} INFO - [2025-02-14 14:17:32,006] {dagbag.py:508} INFO - Filling up the DagBag from /opt/conda/lib/python3.8/site-packages/airflow/example_dags/example_xcom.py
[2025-02-14 14:17:32,146] {processor.py:651} INFO - DAG(s) dict_keys(['example_xcom']) retrieved from /opt/conda/lib/python3.8/site-packages/airflow/example_dags/example_xcom.py
[2025-02-14 14:17:32,155] {logging_mixin.py:115} INFO - [2025-02-14 14:17:32,155] {dag.py:2420} INFO - Sync 1 DAGs
[2025-02-14 14:17:32,166] {logging_mixin.py:115} INFO - [2025-02-14 14:17:32,166] {dag.py:2968} INFO - Setting next_dagrun for example_xcom to 2021-01-01T00:00:00+00:00, run_after=2021-01-01T00:00:00+00:00
[2025-02-14 14:17:32,186] {processor.py:161} INFO - Processing /opt/conda/lib/python3.8/site-packages/airflow/example_dags/example_xcom.py took 0.220 seconds
[2025-02-14 14:18:15,341] {processor.py:153} INFO - Started process (PID=3117) to work on /opt/conda/lib/python3.8/site-packages/airflow/example_dags/example_xcom.py
[2025-02-14 14:18:15,342] {processor.py:641} INFO - Processing file /opt/conda/lib/python3.8/site-packages/airflow/example_dags/example_xcom.py for tasks to queue
[2025-02-14 14:18:15,343] {logging_mixin.py:115} INFO - [2025-02-14 14:18:15,343] {dagbag.py:508} INFO - Filling up the DagBag from /opt/conda/lib/python3.8/site-packages/airflow/example_dags/example_xcom.py
[2025-02-14 14:18:15,480] {processor.py:651} INFO - DAG(s) dict_keys(['example_xcom']) retrieved from /opt/conda/lib/python3.8/site-packages/airflow/example_dags/example_xcom.py
[2025-02-14 14:18:15,489] {logging_mixin.py:115} INFO - [2025-02-14 14:18:15,489] {dag.py:2420} INFO - Sync 1 DAGs
[2025-02-14 14:18:15,501] {logging_mixin.py:115} INFO - [2025-02-14 14:18:15,500] {dag.py:2968} INFO - Setting next_dagrun for example_xcom to 2021-01-01T00:00:00+00:00, run_after=2021-01-01T00:00:00+00:00
[2025-02-14 14:18:15,519] {processor.py:161} INFO - Processing /opt/conda/lib/python3.8/site-packages/airflow/example_dags/example_xcom.py took 0.181 seconds
[2025-02-14 14:19:00,088] {processor.py:153} INFO - Started process (PID=3201) to work on /opt/conda/lib/python3.8/site-packages/airflow/example_dags/example_xcom.py
[2025-02-14 14:19:00,089] {processor.py:641} INFO - Processing file /opt/conda/lib/python3.8/site-packages/airflow/example_dags/example_xcom.py for tasks to queue
[2025-02-14 14:19:00,090] {logging_mixin.py:115} INFO - [2025-02-14 14:19:00,090] {dagbag.py:508} INFO - Filling up the DagBag from /opt/conda/lib/python3.8/site-packages/airflow/example_dags/example_xcom.py
[2025-02-14 14:19:00,300] {processor.py:651} INFO - DAG(s) dict_keys(['example_xcom']) retrieved from /opt/conda/lib/python3.8/site-packages/airflow/example_dags/example_xcom.py
[2025-02-14 14:19:00,346] {logging_mixin.py:115} INFO - [2025-02-14 14:19:00,346] {dag.py:2420} INFO - Sync 1 DAGs
[2025-02-14 14:19:00,365] {logging_mixin.py:115} INFO - [2025-02-14 14:19:00,365] {dag.py:2968} INFO - Setting next_dagrun for example_xcom to 2021-01-01T00:00:00+00:00, run_after=2021-01-01T00:00:00+00:00
[2025-02-14 14:19:00,388] {processor.py:161} INFO - Processing /opt/conda/lib/python3.8/site-packages/airflow/example_dags/example_xcom.py took 0.304 seconds
[2025-02-14 14:20:50,909] {processor.py:153} INFO - Started process (PID=3292) to work on /opt/conda/lib/python3.8/site-packages/airflow/example_dags/example_xcom.py
[2025-02-14 14:20:50,911] {processor.py:641} INFO - Processing file /opt/conda/lib/python3.8/site-packages/airflow/example_dags/example_xcom.py for tasks to queue
[2025-02-14 14:20:50,911] {logging_mixin.py:115} INFO - [2025-02-14 14:20:50,911] {dagbag.py:508} INFO - Filling up the DagBag from /opt/conda/lib/python3.8/site-packages/airflow/example_dags/example_xcom.py
[2025-02-14 14:20:51,067] {processor.py:651} INFO - DAG(s) dict_keys(['example_xcom']) retrieved from /opt/conda/lib/python3.8/site-packages/airflow/example_dags/example_xcom.py
[2025-02-14 14:20:51,097] {logging_mixin.py:115} INFO - [2025-02-14 14:20:51,097] {dag.py:2420} INFO - Sync 1 DAGs
[2025-02-14 14:20:51,109] {logging_mixin.py:115} INFO - [2025-02-14 14:20:51,109] {dag.py:2968} INFO - Setting next_dagrun for example_xcom to 2021-01-01T00:00:00+00:00, run_after=2021-01-01T00:00:00+00:00
[2025-02-14 14:20:51,131] {processor.py:161} INFO - Processing /opt/conda/lib/python3.8/site-packages/airflow/example_dags/example_xcom.py took 0.225 seconds
[2025-02-14 14:21:36,853] {processor.py:153} INFO - Started process (PID=3348) to work on /opt/conda/lib/python3.8/site-packages/airflow/example_dags/example_xcom.py
[2025-02-14 14:21:36,854] {processor.py:641} INFO - Processing file /opt/conda/lib/python3.8/site-packages/airflow/example_dags/example_xcom.py for tasks to queue
[2025-02-14 14:21:36,855] {logging_mixin.py:115} INFO - [2025-02-14 14:21:36,855] {dagbag.py:508} INFO - Filling up the DagBag from /opt/conda/lib/python3.8/site-packages/airflow/example_dags/example_xcom.py
[2025-02-14 14:21:37,016] {processor.py:651} INFO - DAG(s) dict_keys(['example_xcom']) retrieved from /opt/conda/lib/python3.8/site-packages/airflow/example_dags/example_xcom.py
[2025-02-14 14:21:37,046] {logging_mixin.py:115} INFO - [2025-02-14 14:21:37,046] {dag.py:2420} INFO - Sync 1 DAGs
[2025-02-14 14:21:37,058] {logging_mixin.py:115} INFO - [2025-02-14 14:21:37,058] {dag.py:2968} INFO - Setting next_dagrun for example_xcom to 2021-01-01T00:00:00+00:00, run_after=2021-01-01T00:00:00+00:00
[2025-02-14 14:21:37,079] {processor.py:161} INFO - Processing /opt/conda/lib/python3.8/site-packages/airflow/example_dags/example_xcom.py took 0.229 seconds
[2025-02-14 14:22:23,386] {processor.py:153} INFO - Started process (PID=3411) to work on /opt/conda/lib/python3.8/site-packages/airflow/example_dags/example_xcom.py
[2025-02-14 14:22:23,388] {processor.py:641} INFO - Processing file /opt/conda/lib/python3.8/site-packages/airflow/example_dags/example_xcom.py for tasks to queue
[2025-02-14 14:22:23,388] {logging_mixin.py:115} INFO - [2025-02-14 14:22:23,388] {dagbag.py:508} INFO - Filling up the DagBag from /opt/conda/lib/python3.8/site-packages/airflow/example_dags/example_xcom.py
[2025-02-14 14:22:23,546] {processor.py:651} INFO - DAG(s) dict_keys(['example_xcom']) retrieved from /opt/conda/lib/python3.8/site-packages/airflow/example_dags/example_xcom.py
[2025-02-14 14:22:23,556] {logging_mixin.py:115} INFO - [2025-02-14 14:22:23,556] {dag.py:2420} INFO - Sync 1 DAGs
[2025-02-14 14:22:23,567] {logging_mixin.py:115} INFO - [2025-02-14 14:22:23,567] {dag.py:2968} INFO - Setting next_dagrun for example_xcom to 2021-01-01T00:00:00+00:00, run_after=2021-01-01T00:00:00+00:00
[2025-02-14 14:22:23,588] {processor.py:161} INFO - Processing /opt/conda/lib/python3.8/site-packages/airflow/example_dags/example_xcom.py took 0.205 seconds
[2025-02-14 14:23:39,624] {processor.py:153} INFO - Started process (PID=3549) to work on /opt/conda/lib/python3.8/site-packages/airflow/example_dags/example_xcom.py
[2025-02-14 14:23:39,625] {processor.py:641} INFO - Processing file /opt/conda/lib/python3.8/site-packages/airflow/example_dags/example_xcom.py for tasks to queue
[2025-02-14 14:23:39,626] {logging_mixin.py:115} INFO - [2025-02-14 14:23:39,626] {dagbag.py:508} INFO - Filling up the DagBag from /opt/conda/lib/python3.8/site-packages/airflow/example_dags/example_xcom.py
[2025-02-14 14:23:39,762] {processor.py:651} INFO - DAG(s) dict_keys(['example_xcom']) retrieved from /opt/conda/lib/python3.8/site-packages/airflow/example_dags/example_xcom.py
[2025-02-14 14:23:39,791] {logging_mixin.py:115} INFO - [2025-02-14 14:23:39,791] {dag.py:2420} INFO - Sync 1 DAGs
[2025-02-14 14:23:39,803] {logging_mixin.py:115} INFO - [2025-02-14 14:23:39,803] {dag.py:2968} INFO - Setting next_dagrun for example_xcom to 2021-01-01T00:00:00+00:00, run_after=2021-01-01T00:00:00+00:00
[2025-02-14 14:23:39,824] {processor.py:161} INFO - Processing /opt/conda/lib/python3.8/site-packages/airflow/example_dags/example_xcom.py took 0.203 seconds
[2025-02-14 14:24:21,509] {processor.py:153} INFO - Started process (PID=3603) to work on /opt/conda/lib/python3.8/site-packages/airflow/example_dags/example_xcom.py
[2025-02-14 14:24:21,510] {processor.py:641} INFO - Processing file /opt/conda/lib/python3.8/site-packages/airflow/example_dags/example_xcom.py for tasks to queue
[2025-02-14 14:24:21,511] {logging_mixin.py:115} INFO - [2025-02-14 14:24:21,511] {dagbag.py:508} INFO - Filling up the DagBag from /opt/conda/lib/python3.8/site-packages/airflow/example_dags/example_xcom.py
[2025-02-14 14:24:21,649] {processor.py:651} INFO - DAG(s) dict_keys(['example_xcom']) retrieved from /opt/conda/lib/python3.8/site-packages/airflow/example_dags/example_xcom.py
[2025-02-14 14:24:21,678] {logging_mixin.py:115} INFO - [2025-02-14 14:24:21,678] {dag.py:2420} INFO - Sync 1 DAGs
[2025-02-14 14:24:21,690] {logging_mixin.py:115} INFO - [2025-02-14 14:24:21,690] {dag.py:2968} INFO - Setting next_dagrun for example_xcom to 2021-01-01T00:00:00+00:00, run_after=2021-01-01T00:00:00+00:00
[2025-02-14 14:24:21,711] {processor.py:161} INFO - Processing /opt/conda/lib/python3.8/site-packages/airflow/example_dags/example_xcom.py took 0.205 seconds
[2025-02-14 14:25:06,318] {processor.py:153} INFO - Started process (PID=3657) to work on /opt/conda/lib/python3.8/site-packages/airflow/example_dags/example_xcom.py
[2025-02-14 14:25:06,322] {processor.py:641} INFO - Processing file /opt/conda/lib/python3.8/site-packages/airflow/example_dags/example_xcom.py for tasks to queue
[2025-02-14 14:25:06,322] {logging_mixin.py:115} INFO - [2025-02-14 14:25:06,322] {dagbag.py:508} INFO - Filling up the DagBag from /opt/conda/lib/python3.8/site-packages/airflow/example_dags/example_xcom.py
[2025-02-14 14:25:06,467] {processor.py:651} INFO - DAG(s) dict_keys(['example_xcom']) retrieved from /opt/conda/lib/python3.8/site-packages/airflow/example_dags/example_xcom.py
[2025-02-14 14:25:06,476] {logging_mixin.py:115} INFO - [2025-02-14 14:25:06,476] {dag.py:2420} INFO - Sync 1 DAGs
[2025-02-14 14:25:06,487] {logging_mixin.py:115} INFO - [2025-02-14 14:25:06,487] {dag.py:2968} INFO - Setting next_dagrun for example_xcom to 2021-01-01T00:00:00+00:00, run_after=2021-01-01T00:00:00+00:00
[2025-02-14 14:25:06,506] {processor.py:161} INFO - Processing /opt/conda/lib/python3.8/site-packages/airflow/example_dags/example_xcom.py took 0.191 seconds
[2025-02-14 14:25:50,837] {processor.py:153} INFO - Started process (PID=3711) to work on /opt/conda/lib/python3.8/site-packages/airflow/example_dags/example_xcom.py
[2025-02-14 14:25:50,838] {processor.py:641} INFO - Processing file /opt/conda/lib/python3.8/site-packages/airflow/example_dags/example_xcom.py for tasks to queue
[2025-02-14 14:25:50,839] {logging_mixin.py:115} INFO - [2025-02-14 14:25:50,839] {dagbag.py:508} INFO - Filling up the DagBag from /opt/conda/lib/python3.8/site-packages/airflow/example_dags/example_xcom.py
[2025-02-14 14:25:50,974] {processor.py:651} INFO - DAG(s) dict_keys(['example_xcom']) retrieved from /opt/conda/lib/python3.8/site-packages/airflow/example_dags/example_xcom.py
[2025-02-14 14:25:50,983] {logging_mixin.py:115} INFO - [2025-02-14 14:25:50,983] {dag.py:2420} INFO - Sync 1 DAGs
[2025-02-14 14:25:50,995] {logging_mixin.py:115} INFO - [2025-02-14 14:25:50,995] {dag.py:2968} INFO - Setting next_dagrun for example_xcom to 2021-01-01T00:00:00+00:00, run_after=2021-01-01T00:00:00+00:00
[2025-02-14 14:25:51,014] {processor.py:161} INFO - Processing /opt/conda/lib/python3.8/site-packages/airflow/example_dags/example_xcom.py took 0.180 seconds
[2025-02-14 14:26:31,728] {processor.py:153} INFO - Started process (PID=3763) to work on /opt/conda/lib/python3.8/site-packages/airflow/example_dags/example_xcom.py
[2025-02-14 14:26:31,730] {processor.py:641} INFO - Processing file /opt/conda/lib/python3.8/site-packages/airflow/example_dags/example_xcom.py for tasks to queue
[2025-02-14 14:26:31,731] {logging_mixin.py:115} INFO - [2025-02-14 14:26:31,731] {dagbag.py:508} INFO - Filling up the DagBag from /opt/conda/lib/python3.8/site-packages/airflow/example_dags/example_xcom.py
[2025-02-14 14:26:31,865] {processor.py:651} INFO - DAG(s) dict_keys(['example_xcom']) retrieved from /opt/conda/lib/python3.8/site-packages/airflow/example_dags/example_xcom.py
[2025-02-14 14:26:31,874] {logging_mixin.py:115} INFO - [2025-02-14 14:26:31,874] {dag.py:2420} INFO - Sync 1 DAGs
[2025-02-14 14:26:31,886] {logging_mixin.py:115} INFO - [2025-02-14 14:26:31,886] {dag.py:2968} INFO - Setting next_dagrun for example_xcom to 2021-01-01T00:00:00+00:00, run_after=2021-01-01T00:00:00+00:00
[2025-02-14 14:26:31,905] {processor.py:161} INFO - Processing /opt/conda/lib/python3.8/site-packages/airflow/example_dags/example_xcom.py took 0.180 seconds
[2025-02-14 14:27:15,032] {processor.py:153} INFO - Started process (PID=3815) to work on /opt/conda/lib/python3.8/site-packages/airflow/example_dags/example_xcom.py
[2025-02-14 14:27:15,077] {processor.py:641} INFO - Processing file /opt/conda/lib/python3.8/site-packages/airflow/example_dags/example_xcom.py for tasks to queue
[2025-02-14 14:27:15,078] {logging_mixin.py:115} INFO - [2025-02-14 14:27:15,078] {dagbag.py:508} INFO - Filling up the DagBag from /opt/conda/lib/python3.8/site-packages/airflow/example_dags/example_xcom.py
[2025-02-14 14:27:15,219] {processor.py:651} INFO - DAG(s) dict_keys(['example_xcom']) retrieved from /opt/conda/lib/python3.8/site-packages/airflow/example_dags/example_xcom.py
[2025-02-14 14:27:15,229] {logging_mixin.py:115} INFO - [2025-02-14 14:27:15,228] {dag.py:2420} INFO - Sync 1 DAGs
[2025-02-14 14:27:15,240] {logging_mixin.py:115} INFO - [2025-02-14 14:27:15,240] {dag.py:2968} INFO - Setting next_dagrun for example_xcom to 2021-01-01T00:00:00+00:00, run_after=2021-01-01T00:00:00+00:00
[2025-02-14 14:27:15,257] {processor.py:161} INFO - Processing /opt/conda/lib/python3.8/site-packages/airflow/example_dags/example_xcom.py took 0.229 seconds
[2025-02-14 14:28:00,069] {processor.py:153} INFO - Started process (PID=3869) to work on /opt/conda/lib/python3.8/site-packages/airflow/example_dags/example_xcom.py
[2025-02-14 14:28:00,071] {processor.py:641} INFO - Processing file /opt/conda/lib/python3.8/site-packages/airflow/example_dags/example_xcom.py for tasks to queue
[2025-02-14 14:28:00,071] {logging_mixin.py:115} INFO - [2025-02-14 14:28:00,071] {dagbag.py:508} INFO - Filling up the DagBag from /opt/conda/lib/python3.8/site-packages/airflow/example_dags/example_xcom.py
[2025-02-14 14:28:00,207] {processor.py:651} INFO - DAG(s) dict_keys(['example_xcom']) retrieved from /opt/conda/lib/python3.8/site-packages/airflow/example_dags/example_xcom.py
[2025-02-14 14:28:00,217] {logging_mixin.py:115} INFO - [2025-02-14 14:28:00,217] {dag.py:2420} INFO - Sync 1 DAGs
[2025-02-14 14:28:00,228] {logging_mixin.py:115} INFO - [2025-02-14 14:28:00,228] {dag.py:2968} INFO - Setting next_dagrun for example_xcom to 2021-01-01T00:00:00+00:00, run_after=2021-01-01T00:00:00+00:00
[2025-02-14 14:28:00,248] {processor.py:161} INFO - Processing /opt/conda/lib/python3.8/site-packages/airflow/example_dags/example_xcom.py took 0.182 seconds
[2025-02-14 14:28:45,689] {processor.py:153} INFO - Started process (PID=3932) to work on /opt/conda/lib/python3.8/site-packages/airflow/example_dags/example_xcom.py
[2025-02-14 14:28:45,691] {processor.py:641} INFO - Processing file /opt/conda/lib/python3.8/site-packages/airflow/example_dags/example_xcom.py for tasks to queue
[2025-02-14 14:28:45,692] {logging_mixin.py:115} INFO - [2025-02-14 14:28:45,691] {dagbag.py:508} INFO - Filling up the DagBag from /opt/conda/lib/python3.8/site-packages/airflow/example_dags/example_xcom.py
[2025-02-14 14:28:45,711] {processor.py:651} INFO - DAG(s) dict_keys(['example_xcom']) retrieved from /opt/conda/lib/python3.8/site-packages/airflow/example_dags/example_xcom.py
[2025-02-14 14:28:45,754] {logging_mixin.py:115} INFO - [2025-02-14 14:28:45,754] {dag.py:2420} INFO - Sync 1 DAGs
[2025-02-14 14:28:45,767] {logging_mixin.py:115} INFO - [2025-02-14 14:28:45,767] {dag.py:2968} INFO - Setting next_dagrun for example_xcom to 2021-01-01T00:00:00+00:00, run_after=2021-01-01T00:00:00+00:00
[2025-02-14 14:28:45,789] {processor.py:161} INFO - Processing /opt/conda/lib/python3.8/site-packages/airflow/example_dags/example_xcom.py took 0.103 seconds
[2025-02-14 14:29:23,309] {processor.py:153} INFO - Started process (PID=3984) to work on /opt/conda/lib/python3.8/site-packages/airflow/example_dags/example_xcom.py
[2025-02-14 14:29:23,310] {processor.py:641} INFO - Processing file /opt/conda/lib/python3.8/site-packages/airflow/example_dags/example_xcom.py for tasks to queue
[2025-02-14 14:29:23,310] {logging_mixin.py:115} INFO - [2025-02-14 14:29:23,310] {dagbag.py:508} INFO - Filling up the DagBag from /opt/conda/lib/python3.8/site-packages/airflow/example_dags/example_xcom.py
[2025-02-14 14:29:23,330] {processor.py:651} INFO - DAG(s) dict_keys(['example_xcom']) retrieved from /opt/conda/lib/python3.8/site-packages/airflow/example_dags/example_xcom.py
[2025-02-14 14:29:23,375] {logging_mixin.py:115} INFO - [2025-02-14 14:29:23,375] {dag.py:2420} INFO - Sync 1 DAGs
[2025-02-14 14:29:23,388] {logging_mixin.py:115} INFO - [2025-02-14 14:29:23,388] {dag.py:2968} INFO - Setting next_dagrun for example_xcom to 2021-01-01T00:00:00+00:00, run_after=2021-01-01T00:00:00+00:00
[2025-02-14 14:29:23,410] {processor.py:161} INFO - Processing /opt/conda/lib/python3.8/site-packages/airflow/example_dags/example_xcom.py took 0.104 seconds
[2025-02-14 14:30:05,149] {processor.py:153} INFO - Started process (PID=4047) to work on /opt/conda/lib/python3.8/site-packages/airflow/example_dags/example_xcom.py
[2025-02-14 14:30:05,166] {processor.py:641} INFO - Processing file /opt/conda/lib/python3.8/site-packages/airflow/example_dags/example_xcom.py for tasks to queue
[2025-02-14 14:30:05,167] {logging_mixin.py:115} INFO - [2025-02-14 14:30:05,167] {dagbag.py:508} INFO - Filling up the DagBag from /opt/conda/lib/python3.8/site-packages/airflow/example_dags/example_xcom.py
[2025-02-14 14:30:05,186] {processor.py:651} INFO - DAG(s) dict_keys(['example_xcom']) retrieved from /opt/conda/lib/python3.8/site-packages/airflow/example_dags/example_xcom.py
[2025-02-14 14:30:05,226] {logging_mixin.py:115} INFO - [2025-02-14 14:30:05,226] {dag.py:2420} INFO - Sync 1 DAGs
[2025-02-14 14:30:05,240] {logging_mixin.py:115} INFO - [2025-02-14 14:30:05,240] {dag.py:2968} INFO - Setting next_dagrun for example_xcom to 2021-01-01T00:00:00+00:00, run_after=2021-01-01T00:00:00+00:00
[2025-02-14 14:30:05,261] {processor.py:161} INFO - Processing /opt/conda/lib/python3.8/site-packages/airflow/example_dags/example_xcom.py took 0.115 seconds
[2025-02-14 14:30:42,785] {processor.py:153} INFO - Started process (PID=4101) to work on /opt/conda/lib/python3.8/site-packages/airflow/example_dags/example_xcom.py
[2025-02-14 14:30:42,897] {processor.py:641} INFO - Processing file /opt/conda/lib/python3.8/site-packages/airflow/example_dags/example_xcom.py for tasks to queue
[2025-02-14 14:30:42,897] {logging_mixin.py:115} INFO - [2025-02-14 14:30:42,897] {dagbag.py:508} INFO - Filling up the DagBag from /opt/conda/lib/python3.8/site-packages/airflow/example_dags/example_xcom.py
[2025-02-14 14:30:42,917] {processor.py:651} INFO - DAG(s) dict_keys(['example_xcom']) retrieved from /opt/conda/lib/python3.8/site-packages/airflow/example_dags/example_xcom.py
[2025-02-14 14:30:42,933] {logging_mixin.py:115} INFO - [2025-02-14 14:30:42,933] {dag.py:2420} INFO - Sync 1 DAGs
[2025-02-14 14:30:42,950] {logging_mixin.py:115} INFO - [2025-02-14 14:30:42,950] {dag.py:2968} INFO - Setting next_dagrun for example_xcom to 2021-01-01T00:00:00+00:00, run_after=2021-01-01T00:00:00+00:00
[2025-02-14 14:30:42,971] {processor.py:161} INFO - Processing /opt/conda/lib/python3.8/site-packages/airflow/example_dags/example_xcom.py took 0.189 seconds
[2025-02-14 14:31:23,304] {processor.py:153} INFO - Started process (PID=4157) to work on /opt/conda/lib/python3.8/site-packages/airflow/example_dags/example_xcom.py
[2025-02-14 14:31:23,306] {processor.py:641} INFO - Processing file /opt/conda/lib/python3.8/site-packages/airflow/example_dags/example_xcom.py for tasks to queue
[2025-02-14 14:31:23,306] {logging_mixin.py:115} INFO - [2025-02-14 14:31:23,306] {dagbag.py:508} INFO - Filling up the DagBag from /opt/conda/lib/python3.8/site-packages/airflow/example_dags/example_xcom.py
[2025-02-14 14:31:23,325] {processor.py:651} INFO - DAG(s) dict_keys(['example_xcom']) retrieved from /opt/conda/lib/python3.8/site-packages/airflow/example_dags/example_xcom.py
[2025-02-14 14:31:23,341] {logging_mixin.py:115} INFO - [2025-02-14 14:31:23,341] {dag.py:2420} INFO - Sync 1 DAGs
[2025-02-14 14:31:23,359] {logging_mixin.py:115} INFO - [2025-02-14 14:31:23,359] {dag.py:2968} INFO - Setting next_dagrun for example_xcom to 2021-01-01T00:00:00+00:00, run_after=2021-01-01T00:00:00+00:00
[2025-02-14 14:31:23,380] {processor.py:161} INFO - Processing /opt/conda/lib/python3.8/site-packages/airflow/example_dags/example_xcom.py took 0.079 seconds
[2025-02-14 14:33:20,530] {processor.py:153} INFO - Started process (PID=4351) to work on /opt/conda/lib/python3.8/site-packages/airflow/example_dags/example_xcom.py
[2025-02-14 14:33:20,531] {processor.py:641} INFO - Processing file /opt/conda/lib/python3.8/site-packages/airflow/example_dags/example_xcom.py for tasks to queue
[2025-02-14 14:33:20,532] {logging_mixin.py:115} INFO - [2025-02-14 14:33:20,532] {dagbag.py:508} INFO - Filling up the DagBag from /opt/conda/lib/python3.8/site-packages/airflow/example_dags/example_xcom.py
[2025-02-14 14:33:20,551] {processor.py:651} INFO - DAG(s) dict_keys(['example_xcom']) retrieved from /opt/conda/lib/python3.8/site-packages/airflow/example_dags/example_xcom.py
[2025-02-14 14:33:20,594] {logging_mixin.py:115} INFO - [2025-02-14 14:33:20,594] {dag.py:2420} INFO - Sync 1 DAGs
[2025-02-14 14:33:20,611] {logging_mixin.py:115} INFO - [2025-02-14 14:33:20,611] {dag.py:2968} INFO - Setting next_dagrun for example_xcom to 2021-01-01T00:00:00+00:00, run_after=2021-01-01T00:00:00+00:00
[2025-02-14 14:33:20,631] {processor.py:161} INFO - Processing /opt/conda/lib/python3.8/site-packages/airflow/example_dags/example_xcom.py took 0.104 seconds
[2025-02-14 14:34:01,722] {processor.py:153} INFO - Started process (PID=4405) to work on /opt/conda/lib/python3.8/site-packages/airflow/example_dags/example_xcom.py
[2025-02-14 14:34:01,723] {processor.py:641} INFO - Processing file /opt/conda/lib/python3.8/site-packages/airflow/example_dags/example_xcom.py for tasks to queue
[2025-02-14 14:34:01,723] {logging_mixin.py:115} INFO - [2025-02-14 14:34:01,723] {dagbag.py:508} INFO - Filling up the DagBag from /opt/conda/lib/python3.8/site-packages/airflow/example_dags/example_xcom.py
[2025-02-14 14:34:01,743] {processor.py:651} INFO - DAG(s) dict_keys(['example_xcom']) retrieved from /opt/conda/lib/python3.8/site-packages/airflow/example_dags/example_xcom.py
[2025-02-14 14:34:01,786] {logging_mixin.py:115} INFO - [2025-02-14 14:34:01,786] {dag.py:2420} INFO - Sync 1 DAGs
[2025-02-14 14:34:01,799] {logging_mixin.py:115} INFO - [2025-02-14 14:34:01,798] {dag.py:2968} INFO - Setting next_dagrun for example_xcom to 2021-01-01T00:00:00+00:00, run_after=2021-01-01T00:00:00+00:00
[2025-02-14 14:34:01,819] {processor.py:161} INFO - Processing /opt/conda/lib/python3.8/site-packages/airflow/example_dags/example_xcom.py took 0.100 seconds
[2025-02-14 14:34:48,234] {processor.py:153} INFO - Started process (PID=4464) to work on /opt/conda/lib/python3.8/site-packages/airflow/example_dags/example_xcom.py
[2025-02-14 14:34:48,236] {processor.py:641} INFO - Processing file /opt/conda/lib/python3.8/site-packages/airflow/example_dags/example_xcom.py for tasks to queue
[2025-02-14 14:34:48,236] {logging_mixin.py:115} INFO - [2025-02-14 14:34:48,236] {dagbag.py:508} INFO - Filling up the DagBag from /opt/conda/lib/python3.8/site-packages/airflow/example_dags/example_xcom.py
[2025-02-14 14:34:48,255] {processor.py:651} INFO - DAG(s) dict_keys(['example_xcom']) retrieved from /opt/conda/lib/python3.8/site-packages/airflow/example_dags/example_xcom.py
[2025-02-14 14:34:48,289] {logging_mixin.py:115} INFO - [2025-02-14 14:34:48,289] {dag.py:2420} INFO - Sync 1 DAGs
[2025-02-14 14:34:48,301] {logging_mixin.py:115} INFO - [2025-02-14 14:34:48,301] {dag.py:2968} INFO - Setting next_dagrun for example_xcom to 2021-01-01T00:00:00+00:00, run_after=2021-01-01T00:00:00+00:00
[2025-02-14 14:34:48,328] {processor.py:161} INFO - Processing /opt/conda/lib/python3.8/site-packages/airflow/example_dags/example_xcom.py took 0.097 seconds
[2025-02-14 14:35:26,393] {processor.py:153} INFO - Started process (PID=4518) to work on /opt/conda/lib/python3.8/site-packages/airflow/example_dags/example_xcom.py
[2025-02-14 14:35:26,394] {processor.py:641} INFO - Processing file /opt/conda/lib/python3.8/site-packages/airflow/example_dags/example_xcom.py for tasks to queue
[2025-02-14 14:35:26,395] {logging_mixin.py:115} INFO - [2025-02-14 14:35:26,394] {dagbag.py:508} INFO - Filling up the DagBag from /opt/conda/lib/python3.8/site-packages/airflow/example_dags/example_xcom.py
[2025-02-14 14:35:26,414] {processor.py:651} INFO - DAG(s) dict_keys(['example_xcom']) retrieved from /opt/conda/lib/python3.8/site-packages/airflow/example_dags/example_xcom.py
[2025-02-14 14:35:26,430] {logging_mixin.py:115} INFO - [2025-02-14 14:35:26,430] {dag.py:2420} INFO - Sync 1 DAGs
[2025-02-14 14:35:26,447] {logging_mixin.py:115} INFO - [2025-02-14 14:35:26,447] {dag.py:2968} INFO - Setting next_dagrun for example_xcom to 2021-01-01T00:00:00+00:00, run_after=2021-01-01T00:00:00+00:00
[2025-02-14 14:35:26,470] {processor.py:161} INFO - Processing /opt/conda/lib/python3.8/site-packages/airflow/example_dags/example_xcom.py took 0.080 seconds
[2025-02-14 14:36:05,614] {processor.py:153} INFO - Started process (PID=4571) to work on /opt/conda/lib/python3.8/site-packages/airflow/example_dags/example_xcom.py
[2025-02-14 14:36:05,615] {processor.py:641} INFO - Processing file /opt/conda/lib/python3.8/site-packages/airflow/example_dags/example_xcom.py for tasks to queue
[2025-02-14 14:36:05,616] {logging_mixin.py:115} INFO - [2025-02-14 14:36:05,616] {dagbag.py:508} INFO - Filling up the DagBag from /opt/conda/lib/python3.8/site-packages/airflow/example_dags/example_xcom.py
[2025-02-14 14:36:05,635] {processor.py:651} INFO - DAG(s) dict_keys(['example_xcom']) retrieved from /opt/conda/lib/python3.8/site-packages/airflow/example_dags/example_xcom.py
[2025-02-14 14:36:05,652] {logging_mixin.py:115} INFO - [2025-02-14 14:36:05,652] {dag.py:2420} INFO - Sync 1 DAGs
[2025-02-14 14:36:05,669] {logging_mixin.py:115} INFO - [2025-02-14 14:36:05,669] {dag.py:2968} INFO - Setting next_dagrun for example_xcom to 2021-01-01T00:00:00+00:00, run_after=2021-01-01T00:00:00+00:00
[2025-02-14 14:36:05,690] {processor.py:161} INFO - Processing /opt/conda/lib/python3.8/site-packages/airflow/example_dags/example_xcom.py took 0.079 seconds
[2025-02-14 14:36:43,116] {processor.py:153} INFO - Started process (PID=4620) to work on /opt/conda/lib/python3.8/site-packages/airflow/example_dags/example_xcom.py
[2025-02-14 14:36:43,117] {processor.py:641} INFO - Processing file /opt/conda/lib/python3.8/site-packages/airflow/example_dags/example_xcom.py for tasks to queue
[2025-02-14 14:36:43,118] {logging_mixin.py:115} INFO - [2025-02-14 14:36:43,118] {dagbag.py:508} INFO - Filling up the DagBag from /opt/conda/lib/python3.8/site-packages/airflow/example_dags/example_xcom.py
[2025-02-14 14:36:43,136] {processor.py:651} INFO - DAG(s) dict_keys(['example_xcom']) retrieved from /opt/conda/lib/python3.8/site-packages/airflow/example_dags/example_xcom.py
[2025-02-14 14:36:43,149] {logging_mixin.py:115} INFO - [2025-02-14 14:36:43,149] {dag.py:2420} INFO - Sync 1 DAGs
[2025-02-14 14:36:43,163] {logging_mixin.py:115} INFO - [2025-02-14 14:36:43,163] {dag.py:2968} INFO - Setting next_dagrun for example_xcom to 2021-01-01T00:00:00+00:00, run_after=2021-01-01T00:00:00+00:00
[2025-02-14 14:36:43,183] {processor.py:161} INFO - Processing /opt/conda/lib/python3.8/site-packages/airflow/example_dags/example_xcom.py took 0.070 seconds
[2025-02-14 14:37:17,857] {processor.py:153} INFO - Started process (PID=4668) to work on /opt/conda/lib/python3.8/site-packages/airflow/example_dags/example_xcom.py
[2025-02-14 14:37:17,858] {processor.py:641} INFO - Processing file /opt/conda/lib/python3.8/site-packages/airflow/example_dags/example_xcom.py for tasks to queue
[2025-02-14 14:37:17,859] {logging_mixin.py:115} INFO - [2025-02-14 14:37:17,859] {dagbag.py:508} INFO - Filling up the DagBag from /opt/conda/lib/python3.8/site-packages/airflow/example_dags/example_xcom.py
[2025-02-14 14:37:17,878] {processor.py:651} INFO - DAG(s) dict_keys(['example_xcom']) retrieved from /opt/conda/lib/python3.8/site-packages/airflow/example_dags/example_xcom.py
[2025-02-14 14:37:17,894] {logging_mixin.py:115} INFO - [2025-02-14 14:37:17,894] {dag.py:2420} INFO - Sync 1 DAGs
[2025-02-14 14:37:17,911] {logging_mixin.py:115} INFO - [2025-02-14 14:37:17,911] {dag.py:2968} INFO - Setting next_dagrun for example_xcom to 2021-01-01T00:00:00+00:00, run_after=2021-01-01T00:00:00+00:00
[2025-02-14 14:37:17,932] {processor.py:161} INFO - Processing /opt/conda/lib/python3.8/site-packages/airflow/example_dags/example_xcom.py took 0.078 seconds
[2025-02-14 14:42:10,657] {processor.py:153} INFO - Started process (PID=4765) to work on /opt/conda/lib/python3.8/site-packages/airflow/example_dags/example_xcom.py
[2025-02-14 14:42:10,658] {processor.py:641} INFO - Processing file /opt/conda/lib/python3.8/site-packages/airflow/example_dags/example_xcom.py for tasks to queue
[2025-02-14 14:42:10,659] {logging_mixin.py:115} INFO - [2025-02-14 14:42:10,659] {dagbag.py:508} INFO - Filling up the DagBag from /opt/conda/lib/python3.8/site-packages/airflow/example_dags/example_xcom.py
[2025-02-14 14:42:10,801] {processor.py:651} INFO - DAG(s) dict_keys(['example_xcom']) retrieved from /opt/conda/lib/python3.8/site-packages/airflow/example_dags/example_xcom.py
[2025-02-14 14:42:10,832] {logging_mixin.py:115} INFO - [2025-02-14 14:42:10,831] {dag.py:2420} INFO - Sync 1 DAGs
[2025-02-14 14:42:10,843] {logging_mixin.py:115} INFO - [2025-02-14 14:42:10,843] {dag.py:2968} INFO - Setting next_dagrun for example_xcom to 2021-01-01T00:00:00+00:00, run_after=2021-01-01T00:00:00+00:00
[2025-02-14 14:42:10,865] {processor.py:161} INFO - Processing /opt/conda/lib/python3.8/site-packages/airflow/example_dags/example_xcom.py took 0.211 seconds
[2025-02-14 17:09:32,061] {processor.py:153} INFO - Started process (PID=6356) to work on /opt/conda/lib/python3.8/site-packages/airflow/example_dags/example_xcom.py
[2025-02-14 17:09:32,063] {processor.py:641} INFO - Processing file /opt/conda/lib/python3.8/site-packages/airflow/example_dags/example_xcom.py for tasks to queue
[2025-02-14 17:09:32,063] {logging_mixin.py:115} INFO - [2025-02-14 17:09:32,063] {dagbag.py:508} INFO - Filling up the DagBag from /opt/conda/lib/python3.8/site-packages/airflow/example_dags/example_xcom.py
[2025-02-14 17:09:32,273] {processor.py:651} INFO - DAG(s) dict_keys(['example_xcom']) retrieved from /opt/conda/lib/python3.8/site-packages/airflow/example_dags/example_xcom.py
[2025-02-14 17:09:32,318] {logging_mixin.py:115} INFO - [2025-02-14 17:09:32,318] {dag.py:2420} INFO - Sync 1 DAGs
[2025-02-14 17:09:32,337] {logging_mixin.py:115} INFO - [2025-02-14 17:09:32,337] {dag.py:2968} INFO - Setting next_dagrun for example_xcom to 2021-01-01T00:00:00+00:00, run_after=2021-01-01T00:00:00+00:00
[2025-02-14 17:09:32,361] {processor.py:161} INFO - Processing /opt/conda/lib/python3.8/site-packages/airflow/example_dags/example_xcom.py took 0.303 seconds
[2025-02-14 17:10:56,559] {processor.py:153} INFO - Started process (PID=6502) to work on /opt/conda/lib/python3.8/site-packages/airflow/example_dags/example_xcom.py
[2025-02-14 17:10:56,561] {processor.py:641} INFO - Processing file /opt/conda/lib/python3.8/site-packages/airflow/example_dags/example_xcom.py for tasks to queue
[2025-02-14 17:10:56,562] {logging_mixin.py:115} INFO - [2025-02-14 17:10:56,561] {dagbag.py:508} INFO - Filling up the DagBag from /opt/conda/lib/python3.8/site-packages/airflow/example_dags/example_xcom.py
[2025-02-14 17:10:56,768] {processor.py:651} INFO - DAG(s) dict_keys(['example_xcom']) retrieved from /opt/conda/lib/python3.8/site-packages/airflow/example_dags/example_xcom.py
[2025-02-14 17:10:56,813] {logging_mixin.py:115} INFO - [2025-02-14 17:10:56,813] {dag.py:2420} INFO - Sync 1 DAGs
[2025-02-14 17:10:56,832] {logging_mixin.py:115} INFO - [2025-02-14 17:10:56,831] {dag.py:2968} INFO - Setting next_dagrun for example_xcom to 2021-01-01T00:00:00+00:00, run_after=2021-01-01T00:00:00+00:00
[2025-02-14 17:10:56,857] {processor.py:161} INFO - Processing /opt/conda/lib/python3.8/site-packages/airflow/example_dags/example_xcom.py took 0.301 seconds
[2025-02-14 17:11:48,143] {processor.py:153} INFO - Started process (PID=6575) to work on /opt/conda/lib/python3.8/site-packages/airflow/example_dags/example_xcom.py
[2025-02-14 17:11:48,144] {processor.py:641} INFO - Processing file /opt/conda/lib/python3.8/site-packages/airflow/example_dags/example_xcom.py for tasks to queue
[2025-02-14 17:11:48,145] {logging_mixin.py:115} INFO - [2025-02-14 17:11:48,145] {dagbag.py:508} INFO - Filling up the DagBag from /opt/conda/lib/python3.8/site-packages/airflow/example_dags/example_xcom.py
[2025-02-14 17:11:48,351] {processor.py:651} INFO - DAG(s) dict_keys(['example_xcom']) retrieved from /opt/conda/lib/python3.8/site-packages/airflow/example_dags/example_xcom.py
[2025-02-14 17:11:48,365] {logging_mixin.py:115} INFO - [2025-02-14 17:11:48,364] {dag.py:2420} INFO - Sync 1 DAGs
[2025-02-14 17:11:48,382] {logging_mixin.py:115} INFO - [2025-02-14 17:11:48,382] {dag.py:2968} INFO - Setting next_dagrun for example_xcom to 2021-01-01T00:00:00+00:00, run_after=2021-01-01T00:00:00+00:00
[2025-02-14 17:11:48,407] {processor.py:161} INFO - Processing /opt/conda/lib/python3.8/site-packages/airflow/example_dags/example_xcom.py took 0.267 seconds
[2025-02-14 17:12:44,903] {processor.py:153} INFO - Started process (PID=6648) to work on /opt/conda/lib/python3.8/site-packages/airflow/example_dags/example_xcom.py
[2025-02-14 17:12:44,905] {processor.py:641} INFO - Processing file /opt/conda/lib/python3.8/site-packages/airflow/example_dags/example_xcom.py for tasks to queue
[2025-02-14 17:12:44,905] {logging_mixin.py:115} INFO - [2025-02-14 17:12:44,905] {dagbag.py:508} INFO - Filling up the DagBag from /opt/conda/lib/python3.8/site-packages/airflow/example_dags/example_xcom.py
[2025-02-14 17:12:45,113] {processor.py:651} INFO - DAG(s) dict_keys(['example_xcom']) retrieved from /opt/conda/lib/python3.8/site-packages/airflow/example_dags/example_xcom.py
[2025-02-14 17:12:45,159] {logging_mixin.py:115} INFO - [2025-02-14 17:12:45,159] {dag.py:2420} INFO - Sync 1 DAGs
[2025-02-14 17:12:45,177] {logging_mixin.py:115} INFO - [2025-02-14 17:12:45,177] {dag.py:2968} INFO - Setting next_dagrun for example_xcom to 2021-01-01T00:00:00+00:00, run_after=2021-01-01T00:00:00+00:00
[2025-02-14 17:12:45,202] {processor.py:161} INFO - Processing /opt/conda/lib/python3.8/site-packages/airflow/example_dags/example_xcom.py took 0.302 seconds
[2025-02-14 17:13:36,880] {processor.py:153} INFO - Started process (PID=6718) to work on /opt/conda/lib/python3.8/site-packages/airflow/example_dags/example_xcom.py
[2025-02-14 17:13:36,881] {processor.py:641} INFO - Processing file /opt/conda/lib/python3.8/site-packages/airflow/example_dags/example_xcom.py for tasks to queue
[2025-02-14 17:13:36,882] {logging_mixin.py:115} INFO - [2025-02-14 17:13:36,882] {dagbag.py:508} INFO - Filling up the DagBag from /opt/conda/lib/python3.8/site-packages/airflow/example_dags/example_xcom.py
[2025-02-14 17:13:37,088] {processor.py:651} INFO - DAG(s) dict_keys(['example_xcom']) retrieved from /opt/conda/lib/python3.8/site-packages/airflow/example_dags/example_xcom.py
[2025-02-14 17:13:37,102] {logging_mixin.py:115} INFO - [2025-02-14 17:13:37,102] {dag.py:2420} INFO - Sync 1 DAGs
[2025-02-14 17:13:37,120] {logging_mixin.py:115} INFO - [2025-02-14 17:13:37,120] {dag.py:2968} INFO - Setting next_dagrun for example_xcom to 2021-01-01T00:00:00+00:00, run_after=2021-01-01T00:00:00+00:00
[2025-02-14 17:13:37,143] {processor.py:161} INFO - Processing /opt/conda/lib/python3.8/site-packages/airflow/example_dags/example_xcom.py took 0.266 seconds
[2025-02-14 17:14:24,750] {processor.py:153} INFO - Started process (PID=6788) to work on /opt/conda/lib/python3.8/site-packages/airflow/example_dags/example_xcom.py
[2025-02-14 17:14:24,752] {processor.py:641} INFO - Processing file /opt/conda/lib/python3.8/site-packages/airflow/example_dags/example_xcom.py for tasks to queue
[2025-02-14 17:14:24,753] {logging_mixin.py:115} INFO - [2025-02-14 17:14:24,753] {dagbag.py:508} INFO - Filling up the DagBag from /opt/conda/lib/python3.8/site-packages/airflow/example_dags/example_xcom.py
[2025-02-14 17:14:24,774] {processor.py:651} INFO - DAG(s) dict_keys(['example_xcom']) retrieved from /opt/conda/lib/python3.8/site-packages/airflow/example_dags/example_xcom.py
[2025-02-14 17:14:24,826] {logging_mixin.py:115} INFO - [2025-02-14 17:14:24,826] {dag.py:2420} INFO - Sync 1 DAGs
[2025-02-14 17:14:24,846] {logging_mixin.py:115} INFO - [2025-02-14 17:14:24,846] {dag.py:2968} INFO - Setting next_dagrun for example_xcom to 2021-01-01T00:00:00+00:00, run_after=2021-01-01T00:00:00+00:00
[2025-02-14 17:14:24,869] {processor.py:161} INFO - Processing /opt/conda/lib/python3.8/site-packages/airflow/example_dags/example_xcom.py took 0.123 seconds
[2025-02-14 17:15:15,404] {processor.py:153} INFO - Started process (PID=6870) to work on /opt/conda/lib/python3.8/site-packages/airflow/example_dags/example_xcom.py
[2025-02-14 17:15:15,406] {processor.py:641} INFO - Processing file /opt/conda/lib/python3.8/site-packages/airflow/example_dags/example_xcom.py for tasks to queue
[2025-02-14 17:15:15,407] {logging_mixin.py:115} INFO - [2025-02-14 17:15:15,407] {dagbag.py:508} INFO - Filling up the DagBag from /opt/conda/lib/python3.8/site-packages/airflow/example_dags/example_xcom.py
[2025-02-14 17:15:15,429] {processor.py:651} INFO - DAG(s) dict_keys(['example_xcom']) retrieved from /opt/conda/lib/python3.8/site-packages/airflow/example_dags/example_xcom.py
[2025-02-14 17:15:15,480] {logging_mixin.py:115} INFO - [2025-02-14 17:15:15,480] {dag.py:2420} INFO - Sync 1 DAGs
[2025-02-14 17:15:15,501] {logging_mixin.py:115} INFO - [2025-02-14 17:15:15,501] {dag.py:2968} INFO - Setting next_dagrun for example_xcom to 2021-01-01T00:00:00+00:00, run_after=2021-01-01T00:00:00+00:00
[2025-02-14 17:15:15,527] {processor.py:161} INFO - Processing /opt/conda/lib/python3.8/site-packages/airflow/example_dags/example_xcom.py took 0.126 seconds
[2025-02-14 17:16:00,936] {processor.py:153} INFO - Started process (PID=7109) to work on /opt/conda/lib/python3.8/site-packages/airflow/example_dags/example_xcom.py
[2025-02-14 17:16:00,938] {processor.py:641} INFO - Processing file /opt/conda/lib/python3.8/site-packages/airflow/example_dags/example_xcom.py for tasks to queue
[2025-02-14 17:16:00,938] {logging_mixin.py:115} INFO - [2025-02-14 17:16:00,938] {dagbag.py:508} INFO - Filling up the DagBag from /opt/conda/lib/python3.8/site-packages/airflow/example_dags/example_xcom.py
[2025-02-14 17:16:00,960] {processor.py:651} INFO - DAG(s) dict_keys(['example_xcom']) retrieved from /opt/conda/lib/python3.8/site-packages/airflow/example_dags/example_xcom.py
[2025-02-14 17:16:00,979] {logging_mixin.py:115} INFO - [2025-02-14 17:16:00,979] {dag.py:2420} INFO - Sync 1 DAGs
[2025-02-14 17:16:00,999] {logging_mixin.py:115} INFO - [2025-02-14 17:16:00,999] {dag.py:2968} INFO - Setting next_dagrun for example_xcom to 2021-01-01T00:00:00+00:00, run_after=2021-01-01T00:00:00+00:00
[2025-02-14 17:16:01,022] {processor.py:161} INFO - Processing /opt/conda/lib/python3.8/site-packages/airflow/example_dags/example_xcom.py took 0.089 seconds
[2025-02-14 17:16:46,992] {processor.py:153} INFO - Started process (PID=7188) to work on /opt/conda/lib/python3.8/site-packages/airflow/example_dags/example_xcom.py
[2025-02-14 17:16:46,994] {processor.py:641} INFO - Processing file /opt/conda/lib/python3.8/site-packages/airflow/example_dags/example_xcom.py for tasks to queue
[2025-02-14 17:16:46,995] {logging_mixin.py:115} INFO - [2025-02-14 17:16:46,995] {dagbag.py:508} INFO - Filling up the DagBag from /opt/conda/lib/python3.8/site-packages/airflow/example_dags/example_xcom.py
[2025-02-14 17:16:47,015] {processor.py:651} INFO - DAG(s) dict_keys(['example_xcom']) retrieved from /opt/conda/lib/python3.8/site-packages/airflow/example_dags/example_xcom.py
[2025-02-14 17:16:47,032] {logging_mixin.py:115} INFO - [2025-02-14 17:16:47,032] {dag.py:2420} INFO - Sync 1 DAGs
[2025-02-14 17:16:47,050] {logging_mixin.py:115} INFO - [2025-02-14 17:16:47,050] {dag.py:2968} INFO - Setting next_dagrun for example_xcom to 2021-01-01T00:00:00+00:00, run_after=2021-01-01T00:00:00+00:00
[2025-02-14 17:16:47,069] {processor.py:161} INFO - Processing /opt/conda/lib/python3.8/site-packages/airflow/example_dags/example_xcom.py took 0.080 seconds
[2025-02-14 18:18:04,060] {processor.py:153} INFO - Started process (PID=7897) to work on /opt/conda/lib/python3.8/site-packages/airflow/example_dags/example_xcom.py
[2025-02-14 18:18:04,061] {processor.py:641} INFO - Processing file /opt/conda/lib/python3.8/site-packages/airflow/example_dags/example_xcom.py for tasks to queue
[2025-02-14 18:18:04,062] {logging_mixin.py:115} INFO - [2025-02-14 18:18:04,062] {dagbag.py:508} INFO - Filling up the DagBag from /opt/conda/lib/python3.8/site-packages/airflow/example_dags/example_xcom.py
[2025-02-14 18:18:04,259] {processor.py:651} INFO - DAG(s) dict_keys(['example_xcom']) retrieved from /opt/conda/lib/python3.8/site-packages/airflow/example_dags/example_xcom.py
[2025-02-14 18:18:04,304] {logging_mixin.py:115} INFO - [2025-02-14 18:18:04,304] {dag.py:2420} INFO - Sync 1 DAGs
[2025-02-14 18:18:04,322] {logging_mixin.py:115} INFO - [2025-02-14 18:18:04,322] {dag.py:2968} INFO - Setting next_dagrun for example_xcom to 2021-01-01T00:00:00+00:00, run_after=2021-01-01T00:00:00+00:00
[2025-02-14 18:18:04,348] {processor.py:161} INFO - Processing /opt/conda/lib/python3.8/site-packages/airflow/example_dags/example_xcom.py took 0.292 seconds
[2025-02-14 18:19:21,623] {processor.py:153} INFO - Started process (PID=8037) to work on /opt/conda/lib/python3.8/site-packages/airflow/example_dags/example_xcom.py
[2025-02-14 18:19:21,625] {processor.py:641} INFO - Processing file /opt/conda/lib/python3.8/site-packages/airflow/example_dags/example_xcom.py for tasks to queue
[2025-02-14 18:19:21,626] {logging_mixin.py:115} INFO - [2025-02-14 18:19:21,625] {dagbag.py:508} INFO - Filling up the DagBag from /opt/conda/lib/python3.8/site-packages/airflow/example_dags/example_xcom.py
[2025-02-14 18:19:21,823] {processor.py:651} INFO - DAG(s) dict_keys(['example_xcom']) retrieved from /opt/conda/lib/python3.8/site-packages/airflow/example_dags/example_xcom.py
[2025-02-14 18:19:21,868] {logging_mixin.py:115} INFO - [2025-02-14 18:19:21,868] {dag.py:2420} INFO - Sync 1 DAGs
[2025-02-14 18:19:21,887] {logging_mixin.py:115} INFO - [2025-02-14 18:19:21,887] {dag.py:2968} INFO - Setting next_dagrun for example_xcom to 2021-01-01T00:00:00+00:00, run_after=2021-01-01T00:00:00+00:00
[2025-02-14 18:19:21,912] {processor.py:161} INFO - Processing /opt/conda/lib/python3.8/site-packages/airflow/example_dags/example_xcom.py took 0.292 seconds
[2025-02-14 18:20:32,868] {processor.py:153} INFO - Started process (PID=8159) to work on /opt/conda/lib/python3.8/site-packages/airflow/example_dags/example_xcom.py
[2025-02-14 18:20:32,870] {processor.py:641} INFO - Processing file /opt/conda/lib/python3.8/site-packages/airflow/example_dags/example_xcom.py for tasks to queue
[2025-02-14 18:20:32,870] {logging_mixin.py:115} INFO - [2025-02-14 18:20:32,870] {dagbag.py:508} INFO - Filling up the DagBag from /opt/conda/lib/python3.8/site-packages/airflow/example_dags/example_xcom.py
[2025-02-14 18:20:33,070] {processor.py:651} INFO - DAG(s) dict_keys(['example_xcom']) retrieved from /opt/conda/lib/python3.8/site-packages/airflow/example_dags/example_xcom.py
[2025-02-14 18:20:33,084] {logging_mixin.py:115} INFO - [2025-02-14 18:20:33,084] {dag.py:2420} INFO - Sync 1 DAGs
[2025-02-14 18:20:33,102] {logging_mixin.py:115} INFO - [2025-02-14 18:20:33,102] {dag.py:2968} INFO - Setting next_dagrun for example_xcom to 2021-01-01T00:00:00+00:00, run_after=2021-01-01T00:00:00+00:00
[2025-02-14 18:20:33,125] {processor.py:161} INFO - Processing /opt/conda/lib/python3.8/site-packages/airflow/example_dags/example_xcom.py took 0.260 seconds
[2025-02-14 18:21:49,097] {processor.py:153} INFO - Started process (PID=8294) to work on /opt/conda/lib/python3.8/site-packages/airflow/example_dags/example_xcom.py
[2025-02-14 18:21:49,099] {processor.py:641} INFO - Processing file /opt/conda/lib/python3.8/site-packages/airflow/example_dags/example_xcom.py for tasks to queue
[2025-02-14 18:21:49,100] {logging_mixin.py:115} INFO - [2025-02-14 18:21:49,100] {dagbag.py:508} INFO - Filling up the DagBag from /opt/conda/lib/python3.8/site-packages/airflow/example_dags/example_xcom.py
[2025-02-14 18:21:49,123] {processor.py:651} INFO - DAG(s) dict_keys(['example_xcom']) retrieved from /opt/conda/lib/python3.8/site-packages/airflow/example_dags/example_xcom.py
[2025-02-14 18:21:49,174] {logging_mixin.py:115} INFO - [2025-02-14 18:21:49,174] {dag.py:2420} INFO - Sync 1 DAGs
[2025-02-14 18:21:49,194] {logging_mixin.py:115} INFO - [2025-02-14 18:21:49,194] {dag.py:2968} INFO - Setting next_dagrun for example_xcom to 2021-01-01T00:00:00+00:00, run_after=2021-01-01T00:00:00+00:00
[2025-02-14 18:21:49,220] {processor.py:161} INFO - Processing /opt/conda/lib/python3.8/site-packages/airflow/example_dags/example_xcom.py took 0.126 seconds
[2025-02-14 18:22:51,018] {processor.py:153} INFO - Started process (PID=8409) to work on /opt/conda/lib/python3.8/site-packages/airflow/example_dags/example_xcom.py
[2025-02-14 18:22:51,021] {processor.py:641} INFO - Processing file /opt/conda/lib/python3.8/site-packages/airflow/example_dags/example_xcom.py for tasks to queue
[2025-02-14 18:22:51,021] {logging_mixin.py:115} INFO - [2025-02-14 18:22:51,021] {dagbag.py:508} INFO - Filling up the DagBag from /opt/conda/lib/python3.8/site-packages/airflow/example_dags/example_xcom.py
[2025-02-14 18:22:51,044] {processor.py:651} INFO - DAG(s) dict_keys(['example_xcom']) retrieved from /opt/conda/lib/python3.8/site-packages/airflow/example_dags/example_xcom.py
[2025-02-14 18:22:51,096] {logging_mixin.py:115} INFO - [2025-02-14 18:22:51,096] {dag.py:2420} INFO - Sync 1 DAGs
[2025-02-14 18:22:51,116] {logging_mixin.py:115} INFO - [2025-02-14 18:22:51,116] {dag.py:2968} INFO - Setting next_dagrun for example_xcom to 2021-01-01T00:00:00+00:00, run_after=2021-01-01T00:00:00+00:00
[2025-02-14 18:22:51,142] {processor.py:161} INFO - Processing /opt/conda/lib/python3.8/site-packages/airflow/example_dags/example_xcom.py took 0.127 seconds
[2025-02-14 18:23:54,370] {processor.py:153} INFO - Started process (PID=8537) to work on /opt/conda/lib/python3.8/site-packages/airflow/example_dags/example_xcom.py
[2025-02-14 18:23:54,372] {processor.py:641} INFO - Processing file /opt/conda/lib/python3.8/site-packages/airflow/example_dags/example_xcom.py for tasks to queue
[2025-02-14 18:23:54,372] {logging_mixin.py:115} INFO - [2025-02-14 18:23:54,372] {dagbag.py:508} INFO - Filling up the DagBag from /opt/conda/lib/python3.8/site-packages/airflow/example_dags/example_xcom.py
[2025-02-14 18:23:54,395] {processor.py:651} INFO - DAG(s) dict_keys(['example_xcom']) retrieved from /opt/conda/lib/python3.8/site-packages/airflow/example_dags/example_xcom.py
[2025-02-14 18:23:54,416] {logging_mixin.py:115} INFO - [2025-02-14 18:23:54,415] {dag.py:2420} INFO - Sync 1 DAGs
[2025-02-14 18:23:54,437] {logging_mixin.py:115} INFO - [2025-02-14 18:23:54,437] {dag.py:2968} INFO - Setting next_dagrun for example_xcom to 2021-01-01T00:00:00+00:00, run_after=2021-01-01T00:00:00+00:00
[2025-02-14 18:23:54,462] {processor.py:161} INFO - Processing /opt/conda/lib/python3.8/site-packages/airflow/example_dags/example_xcom.py took 0.095 seconds
[2025-02-14 18:30:19,721] {processor.py:153} INFO - Started process (PID=8811) to work on /opt/conda/lib/python3.8/site-packages/airflow/example_dags/example_xcom.py
[2025-02-14 18:30:19,722] {processor.py:641} INFO - Processing file /opt/conda/lib/python3.8/site-packages/airflow/example_dags/example_xcom.py for tasks to queue
[2025-02-14 18:30:19,723] {logging_mixin.py:115} INFO - [2025-02-14 18:30:19,723] {dagbag.py:508} INFO - Filling up the DagBag from /opt/conda/lib/python3.8/site-packages/airflow/example_dags/example_xcom.py
[2025-02-14 18:30:19,872] {processor.py:651} INFO - DAG(s) dict_keys(['example_xcom']) retrieved from /opt/conda/lib/python3.8/site-packages/airflow/example_dags/example_xcom.py
[2025-02-14 18:30:19,910] {logging_mixin.py:115} INFO - [2025-02-14 18:30:19,910] {dag.py:2420} INFO - Sync 1 DAGs
[2025-02-14 18:30:19,922] {logging_mixin.py:115} INFO - [2025-02-14 18:30:19,922] {dag.py:2968} INFO - Setting next_dagrun for example_xcom to 2021-01-01T00:00:00+00:00, run_after=2021-01-01T00:00:00+00:00
[2025-02-14 18:30:19,941] {processor.py:161} INFO - Processing /opt/conda/lib/python3.8/site-packages/airflow/example_dags/example_xcom.py took 0.224 seconds
[2025-02-14 18:32:00,312] {processor.py:153} INFO - Started process (PID=9081) to work on /opt/conda/lib/python3.8/site-packages/airflow/example_dags/example_xcom.py
[2025-02-14 18:32:00,314] {processor.py:641} INFO - Processing file /opt/conda/lib/python3.8/site-packages/airflow/example_dags/example_xcom.py for tasks to queue
[2025-02-14 18:32:00,314] {logging_mixin.py:115} INFO - [2025-02-14 18:32:00,314] {dagbag.py:508} INFO - Filling up the DagBag from /opt/conda/lib/python3.8/site-packages/airflow/example_dags/example_xcom.py
[2025-02-14 18:32:00,449] {processor.py:651} INFO - DAG(s) dict_keys(['example_xcom']) retrieved from /opt/conda/lib/python3.8/site-packages/airflow/example_dags/example_xcom.py
[2025-02-14 18:32:00,476] {logging_mixin.py:115} INFO - [2025-02-14 18:32:00,476] {dag.py:2420} INFO - Sync 1 DAGs
[2025-02-14 18:32:00,487] {logging_mixin.py:115} INFO - [2025-02-14 18:32:00,487] {dag.py:2968} INFO - Setting next_dagrun for example_xcom to 2021-01-01T00:00:00+00:00, run_after=2021-01-01T00:00:00+00:00
[2025-02-14 18:32:00,508] {processor.py:161} INFO - Processing /opt/conda/lib/python3.8/site-packages/airflow/example_dags/example_xcom.py took 0.199 seconds
[2025-02-14 18:33:45,944] {processor.py:153} INFO - Started process (PID=9402) to work on /opt/conda/lib/python3.8/site-packages/airflow/example_dags/example_xcom.py
[2025-02-14 18:33:45,945] {processor.py:641} INFO - Processing file /opt/conda/lib/python3.8/site-packages/airflow/example_dags/example_xcom.py for tasks to queue
[2025-02-14 18:33:45,946] {logging_mixin.py:115} INFO - [2025-02-14 18:33:45,946] {dagbag.py:508} INFO - Filling up the DagBag from /opt/conda/lib/python3.8/site-packages/airflow/example_dags/example_xcom.py
[2025-02-14 18:33:46,083] {processor.py:651} INFO - DAG(s) dict_keys(['example_xcom']) retrieved from /opt/conda/lib/python3.8/site-packages/airflow/example_dags/example_xcom.py
[2025-02-14 18:33:46,110] {logging_mixin.py:115} INFO - [2025-02-14 18:33:46,110] {dag.py:2420} INFO - Sync 1 DAGs
[2025-02-14 18:33:46,121] {logging_mixin.py:115} INFO - [2025-02-14 18:33:46,121] {dag.py:2968} INFO - Setting next_dagrun for example_xcom to 2021-01-01T00:00:00+00:00, run_after=2021-01-01T00:00:00+00:00
[2025-02-14 18:33:46,142] {processor.py:161} INFO - Processing /opt/conda/lib/python3.8/site-packages/airflow/example_dags/example_xcom.py took 0.201 seconds
[2025-02-14 18:34:49,760] {processor.py:153} INFO - Started process (PID=9525) to work on /opt/conda/lib/python3.8/site-packages/airflow/example_dags/example_xcom.py
[2025-02-14 18:34:49,761] {processor.py:641} INFO - Processing file /opt/conda/lib/python3.8/site-packages/airflow/example_dags/example_xcom.py for tasks to queue
[2025-02-14 18:34:49,762] {logging_mixin.py:115} INFO - [2025-02-14 18:34:49,762] {dagbag.py:508} INFO - Filling up the DagBag from /opt/conda/lib/python3.8/site-packages/airflow/example_dags/example_xcom.py
[2025-02-14 18:34:49,781] {processor.py:651} INFO - DAG(s) dict_keys(['example_xcom']) retrieved from /opt/conda/lib/python3.8/site-packages/airflow/example_dags/example_xcom.py
[2025-02-14 18:34:49,823] {logging_mixin.py:115} INFO - [2025-02-14 18:34:49,823] {dag.py:2420} INFO - Sync 1 DAGs
[2025-02-14 18:34:49,835] {logging_mixin.py:115} INFO - [2025-02-14 18:34:49,835] {dag.py:2968} INFO - Setting next_dagrun for example_xcom to 2021-01-01T00:00:00+00:00, run_after=2021-01-01T00:00:00+00:00
[2025-02-14 18:34:49,855] {processor.py:161} INFO - Processing /opt/conda/lib/python3.8/site-packages/airflow/example_dags/example_xcom.py took 0.098 seconds
[2025-02-14 18:35:49,732] {processor.py:153} INFO - Started process (PID=9821) to work on /opt/conda/lib/python3.8/site-packages/airflow/example_dags/example_xcom.py
[2025-02-14 18:35:49,734] {processor.py:641} INFO - Processing file /opt/conda/lib/python3.8/site-packages/airflow/example_dags/example_xcom.py for tasks to queue
[2025-02-14 18:35:49,734] {logging_mixin.py:115} INFO - [2025-02-14 18:35:49,734] {dagbag.py:508} INFO - Filling up the DagBag from /opt/conda/lib/python3.8/site-packages/airflow/example_dags/example_xcom.py
[2025-02-14 18:35:49,753] {processor.py:651} INFO - DAG(s) dict_keys(['example_xcom']) retrieved from /opt/conda/lib/python3.8/site-packages/airflow/example_dags/example_xcom.py
[2025-02-14 18:35:49,797] {logging_mixin.py:115} INFO - [2025-02-14 18:35:49,797] {dag.py:2420} INFO - Sync 1 DAGs
[2025-02-14 18:35:49,813] {logging_mixin.py:115} INFO - [2025-02-14 18:35:49,813] {dag.py:2968} INFO - Setting next_dagrun for example_xcom to 2021-01-01T00:00:00+00:00, run_after=2021-01-01T00:00:00+00:00
[2025-02-14 18:35:49,839] {processor.py:161} INFO - Processing /opt/conda/lib/python3.8/site-packages/airflow/example_dags/example_xcom.py took 0.110 seconds
[2025-02-14 18:37:03,624] {processor.py:153} INFO - Started process (PID=10054) to work on /opt/conda/lib/python3.8/site-packages/airflow/example_dags/example_xcom.py
[2025-02-14 18:37:03,626] {processor.py:641} INFO - Processing file /opt/conda/lib/python3.8/site-packages/airflow/example_dags/example_xcom.py for tasks to queue
[2025-02-14 18:37:03,626] {logging_mixin.py:115} INFO - [2025-02-14 18:37:03,626] {dagbag.py:508} INFO - Filling up the DagBag from /opt/conda/lib/python3.8/site-packages/airflow/example_dags/example_xcom.py
[2025-02-14 18:37:03,644] {processor.py:651} INFO - DAG(s) dict_keys(['example_xcom']) retrieved from /opt/conda/lib/python3.8/site-packages/airflow/example_dags/example_xcom.py
[2025-02-14 18:40:14,940] {processor.py:153} INFO - Started process (PID=983) to work on /opt/conda/lib/python3.8/site-packages/airflow/example_dags/example_xcom.py
[2025-02-14 18:40:14,943] {processor.py:641} INFO - Processing file /opt/conda/lib/python3.8/site-packages/airflow/example_dags/example_xcom.py for tasks to queue
[2025-02-14 18:40:14,943] {logging_mixin.py:115} INFO - [2025-02-14 18:40:14,943] {dagbag.py:508} INFO - Filling up the DagBag from /opt/conda/lib/python3.8/site-packages/airflow/example_dags/example_xcom.py
[2025-02-14 18:40:15,088] {processor.py:651} INFO - DAG(s) dict_keys(['example_xcom']) retrieved from /opt/conda/lib/python3.8/site-packages/airflow/example_dags/example_xcom.py
[2025-02-14 18:40:15,116] {logging_mixin.py:115} INFO - [2025-02-14 18:40:15,116] {dag.py:2420} INFO - Sync 1 DAGs
[2025-02-14 18:40:15,127] {logging_mixin.py:115} INFO - [2025-02-14 18:40:15,127] {dag.py:2968} INFO - Setting next_dagrun for example_xcom to 2021-01-01T00:00:00+00:00, run_after=2021-01-01T00:00:00+00:00
[2025-02-14 18:40:15,148] {processor.py:161} INFO - Processing /opt/conda/lib/python3.8/site-packages/airflow/example_dags/example_xcom.py took 0.211 seconds
[2025-02-14 18:41:16,777] {processor.py:153} INFO - Started process (PID=1095) to work on /opt/conda/lib/python3.8/site-packages/airflow/example_dags/example_xcom.py
[2025-02-14 18:41:16,779] {processor.py:641} INFO - Processing file /opt/conda/lib/python3.8/site-packages/airflow/example_dags/example_xcom.py for tasks to queue
[2025-02-14 18:41:16,780] {logging_mixin.py:115} INFO - [2025-02-14 18:41:16,779] {dagbag.py:508} INFO - Filling up the DagBag from /opt/conda/lib/python3.8/site-packages/airflow/example_dags/example_xcom.py
[2025-02-14 18:41:16,921] {processor.py:651} INFO - DAG(s) dict_keys(['example_xcom']) retrieved from /opt/conda/lib/python3.8/site-packages/airflow/example_dags/example_xcom.py
[2025-02-14 18:41:16,950] {logging_mixin.py:115} INFO - [2025-02-14 18:41:16,950] {dag.py:2420} INFO - Sync 1 DAGs
[2025-02-14 18:41:16,962] {logging_mixin.py:115} INFO - [2025-02-14 18:41:16,962] {dag.py:2968} INFO - Setting next_dagrun for example_xcom to 2021-01-01T00:00:00+00:00, run_after=2021-01-01T00:00:00+00:00
[2025-02-14 18:41:16,984] {processor.py:161} INFO - Processing /opt/conda/lib/python3.8/site-packages/airflow/example_dags/example_xcom.py took 0.209 seconds
[2025-02-14 18:42:18,915] {processor.py:153} INFO - Started process (PID=1207) to work on /opt/conda/lib/python3.8/site-packages/airflow/example_dags/example_xcom.py
[2025-02-14 18:42:18,916] {processor.py:641} INFO - Processing file /opt/conda/lib/python3.8/site-packages/airflow/example_dags/example_xcom.py for tasks to queue
[2025-02-14 18:42:18,917] {logging_mixin.py:115} INFO - [2025-02-14 18:42:18,917] {dagbag.py:508} INFO - Filling up the DagBag from /opt/conda/lib/python3.8/site-packages/airflow/example_dags/example_xcom.py
[2025-02-14 18:42:19,052] {processor.py:651} INFO - DAG(s) dict_keys(['example_xcom']) retrieved from /opt/conda/lib/python3.8/site-packages/airflow/example_dags/example_xcom.py
[2025-02-14 18:42:19,061] {logging_mixin.py:115} INFO - [2025-02-14 18:42:19,061] {dag.py:2420} INFO - Sync 1 DAGs
[2025-02-14 18:42:19,072] {logging_mixin.py:115} INFO - [2025-02-14 18:42:19,072] {dag.py:2968} INFO - Setting next_dagrun for example_xcom to 2021-01-01T00:00:00+00:00, run_after=2021-01-01T00:00:00+00:00
[2025-02-14 18:42:19,113] {processor.py:161} INFO - Processing /opt/conda/lib/python3.8/site-packages/airflow/example_dags/example_xcom.py took 0.202 seconds
[2025-02-14 18:43:32,329] {processor.py:153} INFO - Started process (PID=1339) to work on /opt/conda/lib/python3.8/site-packages/airflow/example_dags/example_xcom.py
[2025-02-14 18:43:32,331] {processor.py:641} INFO - Processing file /opt/conda/lib/python3.8/site-packages/airflow/example_dags/example_xcom.py for tasks to queue
[2025-02-14 18:43:32,331] {logging_mixin.py:115} INFO - [2025-02-14 18:43:32,331] {dagbag.py:508} INFO - Filling up the DagBag from /opt/conda/lib/python3.8/site-packages/airflow/example_dags/example_xcom.py
[2025-02-14 18:43:32,466] {processor.py:651} INFO - DAG(s) dict_keys(['example_xcom']) retrieved from /opt/conda/lib/python3.8/site-packages/airflow/example_dags/example_xcom.py
[2025-02-14 18:43:32,475] {logging_mixin.py:115} INFO - [2025-02-14 18:43:32,475] {dag.py:2420} INFO - Sync 1 DAGs
[2025-02-14 18:43:32,486] {logging_mixin.py:115} INFO - [2025-02-14 18:43:32,486] {dag.py:2968} INFO - Setting next_dagrun for example_xcom to 2021-01-01T00:00:00+00:00, run_after=2021-01-01T00:00:00+00:00
[2025-02-14 18:43:32,538] {processor.py:161} INFO - Processing /opt/conda/lib/python3.8/site-packages/airflow/example_dags/example_xcom.py took 0.212 seconds
[2025-02-14 18:44:30,977] {processor.py:153} INFO - Started process (PID=1452) to work on /opt/conda/lib/python3.8/site-packages/airflow/example_dags/example_xcom.py
[2025-02-14 18:44:30,979] {processor.py:641} INFO - Processing file /opt/conda/lib/python3.8/site-packages/airflow/example_dags/example_xcom.py for tasks to queue
[2025-02-14 18:44:30,980] {logging_mixin.py:115} INFO - [2025-02-14 18:44:30,979] {dagbag.py:508} INFO - Filling up the DagBag from /opt/conda/lib/python3.8/site-packages/airflow/example_dags/example_xcom.py
[2025-02-14 18:44:30,999] {processor.py:651} INFO - DAG(s) dict_keys(['example_xcom']) retrieved from /opt/conda/lib/python3.8/site-packages/airflow/example_dags/example_xcom.py
[2025-02-14 18:44:31,041] {logging_mixin.py:115} INFO - [2025-02-14 18:44:31,041] {dag.py:2420} INFO - Sync 1 DAGs
[2025-02-14 18:44:31,053] {logging_mixin.py:115} INFO - [2025-02-14 18:44:31,053] {dag.py:2968} INFO - Setting next_dagrun for example_xcom to 2021-01-01T00:00:00+00:00, run_after=2021-01-01T00:00:00+00:00
[2025-02-14 18:44:31,074] {processor.py:161} INFO - Processing /opt/conda/lib/python3.8/site-packages/airflow/example_dags/example_xcom.py took 0.100 seconds
[2025-02-14 18:45:27,929] {processor.py:153} INFO - Started process (PID=1563) to work on /opt/conda/lib/python3.8/site-packages/airflow/example_dags/example_xcom.py
[2025-02-14 18:45:27,930] {processor.py:641} INFO - Processing file /opt/conda/lib/python3.8/site-packages/airflow/example_dags/example_xcom.py for tasks to queue
[2025-02-14 18:45:27,931] {logging_mixin.py:115} INFO - [2025-02-14 18:45:27,931] {dagbag.py:508} INFO - Filling up the DagBag from /opt/conda/lib/python3.8/site-packages/airflow/example_dags/example_xcom.py
[2025-02-14 18:45:27,949] {processor.py:651} INFO - DAG(s) dict_keys(['example_xcom']) retrieved from /opt/conda/lib/python3.8/site-packages/airflow/example_dags/example_xcom.py
[2025-02-14 18:45:27,984] {logging_mixin.py:115} INFO - [2025-02-14 18:45:27,983] {dag.py:2420} INFO - Sync 1 DAGs
[2025-02-14 18:45:27,996] {logging_mixin.py:115} INFO - [2025-02-14 18:45:27,995] {dag.py:2968} INFO - Setting next_dagrun for example_xcom to 2021-01-01T00:00:00+00:00, run_after=2021-01-01T00:00:00+00:00
[2025-02-14 18:45:28,019] {processor.py:161} INFO - Processing /opt/conda/lib/python3.8/site-packages/airflow/example_dags/example_xcom.py took 0.093 seconds
[2025-02-14 18:46:23,681] {processor.py:153} INFO - Started process (PID=1674) to work on /opt/conda/lib/python3.8/site-packages/airflow/example_dags/example_xcom.py
[2025-02-14 18:46:23,683] {processor.py:641} INFO - Processing file /opt/conda/lib/python3.8/site-packages/airflow/example_dags/example_xcom.py for tasks to queue
[2025-02-14 18:46:23,683] {logging_mixin.py:115} INFO - [2025-02-14 18:46:23,683] {dagbag.py:508} INFO - Filling up the DagBag from /opt/conda/lib/python3.8/site-packages/airflow/example_dags/example_xcom.py
[2025-02-14 18:46:23,702] {processor.py:651} INFO - DAG(s) dict_keys(['example_xcom']) retrieved from /opt/conda/lib/python3.8/site-packages/airflow/example_dags/example_xcom.py
[2025-02-14 18:46:23,743] {logging_mixin.py:115} INFO - [2025-02-14 18:46:23,743] {dag.py:2420} INFO - Sync 1 DAGs
[2025-02-14 18:46:23,755] {logging_mixin.py:115} INFO - [2025-02-14 18:46:23,755] {dag.py:2968} INFO - Setting next_dagrun for example_xcom to 2021-01-01T00:00:00+00:00, run_after=2021-01-01T00:00:00+00:00
[2025-02-14 18:46:23,796] {processor.py:161} INFO - Processing /opt/conda/lib/python3.8/site-packages/airflow/example_dags/example_xcom.py took 0.118 seconds
[2025-02-14 18:54:43,615] {processor.py:153} INFO - Started process (PID=2227) to work on /opt/conda/lib/python3.8/site-packages/airflow/example_dags/example_xcom.py
[2025-02-14 18:54:43,617] {processor.py:641} INFO - Processing file /opt/conda/lib/python3.8/site-packages/airflow/example_dags/example_xcom.py for tasks to queue
[2025-02-14 18:54:43,617] {logging_mixin.py:115} INFO - [2025-02-14 18:54:43,617] {dagbag.py:508} INFO - Filling up the DagBag from /opt/conda/lib/python3.8/site-packages/airflow/example_dags/example_xcom.py
[2025-02-14 18:54:43,635] {processor.py:651} INFO - DAG(s) dict_keys(['example_xcom']) retrieved from /opt/conda/lib/python3.8/site-packages/airflow/example_dags/example_xcom.py
[2025-02-14 18:54:43,668] {logging_mixin.py:115} INFO - [2025-02-14 18:54:43,668] {dag.py:2420} INFO - Sync 1 DAGs
[2025-02-14 18:54:43,679] {logging_mixin.py:115} INFO - [2025-02-14 18:54:43,679] {dag.py:2968} INFO - Setting next_dagrun for example_xcom to 2021-01-01T00:00:00+00:00, run_after=2021-01-01T00:00:00+00:00
[2025-02-14 18:54:43,701] {processor.py:161} INFO - Processing /opt/conda/lib/python3.8/site-packages/airflow/example_dags/example_xcom.py took 0.089 seconds
[2025-02-14 19:03:13,437] {processor.py:153} INFO - Started process (PID=2707) to work on /opt/conda/lib/python3.8/site-packages/airflow/example_dags/example_xcom.py
[2025-02-14 19:03:13,439] {processor.py:641} INFO - Processing file /opt/conda/lib/python3.8/site-packages/airflow/example_dags/example_xcom.py for tasks to queue
[2025-02-14 19:03:13,439] {logging_mixin.py:115} INFO - [2025-02-14 19:03:13,439] {dagbag.py:508} INFO - Filling up the DagBag from /opt/conda/lib/python3.8/site-packages/airflow/example_dags/example_xcom.py
[2025-02-14 19:03:13,581] {processor.py:651} INFO - DAG(s) dict_keys(['example_xcom']) retrieved from /opt/conda/lib/python3.8/site-packages/airflow/example_dags/example_xcom.py
[2025-02-14 19:03:13,610] {logging_mixin.py:115} INFO - [2025-02-14 19:03:13,610] {dag.py:2420} INFO - Sync 1 DAGs
[2025-02-14 19:03:13,621] {logging_mixin.py:115} INFO - [2025-02-14 19:03:13,621] {dag.py:2968} INFO - Setting next_dagrun for example_xcom to 2021-01-01T00:00:00+00:00, run_after=2021-01-01T00:00:00+00:00
[2025-02-14 19:03:13,643] {processor.py:161} INFO - Processing /opt/conda/lib/python3.8/site-packages/airflow/example_dags/example_xcom.py took 0.209 seconds
[2025-02-14 19:04:18,224] {processor.py:153} INFO - Started process (PID=2821) to work on /opt/conda/lib/python3.8/site-packages/airflow/example_dags/example_xcom.py
[2025-02-14 19:04:18,226] {processor.py:641} INFO - Processing file /opt/conda/lib/python3.8/site-packages/airflow/example_dags/example_xcom.py for tasks to queue
[2025-02-14 19:04:18,226] {logging_mixin.py:115} INFO - [2025-02-14 19:04:18,226] {dagbag.py:508} INFO - Filling up the DagBag from /opt/conda/lib/python3.8/site-packages/airflow/example_dags/example_xcom.py
[2025-02-14 19:04:18,361] {processor.py:651} INFO - DAG(s) dict_keys(['example_xcom']) retrieved from /opt/conda/lib/python3.8/site-packages/airflow/example_dags/example_xcom.py
[2025-02-14 19:04:18,390] {logging_mixin.py:115} INFO - [2025-02-14 19:04:18,390] {dag.py:2420} INFO - Sync 1 DAGs
[2025-02-14 19:04:18,401] {logging_mixin.py:115} INFO - [2025-02-14 19:04:18,401] {dag.py:2968} INFO - Setting next_dagrun for example_xcom to 2021-01-01T00:00:00+00:00, run_after=2021-01-01T00:00:00+00:00
[2025-02-14 19:04:18,422] {processor.py:161} INFO - Processing /opt/conda/lib/python3.8/site-packages/airflow/example_dags/example_xcom.py took 0.201 seconds
[2025-02-14 19:05:20,654] {processor.py:153} INFO - Started process (PID=2934) to work on /opt/conda/lib/python3.8/site-packages/airflow/example_dags/example_xcom.py
[2025-02-14 19:05:20,655] {processor.py:641} INFO - Processing file /opt/conda/lib/python3.8/site-packages/airflow/example_dags/example_xcom.py for tasks to queue
[2025-02-14 19:05:20,656] {logging_mixin.py:115} INFO - [2025-02-14 19:05:20,656] {dagbag.py:508} INFO - Filling up the DagBag from /opt/conda/lib/python3.8/site-packages/airflow/example_dags/example_xcom.py
[2025-02-14 19:05:20,793] {processor.py:651} INFO - DAG(s) dict_keys(['example_xcom']) retrieved from /opt/conda/lib/python3.8/site-packages/airflow/example_dags/example_xcom.py
[2025-02-14 19:05:20,822] {logging_mixin.py:115} INFO - [2025-02-14 19:05:20,822] {dag.py:2420} INFO - Sync 1 DAGs
[2025-02-14 19:05:20,834] {logging_mixin.py:115} INFO - [2025-02-14 19:05:20,834] {dag.py:2968} INFO - Setting next_dagrun for example_xcom to 2021-01-01T00:00:00+00:00, run_after=2021-01-01T00:00:00+00:00
[2025-02-14 19:05:20,855] {processor.py:161} INFO - Processing /opt/conda/lib/python3.8/site-packages/airflow/example_dags/example_xcom.py took 0.204 seconds
[2025-02-14 19:06:25,269] {processor.py:153} INFO - Started process (PID=3048) to work on /opt/conda/lib/python3.8/site-packages/airflow/example_dags/example_xcom.py
[2025-02-14 19:06:25,270] {processor.py:641} INFO - Processing file /opt/conda/lib/python3.8/site-packages/airflow/example_dags/example_xcom.py for tasks to queue
[2025-02-14 19:06:25,271] {logging_mixin.py:115} INFO - [2025-02-14 19:06:25,271] {dagbag.py:508} INFO - Filling up the DagBag from /opt/conda/lib/python3.8/site-packages/airflow/example_dags/example_xcom.py
[2025-02-14 19:06:25,416] {processor.py:651} INFO - DAG(s) dict_keys(['example_xcom']) retrieved from /opt/conda/lib/python3.8/site-packages/airflow/example_dags/example_xcom.py
[2025-02-14 19:06:25,445] {logging_mixin.py:115} INFO - [2025-02-14 19:06:25,445] {dag.py:2420} INFO - Sync 1 DAGs
[2025-02-14 19:06:25,457] {logging_mixin.py:115} INFO - [2025-02-14 19:06:25,456] {dag.py:2968} INFO - Setting next_dagrun for example_xcom to 2021-01-01T00:00:00+00:00, run_after=2021-01-01T00:00:00+00:00
[2025-02-14 19:06:25,478] {processor.py:161} INFO - Processing /opt/conda/lib/python3.8/site-packages/airflow/example_dags/example_xcom.py took 0.213 seconds
[2025-02-14 19:07:32,050] {processor.py:153} INFO - Started process (PID=3171) to work on /opt/conda/lib/python3.8/site-packages/airflow/example_dags/example_xcom.py
[2025-02-14 19:07:32,051] {processor.py:641} INFO - Processing file /opt/conda/lib/python3.8/site-packages/airflow/example_dags/example_xcom.py for tasks to queue
[2025-02-14 19:07:32,052] {logging_mixin.py:115} INFO - [2025-02-14 19:07:32,052] {dagbag.py:508} INFO - Filling up the DagBag from /opt/conda/lib/python3.8/site-packages/airflow/example_dags/example_xcom.py
[2025-02-14 19:07:32,189] {processor.py:651} INFO - DAG(s) dict_keys(['example_xcom']) retrieved from /opt/conda/lib/python3.8/site-packages/airflow/example_dags/example_xcom.py
[2025-02-14 19:07:32,199] {logging_mixin.py:115} INFO - [2025-02-14 19:07:32,198] {dag.py:2420} INFO - Sync 1 DAGs
[2025-02-14 19:07:32,209] {logging_mixin.py:115} INFO - [2025-02-14 19:07:32,209] {dag.py:2968} INFO - Setting next_dagrun for example_xcom to 2021-01-01T00:00:00+00:00, run_after=2021-01-01T00:00:00+00:00
[2025-02-14 19:07:32,230] {processor.py:161} INFO - Processing /opt/conda/lib/python3.8/site-packages/airflow/example_dags/example_xcom.py took 0.183 seconds
[2025-02-14 19:08:28,892] {processor.py:153} INFO - Started process (PID=3283) to work on /opt/conda/lib/python3.8/site-packages/airflow/example_dags/example_xcom.py
[2025-02-14 19:08:28,894] {processor.py:641} INFO - Processing file /opt/conda/lib/python3.8/site-packages/airflow/example_dags/example_xcom.py for tasks to queue
[2025-02-14 19:08:28,894] {logging_mixin.py:115} INFO - [2025-02-14 19:08:28,894] {dagbag.py:508} INFO - Filling up the DagBag from /opt/conda/lib/python3.8/site-packages/airflow/example_dags/example_xcom.py
[2025-02-14 19:08:28,913] {processor.py:651} INFO - DAG(s) dict_keys(['example_xcom']) retrieved from /opt/conda/lib/python3.8/site-packages/airflow/example_dags/example_xcom.py
[2025-02-14 19:08:28,958] {logging_mixin.py:115} INFO - [2025-02-14 19:08:28,957] {dag.py:2420} INFO - Sync 1 DAGs
[2025-02-14 19:08:28,975] {logging_mixin.py:115} INFO - [2025-02-14 19:08:28,974] {dag.py:2968} INFO - Setting next_dagrun for example_xcom to 2021-01-01T00:00:00+00:00, run_after=2021-01-01T00:00:00+00:00
[2025-02-14 19:08:29,000] {processor.py:161} INFO - Processing /opt/conda/lib/python3.8/site-packages/airflow/example_dags/example_xcom.py took 0.111 seconds
[2025-02-14 19:09:27,830] {processor.py:153} INFO - Started process (PID=3395) to work on /opt/conda/lib/python3.8/site-packages/airflow/example_dags/example_xcom.py
[2025-02-14 19:09:27,832] {processor.py:641} INFO - Processing file /opt/conda/lib/python3.8/site-packages/airflow/example_dags/example_xcom.py for tasks to queue
[2025-02-14 19:09:27,832] {logging_mixin.py:115} INFO - [2025-02-14 19:09:27,832] {dagbag.py:508} INFO - Filling up the DagBag from /opt/conda/lib/python3.8/site-packages/airflow/example_dags/example_xcom.py
[2025-02-14 19:09:27,851] {processor.py:651} INFO - DAG(s) dict_keys(['example_xcom']) retrieved from /opt/conda/lib/python3.8/site-packages/airflow/example_dags/example_xcom.py
[2025-02-14 19:09:27,891] {logging_mixin.py:115} INFO - [2025-02-14 19:09:27,891] {dag.py:2420} INFO - Sync 1 DAGs
[2025-02-14 19:09:27,903] {logging_mixin.py:115} INFO - [2025-02-14 19:09:27,903] {dag.py:2968} INFO - Setting next_dagrun for example_xcom to 2021-01-01T00:00:00+00:00, run_after=2021-01-01T00:00:00+00:00
[2025-02-14 19:09:27,924] {processor.py:161} INFO - Processing /opt/conda/lib/python3.8/site-packages/airflow/example_dags/example_xcom.py took 0.098 seconds
[2025-02-14 19:10:52,605] {processor.py:153} INFO - Started process (PID=3688) to work on /opt/conda/lib/python3.8/site-packages/airflow/example_dags/example_xcom.py
[2025-02-14 19:10:52,607] {processor.py:641} INFO - Processing file /opt/conda/lib/python3.8/site-packages/airflow/example_dags/example_xcom.py for tasks to queue
[2025-02-14 19:10:52,608] {logging_mixin.py:115} INFO - [2025-02-14 19:10:52,607] {dagbag.py:508} INFO - Filling up the DagBag from /opt/conda/lib/python3.8/site-packages/airflow/example_dags/example_xcom.py
[2025-02-14 19:10:52,626] {processor.py:651} INFO - DAG(s) dict_keys(['example_xcom']) retrieved from /opt/conda/lib/python3.8/site-packages/airflow/example_dags/example_xcom.py
[2025-02-14 19:10:52,640] {logging_mixin.py:115} INFO - [2025-02-14 19:10:52,640] {dag.py:2420} INFO - Sync 1 DAGs
[2025-02-14 19:10:52,653] {logging_mixin.py:115} INFO - [2025-02-14 19:10:52,653] {dag.py:2968} INFO - Setting next_dagrun for example_xcom to 2021-01-01T00:00:00+00:00, run_after=2021-01-01T00:00:00+00:00
[2025-02-14 19:10:52,672] {processor.py:161} INFO - Processing /opt/conda/lib/python3.8/site-packages/airflow/example_dags/example_xcom.py took 0.070 seconds
