[2025-02-14 13:59:32,102] {processor.py:153} INFO - Started process (PID=1824) to work on /opt/conda/lib/python3.8/site-packages/airflow/example_dags/tutorial_etl_dag.py
[2025-02-14 13:59:32,102] {processor.py:641} INFO - Processing file /opt/conda/lib/python3.8/site-packages/airflow/example_dags/tutorial_etl_dag.py for tasks to queue
[2025-02-14 13:59:32,103] {logging_mixin.py:115} INFO - [2025-02-14 13:59:32,102] {dagbag.py:508} INFO - Filling up the DagBag from /opt/conda/lib/python3.8/site-packages/airflow/example_dags/tutorial_etl_dag.py
[2025-02-14 13:59:32,235] {processor.py:651} INFO - DAG(s) dict_keys(['tutorial_etl_dag']) retrieved from /opt/conda/lib/python3.8/site-packages/airflow/example_dags/tutorial_etl_dag.py
[2025-02-14 13:59:32,329] {logging_mixin.py:115} INFO - [2025-02-14 13:59:32,329] {manager.py:508} INFO - Created Permission View: can read on DAG:tutorial_etl_dag
[2025-02-14 13:59:32,345] {logging_mixin.py:115} INFO - [2025-02-14 13:59:32,345] {manager.py:508} INFO - Created Permission View: can delete on DAG:tutorial_etl_dag
[2025-02-14 13:59:32,360] {logging_mixin.py:115} INFO - [2025-02-14 13:59:32,360] {manager.py:508} INFO - Created Permission View: can edit on DAG:tutorial_etl_dag
[2025-02-14 13:59:32,360] {logging_mixin.py:115} INFO - [2025-02-14 13:59:32,360] {dag.py:2420} INFO - Sync 1 DAGs
[2025-02-14 13:59:32,366] {logging_mixin.py:115} INFO - [2025-02-14 13:59:32,366] {dag.py:2439} INFO - Creating ORM DAG for tutorial_etl_dag
[2025-02-14 13:59:32,374] {logging_mixin.py:115} INFO - [2025-02-14 13:59:32,374] {dag.py:2968} INFO - Setting next_dagrun for tutorial_etl_dag to None, run_after=None
[2025-02-14 13:59:32,398] {processor.py:161} INFO - Processing /opt/conda/lib/python3.8/site-packages/airflow/example_dags/tutorial_etl_dag.py took 0.300 seconds
[2025-02-14 14:00:18,233] {processor.py:153} INFO - Started process (PID=1861) to work on /opt/conda/lib/python3.8/site-packages/airflow/example_dags/tutorial_etl_dag.py
[2025-02-14 14:00:18,235] {processor.py:641} INFO - Processing file /opt/conda/lib/python3.8/site-packages/airflow/example_dags/tutorial_etl_dag.py for tasks to queue
[2025-02-14 14:00:18,235] {logging_mixin.py:115} INFO - [2025-02-14 14:00:18,235] {dagbag.py:508} INFO - Filling up the DagBag from /opt/conda/lib/python3.8/site-packages/airflow/example_dags/tutorial_etl_dag.py
[2025-02-14 14:00:18,364] {processor.py:651} INFO - DAG(s) dict_keys(['tutorial_etl_dag']) retrieved from /opt/conda/lib/python3.8/site-packages/airflow/example_dags/tutorial_etl_dag.py
[2025-02-14 14:00:18,373] {logging_mixin.py:115} INFO - [2025-02-14 14:00:18,373] {dag.py:2420} INFO - Sync 1 DAGs
[2025-02-14 14:00:18,384] {logging_mixin.py:115} INFO - [2025-02-14 14:00:18,384] {dag.py:2968} INFO - Setting next_dagrun for tutorial_etl_dag to None, run_after=None
[2025-02-14 14:00:18,405] {processor.py:161} INFO - Processing /opt/conda/lib/python3.8/site-packages/airflow/example_dags/tutorial_etl_dag.py took 0.175 seconds
[2025-02-14 14:01:03,241] {processor.py:153} INFO - Started process (PID=1898) to work on /opt/conda/lib/python3.8/site-packages/airflow/example_dags/tutorial_etl_dag.py
[2025-02-14 14:01:03,243] {processor.py:641} INFO - Processing file /opt/conda/lib/python3.8/site-packages/airflow/example_dags/tutorial_etl_dag.py for tasks to queue
[2025-02-14 14:01:03,243] {logging_mixin.py:115} INFO - [2025-02-14 14:01:03,243] {dagbag.py:508} INFO - Filling up the DagBag from /opt/conda/lib/python3.8/site-packages/airflow/example_dags/tutorial_etl_dag.py
[2025-02-14 14:01:03,388] {processor.py:651} INFO - DAG(s) dict_keys(['tutorial_etl_dag']) retrieved from /opt/conda/lib/python3.8/site-packages/airflow/example_dags/tutorial_etl_dag.py
[2025-02-14 14:01:03,400] {logging_mixin.py:115} INFO - [2025-02-14 14:01:03,400] {dag.py:2420} INFO - Sync 1 DAGs
[2025-02-14 14:01:03,415] {logging_mixin.py:115} INFO - [2025-02-14 14:01:03,415] {dag.py:2968} INFO - Setting next_dagrun for tutorial_etl_dag to None, run_after=None
[2025-02-14 14:01:03,436] {processor.py:161} INFO - Processing /opt/conda/lib/python3.8/site-packages/airflow/example_dags/tutorial_etl_dag.py took 0.198 seconds
[2025-02-14 14:01:43,653] {processor.py:153} INFO - Started process (PID=1935) to work on /opt/conda/lib/python3.8/site-packages/airflow/example_dags/tutorial_etl_dag.py
[2025-02-14 14:01:43,655] {processor.py:641} INFO - Processing file /opt/conda/lib/python3.8/site-packages/airflow/example_dags/tutorial_etl_dag.py for tasks to queue
[2025-02-14 14:01:43,655] {logging_mixin.py:115} INFO - [2025-02-14 14:01:43,655] {dagbag.py:508} INFO - Filling up the DagBag from /opt/conda/lib/python3.8/site-packages/airflow/example_dags/tutorial_etl_dag.py
[2025-02-14 14:01:43,791] {processor.py:651} INFO - DAG(s) dict_keys(['tutorial_etl_dag']) retrieved from /opt/conda/lib/python3.8/site-packages/airflow/example_dags/tutorial_etl_dag.py
[2025-02-14 14:01:43,800] {logging_mixin.py:115} INFO - [2025-02-14 14:01:43,800] {dag.py:2420} INFO - Sync 1 DAGs
[2025-02-14 14:01:43,811] {logging_mixin.py:115} INFO - [2025-02-14 14:01:43,811] {dag.py:2968} INFO - Setting next_dagrun for tutorial_etl_dag to None, run_after=None
[2025-02-14 14:01:43,830] {processor.py:161} INFO - Processing /opt/conda/lib/python3.8/site-packages/airflow/example_dags/tutorial_etl_dag.py took 0.180 seconds
[2025-02-14 14:02:17,817] {processor.py:153} INFO - Started process (PID=1966) to work on /opt/conda/lib/python3.8/site-packages/airflow/example_dags/tutorial_etl_dag.py
[2025-02-14 14:02:17,819] {processor.py:641} INFO - Processing file /opt/conda/lib/python3.8/site-packages/airflow/example_dags/tutorial_etl_dag.py for tasks to queue
[2025-02-14 14:02:17,819] {logging_mixin.py:115} INFO - [2025-02-14 14:02:17,819] {dagbag.py:508} INFO - Filling up the DagBag from /opt/conda/lib/python3.8/site-packages/airflow/example_dags/tutorial_etl_dag.py
[2025-02-14 14:02:17,957] {processor.py:651} INFO - DAG(s) dict_keys(['tutorial_etl_dag']) retrieved from /opt/conda/lib/python3.8/site-packages/airflow/example_dags/tutorial_etl_dag.py
[2025-02-14 14:02:17,966] {logging_mixin.py:115} INFO - [2025-02-14 14:02:17,966] {dag.py:2420} INFO - Sync 1 DAGs
[2025-02-14 14:02:17,978] {logging_mixin.py:115} INFO - [2025-02-14 14:02:17,978] {dag.py:2968} INFO - Setting next_dagrun for tutorial_etl_dag to None, run_after=None
[2025-02-14 14:02:17,997] {processor.py:161} INFO - Processing /opt/conda/lib/python3.8/site-packages/airflow/example_dags/tutorial_etl_dag.py took 0.184 seconds
[2025-02-14 14:02:54,880] {processor.py:153} INFO - Started process (PID=2000) to work on /opt/conda/lib/python3.8/site-packages/airflow/example_dags/tutorial_etl_dag.py
[2025-02-14 14:02:54,882] {processor.py:641} INFO - Processing file /opt/conda/lib/python3.8/site-packages/airflow/example_dags/tutorial_etl_dag.py for tasks to queue
[2025-02-14 14:02:54,882] {logging_mixin.py:115} INFO - [2025-02-14 14:02:54,882] {dagbag.py:508} INFO - Filling up the DagBag from /opt/conda/lib/python3.8/site-packages/airflow/example_dags/tutorial_etl_dag.py
[2025-02-14 14:02:55,015] {processor.py:651} INFO - DAG(s) dict_keys(['tutorial_etl_dag']) retrieved from /opt/conda/lib/python3.8/site-packages/airflow/example_dags/tutorial_etl_dag.py
[2025-02-14 14:02:55,024] {logging_mixin.py:115} INFO - [2025-02-14 14:02:55,024] {dag.py:2420} INFO - Sync 1 DAGs
[2025-02-14 14:02:55,036] {logging_mixin.py:115} INFO - [2025-02-14 14:02:55,036] {dag.py:2968} INFO - Setting next_dagrun for tutorial_etl_dag to None, run_after=None
[2025-02-14 14:02:55,054] {processor.py:161} INFO - Processing /opt/conda/lib/python3.8/site-packages/airflow/example_dags/tutorial_etl_dag.py took 0.177 seconds
[2025-02-14 14:03:32,401] {processor.py:153} INFO - Started process (PID=2032) to work on /opt/conda/lib/python3.8/site-packages/airflow/example_dags/tutorial_etl_dag.py
[2025-02-14 14:03:32,402] {processor.py:641} INFO - Processing file /opt/conda/lib/python3.8/site-packages/airflow/example_dags/tutorial_etl_dag.py for tasks to queue
[2025-02-14 14:03:32,403] {logging_mixin.py:115} INFO - [2025-02-14 14:03:32,403] {dagbag.py:508} INFO - Filling up the DagBag from /opt/conda/lib/python3.8/site-packages/airflow/example_dags/tutorial_etl_dag.py
[2025-02-14 14:03:32,535] {processor.py:651} INFO - DAG(s) dict_keys(['tutorial_etl_dag']) retrieved from /opt/conda/lib/python3.8/site-packages/airflow/example_dags/tutorial_etl_dag.py
[2025-02-14 14:03:32,544] {logging_mixin.py:115} INFO - [2025-02-14 14:03:32,544] {dag.py:2420} INFO - Sync 1 DAGs
[2025-02-14 14:03:32,555] {logging_mixin.py:115} INFO - [2025-02-14 14:03:32,555] {dag.py:2968} INFO - Setting next_dagrun for tutorial_etl_dag to None, run_after=None
[2025-02-14 14:03:32,575] {processor.py:161} INFO - Processing /opt/conda/lib/python3.8/site-packages/airflow/example_dags/tutorial_etl_dag.py took 0.178 seconds
[2025-02-14 14:04:11,958] {processor.py:153} INFO - Started process (PID=2084) to work on /opt/conda/lib/python3.8/site-packages/airflow/example_dags/tutorial_etl_dag.py
[2025-02-14 14:04:11,959] {processor.py:641} INFO - Processing file /opt/conda/lib/python3.8/site-packages/airflow/example_dags/tutorial_etl_dag.py for tasks to queue
[2025-02-14 14:04:11,959] {logging_mixin.py:115} INFO - [2025-02-14 14:04:11,959] {dagbag.py:508} INFO - Filling up the DagBag from /opt/conda/lib/python3.8/site-packages/airflow/example_dags/tutorial_etl_dag.py
[2025-02-14 14:04:12,089] {processor.py:651} INFO - DAG(s) dict_keys(['tutorial_etl_dag']) retrieved from /opt/conda/lib/python3.8/site-packages/airflow/example_dags/tutorial_etl_dag.py
[2025-02-14 14:04:12,098] {logging_mixin.py:115} INFO - [2025-02-14 14:04:12,098] {dag.py:2420} INFO - Sync 1 DAGs
[2025-02-14 14:04:12,109] {logging_mixin.py:115} INFO - [2025-02-14 14:04:12,109] {dag.py:2968} INFO - Setting next_dagrun for tutorial_etl_dag to None, run_after=None
[2025-02-14 14:04:12,129] {processor.py:161} INFO - Processing /opt/conda/lib/python3.8/site-packages/airflow/example_dags/tutorial_etl_dag.py took 0.175 seconds
[2025-02-14 14:05:18,157] {processor.py:153} INFO - Started process (PID=2168) to work on /opt/conda/lib/python3.8/site-packages/airflow/example_dags/tutorial_etl_dag.py
[2025-02-14 14:05:18,159] {processor.py:641} INFO - Processing file /opt/conda/lib/python3.8/site-packages/airflow/example_dags/tutorial_etl_dag.py for tasks to queue
[2025-02-14 14:05:18,159] {logging_mixin.py:115} INFO - [2025-02-14 14:05:18,159] {dagbag.py:508} INFO - Filling up the DagBag from /opt/conda/lib/python3.8/site-packages/airflow/example_dags/tutorial_etl_dag.py
[2025-02-14 14:05:18,293] {processor.py:651} INFO - DAG(s) dict_keys(['tutorial_etl_dag']) retrieved from /opt/conda/lib/python3.8/site-packages/airflow/example_dags/tutorial_etl_dag.py
[2025-02-14 14:05:18,302] {logging_mixin.py:115} INFO - [2025-02-14 14:05:18,302] {dag.py:2420} INFO - Sync 1 DAGs
[2025-02-14 14:05:18,313] {logging_mixin.py:115} INFO - [2025-02-14 14:05:18,313] {dag.py:2968} INFO - Setting next_dagrun for tutorial_etl_dag to None, run_after=None
[2025-02-14 14:05:18,333] {processor.py:161} INFO - Processing /opt/conda/lib/python3.8/site-packages/airflow/example_dags/tutorial_etl_dag.py took 0.179 seconds
[2025-02-14 14:06:03,056] {processor.py:153} INFO - Started process (PID=2222) to work on /opt/conda/lib/python3.8/site-packages/airflow/example_dags/tutorial_etl_dag.py
[2025-02-14 14:06:03,058] {processor.py:641} INFO - Processing file /opt/conda/lib/python3.8/site-packages/airflow/example_dags/tutorial_etl_dag.py for tasks to queue
[2025-02-14 14:06:03,058] {logging_mixin.py:115} INFO - [2025-02-14 14:06:03,058] {dagbag.py:508} INFO - Filling up the DagBag from /opt/conda/lib/python3.8/site-packages/airflow/example_dags/tutorial_etl_dag.py
[2025-02-14 14:06:03,199] {processor.py:651} INFO - DAG(s) dict_keys(['tutorial_etl_dag']) retrieved from /opt/conda/lib/python3.8/site-packages/airflow/example_dags/tutorial_etl_dag.py
[2025-02-14 14:06:03,208] {logging_mixin.py:115} INFO - [2025-02-14 14:06:03,208] {dag.py:2420} INFO - Sync 1 DAGs
[2025-02-14 14:06:03,220] {logging_mixin.py:115} INFO - [2025-02-14 14:06:03,220] {dag.py:2968} INFO - Setting next_dagrun for tutorial_etl_dag to None, run_after=None
[2025-02-14 14:06:03,241] {processor.py:161} INFO - Processing /opt/conda/lib/python3.8/site-packages/airflow/example_dags/tutorial_etl_dag.py took 0.188 seconds
[2025-02-14 14:06:49,217] {processor.py:153} INFO - Started process (PID=2278) to work on /opt/conda/lib/python3.8/site-packages/airflow/example_dags/tutorial_etl_dag.py
[2025-02-14 14:06:49,219] {processor.py:641} INFO - Processing file /opt/conda/lib/python3.8/site-packages/airflow/example_dags/tutorial_etl_dag.py for tasks to queue
[2025-02-14 14:06:49,219] {logging_mixin.py:115} INFO - [2025-02-14 14:06:49,219] {dagbag.py:508} INFO - Filling up the DagBag from /opt/conda/lib/python3.8/site-packages/airflow/example_dags/tutorial_etl_dag.py
[2025-02-14 14:06:49,343] {processor.py:651} INFO - DAG(s) dict_keys(['tutorial_etl_dag']) retrieved from /opt/conda/lib/python3.8/site-packages/airflow/example_dags/tutorial_etl_dag.py
[2025-02-14 14:06:49,352] {logging_mixin.py:115} INFO - [2025-02-14 14:06:49,352] {dag.py:2420} INFO - Sync 1 DAGs
[2025-02-14 14:06:49,363] {logging_mixin.py:115} INFO - [2025-02-14 14:06:49,363] {dag.py:2968} INFO - Setting next_dagrun for tutorial_etl_dag to None, run_after=None
[2025-02-14 14:06:49,381] {processor.py:161} INFO - Processing /opt/conda/lib/python3.8/site-packages/airflow/example_dags/tutorial_etl_dag.py took 0.167 seconds
[2025-02-14 14:07:36,489] {processor.py:153} INFO - Started process (PID=2317) to work on /opt/conda/lib/python3.8/site-packages/airflow/example_dags/tutorial_etl_dag.py
[2025-02-14 14:07:36,490] {processor.py:641} INFO - Processing file /opt/conda/lib/python3.8/site-packages/airflow/example_dags/tutorial_etl_dag.py for tasks to queue
[2025-02-14 14:07:36,491] {logging_mixin.py:115} INFO - [2025-02-14 14:07:36,491] {dagbag.py:508} INFO - Filling up the DagBag from /opt/conda/lib/python3.8/site-packages/airflow/example_dags/tutorial_etl_dag.py
[2025-02-14 14:07:36,626] {processor.py:651} INFO - DAG(s) dict_keys(['tutorial_etl_dag']) retrieved from /opt/conda/lib/python3.8/site-packages/airflow/example_dags/tutorial_etl_dag.py
[2025-02-14 14:07:36,636] {logging_mixin.py:115} INFO - [2025-02-14 14:07:36,635] {dag.py:2420} INFO - Sync 1 DAGs
[2025-02-14 14:07:36,647] {logging_mixin.py:115} INFO - [2025-02-14 14:07:36,647] {dag.py:2968} INFO - Setting next_dagrun for tutorial_etl_dag to None, run_after=None
[2025-02-14 14:07:36,666] {processor.py:161} INFO - Processing /opt/conda/lib/python3.8/site-packages/airflow/example_dags/tutorial_etl_dag.py took 0.180 seconds
[2025-02-14 14:08:19,217] {processor.py:153} INFO - Started process (PID=2356) to work on /opt/conda/lib/python3.8/site-packages/airflow/example_dags/tutorial_etl_dag.py
[2025-02-14 14:08:19,219] {processor.py:641} INFO - Processing file /opt/conda/lib/python3.8/site-packages/airflow/example_dags/tutorial_etl_dag.py for tasks to queue
[2025-02-14 14:08:19,219] {logging_mixin.py:115} INFO - [2025-02-14 14:08:19,219] {dagbag.py:508} INFO - Filling up the DagBag from /opt/conda/lib/python3.8/site-packages/airflow/example_dags/tutorial_etl_dag.py
[2025-02-14 14:08:19,351] {processor.py:651} INFO - DAG(s) dict_keys(['tutorial_etl_dag']) retrieved from /opt/conda/lib/python3.8/site-packages/airflow/example_dags/tutorial_etl_dag.py
[2025-02-14 14:08:19,360] {logging_mixin.py:115} INFO - [2025-02-14 14:08:19,360] {dag.py:2420} INFO - Sync 1 DAGs
[2025-02-14 14:08:19,372] {logging_mixin.py:115} INFO - [2025-02-14 14:08:19,371] {dag.py:2968} INFO - Setting next_dagrun for tutorial_etl_dag to None, run_after=None
[2025-02-14 14:08:19,391] {processor.py:161} INFO - Processing /opt/conda/lib/python3.8/site-packages/airflow/example_dags/tutorial_etl_dag.py took 0.177 seconds
[2025-02-14 14:09:13,673] {processor.py:153} INFO - Started process (PID=2426) to work on /opt/conda/lib/python3.8/site-packages/airflow/example_dags/tutorial_etl_dag.py
[2025-02-14 14:09:13,695] {processor.py:641} INFO - Processing file /opt/conda/lib/python3.8/site-packages/airflow/example_dags/tutorial_etl_dag.py for tasks to queue
[2025-02-14 14:09:13,696] {logging_mixin.py:115} INFO - [2025-02-14 14:09:13,696] {dagbag.py:508} INFO - Filling up the DagBag from /opt/conda/lib/python3.8/site-packages/airflow/example_dags/tutorial_etl_dag.py
[2025-02-14 14:09:13,825] {processor.py:651} INFO - DAG(s) dict_keys(['tutorial_etl_dag']) retrieved from /opt/conda/lib/python3.8/site-packages/airflow/example_dags/tutorial_etl_dag.py
[2025-02-14 14:09:13,834] {logging_mixin.py:115} INFO - [2025-02-14 14:09:13,834] {dag.py:2420} INFO - Sync 1 DAGs
[2025-02-14 14:09:13,846] {logging_mixin.py:115} INFO - [2025-02-14 14:09:13,846] {dag.py:2968} INFO - Setting next_dagrun for tutorial_etl_dag to None, run_after=None
[2025-02-14 14:09:13,865] {processor.py:161} INFO - Processing /opt/conda/lib/python3.8/site-packages/airflow/example_dags/tutorial_etl_dag.py took 0.195 seconds
[2025-02-14 14:09:56,057] {processor.py:153} INFO - Started process (PID=2464) to work on /opt/conda/lib/python3.8/site-packages/airflow/example_dags/tutorial_etl_dag.py
[2025-02-14 14:09:56,059] {processor.py:641} INFO - Processing file /opt/conda/lib/python3.8/site-packages/airflow/example_dags/tutorial_etl_dag.py for tasks to queue
[2025-02-14 14:09:56,059] {logging_mixin.py:115} INFO - [2025-02-14 14:09:56,059] {dagbag.py:508} INFO - Filling up the DagBag from /opt/conda/lib/python3.8/site-packages/airflow/example_dags/tutorial_etl_dag.py
[2025-02-14 14:09:56,193] {processor.py:651} INFO - DAG(s) dict_keys(['tutorial_etl_dag']) retrieved from /opt/conda/lib/python3.8/site-packages/airflow/example_dags/tutorial_etl_dag.py
[2025-02-14 14:09:56,202] {logging_mixin.py:115} INFO - [2025-02-14 14:09:56,202] {dag.py:2420} INFO - Sync 1 DAGs
[2025-02-14 14:09:56,214] {logging_mixin.py:115} INFO - [2025-02-14 14:09:56,213] {dag.py:2968} INFO - Setting next_dagrun for tutorial_etl_dag to None, run_after=None
[2025-02-14 14:09:56,232] {processor.py:161} INFO - Processing /opt/conda/lib/python3.8/site-packages/airflow/example_dags/tutorial_etl_dag.py took 0.178 seconds
[2025-02-14 14:10:41,966] {processor.py:153} INFO - Started process (PID=2504) to work on /opt/conda/lib/python3.8/site-packages/airflow/example_dags/tutorial_etl_dag.py
[2025-02-14 14:10:41,969] {processor.py:641} INFO - Processing file /opt/conda/lib/python3.8/site-packages/airflow/example_dags/tutorial_etl_dag.py for tasks to queue
[2025-02-14 14:10:41,969] {logging_mixin.py:115} INFO - [2025-02-14 14:10:41,969] {dagbag.py:508} INFO - Filling up the DagBag from /opt/conda/lib/python3.8/site-packages/airflow/example_dags/tutorial_etl_dag.py
[2025-02-14 14:10:42,166] {processor.py:651} INFO - DAG(s) dict_keys(['tutorial_etl_dag']) retrieved from /opt/conda/lib/python3.8/site-packages/airflow/example_dags/tutorial_etl_dag.py
[2025-02-14 14:10:42,179] {logging_mixin.py:115} INFO - [2025-02-14 14:10:42,179] {dag.py:2420} INFO - Sync 1 DAGs
[2025-02-14 14:10:42,197] {logging_mixin.py:115} INFO - [2025-02-14 14:10:42,197] {dag.py:2968} INFO - Setting next_dagrun for tutorial_etl_dag to None, run_after=None
[2025-02-14 14:10:42,221] {processor.py:161} INFO - Processing /opt/conda/lib/python3.8/site-packages/airflow/example_dags/tutorial_etl_dag.py took 0.258 seconds
[2025-02-14 14:11:29,977] {processor.py:153} INFO - Started process (PID=2561) to work on /opt/conda/lib/python3.8/site-packages/airflow/example_dags/tutorial_etl_dag.py
[2025-02-14 14:11:29,979] {processor.py:641} INFO - Processing file /opt/conda/lib/python3.8/site-packages/airflow/example_dags/tutorial_etl_dag.py for tasks to queue
[2025-02-14 14:11:29,979] {logging_mixin.py:115} INFO - [2025-02-14 14:11:29,979] {dagbag.py:508} INFO - Filling up the DagBag from /opt/conda/lib/python3.8/site-packages/airflow/example_dags/tutorial_etl_dag.py
[2025-02-14 14:11:30,104] {processor.py:651} INFO - DAG(s) dict_keys(['tutorial_etl_dag']) retrieved from /opt/conda/lib/python3.8/site-packages/airflow/example_dags/tutorial_etl_dag.py
[2025-02-14 14:11:30,113] {logging_mixin.py:115} INFO - [2025-02-14 14:11:30,113] {dag.py:2420} INFO - Sync 1 DAGs
[2025-02-14 14:11:30,124] {logging_mixin.py:115} INFO - [2025-02-14 14:11:30,124] {dag.py:2968} INFO - Setting next_dagrun for tutorial_etl_dag to None, run_after=None
[2025-02-14 14:11:30,143] {processor.py:161} INFO - Processing /opt/conda/lib/python3.8/site-packages/airflow/example_dags/tutorial_etl_dag.py took 0.169 seconds
[2025-02-14 14:12:13,561] {processor.py:153} INFO - Started process (PID=2615) to work on /opt/conda/lib/python3.8/site-packages/airflow/example_dags/tutorial_etl_dag.py
[2025-02-14 14:12:13,562] {processor.py:641} INFO - Processing file /opt/conda/lib/python3.8/site-packages/airflow/example_dags/tutorial_etl_dag.py for tasks to queue
[2025-02-14 14:12:13,563] {logging_mixin.py:115} INFO - [2025-02-14 14:12:13,563] {dagbag.py:508} INFO - Filling up the DagBag from /opt/conda/lib/python3.8/site-packages/airflow/example_dags/tutorial_etl_dag.py
[2025-02-14 14:12:13,700] {processor.py:651} INFO - DAG(s) dict_keys(['tutorial_etl_dag']) retrieved from /opt/conda/lib/python3.8/site-packages/airflow/example_dags/tutorial_etl_dag.py
[2025-02-14 14:12:13,709] {logging_mixin.py:115} INFO - [2025-02-14 14:12:13,709] {dag.py:2420} INFO - Sync 1 DAGs
[2025-02-14 14:12:13,720] {logging_mixin.py:115} INFO - [2025-02-14 14:12:13,720] {dag.py:2968} INFO - Setting next_dagrun for tutorial_etl_dag to None, run_after=None
[2025-02-14 14:12:13,741] {processor.py:161} INFO - Processing /opt/conda/lib/python3.8/site-packages/airflow/example_dags/tutorial_etl_dag.py took 0.184 seconds
[2025-02-14 14:12:51,388] {processor.py:153} INFO - Started process (PID=2665) to work on /opt/conda/lib/python3.8/site-packages/airflow/example_dags/tutorial_etl_dag.py
[2025-02-14 14:12:51,389] {processor.py:641} INFO - Processing file /opt/conda/lib/python3.8/site-packages/airflow/example_dags/tutorial_etl_dag.py for tasks to queue
[2025-02-14 14:12:51,390] {logging_mixin.py:115} INFO - [2025-02-14 14:12:51,390] {dagbag.py:508} INFO - Filling up the DagBag from /opt/conda/lib/python3.8/site-packages/airflow/example_dags/tutorial_etl_dag.py
[2025-02-14 14:12:51,526] {processor.py:651} INFO - DAG(s) dict_keys(['tutorial_etl_dag']) retrieved from /opt/conda/lib/python3.8/site-packages/airflow/example_dags/tutorial_etl_dag.py
[2025-02-14 14:12:51,535] {logging_mixin.py:115} INFO - [2025-02-14 14:12:51,535] {dag.py:2420} INFO - Sync 1 DAGs
[2025-02-14 14:12:51,546] {logging_mixin.py:115} INFO - [2025-02-14 14:12:51,546] {dag.py:2968} INFO - Setting next_dagrun for tutorial_etl_dag to None, run_after=None
[2025-02-14 14:12:51,563] {processor.py:161} INFO - Processing /opt/conda/lib/python3.8/site-packages/airflow/example_dags/tutorial_etl_dag.py took 0.178 seconds
[2025-02-14 14:13:30,554] {processor.py:153} INFO - Started process (PID=2716) to work on /opt/conda/lib/python3.8/site-packages/airflow/example_dags/tutorial_etl_dag.py
[2025-02-14 14:13:30,555] {processor.py:641} INFO - Processing file /opt/conda/lib/python3.8/site-packages/airflow/example_dags/tutorial_etl_dag.py for tasks to queue
[2025-02-14 14:13:30,556] {logging_mixin.py:115} INFO - [2025-02-14 14:13:30,556] {dagbag.py:508} INFO - Filling up the DagBag from /opt/conda/lib/python3.8/site-packages/airflow/example_dags/tutorial_etl_dag.py
[2025-02-14 14:13:30,701] {processor.py:651} INFO - DAG(s) dict_keys(['tutorial_etl_dag']) retrieved from /opt/conda/lib/python3.8/site-packages/airflow/example_dags/tutorial_etl_dag.py
[2025-02-14 14:13:30,710] {logging_mixin.py:115} INFO - [2025-02-14 14:13:30,710] {dag.py:2420} INFO - Sync 1 DAGs
[2025-02-14 14:13:30,722] {logging_mixin.py:115} INFO - [2025-02-14 14:13:30,722] {dag.py:2968} INFO - Setting next_dagrun for tutorial_etl_dag to None, run_after=None
[2025-02-14 14:13:30,740] {processor.py:161} INFO - Processing /opt/conda/lib/python3.8/site-packages/airflow/example_dags/tutorial_etl_dag.py took 0.189 seconds
[2025-02-14 14:14:12,452] {processor.py:153} INFO - Started process (PID=2768) to work on /opt/conda/lib/python3.8/site-packages/airflow/example_dags/tutorial_etl_dag.py
[2025-02-14 14:14:12,454] {processor.py:641} INFO - Processing file /opt/conda/lib/python3.8/site-packages/airflow/example_dags/tutorial_etl_dag.py for tasks to queue
[2025-02-14 14:14:12,455] {logging_mixin.py:115} INFO - [2025-02-14 14:14:12,455] {dagbag.py:508} INFO - Filling up the DagBag from /opt/conda/lib/python3.8/site-packages/airflow/example_dags/tutorial_etl_dag.py
[2025-02-14 14:14:12,462] {processor.py:651} INFO - DAG(s) dict_keys(['tutorial_etl_dag']) retrieved from /opt/conda/lib/python3.8/site-packages/airflow/example_dags/tutorial_etl_dag.py
[2025-02-14 14:14:12,476] {logging_mixin.py:115} INFO - [2025-02-14 14:14:12,476] {dag.py:2420} INFO - Sync 1 DAGs
[2025-02-14 14:14:12,490] {logging_mixin.py:115} INFO - [2025-02-14 14:14:12,490] {dag.py:2968} INFO - Setting next_dagrun for tutorial_etl_dag to None, run_after=None
[2025-02-14 14:14:12,509] {processor.py:161} INFO - Processing /opt/conda/lib/python3.8/site-packages/airflow/example_dags/tutorial_etl_dag.py took 0.060 seconds
[2025-02-14 14:14:48,801] {processor.py:153} INFO - Started process (PID=2819) to work on /opt/conda/lib/python3.8/site-packages/airflow/example_dags/tutorial_etl_dag.py
[2025-02-14 14:14:48,802] {processor.py:641} INFO - Processing file /opt/conda/lib/python3.8/site-packages/airflow/example_dags/tutorial_etl_dag.py for tasks to queue
[2025-02-14 14:14:48,803] {logging_mixin.py:115} INFO - [2025-02-14 14:14:48,803] {dagbag.py:508} INFO - Filling up the DagBag from /opt/conda/lib/python3.8/site-packages/airflow/example_dags/tutorial_etl_dag.py
[2025-02-14 14:14:48,810] {processor.py:651} INFO - DAG(s) dict_keys(['tutorial_etl_dag']) retrieved from /opt/conda/lib/python3.8/site-packages/airflow/example_dags/tutorial_etl_dag.py
[2025-02-14 14:14:48,824] {logging_mixin.py:115} INFO - [2025-02-14 14:14:48,824] {dag.py:2420} INFO - Sync 1 DAGs
[2025-02-14 14:14:48,838] {logging_mixin.py:115} INFO - [2025-02-14 14:14:48,838] {dag.py:2968} INFO - Setting next_dagrun for tutorial_etl_dag to None, run_after=None
[2025-02-14 14:14:48,859] {processor.py:161} INFO - Processing /opt/conda/lib/python3.8/site-packages/airflow/example_dags/tutorial_etl_dag.py took 0.060 seconds
[2025-02-14 14:15:29,417] {processor.py:153} INFO - Started process (PID=2874) to work on /opt/conda/lib/python3.8/site-packages/airflow/example_dags/tutorial_etl_dag.py
[2025-02-14 14:15:29,418] {processor.py:641} INFO - Processing file /opt/conda/lib/python3.8/site-packages/airflow/example_dags/tutorial_etl_dag.py for tasks to queue
[2025-02-14 14:15:29,419] {logging_mixin.py:115} INFO - [2025-02-14 14:15:29,419] {dagbag.py:508} INFO - Filling up the DagBag from /opt/conda/lib/python3.8/site-packages/airflow/example_dags/tutorial_etl_dag.py
[2025-02-14 14:15:29,426] {processor.py:651} INFO - DAG(s) dict_keys(['tutorial_etl_dag']) retrieved from /opt/conda/lib/python3.8/site-packages/airflow/example_dags/tutorial_etl_dag.py
[2025-02-14 14:15:29,440] {logging_mixin.py:115} INFO - [2025-02-14 14:15:29,440] {dag.py:2420} INFO - Sync 1 DAGs
[2025-02-14 14:15:29,454] {logging_mixin.py:115} INFO - [2025-02-14 14:15:29,454] {dag.py:2968} INFO - Setting next_dagrun for tutorial_etl_dag to None, run_after=None
[2025-02-14 14:15:29,473] {processor.py:161} INFO - Processing /opt/conda/lib/python3.8/site-packages/airflow/example_dags/tutorial_etl_dag.py took 0.060 seconds
[2025-02-14 14:16:37,260] {processor.py:153} INFO - Started process (PID=3003) to work on /opt/conda/lib/python3.8/site-packages/airflow/example_dags/tutorial_etl_dag.py
[2025-02-14 14:16:37,397] {processor.py:641} INFO - Processing file /opt/conda/lib/python3.8/site-packages/airflow/example_dags/tutorial_etl_dag.py for tasks to queue
[2025-02-14 14:16:37,398] {logging_mixin.py:115} INFO - [2025-02-14 14:16:37,398] {dagbag.py:508} INFO - Filling up the DagBag from /opt/conda/lib/python3.8/site-packages/airflow/example_dags/tutorial_etl_dag.py
[2025-02-14 14:16:37,531] {processor.py:651} INFO - DAG(s) dict_keys(['tutorial_etl_dag']) retrieved from /opt/conda/lib/python3.8/site-packages/airflow/example_dags/tutorial_etl_dag.py
[2025-02-14 14:16:37,540] {logging_mixin.py:115} INFO - [2025-02-14 14:16:37,540] {dag.py:2420} INFO - Sync 1 DAGs
[2025-02-14 14:16:37,552] {logging_mixin.py:115} INFO - [2025-02-14 14:16:37,552] {dag.py:2968} INFO - Setting next_dagrun for tutorial_etl_dag to None, run_after=None
[2025-02-14 14:16:37,572] {processor.py:161} INFO - Processing /opt/conda/lib/python3.8/site-packages/airflow/example_dags/tutorial_etl_dag.py took 0.315 seconds
[2025-02-14 14:17:23,989] {processor.py:153} INFO - Started process (PID=3057) to work on /opt/conda/lib/python3.8/site-packages/airflow/example_dags/tutorial_etl_dag.py
[2025-02-14 14:17:23,990] {processor.py:641} INFO - Processing file /opt/conda/lib/python3.8/site-packages/airflow/example_dags/tutorial_etl_dag.py for tasks to queue
[2025-02-14 14:17:23,990] {logging_mixin.py:115} INFO - [2025-02-14 14:17:23,990] {dagbag.py:508} INFO - Filling up the DagBag from /opt/conda/lib/python3.8/site-packages/airflow/example_dags/tutorial_etl_dag.py
[2025-02-14 14:17:24,113] {processor.py:651} INFO - DAG(s) dict_keys(['tutorial_etl_dag']) retrieved from /opt/conda/lib/python3.8/site-packages/airflow/example_dags/tutorial_etl_dag.py
[2025-02-14 14:17:24,122] {logging_mixin.py:115} INFO - [2025-02-14 14:17:24,122] {dag.py:2420} INFO - Sync 1 DAGs
[2025-02-14 14:17:24,133] {logging_mixin.py:115} INFO - [2025-02-14 14:17:24,133] {dag.py:2968} INFO - Setting next_dagrun for tutorial_etl_dag to None, run_after=None
[2025-02-14 14:17:24,152] {processor.py:161} INFO - Processing /opt/conda/lib/python3.8/site-packages/airflow/example_dags/tutorial_etl_dag.py took 0.166 seconds
[2025-02-14 14:18:08,061] {processor.py:153} INFO - Started process (PID=3111) to work on /opt/conda/lib/python3.8/site-packages/airflow/example_dags/tutorial_etl_dag.py
[2025-02-14 14:18:08,063] {processor.py:641} INFO - Processing file /opt/conda/lib/python3.8/site-packages/airflow/example_dags/tutorial_etl_dag.py for tasks to queue
[2025-02-14 14:18:08,064] {logging_mixin.py:115} INFO - [2025-02-14 14:18:08,064] {dagbag.py:508} INFO - Filling up the DagBag from /opt/conda/lib/python3.8/site-packages/airflow/example_dags/tutorial_etl_dag.py
[2025-02-14 14:18:08,195] {processor.py:651} INFO - DAG(s) dict_keys(['tutorial_etl_dag']) retrieved from /opt/conda/lib/python3.8/site-packages/airflow/example_dags/tutorial_etl_dag.py
[2025-02-14 14:18:08,204] {logging_mixin.py:115} INFO - [2025-02-14 14:18:08,204] {dag.py:2420} INFO - Sync 1 DAGs
[2025-02-14 14:18:08,216] {logging_mixin.py:115} INFO - [2025-02-14 14:18:08,216] {dag.py:2968} INFO - Setting next_dagrun for tutorial_etl_dag to None, run_after=None
[2025-02-14 14:18:08,235] {processor.py:161} INFO - Processing /opt/conda/lib/python3.8/site-packages/airflow/example_dags/tutorial_etl_dag.py took 0.177 seconds
[2025-02-14 14:18:53,432] {processor.py:153} INFO - Started process (PID=3195) to work on /opt/conda/lib/python3.8/site-packages/airflow/example_dags/tutorial_etl_dag.py
[2025-02-14 14:18:53,433] {processor.py:641} INFO - Processing file /opt/conda/lib/python3.8/site-packages/airflow/example_dags/tutorial_etl_dag.py for tasks to queue
[2025-02-14 14:18:53,434] {logging_mixin.py:115} INFO - [2025-02-14 14:18:53,434] {dagbag.py:508} INFO - Filling up the DagBag from /opt/conda/lib/python3.8/site-packages/airflow/example_dags/tutorial_etl_dag.py
[2025-02-14 14:18:53,568] {processor.py:651} INFO - DAG(s) dict_keys(['tutorial_etl_dag']) retrieved from /opt/conda/lib/python3.8/site-packages/airflow/example_dags/tutorial_etl_dag.py
[2025-02-14 14:18:53,577] {logging_mixin.py:115} INFO - [2025-02-14 14:18:53,577] {dag.py:2420} INFO - Sync 1 DAGs
[2025-02-14 14:18:53,589] {logging_mixin.py:115} INFO - [2025-02-14 14:18:53,589] {dag.py:2968} INFO - Setting next_dagrun for tutorial_etl_dag to None, run_after=None
[2025-02-14 14:18:53,608] {processor.py:161} INFO - Processing /opt/conda/lib/python3.8/site-packages/airflow/example_dags/tutorial_etl_dag.py took 0.179 seconds
[2025-02-14 14:20:44,144] {processor.py:153} INFO - Started process (PID=3286) to work on /opt/conda/lib/python3.8/site-packages/airflow/example_dags/tutorial_etl_dag.py
[2025-02-14 14:20:44,146] {processor.py:641} INFO - Processing file /opt/conda/lib/python3.8/site-packages/airflow/example_dags/tutorial_etl_dag.py for tasks to queue
[2025-02-14 14:20:44,146] {logging_mixin.py:115} INFO - [2025-02-14 14:20:44,146] {dagbag.py:508} INFO - Filling up the DagBag from /opt/conda/lib/python3.8/site-packages/airflow/example_dags/tutorial_etl_dag.py
[2025-02-14 14:20:44,290] {processor.py:651} INFO - DAG(s) dict_keys(['tutorial_etl_dag']) retrieved from /opt/conda/lib/python3.8/site-packages/airflow/example_dags/tutorial_etl_dag.py
[2025-02-14 14:20:44,300] {logging_mixin.py:115} INFO - [2025-02-14 14:20:44,300] {dag.py:2420} INFO - Sync 1 DAGs
[2025-02-14 14:20:44,312] {logging_mixin.py:115} INFO - [2025-02-14 14:20:44,311] {dag.py:2968} INFO - Setting next_dagrun for tutorial_etl_dag to None, run_after=None
[2025-02-14 14:20:44,334] {processor.py:161} INFO - Processing /opt/conda/lib/python3.8/site-packages/airflow/example_dags/tutorial_etl_dag.py took 0.193 seconds
[2025-02-14 14:21:28,981] {processor.py:153} INFO - Started process (PID=3342) to work on /opt/conda/lib/python3.8/site-packages/airflow/example_dags/tutorial_etl_dag.py
[2025-02-14 14:21:28,982] {processor.py:641} INFO - Processing file /opt/conda/lib/python3.8/site-packages/airflow/example_dags/tutorial_etl_dag.py for tasks to queue
[2025-02-14 14:21:28,982] {logging_mixin.py:115} INFO - [2025-02-14 14:21:28,982] {dagbag.py:508} INFO - Filling up the DagBag from /opt/conda/lib/python3.8/site-packages/airflow/example_dags/tutorial_etl_dag.py
[2025-02-14 14:21:29,126] {processor.py:651} INFO - DAG(s) dict_keys(['tutorial_etl_dag']) retrieved from /opt/conda/lib/python3.8/site-packages/airflow/example_dags/tutorial_etl_dag.py
[2025-02-14 14:21:29,135] {logging_mixin.py:115} INFO - [2025-02-14 14:21:29,135] {dag.py:2420} INFO - Sync 1 DAGs
[2025-02-14 14:21:29,147] {logging_mixin.py:115} INFO - [2025-02-14 14:21:29,147] {dag.py:2968} INFO - Setting next_dagrun for tutorial_etl_dag to None, run_after=None
[2025-02-14 14:21:29,167] {processor.py:161} INFO - Processing /opt/conda/lib/python3.8/site-packages/airflow/example_dags/tutorial_etl_dag.py took 0.190 seconds
[2025-02-14 14:22:15,421] {processor.py:153} INFO - Started process (PID=3396) to work on /opt/conda/lib/python3.8/site-packages/airflow/example_dags/tutorial_etl_dag.py
[2025-02-14 14:22:15,422] {processor.py:641} INFO - Processing file /opt/conda/lib/python3.8/site-packages/airflow/example_dags/tutorial_etl_dag.py for tasks to queue
[2025-02-14 14:22:15,422] {logging_mixin.py:115} INFO - [2025-02-14 14:22:15,422] {dagbag.py:508} INFO - Filling up the DagBag from /opt/conda/lib/python3.8/site-packages/airflow/example_dags/tutorial_etl_dag.py
[2025-02-14 14:22:15,566] {processor.py:651} INFO - DAG(s) dict_keys(['tutorial_etl_dag']) retrieved from /opt/conda/lib/python3.8/site-packages/airflow/example_dags/tutorial_etl_dag.py
[2025-02-14 14:22:15,576] {logging_mixin.py:115} INFO - [2025-02-14 14:22:15,575] {dag.py:2420} INFO - Sync 1 DAGs
[2025-02-14 14:22:15,587] {logging_mixin.py:115} INFO - [2025-02-14 14:22:15,587] {dag.py:2968} INFO - Setting next_dagrun for tutorial_etl_dag to None, run_after=None
[2025-02-14 14:22:15,607] {processor.py:161} INFO - Processing /opt/conda/lib/python3.8/site-packages/airflow/example_dags/tutorial_etl_dag.py took 0.189 seconds
[2025-02-14 14:22:58,882] {processor.py:153} INFO - Started process (PID=3450) to work on /opt/conda/lib/python3.8/site-packages/airflow/example_dags/tutorial_etl_dag.py
[2025-02-14 14:22:58,883] {processor.py:641} INFO - Processing file /opt/conda/lib/python3.8/site-packages/airflow/example_dags/tutorial_etl_dag.py for tasks to queue
[2025-02-14 14:22:58,883] {logging_mixin.py:115} INFO - [2025-02-14 14:22:58,883] {dagbag.py:508} INFO - Filling up the DagBag from /opt/conda/lib/python3.8/site-packages/airflow/example_dags/tutorial_etl_dag.py
[2025-02-14 14:22:59,025] {processor.py:651} INFO - DAG(s) dict_keys(['tutorial_etl_dag']) retrieved from /opt/conda/lib/python3.8/site-packages/airflow/example_dags/tutorial_etl_dag.py
[2025-02-14 14:22:59,034] {logging_mixin.py:115} INFO - [2025-02-14 14:22:59,034] {dag.py:2420} INFO - Sync 1 DAGs
[2025-02-14 14:22:59,045] {logging_mixin.py:115} INFO - [2025-02-14 14:22:59,045] {dag.py:2968} INFO - Setting next_dagrun for tutorial_etl_dag to None, run_after=None
[2025-02-14 14:22:59,065] {processor.py:161} INFO - Processing /opt/conda/lib/python3.8/site-packages/airflow/example_dags/tutorial_etl_dag.py took 0.187 seconds
[2025-02-14 14:23:32,993] {processor.py:153} INFO - Started process (PID=3543) to work on /opt/conda/lib/python3.8/site-packages/airflow/example_dags/tutorial_etl_dag.py
[2025-02-14 14:23:32,994] {processor.py:641} INFO - Processing file /opt/conda/lib/python3.8/site-packages/airflow/example_dags/tutorial_etl_dag.py for tasks to queue
[2025-02-14 14:23:32,994] {logging_mixin.py:115} INFO - [2025-02-14 14:23:32,994] {dagbag.py:508} INFO - Filling up the DagBag from /opt/conda/lib/python3.8/site-packages/airflow/example_dags/tutorial_etl_dag.py
[2025-02-14 14:23:33,121] {processor.py:651} INFO - DAG(s) dict_keys(['tutorial_etl_dag']) retrieved from /opt/conda/lib/python3.8/site-packages/airflow/example_dags/tutorial_etl_dag.py
[2025-02-14 14:23:33,129] {logging_mixin.py:115} INFO - [2025-02-14 14:23:33,129] {dag.py:2420} INFO - Sync 1 DAGs
[2025-02-14 14:23:33,141] {logging_mixin.py:115} INFO - [2025-02-14 14:23:33,141] {dag.py:2968} INFO - Setting next_dagrun for tutorial_etl_dag to None, run_after=None
[2025-02-14 14:23:33,161] {processor.py:161} INFO - Processing /opt/conda/lib/python3.8/site-packages/airflow/example_dags/tutorial_etl_dag.py took 0.171 seconds
[2025-02-14 14:24:14,261] {processor.py:153} INFO - Started process (PID=3597) to work on /opt/conda/lib/python3.8/site-packages/airflow/example_dags/tutorial_etl_dag.py
[2025-02-14 14:24:14,263] {processor.py:641} INFO - Processing file /opt/conda/lib/python3.8/site-packages/airflow/example_dags/tutorial_etl_dag.py for tasks to queue
[2025-02-14 14:24:14,263] {logging_mixin.py:115} INFO - [2025-02-14 14:24:14,263] {dagbag.py:508} INFO - Filling up the DagBag from /opt/conda/lib/python3.8/site-packages/airflow/example_dags/tutorial_etl_dag.py
[2025-02-14 14:24:14,399] {processor.py:651} INFO - DAG(s) dict_keys(['tutorial_etl_dag']) retrieved from /opt/conda/lib/python3.8/site-packages/airflow/example_dags/tutorial_etl_dag.py
[2025-02-14 14:24:14,408] {logging_mixin.py:115} INFO - [2025-02-14 14:24:14,408] {dag.py:2420} INFO - Sync 1 DAGs
[2025-02-14 14:24:14,420] {logging_mixin.py:115} INFO - [2025-02-14 14:24:14,420] {dag.py:2968} INFO - Setting next_dagrun for tutorial_etl_dag to None, run_after=None
[2025-02-14 14:24:14,440] {processor.py:161} INFO - Processing /opt/conda/lib/python3.8/site-packages/airflow/example_dags/tutorial_etl_dag.py took 0.181 seconds
[2025-02-14 14:24:58,585] {processor.py:153} INFO - Started process (PID=3651) to work on /opt/conda/lib/python3.8/site-packages/airflow/example_dags/tutorial_etl_dag.py
[2025-02-14 14:24:58,587] {processor.py:641} INFO - Processing file /opt/conda/lib/python3.8/site-packages/airflow/example_dags/tutorial_etl_dag.py for tasks to queue
[2025-02-14 14:24:58,587] {logging_mixin.py:115} INFO - [2025-02-14 14:24:58,587] {dagbag.py:508} INFO - Filling up the DagBag from /opt/conda/lib/python3.8/site-packages/airflow/example_dags/tutorial_etl_dag.py
[2025-02-14 14:24:58,719] {processor.py:651} INFO - DAG(s) dict_keys(['tutorial_etl_dag']) retrieved from /opt/conda/lib/python3.8/site-packages/airflow/example_dags/tutorial_etl_dag.py
[2025-02-14 14:24:58,728] {logging_mixin.py:115} INFO - [2025-02-14 14:24:58,728] {dag.py:2420} INFO - Sync 1 DAGs
[2025-02-14 14:24:58,739] {logging_mixin.py:115} INFO - [2025-02-14 14:24:58,739] {dag.py:2968} INFO - Setting next_dagrun for tutorial_etl_dag to None, run_after=None
[2025-02-14 14:24:58,759] {processor.py:161} INFO - Processing /opt/conda/lib/python3.8/site-packages/airflow/example_dags/tutorial_etl_dag.py took 0.176 seconds
[2025-02-14 14:25:43,601] {processor.py:153} INFO - Started process (PID=3705) to work on /opt/conda/lib/python3.8/site-packages/airflow/example_dags/tutorial_etl_dag.py
[2025-02-14 14:25:43,603] {processor.py:641} INFO - Processing file /opt/conda/lib/python3.8/site-packages/airflow/example_dags/tutorial_etl_dag.py for tasks to queue
[2025-02-14 14:25:43,603] {logging_mixin.py:115} INFO - [2025-02-14 14:25:43,603] {dagbag.py:508} INFO - Filling up the DagBag from /opt/conda/lib/python3.8/site-packages/airflow/example_dags/tutorial_etl_dag.py
[2025-02-14 14:25:43,729] {processor.py:651} INFO - DAG(s) dict_keys(['tutorial_etl_dag']) retrieved from /opt/conda/lib/python3.8/site-packages/airflow/example_dags/tutorial_etl_dag.py
[2025-02-14 14:25:43,738] {logging_mixin.py:115} INFO - [2025-02-14 14:25:43,738] {dag.py:2420} INFO - Sync 1 DAGs
[2025-02-14 14:25:43,750] {logging_mixin.py:115} INFO - [2025-02-14 14:25:43,750] {dag.py:2968} INFO - Setting next_dagrun for tutorial_etl_dag to None, run_after=None
[2025-02-14 14:25:43,770] {processor.py:161} INFO - Processing /opt/conda/lib/python3.8/site-packages/airflow/example_dags/tutorial_etl_dag.py took 0.172 seconds
[2025-02-14 14:26:24,545] {processor.py:153} INFO - Started process (PID=3757) to work on /opt/conda/lib/python3.8/site-packages/airflow/example_dags/tutorial_etl_dag.py
[2025-02-14 14:26:24,546] {processor.py:641} INFO - Processing file /opt/conda/lib/python3.8/site-packages/airflow/example_dags/tutorial_etl_dag.py for tasks to queue
[2025-02-14 14:26:24,547] {logging_mixin.py:115} INFO - [2025-02-14 14:26:24,547] {dagbag.py:508} INFO - Filling up the DagBag from /opt/conda/lib/python3.8/site-packages/airflow/example_dags/tutorial_etl_dag.py
[2025-02-14 14:26:24,681] {processor.py:651} INFO - DAG(s) dict_keys(['tutorial_etl_dag']) retrieved from /opt/conda/lib/python3.8/site-packages/airflow/example_dags/tutorial_etl_dag.py
[2025-02-14 14:26:24,690] {logging_mixin.py:115} INFO - [2025-02-14 14:26:24,690] {dag.py:2420} INFO - Sync 1 DAGs
[2025-02-14 14:26:24,702] {logging_mixin.py:115} INFO - [2025-02-14 14:26:24,702] {dag.py:2968} INFO - Setting next_dagrun for tutorial_etl_dag to None, run_after=None
[2025-02-14 14:26:24,721] {processor.py:161} INFO - Processing /opt/conda/lib/python3.8/site-packages/airflow/example_dags/tutorial_etl_dag.py took 0.179 seconds
[2025-02-14 14:27:07,260] {processor.py:153} INFO - Started process (PID=3809) to work on /opt/conda/lib/python3.8/site-packages/airflow/example_dags/tutorial_etl_dag.py
[2025-02-14 14:27:07,262] {processor.py:641} INFO - Processing file /opt/conda/lib/python3.8/site-packages/airflow/example_dags/tutorial_etl_dag.py for tasks to queue
[2025-02-14 14:27:07,262] {logging_mixin.py:115} INFO - [2025-02-14 14:27:07,262] {dagbag.py:508} INFO - Filling up the DagBag from /opt/conda/lib/python3.8/site-packages/airflow/example_dags/tutorial_etl_dag.py
[2025-02-14 14:27:07,383] {processor.py:651} INFO - DAG(s) dict_keys(['tutorial_etl_dag']) retrieved from /opt/conda/lib/python3.8/site-packages/airflow/example_dags/tutorial_etl_dag.py
[2025-02-14 14:27:07,392] {logging_mixin.py:115} INFO - [2025-02-14 14:27:07,392] {dag.py:2420} INFO - Sync 1 DAGs
[2025-02-14 14:27:07,404] {logging_mixin.py:115} INFO - [2025-02-14 14:27:07,404] {dag.py:2968} INFO - Setting next_dagrun for tutorial_etl_dag to None, run_after=None
[2025-02-14 14:27:07,423] {processor.py:161} INFO - Processing /opt/conda/lib/python3.8/site-packages/airflow/example_dags/tutorial_etl_dag.py took 0.166 seconds
[2025-02-14 14:27:53,422] {processor.py:153} INFO - Started process (PID=3863) to work on /opt/conda/lib/python3.8/site-packages/airflow/example_dags/tutorial_etl_dag.py
[2025-02-14 14:27:53,423] {processor.py:641} INFO - Processing file /opt/conda/lib/python3.8/site-packages/airflow/example_dags/tutorial_etl_dag.py for tasks to queue
[2025-02-14 14:27:53,424] {logging_mixin.py:115} INFO - [2025-02-14 14:27:53,424] {dagbag.py:508} INFO - Filling up the DagBag from /opt/conda/lib/python3.8/site-packages/airflow/example_dags/tutorial_etl_dag.py
[2025-02-14 14:27:53,561] {processor.py:651} INFO - DAG(s) dict_keys(['tutorial_etl_dag']) retrieved from /opt/conda/lib/python3.8/site-packages/airflow/example_dags/tutorial_etl_dag.py
[2025-02-14 14:27:53,570] {logging_mixin.py:115} INFO - [2025-02-14 14:27:53,570] {dag.py:2420} INFO - Sync 1 DAGs
[2025-02-14 14:27:53,582] {logging_mixin.py:115} INFO - [2025-02-14 14:27:53,582] {dag.py:2968} INFO - Setting next_dagrun for tutorial_etl_dag to None, run_after=None
[2025-02-14 14:27:53,600] {processor.py:161} INFO - Processing /opt/conda/lib/python3.8/site-packages/airflow/example_dags/tutorial_etl_dag.py took 0.182 seconds
[2025-02-14 14:28:34,049] {processor.py:153} INFO - Started process (PID=3914) to work on /opt/conda/lib/python3.8/site-packages/airflow/example_dags/tutorial_etl_dag.py
[2025-02-14 14:28:34,132] {processor.py:641} INFO - Processing file /opt/conda/lib/python3.8/site-packages/airflow/example_dags/tutorial_etl_dag.py for tasks to queue
[2025-02-14 14:28:34,133] {logging_mixin.py:115} INFO - [2025-02-14 14:28:34,133] {dagbag.py:508} INFO - Filling up the DagBag from /opt/conda/lib/python3.8/site-packages/airflow/example_dags/tutorial_etl_dag.py
[2025-02-14 14:28:34,140] {processor.py:651} INFO - DAG(s) dict_keys(['tutorial_etl_dag']) retrieved from /opt/conda/lib/python3.8/site-packages/airflow/example_dags/tutorial_etl_dag.py
[2025-02-14 14:28:34,156] {logging_mixin.py:115} INFO - [2025-02-14 14:28:34,156] {dag.py:2420} INFO - Sync 1 DAGs
[2025-02-14 14:28:34,173] {logging_mixin.py:115} INFO - [2025-02-14 14:28:34,173] {dag.py:2968} INFO - Setting next_dagrun for tutorial_etl_dag to None, run_after=None
[2025-02-14 14:28:34,195] {processor.py:161} INFO - Processing /opt/conda/lib/python3.8/site-packages/airflow/example_dags/tutorial_etl_dag.py took 0.149 seconds
[2025-02-14 14:29:14,253] {processor.py:153} INFO - Started process (PID=3968) to work on /opt/conda/lib/python3.8/site-packages/airflow/example_dags/tutorial_etl_dag.py
[2025-02-14 14:29:14,254] {processor.py:641} INFO - Processing file /opt/conda/lib/python3.8/site-packages/airflow/example_dags/tutorial_etl_dag.py for tasks to queue
[2025-02-14 14:29:14,255] {logging_mixin.py:115} INFO - [2025-02-14 14:29:14,254] {dagbag.py:508} INFO - Filling up the DagBag from /opt/conda/lib/python3.8/site-packages/airflow/example_dags/tutorial_etl_dag.py
[2025-02-14 14:29:14,262] {processor.py:651} INFO - DAG(s) dict_keys(['tutorial_etl_dag']) retrieved from /opt/conda/lib/python3.8/site-packages/airflow/example_dags/tutorial_etl_dag.py
[2025-02-14 14:29:14,278] {logging_mixin.py:115} INFO - [2025-02-14 14:29:14,277] {dag.py:2420} INFO - Sync 1 DAGs
[2025-02-14 14:29:14,295] {logging_mixin.py:115} INFO - [2025-02-14 14:29:14,295] {dag.py:2968} INFO - Setting next_dagrun for tutorial_etl_dag to None, run_after=None
[2025-02-14 14:29:14,316] {processor.py:161} INFO - Processing /opt/conda/lib/python3.8/site-packages/airflow/example_dags/tutorial_etl_dag.py took 0.066 seconds
[2025-02-14 14:29:56,874] {processor.py:153} INFO - Started process (PID=4031) to work on /opt/conda/lib/python3.8/site-packages/airflow/example_dags/tutorial_etl_dag.py
[2025-02-14 14:29:56,963] {processor.py:641} INFO - Processing file /opt/conda/lib/python3.8/site-packages/airflow/example_dags/tutorial_etl_dag.py for tasks to queue
[2025-02-14 14:29:56,964] {logging_mixin.py:115} INFO - [2025-02-14 14:29:56,964] {dagbag.py:508} INFO - Filling up the DagBag from /opt/conda/lib/python3.8/site-packages/airflow/example_dags/tutorial_etl_dag.py
[2025-02-14 14:29:56,971] {processor.py:651} INFO - DAG(s) dict_keys(['tutorial_etl_dag']) retrieved from /opt/conda/lib/python3.8/site-packages/airflow/example_dags/tutorial_etl_dag.py
[2025-02-14 14:29:56,987] {logging_mixin.py:115} INFO - [2025-02-14 14:29:56,987] {dag.py:2420} INFO - Sync 1 DAGs
[2025-02-14 14:29:57,004] {logging_mixin.py:115} INFO - [2025-02-14 14:29:57,004] {dag.py:2968} INFO - Setting next_dagrun for tutorial_etl_dag to None, run_after=None
[2025-02-14 14:29:57,024] {processor.py:161} INFO - Processing /opt/conda/lib/python3.8/site-packages/airflow/example_dags/tutorial_etl_dag.py took 0.154 seconds
[2025-02-14 14:30:34,864] {processor.py:153} INFO - Started process (PID=4085) to work on /opt/conda/lib/python3.8/site-packages/airflow/example_dags/tutorial_etl_dag.py
[2025-02-14 14:30:34,866] {processor.py:641} INFO - Processing file /opt/conda/lib/python3.8/site-packages/airflow/example_dags/tutorial_etl_dag.py for tasks to queue
[2025-02-14 14:30:34,866] {logging_mixin.py:115} INFO - [2025-02-14 14:30:34,866] {dagbag.py:508} INFO - Filling up the DagBag from /opt/conda/lib/python3.8/site-packages/airflow/example_dags/tutorial_etl_dag.py
[2025-02-14 14:30:34,873] {processor.py:651} INFO - DAG(s) dict_keys(['tutorial_etl_dag']) retrieved from /opt/conda/lib/python3.8/site-packages/airflow/example_dags/tutorial_etl_dag.py
[2025-02-14 14:30:34,887] {logging_mixin.py:115} INFO - [2025-02-14 14:30:34,887] {dag.py:2420} INFO - Sync 1 DAGs
[2025-02-14 14:30:34,900] {logging_mixin.py:115} INFO - [2025-02-14 14:30:34,900] {dag.py:2968} INFO - Setting next_dagrun for tutorial_etl_dag to None, run_after=None
[2025-02-14 14:30:34,920] {processor.py:161} INFO - Processing /opt/conda/lib/python3.8/site-packages/airflow/example_dags/tutorial_etl_dag.py took 0.059 seconds
[2025-02-14 14:31:14,380] {processor.py:153} INFO - Started process (PID=4148) to work on /opt/conda/lib/python3.8/site-packages/airflow/example_dags/tutorial_etl_dag.py
[2025-02-14 14:31:14,382] {processor.py:641} INFO - Processing file /opt/conda/lib/python3.8/site-packages/airflow/example_dags/tutorial_etl_dag.py for tasks to queue
[2025-02-14 14:31:14,382] {logging_mixin.py:115} INFO - [2025-02-14 14:31:14,382] {dagbag.py:508} INFO - Filling up the DagBag from /opt/conda/lib/python3.8/site-packages/airflow/example_dags/tutorial_etl_dag.py
[2025-02-14 14:31:14,389] {processor.py:651} INFO - DAG(s) dict_keys(['tutorial_etl_dag']) retrieved from /opt/conda/lib/python3.8/site-packages/airflow/example_dags/tutorial_etl_dag.py
[2025-02-14 14:31:14,403] {logging_mixin.py:115} INFO - [2025-02-14 14:31:14,403] {dag.py:2420} INFO - Sync 1 DAGs
[2025-02-14 14:31:14,417] {logging_mixin.py:115} INFO - [2025-02-14 14:31:14,417] {dag.py:2968} INFO - Setting next_dagrun for tutorial_etl_dag to None, run_after=None
[2025-02-14 14:31:14,437] {processor.py:161} INFO - Processing /opt/conda/lib/python3.8/site-packages/airflow/example_dags/tutorial_etl_dag.py took 0.060 seconds
[2025-02-14 14:32:55,269] {processor.py:153} INFO - Started process (PID=4313) to work on /opt/conda/lib/python3.8/site-packages/airflow/example_dags/tutorial_etl_dag.py
[2025-02-14 14:32:55,270] {processor.py:641} INFO - Processing file /opt/conda/lib/python3.8/site-packages/airflow/example_dags/tutorial_etl_dag.py for tasks to queue
[2025-02-14 14:32:55,271] {logging_mixin.py:115} INFO - [2025-02-14 14:32:55,271] {dagbag.py:508} INFO - Filling up the DagBag from /opt/conda/lib/python3.8/site-packages/airflow/example_dags/tutorial_etl_dag.py
[2025-02-14 14:32:55,278] {processor.py:651} INFO - DAG(s) dict_keys(['tutorial_etl_dag']) retrieved from /opt/conda/lib/python3.8/site-packages/airflow/example_dags/tutorial_etl_dag.py
[2025-02-14 14:32:55,293] {logging_mixin.py:115} INFO - [2025-02-14 14:32:55,293] {dag.py:2420} INFO - Sync 1 DAGs
[2025-02-14 14:32:55,311] {logging_mixin.py:115} INFO - [2025-02-14 14:32:55,311] {dag.py:2968} INFO - Setting next_dagrun for tutorial_etl_dag to None, run_after=None
[2025-02-14 14:32:55,337] {processor.py:161} INFO - Processing /opt/conda/lib/python3.8/site-packages/airflow/example_dags/tutorial_etl_dag.py took 0.071 seconds
[2025-02-14 14:33:37,189] {processor.py:153} INFO - Started process (PID=4367) to work on /opt/conda/lib/python3.8/site-packages/airflow/example_dags/tutorial_etl_dag.py
[2025-02-14 14:33:37,191] {processor.py:641} INFO - Processing file /opt/conda/lib/python3.8/site-packages/airflow/example_dags/tutorial_etl_dag.py for tasks to queue
[2025-02-14 14:33:37,191] {logging_mixin.py:115} INFO - [2025-02-14 14:33:37,191] {dagbag.py:508} INFO - Filling up the DagBag from /opt/conda/lib/python3.8/site-packages/airflow/example_dags/tutorial_etl_dag.py
[2025-02-14 14:33:37,198] {processor.py:651} INFO - DAG(s) dict_keys(['tutorial_etl_dag']) retrieved from /opt/conda/lib/python3.8/site-packages/airflow/example_dags/tutorial_etl_dag.py
[2025-02-14 14:33:37,214] {logging_mixin.py:115} INFO - [2025-02-14 14:33:37,214] {dag.py:2420} INFO - Sync 1 DAGs
[2025-02-14 14:33:37,231] {logging_mixin.py:115} INFO - [2025-02-14 14:33:37,231] {dag.py:2968} INFO - Setting next_dagrun for tutorial_etl_dag to None, run_after=None
[2025-02-14 14:33:37,253] {processor.py:161} INFO - Processing /opt/conda/lib/python3.8/site-packages/airflow/example_dags/tutorial_etl_dag.py took 0.067 seconds
[2025-02-14 14:34:13,629] {processor.py:153} INFO - Started process (PID=4417) to work on /opt/conda/lib/python3.8/site-packages/airflow/example_dags/tutorial_etl_dag.py
[2025-02-14 14:34:13,630] {processor.py:641} INFO - Processing file /opt/conda/lib/python3.8/site-packages/airflow/example_dags/tutorial_etl_dag.py for tasks to queue
[2025-02-14 14:34:13,630] {logging_mixin.py:115} INFO - [2025-02-14 14:34:13,630] {dagbag.py:508} INFO - Filling up the DagBag from /opt/conda/lib/python3.8/site-packages/airflow/example_dags/tutorial_etl_dag.py
[2025-02-14 14:34:13,637] {processor.py:651} INFO - DAG(s) dict_keys(['tutorial_etl_dag']) retrieved from /opt/conda/lib/python3.8/site-packages/airflow/example_dags/tutorial_etl_dag.py
[2025-02-14 14:34:13,653] {logging_mixin.py:115} INFO - [2025-02-14 14:34:13,653] {dag.py:2420} INFO - Sync 1 DAGs
[2025-02-14 14:34:13,670] {logging_mixin.py:115} INFO - [2025-02-14 14:34:13,670] {dag.py:2968} INFO - Setting next_dagrun for tutorial_etl_dag to None, run_after=None
[2025-02-14 14:34:13,693] {processor.py:161} INFO - Processing /opt/conda/lib/python3.8/site-packages/airflow/example_dags/tutorial_etl_dag.py took 0.068 seconds
[2025-02-14 14:35:00,292] {processor.py:153} INFO - Started process (PID=4491) to work on /opt/conda/lib/python3.8/site-packages/airflow/example_dags/tutorial_etl_dag.py
[2025-02-14 14:35:00,294] {processor.py:641} INFO - Processing file /opt/conda/lib/python3.8/site-packages/airflow/example_dags/tutorial_etl_dag.py for tasks to queue
[2025-02-14 14:35:00,294] {logging_mixin.py:115} INFO - [2025-02-14 14:35:00,294] {dagbag.py:508} INFO - Filling up the DagBag from /opt/conda/lib/python3.8/site-packages/airflow/example_dags/tutorial_etl_dag.py
[2025-02-14 14:35:00,301] {processor.py:651} INFO - DAG(s) dict_keys(['tutorial_etl_dag']) retrieved from /opt/conda/lib/python3.8/site-packages/airflow/example_dags/tutorial_etl_dag.py
[2025-02-14 14:35:00,317] {logging_mixin.py:115} INFO - [2025-02-14 14:35:00,317] {dag.py:2420} INFO - Sync 1 DAGs
[2025-02-14 14:35:00,332] {logging_mixin.py:115} INFO - [2025-02-14 14:35:00,332] {dag.py:2968} INFO - Setting next_dagrun for tutorial_etl_dag to None, run_after=None
[2025-02-14 14:35:00,353] {processor.py:161} INFO - Processing /opt/conda/lib/python3.8/site-packages/airflow/example_dags/tutorial_etl_dag.py took 0.064 seconds
[2025-02-14 14:35:36,900] {processor.py:153} INFO - Started process (PID=4544) to work on /opt/conda/lib/python3.8/site-packages/airflow/example_dags/tutorial_etl_dag.py
[2025-02-14 14:35:36,901] {processor.py:641} INFO - Processing file /opt/conda/lib/python3.8/site-packages/airflow/example_dags/tutorial_etl_dag.py for tasks to queue
[2025-02-14 14:35:36,902] {logging_mixin.py:115} INFO - [2025-02-14 14:35:36,902] {dagbag.py:508} INFO - Filling up the DagBag from /opt/conda/lib/python3.8/site-packages/airflow/example_dags/tutorial_etl_dag.py
[2025-02-14 14:35:36,909] {processor.py:651} INFO - DAG(s) dict_keys(['tutorial_etl_dag']) retrieved from /opt/conda/lib/python3.8/site-packages/airflow/example_dags/tutorial_etl_dag.py
[2025-02-14 14:35:36,941] {logging_mixin.py:115} INFO - [2025-02-14 14:35:36,941] {dag.py:2420} INFO - Sync 1 DAGs
[2025-02-14 14:35:37,257] {logging_mixin.py:115} INFO - [2025-02-14 14:35:37,256] {dag.py:2968} INFO - Setting next_dagrun for tutorial_etl_dag to None, run_after=None
[2025-02-14 14:35:37,398] {processor.py:161} INFO - Processing /opt/conda/lib/python3.8/site-packages/airflow/example_dags/tutorial_etl_dag.py took 0.501 seconds
[2025-02-14 14:36:22,165] {processor.py:153} INFO - Started process (PID=4600) to work on /opt/conda/lib/python3.8/site-packages/airflow/example_dags/tutorial_etl_dag.py
[2025-02-14 14:36:22,166] {processor.py:641} INFO - Processing file /opt/conda/lib/python3.8/site-packages/airflow/example_dags/tutorial_etl_dag.py for tasks to queue
[2025-02-14 14:36:22,167] {logging_mixin.py:115} INFO - [2025-02-14 14:36:22,167] {dagbag.py:508} INFO - Filling up the DagBag from /opt/conda/lib/python3.8/site-packages/airflow/example_dags/tutorial_etl_dag.py
[2025-02-14 14:36:22,174] {processor.py:651} INFO - DAG(s) dict_keys(['tutorial_etl_dag']) retrieved from /opt/conda/lib/python3.8/site-packages/airflow/example_dags/tutorial_etl_dag.py
[2025-02-14 14:36:22,190] {logging_mixin.py:115} INFO - [2025-02-14 14:36:22,190] {dag.py:2420} INFO - Sync 1 DAGs
[2025-02-14 14:36:22,208] {logging_mixin.py:115} INFO - [2025-02-14 14:36:22,208] {dag.py:2968} INFO - Setting next_dagrun for tutorial_etl_dag to None, run_after=None
[2025-02-14 14:36:22,231] {processor.py:161} INFO - Processing /opt/conda/lib/python3.8/site-packages/airflow/example_dags/tutorial_etl_dag.py took 0.070 seconds
[2025-02-14 14:36:58,889] {processor.py:153} INFO - Started process (PID=4651) to work on /opt/conda/lib/python3.8/site-packages/airflow/example_dags/tutorial_etl_dag.py
[2025-02-14 14:36:58,890] {processor.py:641} INFO - Processing file /opt/conda/lib/python3.8/site-packages/airflow/example_dags/tutorial_etl_dag.py for tasks to queue
[2025-02-14 14:36:58,891] {logging_mixin.py:115} INFO - [2025-02-14 14:36:58,891] {dagbag.py:508} INFO - Filling up the DagBag from /opt/conda/lib/python3.8/site-packages/airflow/example_dags/tutorial_etl_dag.py
[2025-02-14 14:36:58,898] {processor.py:651} INFO - DAG(s) dict_keys(['tutorial_etl_dag']) retrieved from /opt/conda/lib/python3.8/site-packages/airflow/example_dags/tutorial_etl_dag.py
[2025-02-14 14:36:58,913] {logging_mixin.py:115} INFO - [2025-02-14 14:36:58,913] {dag.py:2420} INFO - Sync 1 DAGs
[2025-02-14 14:36:58,930] {logging_mixin.py:115} INFO - [2025-02-14 14:36:58,930] {dag.py:2968} INFO - Setting next_dagrun for tutorial_etl_dag to None, run_after=None
[2025-02-14 14:36:58,950] {processor.py:161} INFO - Processing /opt/conda/lib/python3.8/site-packages/airflow/example_dags/tutorial_etl_dag.py took 0.065 seconds
[2025-02-14 14:42:04,198] {processor.py:153} INFO - Started process (PID=4759) to work on /opt/conda/lib/python3.8/site-packages/airflow/example_dags/tutorial_etl_dag.py
[2025-02-14 14:42:04,199] {processor.py:641} INFO - Processing file /opt/conda/lib/python3.8/site-packages/airflow/example_dags/tutorial_etl_dag.py for tasks to queue
[2025-02-14 14:42:04,200] {logging_mixin.py:115} INFO - [2025-02-14 14:42:04,200] {dagbag.py:508} INFO - Filling up the DagBag from /opt/conda/lib/python3.8/site-packages/airflow/example_dags/tutorial_etl_dag.py
[2025-02-14 14:42:04,331] {processor.py:651} INFO - DAG(s) dict_keys(['tutorial_etl_dag']) retrieved from /opt/conda/lib/python3.8/site-packages/airflow/example_dags/tutorial_etl_dag.py
[2025-02-14 14:42:04,340] {logging_mixin.py:115} INFO - [2025-02-14 14:42:04,340] {dag.py:2420} INFO - Sync 1 DAGs
[2025-02-14 14:42:04,351] {logging_mixin.py:115} INFO - [2025-02-14 14:42:04,351] {dag.py:2968} INFO - Setting next_dagrun for tutorial_etl_dag to None, run_after=None
[2025-02-14 14:42:04,371] {processor.py:161} INFO - Processing /opt/conda/lib/python3.8/site-packages/airflow/example_dags/tutorial_etl_dag.py took 0.176 seconds
[2025-02-14 14:42:49,582] {processor.py:153} INFO - Started process (PID=4851) to work on /opt/conda/lib/python3.8/site-packages/airflow/example_dags/tutorial_etl_dag.py
[2025-02-14 14:42:49,584] {processor.py:641} INFO - Processing file /opt/conda/lib/python3.8/site-packages/airflow/example_dags/tutorial_etl_dag.py for tasks to queue
[2025-02-14 14:42:49,584] {logging_mixin.py:115} INFO - [2025-02-14 14:42:49,584] {dagbag.py:508} INFO - Filling up the DagBag from /opt/conda/lib/python3.8/site-packages/airflow/example_dags/tutorial_etl_dag.py
[2025-02-14 14:42:49,716] {processor.py:651} INFO - DAG(s) dict_keys(['tutorial_etl_dag']) retrieved from /opt/conda/lib/python3.8/site-packages/airflow/example_dags/tutorial_etl_dag.py
[2025-02-14 14:42:49,725] {logging_mixin.py:115} INFO - [2025-02-14 14:42:49,725] {dag.py:2420} INFO - Sync 1 DAGs
[2025-02-14 14:42:49,736] {logging_mixin.py:115} INFO - [2025-02-14 14:42:49,736] {dag.py:2968} INFO - Setting next_dagrun for tutorial_etl_dag to None, run_after=None
[2025-02-14 14:42:49,757] {processor.py:161} INFO - Processing /opt/conda/lib/python3.8/site-packages/airflow/example_dags/tutorial_etl_dag.py took 0.178 seconds
[2025-02-14 17:09:24,361] {processor.py:153} INFO - Started process (PID=6350) to work on /opt/conda/lib/python3.8/site-packages/airflow/example_dags/tutorial_etl_dag.py
[2025-02-14 17:09:24,363] {processor.py:641} INFO - Processing file /opt/conda/lib/python3.8/site-packages/airflow/example_dags/tutorial_etl_dag.py for tasks to queue
[2025-02-14 17:09:24,363] {logging_mixin.py:115} INFO - [2025-02-14 17:09:24,363] {dagbag.py:508} INFO - Filling up the DagBag from /opt/conda/lib/python3.8/site-packages/airflow/example_dags/tutorial_etl_dag.py
[2025-02-14 17:09:24,556] {processor.py:651} INFO - DAG(s) dict_keys(['tutorial_etl_dag']) retrieved from /opt/conda/lib/python3.8/site-packages/airflow/example_dags/tutorial_etl_dag.py
[2025-02-14 17:09:24,569] {logging_mixin.py:115} INFO - [2025-02-14 17:09:24,569] {dag.py:2420} INFO - Sync 1 DAGs
[2025-02-14 17:09:24,586] {logging_mixin.py:115} INFO - [2025-02-14 17:09:24,586] {dag.py:2968} INFO - Setting next_dagrun for tutorial_etl_dag to None, run_after=None
[2025-02-14 17:09:24,609] {processor.py:161} INFO - Processing /opt/conda/lib/python3.8/site-packages/airflow/example_dags/tutorial_etl_dag.py took 0.251 seconds
[2025-02-14 17:10:20,390] {processor.py:153} INFO - Started process (PID=6423) to work on /opt/conda/lib/python3.8/site-packages/airflow/example_dags/tutorial_etl_dag.py
[2025-02-14 17:10:20,391] {processor.py:641} INFO - Processing file /opt/conda/lib/python3.8/site-packages/airflow/example_dags/tutorial_etl_dag.py for tasks to queue
[2025-02-14 17:10:20,392] {logging_mixin.py:115} INFO - [2025-02-14 17:10:20,392] {dagbag.py:508} INFO - Filling up the DagBag from /opt/conda/lib/python3.8/site-packages/airflow/example_dags/tutorial_etl_dag.py
[2025-02-14 17:10:20,586] {processor.py:651} INFO - DAG(s) dict_keys(['tutorial_etl_dag']) retrieved from /opt/conda/lib/python3.8/site-packages/airflow/example_dags/tutorial_etl_dag.py
[2025-02-14 17:10:20,600] {logging_mixin.py:115} INFO - [2025-02-14 17:10:20,600] {dag.py:2420} INFO - Sync 1 DAGs
[2025-02-14 17:10:20,618] {logging_mixin.py:115} INFO - [2025-02-14 17:10:20,618] {dag.py:2968} INFO - Setting next_dagrun for tutorial_etl_dag to None, run_after=None
[2025-02-14 17:10:20,643] {processor.py:161} INFO - Processing /opt/conda/lib/python3.8/site-packages/airflow/example_dags/tutorial_etl_dag.py took 0.257 seconds
[2025-02-14 17:11:42,225] {processor.py:153} INFO - Started process (PID=6569) to work on /opt/conda/lib/python3.8/site-packages/airflow/example_dags/tutorial_etl_dag.py
[2025-02-14 17:11:42,226] {processor.py:641} INFO - Processing file /opt/conda/lib/python3.8/site-packages/airflow/example_dags/tutorial_etl_dag.py for tasks to queue
[2025-02-14 17:11:42,227] {logging_mixin.py:115} INFO - [2025-02-14 17:11:42,227] {dagbag.py:508} INFO - Filling up the DagBag from /opt/conda/lib/python3.8/site-packages/airflow/example_dags/tutorial_etl_dag.py
[2025-02-14 17:11:42,370] {processor.py:651} INFO - DAG(s) dict_keys(['tutorial_etl_dag']) retrieved from /opt/conda/lib/python3.8/site-packages/airflow/example_dags/tutorial_etl_dag.py
[2025-02-14 17:11:42,379] {logging_mixin.py:115} INFO - [2025-02-14 17:11:42,379] {dag.py:2420} INFO - Sync 1 DAGs
[2025-02-14 17:11:42,390] {logging_mixin.py:115} INFO - [2025-02-14 17:11:42,390] {dag.py:2968} INFO - Setting next_dagrun for tutorial_etl_dag to None, run_after=None
[2025-02-14 17:11:42,410] {processor.py:161} INFO - Processing /opt/conda/lib/python3.8/site-packages/airflow/example_dags/tutorial_etl_dag.py took 0.188 seconds
[2025-02-14 17:12:36,825] {processor.py:153} INFO - Started process (PID=6642) to work on /opt/conda/lib/python3.8/site-packages/airflow/example_dags/tutorial_etl_dag.py
[2025-02-14 17:12:36,827] {processor.py:641} INFO - Processing file /opt/conda/lib/python3.8/site-packages/airflow/example_dags/tutorial_etl_dag.py for tasks to queue
[2025-02-14 17:12:36,827] {logging_mixin.py:115} INFO - [2025-02-14 17:12:36,827] {dagbag.py:508} INFO - Filling up the DagBag from /opt/conda/lib/python3.8/site-packages/airflow/example_dags/tutorial_etl_dag.py
[2025-02-14 17:12:37,023] {processor.py:651} INFO - DAG(s) dict_keys(['tutorial_etl_dag']) retrieved from /opt/conda/lib/python3.8/site-packages/airflow/example_dags/tutorial_etl_dag.py
[2025-02-14 17:12:37,037] {logging_mixin.py:115} INFO - [2025-02-14 17:12:37,036] {dag.py:2420} INFO - Sync 1 DAGs
[2025-02-14 17:12:37,055] {logging_mixin.py:115} INFO - [2025-02-14 17:12:37,055] {dag.py:2968} INFO - Setting next_dagrun for tutorial_etl_dag to None, run_after=None
[2025-02-14 17:12:37,079] {processor.py:161} INFO - Processing /opt/conda/lib/python3.8/site-packages/airflow/example_dags/tutorial_etl_dag.py took 0.257 seconds
[2025-02-14 17:13:28,810] {processor.py:153} INFO - Started process (PID=6712) to work on /opt/conda/lib/python3.8/site-packages/airflow/example_dags/tutorial_etl_dag.py
[2025-02-14 17:13:28,811] {processor.py:641} INFO - Processing file /opt/conda/lib/python3.8/site-packages/airflow/example_dags/tutorial_etl_dag.py for tasks to queue
[2025-02-14 17:13:28,812] {logging_mixin.py:115} INFO - [2025-02-14 17:13:28,812] {dagbag.py:508} INFO - Filling up the DagBag from /opt/conda/lib/python3.8/site-packages/airflow/example_dags/tutorial_etl_dag.py
[2025-02-14 17:13:29,006] {processor.py:651} INFO - DAG(s) dict_keys(['tutorial_etl_dag']) retrieved from /opt/conda/lib/python3.8/site-packages/airflow/example_dags/tutorial_etl_dag.py
[2025-02-14 17:13:29,019] {logging_mixin.py:115} INFO - [2025-02-14 17:13:29,019] {dag.py:2420} INFO - Sync 1 DAGs
[2025-02-14 17:13:29,037] {logging_mixin.py:115} INFO - [2025-02-14 17:13:29,037] {dag.py:2968} INFO - Setting next_dagrun for tutorial_etl_dag to None, run_after=None
[2025-02-14 17:13:29,154] {processor.py:161} INFO - Processing /opt/conda/lib/python3.8/site-packages/airflow/example_dags/tutorial_etl_dag.py took 0.348 seconds
[2025-02-14 17:14:18,527] {processor.py:153} INFO - Started process (PID=6782) to work on /opt/conda/lib/python3.8/site-packages/airflow/example_dags/tutorial_etl_dag.py
[2025-02-14 17:14:18,529] {processor.py:641} INFO - Processing file /opt/conda/lib/python3.8/site-packages/airflow/example_dags/tutorial_etl_dag.py for tasks to queue
[2025-02-14 17:14:18,530] {logging_mixin.py:115} INFO - [2025-02-14 17:14:18,530] {dagbag.py:508} INFO - Filling up the DagBag from /opt/conda/lib/python3.8/site-packages/airflow/example_dags/tutorial_etl_dag.py
[2025-02-14 17:14:18,538] {processor.py:651} INFO - DAG(s) dict_keys(['tutorial_etl_dag']) retrieved from /opt/conda/lib/python3.8/site-packages/airflow/example_dags/tutorial_etl_dag.py
[2025-02-14 17:14:18,556] {logging_mixin.py:115} INFO - [2025-02-14 17:14:18,556] {dag.py:2420} INFO - Sync 1 DAGs
[2025-02-14 17:14:18,576] {logging_mixin.py:115} INFO - [2025-02-14 17:14:18,576] {dag.py:2968} INFO - Setting next_dagrun for tutorial_etl_dag to None, run_after=None
[2025-02-14 17:14:18,599] {processor.py:161} INFO - Processing /opt/conda/lib/python3.8/site-packages/airflow/example_dags/tutorial_etl_dag.py took 0.075 seconds
[2025-02-14 17:15:01,677] {processor.py:153} INFO - Started process (PID=6851) to work on /opt/conda/lib/python3.8/site-packages/airflow/example_dags/tutorial_etl_dag.py
[2025-02-14 17:15:01,679] {processor.py:641} INFO - Processing file /opt/conda/lib/python3.8/site-packages/airflow/example_dags/tutorial_etl_dag.py for tasks to queue
[2025-02-14 17:15:01,680] {logging_mixin.py:115} INFO - [2025-02-14 17:15:01,679] {dagbag.py:508} INFO - Filling up the DagBag from /opt/conda/lib/python3.8/site-packages/airflow/example_dags/tutorial_etl_dag.py
[2025-02-14 17:15:01,688] {processor.py:651} INFO - DAG(s) dict_keys(['tutorial_etl_dag']) retrieved from /opt/conda/lib/python3.8/site-packages/airflow/example_dags/tutorial_etl_dag.py
[2025-02-14 17:15:01,706] {logging_mixin.py:115} INFO - [2025-02-14 17:15:01,705] {dag.py:2420} INFO - Sync 1 DAGs
[2025-02-14 17:15:01,726] {logging_mixin.py:115} INFO - [2025-02-14 17:15:01,726] {dag.py:2968} INFO - Setting next_dagrun for tutorial_etl_dag to None, run_after=None
[2025-02-14 17:15:01,750] {processor.py:161} INFO - Processing /opt/conda/lib/python3.8/site-packages/airflow/example_dags/tutorial_etl_dag.py took 0.076 seconds
[2025-02-14 17:15:47,491] {processor.py:153} INFO - Started process (PID=6924) to work on /opt/conda/lib/python3.8/site-packages/airflow/example_dags/tutorial_etl_dag.py
[2025-02-14 17:15:47,493] {processor.py:641} INFO - Processing file /opt/conda/lib/python3.8/site-packages/airflow/example_dags/tutorial_etl_dag.py for tasks to queue
[2025-02-14 17:15:47,493] {logging_mixin.py:115} INFO - [2025-02-14 17:15:47,493] {dagbag.py:508} INFO - Filling up the DagBag from /opt/conda/lib/python3.8/site-packages/airflow/example_dags/tutorial_etl_dag.py
[2025-02-14 17:15:47,501] {processor.py:651} INFO - DAG(s) dict_keys(['tutorial_etl_dag']) retrieved from /opt/conda/lib/python3.8/site-packages/airflow/example_dags/tutorial_etl_dag.py
[2025-02-14 17:15:47,519] {logging_mixin.py:115} INFO - [2025-02-14 17:15:47,519] {dag.py:2420} INFO - Sync 1 DAGs
[2025-02-14 17:15:47,540] {logging_mixin.py:115} INFO - [2025-02-14 17:15:47,540] {dag.py:2968} INFO - Setting next_dagrun for tutorial_etl_dag to None, run_after=None
[2025-02-14 17:15:47,564] {processor.py:161} INFO - Processing /opt/conda/lib/python3.8/site-packages/airflow/example_dags/tutorial_etl_dag.py took 0.076 seconds
[2025-02-14 17:16:32,100] {processor.py:153} INFO - Started process (PID=7165) to work on /opt/conda/lib/python3.8/site-packages/airflow/example_dags/tutorial_etl_dag.py
[2025-02-14 17:16:32,102] {processor.py:641} INFO - Processing file /opt/conda/lib/python3.8/site-packages/airflow/example_dags/tutorial_etl_dag.py for tasks to queue
[2025-02-14 17:16:32,103] {logging_mixin.py:115} INFO - [2025-02-14 17:16:32,103] {dagbag.py:508} INFO - Filling up the DagBag from /opt/conda/lib/python3.8/site-packages/airflow/example_dags/tutorial_etl_dag.py
[2025-02-14 17:16:32,111] {processor.py:651} INFO - DAG(s) dict_keys(['tutorial_etl_dag']) retrieved from /opt/conda/lib/python3.8/site-packages/airflow/example_dags/tutorial_etl_dag.py
[2025-02-14 17:16:32,129] {logging_mixin.py:115} INFO - [2025-02-14 17:16:32,129] {dag.py:2420} INFO - Sync 1 DAGs
[2025-02-14 17:16:32,149] {logging_mixin.py:115} INFO - [2025-02-14 17:16:32,149] {dag.py:2968} INFO - Setting next_dagrun for tutorial_etl_dag to None, run_after=None
[2025-02-14 17:16:32,175] {processor.py:161} INFO - Processing /opt/conda/lib/python3.8/site-packages/airflow/example_dags/tutorial_etl_dag.py took 0.078 seconds
[2025-02-14 18:17:10,853] {processor.py:153} INFO - Started process (PID=7817) to work on /opt/conda/lib/python3.8/site-packages/airflow/example_dags/tutorial_etl_dag.py
[2025-02-14 18:17:10,855] {processor.py:641} INFO - Processing file /opt/conda/lib/python3.8/site-packages/airflow/example_dags/tutorial_etl_dag.py for tasks to queue
[2025-02-14 18:17:10,855] {logging_mixin.py:115} INFO - [2025-02-14 18:17:10,855] {dagbag.py:508} INFO - Filling up the DagBag from /opt/conda/lib/python3.8/site-packages/airflow/example_dags/tutorial_etl_dag.py
[2025-02-14 18:17:11,041] {processor.py:651} INFO - DAG(s) dict_keys(['tutorial_etl_dag']) retrieved from /opt/conda/lib/python3.8/site-packages/airflow/example_dags/tutorial_etl_dag.py
[2025-02-14 18:17:11,054] {logging_mixin.py:115} INFO - [2025-02-14 18:17:11,054] {dag.py:2420} INFO - Sync 1 DAGs
[2025-02-14 18:17:11,072] {logging_mixin.py:115} INFO - [2025-02-14 18:17:11,072] {dag.py:2968} INFO - Setting next_dagrun for tutorial_etl_dag to None, run_after=None
[2025-02-14 18:17:11,100] {processor.py:161} INFO - Processing /opt/conda/lib/python3.8/site-packages/airflow/example_dags/tutorial_etl_dag.py took 0.251 seconds
[2025-02-14 18:19:03,954] {processor.py:153} INFO - Started process (PID=8002) to work on /opt/conda/lib/python3.8/site-packages/airflow/example_dags/tutorial_etl_dag.py
[2025-02-14 18:19:03,956] {processor.py:641} INFO - Processing file /opt/conda/lib/python3.8/site-packages/airflow/example_dags/tutorial_etl_dag.py for tasks to queue
[2025-02-14 18:19:03,956] {logging_mixin.py:115} INFO - [2025-02-14 18:19:03,956] {dagbag.py:508} INFO - Filling up the DagBag from /opt/conda/lib/python3.8/site-packages/airflow/example_dags/tutorial_etl_dag.py
[2025-02-14 18:19:04,141] {processor.py:651} INFO - DAG(s) dict_keys(['tutorial_etl_dag']) retrieved from /opt/conda/lib/python3.8/site-packages/airflow/example_dags/tutorial_etl_dag.py
[2025-02-14 18:19:04,154] {logging_mixin.py:115} INFO - [2025-02-14 18:19:04,154] {dag.py:2420} INFO - Sync 1 DAGs
[2025-02-14 18:19:04,172] {logging_mixin.py:115} INFO - [2025-02-14 18:19:04,172] {dag.py:2968} INFO - Setting next_dagrun for tutorial_etl_dag to None, run_after=None
[2025-02-14 18:19:04,196] {processor.py:161} INFO - Processing /opt/conda/lib/python3.8/site-packages/airflow/example_dags/tutorial_etl_dag.py took 0.245 seconds
[2025-02-14 18:20:19,773] {processor.py:153} INFO - Started process (PID=8133) to work on /opt/conda/lib/python3.8/site-packages/airflow/example_dags/tutorial_etl_dag.py
[2025-02-14 18:20:19,775] {processor.py:641} INFO - Processing file /opt/conda/lib/python3.8/site-packages/airflow/example_dags/tutorial_etl_dag.py for tasks to queue
[2025-02-14 18:20:19,775] {logging_mixin.py:115} INFO - [2025-02-14 18:20:19,775] {dagbag.py:508} INFO - Filling up the DagBag from /opt/conda/lib/python3.8/site-packages/airflow/example_dags/tutorial_etl_dag.py
[2025-02-14 18:20:19,962] {processor.py:651} INFO - DAG(s) dict_keys(['tutorial_etl_dag']) retrieved from /opt/conda/lib/python3.8/site-packages/airflow/example_dags/tutorial_etl_dag.py
[2025-02-14 18:20:19,975] {logging_mixin.py:115} INFO - [2025-02-14 18:20:19,975] {dag.py:2420} INFO - Sync 1 DAGs
[2025-02-14 18:20:19,993] {logging_mixin.py:115} INFO - [2025-02-14 18:20:19,993] {dag.py:2968} INFO - Setting next_dagrun for tutorial_etl_dag to None, run_after=None
[2025-02-14 18:20:20,016] {processor.py:161} INFO - Processing /opt/conda/lib/python3.8/site-packages/airflow/example_dags/tutorial_etl_dag.py took 0.246 seconds
[2025-02-14 18:21:32,877] {processor.py:153} INFO - Started process (PID=8259) to work on /opt/conda/lib/python3.8/site-packages/airflow/example_dags/tutorial_etl_dag.py
[2025-02-14 18:21:32,879] {processor.py:641} INFO - Processing file /opt/conda/lib/python3.8/site-packages/airflow/example_dags/tutorial_etl_dag.py for tasks to queue
[2025-02-14 18:21:32,879] {logging_mixin.py:115} INFO - [2025-02-14 18:21:32,879] {dagbag.py:508} INFO - Filling up the DagBag from /opt/conda/lib/python3.8/site-packages/airflow/example_dags/tutorial_etl_dag.py
[2025-02-14 18:21:33,064] {processor.py:651} INFO - DAG(s) dict_keys(['tutorial_etl_dag']) retrieved from /opt/conda/lib/python3.8/site-packages/airflow/example_dags/tutorial_etl_dag.py
[2025-02-14 18:21:33,077] {logging_mixin.py:115} INFO - [2025-02-14 18:21:33,077] {dag.py:2420} INFO - Sync 1 DAGs
[2025-02-14 18:21:33,095] {logging_mixin.py:115} INFO - [2025-02-14 18:21:33,095] {dag.py:2968} INFO - Setting next_dagrun for tutorial_etl_dag to None, run_after=None
[2025-02-14 18:21:33,119] {processor.py:161} INFO - Processing /opt/conda/lib/python3.8/site-packages/airflow/example_dags/tutorial_etl_dag.py took 0.246 seconds
[2025-02-14 18:22:34,512] {processor.py:153} INFO - Started process (PID=8374) to work on /opt/conda/lib/python3.8/site-packages/airflow/example_dags/tutorial_etl_dag.py
[2025-02-14 18:22:34,514] {processor.py:641} INFO - Processing file /opt/conda/lib/python3.8/site-packages/airflow/example_dags/tutorial_etl_dag.py for tasks to queue
[2025-02-14 18:22:34,515] {logging_mixin.py:115} INFO - [2025-02-14 18:22:34,515] {dagbag.py:508} INFO - Filling up the DagBag from /opt/conda/lib/python3.8/site-packages/airflow/example_dags/tutorial_etl_dag.py
[2025-02-14 18:22:34,523] {processor.py:651} INFO - DAG(s) dict_keys(['tutorial_etl_dag']) retrieved from /opt/conda/lib/python3.8/site-packages/airflow/example_dags/tutorial_etl_dag.py
[2025-02-14 18:22:34,543] {logging_mixin.py:115} INFO - [2025-02-14 18:22:34,543] {dag.py:2420} INFO - Sync 1 DAGs
[2025-02-14 18:22:34,565] {logging_mixin.py:115} INFO - [2025-02-14 18:22:34,564] {dag.py:2968} INFO - Setting next_dagrun for tutorial_etl_dag to None, run_after=None
[2025-02-14 18:22:34,589] {processor.py:161} INFO - Processing /opt/conda/lib/python3.8/site-packages/airflow/example_dags/tutorial_etl_dag.py took 0.080 seconds
[2025-02-14 18:23:36,381] {processor.py:153} INFO - Started process (PID=8487) to work on /opt/conda/lib/python3.8/site-packages/airflow/example_dags/tutorial_etl_dag.py
[2025-02-14 18:23:36,383] {processor.py:641} INFO - Processing file /opt/conda/lib/python3.8/site-packages/airflow/example_dags/tutorial_etl_dag.py for tasks to queue
[2025-02-14 18:23:36,383] {logging_mixin.py:115} INFO - [2025-02-14 18:23:36,383] {dagbag.py:508} INFO - Filling up the DagBag from /opt/conda/lib/python3.8/site-packages/airflow/example_dags/tutorial_etl_dag.py
[2025-02-14 18:23:36,392] {processor.py:651} INFO - DAG(s) dict_keys(['tutorial_etl_dag']) retrieved from /opt/conda/lib/python3.8/site-packages/airflow/example_dags/tutorial_etl_dag.py
[2025-02-14 18:23:36,411] {logging_mixin.py:115} INFO - [2025-02-14 18:23:36,410] {dag.py:2420} INFO - Sync 1 DAGs
[2025-02-14 18:23:36,431] {logging_mixin.py:115} INFO - [2025-02-14 18:23:36,431] {dag.py:2968} INFO - Setting next_dagrun for tutorial_etl_dag to None, run_after=None
[2025-02-14 18:23:36,457] {processor.py:161} INFO - Processing /opt/conda/lib/python3.8/site-packages/airflow/example_dags/tutorial_etl_dag.py took 0.080 seconds
[2025-02-14 18:24:37,882] {processor.py:153} INFO - Started process (PID=8628) to work on /opt/conda/lib/python3.8/site-packages/airflow/example_dags/tutorial_etl_dag.py
[2025-02-14 18:24:37,884] {processor.py:641} INFO - Processing file /opt/conda/lib/python3.8/site-packages/airflow/example_dags/tutorial_etl_dag.py for tasks to queue
[2025-02-14 18:24:37,884] {logging_mixin.py:115} INFO - [2025-02-14 18:24:37,884] {dagbag.py:508} INFO - Filling up the DagBag from /opt/conda/lib/python3.8/site-packages/airflow/example_dags/tutorial_etl_dag.py
[2025-02-14 18:24:37,891] {processor.py:651} INFO - DAG(s) dict_keys(['tutorial_etl_dag']) retrieved from /opt/conda/lib/python3.8/site-packages/airflow/example_dags/tutorial_etl_dag.py
[2025-02-14 18:24:37,907] {logging_mixin.py:115} INFO - [2025-02-14 18:24:37,907] {dag.py:2420} INFO - Sync 1 DAGs
[2025-02-14 18:24:37,925] {logging_mixin.py:115} INFO - [2025-02-14 18:24:37,925] {dag.py:2968} INFO - Setting next_dagrun for tutorial_etl_dag to None, run_after=None
[2025-02-14 18:24:37,946] {processor.py:161} INFO - Processing /opt/conda/lib/python3.8/site-packages/airflow/example_dags/tutorial_etl_dag.py took 0.068 seconds
[2025-02-14 18:30:08,401] {processor.py:153} INFO - Started process (PID=8771) to work on /opt/conda/lib/python3.8/site-packages/airflow/example_dags/tutorial_etl_dag.py
[2025-02-14 18:30:08,403] {processor.py:641} INFO - Processing file /opt/conda/lib/python3.8/site-packages/airflow/example_dags/tutorial_etl_dag.py for tasks to queue
[2025-02-14 18:30:08,403] {logging_mixin.py:115} INFO - [2025-02-14 18:30:08,403] {dagbag.py:508} INFO - Filling up the DagBag from /opt/conda/lib/python3.8/site-packages/airflow/example_dags/tutorial_etl_dag.py
[2025-02-14 18:30:08,541] {processor.py:651} INFO - DAG(s) dict_keys(['tutorial_etl_dag']) retrieved from /opt/conda/lib/python3.8/site-packages/airflow/example_dags/tutorial_etl_dag.py
[2025-02-14 18:30:08,552] {logging_mixin.py:115} INFO - [2025-02-14 18:30:08,552] {dag.py:2420} INFO - Sync 1 DAGs
[2025-02-14 18:30:08,567] {logging_mixin.py:115} INFO - [2025-02-14 18:30:08,567] {dag.py:2968} INFO - Setting next_dagrun for tutorial_etl_dag to None, run_after=None
[2025-02-14 18:30:08,594] {processor.py:161} INFO - Processing /opt/conda/lib/python3.8/site-packages/airflow/example_dags/tutorial_etl_dag.py took 0.195 seconds
[2025-02-14 18:31:52,358] {processor.py:153} INFO - Started process (PID=9075) to work on /opt/conda/lib/python3.8/site-packages/airflow/example_dags/tutorial_etl_dag.py
[2025-02-14 18:31:52,359] {processor.py:641} INFO - Processing file /opt/conda/lib/python3.8/site-packages/airflow/example_dags/tutorial_etl_dag.py for tasks to queue
[2025-02-14 18:31:52,360] {logging_mixin.py:115} INFO - [2025-02-14 18:31:52,360] {dagbag.py:508} INFO - Filling up the DagBag from /opt/conda/lib/python3.8/site-packages/airflow/example_dags/tutorial_etl_dag.py
[2025-02-14 18:31:52,483] {processor.py:651} INFO - DAG(s) dict_keys(['tutorial_etl_dag']) retrieved from /opt/conda/lib/python3.8/site-packages/airflow/example_dags/tutorial_etl_dag.py
[2025-02-14 18:31:52,492] {logging_mixin.py:115} INFO - [2025-02-14 18:31:52,492] {dag.py:2420} INFO - Sync 1 DAGs
[2025-02-14 18:31:52,503] {logging_mixin.py:115} INFO - [2025-02-14 18:31:52,503] {dag.py:2968} INFO - Setting next_dagrun for tutorial_etl_dag to None, run_after=None
[2025-02-14 18:31:52,648] {processor.py:161} INFO - Processing /opt/conda/lib/python3.8/site-packages/airflow/example_dags/tutorial_etl_dag.py took 0.293 seconds
[2025-02-14 18:33:38,252] {processor.py:153} INFO - Started process (PID=9375) to work on /opt/conda/lib/python3.8/site-packages/airflow/example_dags/tutorial_etl_dag.py
[2025-02-14 18:33:38,254] {processor.py:641} INFO - Processing file /opt/conda/lib/python3.8/site-packages/airflow/example_dags/tutorial_etl_dag.py for tasks to queue
[2025-02-14 18:33:38,255] {logging_mixin.py:115} INFO - [2025-02-14 18:33:38,254] {dagbag.py:508} INFO - Filling up the DagBag from /opt/conda/lib/python3.8/site-packages/airflow/example_dags/tutorial_etl_dag.py
[2025-02-14 18:33:38,374] {processor.py:651} INFO - DAG(s) dict_keys(['tutorial_etl_dag']) retrieved from /opt/conda/lib/python3.8/site-packages/airflow/example_dags/tutorial_etl_dag.py
[2025-02-14 18:33:38,382] {logging_mixin.py:115} INFO - [2025-02-14 18:33:38,382] {dag.py:2420} INFO - Sync 1 DAGs
[2025-02-14 18:33:38,393] {logging_mixin.py:115} INFO - [2025-02-14 18:33:38,393] {dag.py:2968} INFO - Setting next_dagrun for tutorial_etl_dag to None, run_after=None
[2025-02-14 18:33:38,413] {processor.py:161} INFO - Processing /opt/conda/lib/python3.8/site-packages/airflow/example_dags/tutorial_etl_dag.py took 0.164 seconds
[2025-02-14 18:34:43,777] {processor.py:153} INFO - Started process (PID=9519) to work on /opt/conda/lib/python3.8/site-packages/airflow/example_dags/tutorial_etl_dag.py
[2025-02-14 18:34:43,779] {processor.py:641} INFO - Processing file /opt/conda/lib/python3.8/site-packages/airflow/example_dags/tutorial_etl_dag.py for tasks to queue
[2025-02-14 18:34:43,780] {logging_mixin.py:115} INFO - [2025-02-14 18:34:43,779] {dagbag.py:508} INFO - Filling up the DagBag from /opt/conda/lib/python3.8/site-packages/airflow/example_dags/tutorial_etl_dag.py
[2025-02-14 18:34:43,785] {processor.py:651} INFO - DAG(s) dict_keys(['tutorial_etl_dag']) retrieved from /opt/conda/lib/python3.8/site-packages/airflow/example_dags/tutorial_etl_dag.py
[2025-02-14 18:34:43,796] {logging_mixin.py:115} INFO - [2025-02-14 18:34:43,796] {dag.py:2420} INFO - Sync 1 DAGs
[2025-02-14 18:34:43,810] {logging_mixin.py:115} INFO - [2025-02-14 18:34:43,810] {dag.py:2968} INFO - Setting next_dagrun for tutorial_etl_dag to None, run_after=None
[2025-02-14 18:34:43,829] {processor.py:161} INFO - Processing /opt/conda/lib/python3.8/site-packages/airflow/example_dags/tutorial_etl_dag.py took 0.054 seconds
[2025-02-14 18:35:43,253] {processor.py:153} INFO - Started process (PID=9815) to work on /opt/conda/lib/python3.8/site-packages/airflow/example_dags/tutorial_etl_dag.py
[2025-02-14 18:35:43,255] {processor.py:641} INFO - Processing file /opt/conda/lib/python3.8/site-packages/airflow/example_dags/tutorial_etl_dag.py for tasks to queue
[2025-02-14 18:35:43,256] {logging_mixin.py:115} INFO - [2025-02-14 18:35:43,256] {dagbag.py:508} INFO - Filling up the DagBag from /opt/conda/lib/python3.8/site-packages/airflow/example_dags/tutorial_etl_dag.py
[2025-02-14 18:35:43,263] {processor.py:651} INFO - DAG(s) dict_keys(['tutorial_etl_dag']) retrieved from /opt/conda/lib/python3.8/site-packages/airflow/example_dags/tutorial_etl_dag.py
[2025-02-14 18:35:43,278] {logging_mixin.py:115} INFO - [2025-02-14 18:35:43,278] {dag.py:2420} INFO - Sync 1 DAGs
[2025-02-14 18:35:43,295] {logging_mixin.py:115} INFO - [2025-02-14 18:35:43,295] {dag.py:2968} INFO - Setting next_dagrun for tutorial_etl_dag to None, run_after=None
[2025-02-14 18:35:43,352] {processor.py:161} INFO - Processing /opt/conda/lib/python3.8/site-packages/airflow/example_dags/tutorial_etl_dag.py took 0.102 seconds
[2025-02-14 18:36:41,379] {processor.py:153} INFO - Started process (PID=9946) to work on /opt/conda/lib/python3.8/site-packages/airflow/example_dags/tutorial_etl_dag.py
[2025-02-14 18:36:41,381] {processor.py:641} INFO - Processing file /opt/conda/lib/python3.8/site-packages/airflow/example_dags/tutorial_etl_dag.py for tasks to queue
[2025-02-14 18:36:41,382] {logging_mixin.py:115} INFO - [2025-02-14 18:36:41,381] {dagbag.py:508} INFO - Filling up the DagBag from /opt/conda/lib/python3.8/site-packages/airflow/example_dags/tutorial_etl_dag.py
[2025-02-14 18:36:41,388] {processor.py:651} INFO - DAG(s) dict_keys(['tutorial_etl_dag']) retrieved from /opt/conda/lib/python3.8/site-packages/airflow/example_dags/tutorial_etl_dag.py
[2025-02-14 18:36:41,402] {logging_mixin.py:115} INFO - [2025-02-14 18:36:41,402] {dag.py:2420} INFO - Sync 1 DAGs
[2025-02-14 18:36:41,416] {logging_mixin.py:115} INFO - [2025-02-14 18:36:41,416] {dag.py:2968} INFO - Setting next_dagrun for tutorial_etl_dag to None, run_after=None
[2025-02-14 18:36:41,436] {processor.py:161} INFO - Processing /opt/conda/lib/python3.8/site-packages/airflow/example_dags/tutorial_etl_dag.py took 0.060 seconds
[2025-02-14 18:40:07,070] {processor.py:153} INFO - Started process (PID=960) to work on /opt/conda/lib/python3.8/site-packages/airflow/example_dags/tutorial_etl_dag.py
[2025-02-14 18:40:07,072] {processor.py:641} INFO - Processing file /opt/conda/lib/python3.8/site-packages/airflow/example_dags/tutorial_etl_dag.py for tasks to queue
[2025-02-14 18:40:07,073] {logging_mixin.py:115} INFO - [2025-02-14 18:40:07,073] {dagbag.py:508} INFO - Filling up the DagBag from /opt/conda/lib/python3.8/site-packages/airflow/example_dags/tutorial_etl_dag.py
[2025-02-14 18:40:07,208] {processor.py:651} INFO - DAG(s) dict_keys(['tutorial_etl_dag']) retrieved from /opt/conda/lib/python3.8/site-packages/airflow/example_dags/tutorial_etl_dag.py
[2025-02-14 18:40:07,216] {logging_mixin.py:115} INFO - [2025-02-14 18:40:07,216] {dag.py:2420} INFO - Sync 1 DAGs
[2025-02-14 18:40:07,227] {logging_mixin.py:115} INFO - [2025-02-14 18:40:07,227] {dag.py:2968} INFO - Setting next_dagrun for tutorial_etl_dag to None, run_after=None
[2025-02-14 18:40:07,265] {processor.py:161} INFO - Processing /opt/conda/lib/python3.8/site-packages/airflow/example_dags/tutorial_etl_dag.py took 0.198 seconds
[2025-02-14 18:41:08,988] {processor.py:153} INFO - Started process (PID=1088) to work on /opt/conda/lib/python3.8/site-packages/airflow/example_dags/tutorial_etl_dag.py
[2025-02-14 18:41:08,990] {processor.py:641} INFO - Processing file /opt/conda/lib/python3.8/site-packages/airflow/example_dags/tutorial_etl_dag.py for tasks to queue
[2025-02-14 18:41:08,990] {logging_mixin.py:115} INFO - [2025-02-14 18:41:08,990] {dagbag.py:508} INFO - Filling up the DagBag from /opt/conda/lib/python3.8/site-packages/airflow/example_dags/tutorial_etl_dag.py
[2025-02-14 18:41:09,115] {processor.py:651} INFO - DAG(s) dict_keys(['tutorial_etl_dag']) retrieved from /opt/conda/lib/python3.8/site-packages/airflow/example_dags/tutorial_etl_dag.py
[2025-02-14 18:41:09,123] {logging_mixin.py:115} INFO - [2025-02-14 18:41:09,123] {dag.py:2420} INFO - Sync 1 DAGs
[2025-02-14 18:41:09,134] {logging_mixin.py:115} INFO - [2025-02-14 18:41:09,134] {dag.py:2968} INFO - Setting next_dagrun for tutorial_etl_dag to None, run_after=None
[2025-02-14 18:41:09,153] {processor.py:161} INFO - Processing /opt/conda/lib/python3.8/site-packages/airflow/example_dags/tutorial_etl_dag.py took 0.168 seconds
[2025-02-14 18:42:11,342] {processor.py:153} INFO - Started process (PID=1200) to work on /opt/conda/lib/python3.8/site-packages/airflow/example_dags/tutorial_etl_dag.py
[2025-02-14 18:42:11,343] {processor.py:641} INFO - Processing file /opt/conda/lib/python3.8/site-packages/airflow/example_dags/tutorial_etl_dag.py for tasks to queue
[2025-02-14 18:42:11,344] {logging_mixin.py:115} INFO - [2025-02-14 18:42:11,344] {dagbag.py:508} INFO - Filling up the DagBag from /opt/conda/lib/python3.8/site-packages/airflow/example_dags/tutorial_etl_dag.py
[2025-02-14 18:42:11,470] {processor.py:651} INFO - DAG(s) dict_keys(['tutorial_etl_dag']) retrieved from /opt/conda/lib/python3.8/site-packages/airflow/example_dags/tutorial_etl_dag.py
[2025-02-14 18:42:11,478] {logging_mixin.py:115} INFO - [2025-02-14 18:42:11,478] {dag.py:2420} INFO - Sync 1 DAGs
[2025-02-14 18:42:11,489] {logging_mixin.py:115} INFO - [2025-02-14 18:42:11,489] {dag.py:2968} INFO - Setting next_dagrun for tutorial_etl_dag to None, run_after=None
[2025-02-14 18:42:11,508] {processor.py:161} INFO - Processing /opt/conda/lib/python3.8/site-packages/airflow/example_dags/tutorial_etl_dag.py took 0.169 seconds
[2025-02-14 18:43:18,153] {processor.py:153} INFO - Started process (PID=1312) to work on /opt/conda/lib/python3.8/site-packages/airflow/example_dags/tutorial_etl_dag.py
[2025-02-14 18:43:18,155] {processor.py:641} INFO - Processing file /opt/conda/lib/python3.8/site-packages/airflow/example_dags/tutorial_etl_dag.py for tasks to queue
[2025-02-14 18:43:18,156] {logging_mixin.py:115} INFO - [2025-02-14 18:43:18,156] {dagbag.py:508} INFO - Filling up the DagBag from /opt/conda/lib/python3.8/site-packages/airflow/example_dags/tutorial_etl_dag.py
[2025-02-14 18:43:18,291] {processor.py:651} INFO - DAG(s) dict_keys(['tutorial_etl_dag']) retrieved from /opt/conda/lib/python3.8/site-packages/airflow/example_dags/tutorial_etl_dag.py
[2025-02-14 18:43:18,300] {logging_mixin.py:115} INFO - [2025-02-14 18:43:18,300] {dag.py:2420} INFO - Sync 1 DAGs
[2025-02-14 18:43:18,311] {logging_mixin.py:115} INFO - [2025-02-14 18:43:18,310] {dag.py:2968} INFO - Setting next_dagrun for tutorial_etl_dag to None, run_after=None
[2025-02-14 18:43:18,337] {processor.py:161} INFO - Processing /opt/conda/lib/python3.8/site-packages/airflow/example_dags/tutorial_etl_dag.py took 0.187 seconds
[2025-02-14 18:44:20,809] {processor.py:153} INFO - Started process (PID=1428) to work on /opt/conda/lib/python3.8/site-packages/airflow/example_dags/tutorial_etl_dag.py
[2025-02-14 18:44:20,810] {processor.py:641} INFO - Processing file /opt/conda/lib/python3.8/site-packages/airflow/example_dags/tutorial_etl_dag.py for tasks to queue
[2025-02-14 18:44:20,811] {logging_mixin.py:115} INFO - [2025-02-14 18:44:20,811] {dagbag.py:508} INFO - Filling up the DagBag from /opt/conda/lib/python3.8/site-packages/airflow/example_dags/tutorial_etl_dag.py
[2025-02-14 18:44:20,819] {processor.py:651} INFO - DAG(s) dict_keys(['tutorial_etl_dag']) retrieved from /opt/conda/lib/python3.8/site-packages/airflow/example_dags/tutorial_etl_dag.py
[2025-02-14 18:44:20,836] {logging_mixin.py:115} INFO - [2025-02-14 18:44:20,836] {dag.py:2420} INFO - Sync 1 DAGs
[2025-02-14 18:44:20,851] {logging_mixin.py:115} INFO - [2025-02-14 18:44:20,851] {dag.py:2968} INFO - Setting next_dagrun for tutorial_etl_dag to None, run_after=None
[2025-02-14 18:44:20,872] {processor.py:161} INFO - Processing /opt/conda/lib/python3.8/site-packages/airflow/example_dags/tutorial_etl_dag.py took 0.067 seconds
[2025-02-14 18:45:18,216] {processor.py:153} INFO - Started process (PID=1539) to work on /opt/conda/lib/python3.8/site-packages/airflow/example_dags/tutorial_etl_dag.py
[2025-02-14 18:45:18,218] {processor.py:641} INFO - Processing file /opt/conda/lib/python3.8/site-packages/airflow/example_dags/tutorial_etl_dag.py for tasks to queue
[2025-02-14 18:45:18,219] {logging_mixin.py:115} INFO - [2025-02-14 18:45:18,219] {dagbag.py:508} INFO - Filling up the DagBag from /opt/conda/lib/python3.8/site-packages/airflow/example_dags/tutorial_etl_dag.py
[2025-02-14 18:45:18,226] {processor.py:651} INFO - DAG(s) dict_keys(['tutorial_etl_dag']) retrieved from /opt/conda/lib/python3.8/site-packages/airflow/example_dags/tutorial_etl_dag.py
[2025-02-14 18:45:18,242] {logging_mixin.py:115} INFO - [2025-02-14 18:45:18,242] {dag.py:2420} INFO - Sync 1 DAGs
[2025-02-14 18:45:18,259] {logging_mixin.py:115} INFO - [2025-02-14 18:45:18,259] {dag.py:2968} INFO - Setting next_dagrun for tutorial_etl_dag to None, run_after=None
[2025-02-14 18:45:18,282] {processor.py:161} INFO - Processing /opt/conda/lib/python3.8/site-packages/airflow/example_dags/tutorial_etl_dag.py took 0.069 seconds
[2025-02-14 18:46:16,526] {processor.py:153} INFO - Started process (PID=1668) to work on /opt/conda/lib/python3.8/site-packages/airflow/example_dags/tutorial_etl_dag.py
[2025-02-14 18:46:16,527] {processor.py:641} INFO - Processing file /opt/conda/lib/python3.8/site-packages/airflow/example_dags/tutorial_etl_dag.py for tasks to queue
[2025-02-14 18:46:16,528] {logging_mixin.py:115} INFO - [2025-02-14 18:46:16,528] {dagbag.py:508} INFO - Filling up the DagBag from /opt/conda/lib/python3.8/site-packages/airflow/example_dags/tutorial_etl_dag.py
[2025-02-14 18:46:16,535] {processor.py:651} INFO - DAG(s) dict_keys(['tutorial_etl_dag']) retrieved from /opt/conda/lib/python3.8/site-packages/airflow/example_dags/tutorial_etl_dag.py
[2025-02-14 18:46:16,549] {logging_mixin.py:115} INFO - [2025-02-14 18:46:16,549] {dag.py:2420} INFO - Sync 1 DAGs
[2025-02-14 18:46:16,563] {logging_mixin.py:115} INFO - [2025-02-14 18:46:16,563] {dag.py:2968} INFO - Setting next_dagrun for tutorial_etl_dag to None, run_after=None
[2025-02-14 18:46:16,605] {processor.py:161} INFO - Processing /opt/conda/lib/python3.8/site-packages/airflow/example_dags/tutorial_etl_dag.py took 0.083 seconds
[2025-02-14 18:54:22,814] {processor.py:153} INFO - Started process (PID=2116) to work on /opt/conda/lib/python3.8/site-packages/airflow/example_dags/tutorial_etl_dag.py
[2025-02-14 18:54:22,816] {processor.py:641} INFO - Processing file /opt/conda/lib/python3.8/site-packages/airflow/example_dags/tutorial_etl_dag.py for tasks to queue
[2025-02-14 18:54:22,817] {logging_mixin.py:115} INFO - [2025-02-14 18:54:22,817] {dagbag.py:508} INFO - Filling up the DagBag from /opt/conda/lib/python3.8/site-packages/airflow/example_dags/tutorial_etl_dag.py
[2025-02-14 18:54:22,823] {processor.py:651} INFO - DAG(s) dict_keys(['tutorial_etl_dag']) retrieved from /opt/conda/lib/python3.8/site-packages/airflow/example_dags/tutorial_etl_dag.py
[2025-02-14 18:54:22,837] {logging_mixin.py:115} INFO - [2025-02-14 18:54:22,837] {dag.py:2420} INFO - Sync 1 DAGs
[2025-02-14 18:54:22,848] {logging_mixin.py:115} INFO - [2025-02-14 18:54:22,848] {dag.py:2968} INFO - Setting next_dagrun for tutorial_etl_dag to None, run_after=None
[2025-02-14 18:54:22,877] {processor.py:161} INFO - Processing /opt/conda/lib/python3.8/site-packages/airflow/example_dags/tutorial_etl_dag.py took 0.066 seconds
[2025-02-14 18:55:34,781] {processor.py:153} INFO - Started process (PID=2336) to work on /opt/conda/lib/python3.8/site-packages/airflow/example_dags/tutorial_etl_dag.py
[2025-02-14 18:55:34,783] {processor.py:641} INFO - Processing file /opt/conda/lib/python3.8/site-packages/airflow/example_dags/tutorial_etl_dag.py for tasks to queue
[2025-02-14 18:55:34,783] {logging_mixin.py:115} INFO - [2025-02-14 18:55:34,783] {dagbag.py:508} INFO - Filling up the DagBag from /opt/conda/lib/python3.8/site-packages/airflow/example_dags/tutorial_etl_dag.py
[2025-02-14 18:55:34,790] {processor.py:651} INFO - DAG(s) dict_keys(['tutorial_etl_dag']) retrieved from /opt/conda/lib/python3.8/site-packages/airflow/example_dags/tutorial_etl_dag.py
[2025-02-14 18:55:34,805] {logging_mixin.py:115} INFO - [2025-02-14 18:55:34,805] {dag.py:2420} INFO - Sync 1 DAGs
[2025-02-14 18:55:34,819] {logging_mixin.py:115} INFO - [2025-02-14 18:55:34,819] {dag.py:2968} INFO - Setting next_dagrun for tutorial_etl_dag to None, run_after=None
[2025-02-14 18:55:34,842] {processor.py:161} INFO - Processing /opt/conda/lib/python3.8/site-packages/airflow/example_dags/tutorial_etl_dag.py took 0.064 seconds
[2025-02-14 19:03:06,048] {processor.py:153} INFO - Started process (PID=2701) to work on /opt/conda/lib/python3.8/site-packages/airflow/example_dags/tutorial_etl_dag.py
[2025-02-14 19:03:06,050] {processor.py:641} INFO - Processing file /opt/conda/lib/python3.8/site-packages/airflow/example_dags/tutorial_etl_dag.py for tasks to queue
[2025-02-14 19:03:06,050] {logging_mixin.py:115} INFO - [2025-02-14 19:03:06,050] {dagbag.py:508} INFO - Filling up the DagBag from /opt/conda/lib/python3.8/site-packages/airflow/example_dags/tutorial_etl_dag.py
[2025-02-14 19:03:06,175] {processor.py:651} INFO - DAG(s) dict_keys(['tutorial_etl_dag']) retrieved from /opt/conda/lib/python3.8/site-packages/airflow/example_dags/tutorial_etl_dag.py
[2025-02-14 19:03:06,183] {logging_mixin.py:115} INFO - [2025-02-14 19:03:06,183] {dag.py:2420} INFO - Sync 1 DAGs
[2025-02-14 19:03:06,195] {logging_mixin.py:115} INFO - [2025-02-14 19:03:06,195] {dag.py:2968} INFO - Setting next_dagrun for tutorial_etl_dag to None, run_after=None
[2025-02-14 19:03:06,215] {processor.py:161} INFO - Processing /opt/conda/lib/python3.8/site-packages/airflow/example_dags/tutorial_etl_dag.py took 0.170 seconds
[2025-02-14 19:04:08,852] {processor.py:153} INFO - Started process (PID=2813) to work on /opt/conda/lib/python3.8/site-packages/airflow/example_dags/tutorial_etl_dag.py
[2025-02-14 19:04:08,854] {processor.py:641} INFO - Processing file /opt/conda/lib/python3.8/site-packages/airflow/example_dags/tutorial_etl_dag.py for tasks to queue
[2025-02-14 19:04:08,855] {logging_mixin.py:115} INFO - [2025-02-14 19:04:08,855] {dagbag.py:508} INFO - Filling up the DagBag from /opt/conda/lib/python3.8/site-packages/airflow/example_dags/tutorial_etl_dag.py
[2025-02-14 19:04:08,992] {processor.py:651} INFO - DAG(s) dict_keys(['tutorial_etl_dag']) retrieved from /opt/conda/lib/python3.8/site-packages/airflow/example_dags/tutorial_etl_dag.py
[2025-02-14 19:04:09,001] {logging_mixin.py:115} INFO - [2025-02-14 19:04:09,001] {dag.py:2420} INFO - Sync 1 DAGs
[2025-02-14 19:04:09,012] {logging_mixin.py:115} INFO - [2025-02-14 19:04:09,012] {dag.py:2968} INFO - Setting next_dagrun for tutorial_etl_dag to None, run_after=None
[2025-02-14 19:04:09,032] {processor.py:161} INFO - Processing /opt/conda/lib/python3.8/site-packages/airflow/example_dags/tutorial_etl_dag.py took 0.183 seconds
[2025-02-14 19:05:10,196] {processor.py:153} INFO - Started process (PID=2926) to work on /opt/conda/lib/python3.8/site-packages/airflow/example_dags/tutorial_etl_dag.py
[2025-02-14 19:05:10,198] {processor.py:641} INFO - Processing file /opt/conda/lib/python3.8/site-packages/airflow/example_dags/tutorial_etl_dag.py for tasks to queue
[2025-02-14 19:05:10,198] {logging_mixin.py:115} INFO - [2025-02-14 19:05:10,198] {dagbag.py:508} INFO - Filling up the DagBag from /opt/conda/lib/python3.8/site-packages/airflow/example_dags/tutorial_etl_dag.py
[2025-02-14 19:05:10,325] {processor.py:651} INFO - DAG(s) dict_keys(['tutorial_etl_dag']) retrieved from /opt/conda/lib/python3.8/site-packages/airflow/example_dags/tutorial_etl_dag.py
[2025-02-14 19:05:10,333] {logging_mixin.py:115} INFO - [2025-02-14 19:05:10,333] {dag.py:2420} INFO - Sync 1 DAGs
[2025-02-14 19:05:10,345] {logging_mixin.py:115} INFO - [2025-02-14 19:05:10,345] {dag.py:2968} INFO - Setting next_dagrun for tutorial_etl_dag to None, run_after=None
[2025-02-14 19:05:10,403] {processor.py:161} INFO - Processing /opt/conda/lib/python3.8/site-packages/airflow/example_dags/tutorial_etl_dag.py took 0.209 seconds
[2025-02-14 19:06:16,289] {processor.py:153} INFO - Started process (PID=3040) to work on /opt/conda/lib/python3.8/site-packages/airflow/example_dags/tutorial_etl_dag.py
[2025-02-14 19:06:16,291] {processor.py:641} INFO - Processing file /opt/conda/lib/python3.8/site-packages/airflow/example_dags/tutorial_etl_dag.py for tasks to queue
[2025-02-14 19:06:16,291] {logging_mixin.py:115} INFO - [2025-02-14 19:06:16,291] {dagbag.py:508} INFO - Filling up the DagBag from /opt/conda/lib/python3.8/site-packages/airflow/example_dags/tutorial_etl_dag.py
[2025-02-14 19:06:16,414] {processor.py:651} INFO - DAG(s) dict_keys(['tutorial_etl_dag']) retrieved from /opt/conda/lib/python3.8/site-packages/airflow/example_dags/tutorial_etl_dag.py
[2025-02-14 19:06:16,423] {logging_mixin.py:115} INFO - [2025-02-14 19:06:16,423] {dag.py:2420} INFO - Sync 1 DAGs
[2025-02-14 19:06:16,434] {logging_mixin.py:115} INFO - [2025-02-14 19:06:16,434] {dag.py:2968} INFO - Setting next_dagrun for tutorial_etl_dag to None, run_after=None
[2025-02-14 19:06:16,456] {processor.py:161} INFO - Processing /opt/conda/lib/python3.8/site-packages/airflow/example_dags/tutorial_etl_dag.py took 0.170 seconds
[2025-02-14 19:07:21,564] {processor.py:153} INFO - Started process (PID=3154) to work on /opt/conda/lib/python3.8/site-packages/airflow/example_dags/tutorial_etl_dag.py
[2025-02-14 19:07:21,566] {processor.py:641} INFO - Processing file /opt/conda/lib/python3.8/site-packages/airflow/example_dags/tutorial_etl_dag.py for tasks to queue
[2025-02-14 19:07:21,567] {logging_mixin.py:115} INFO - [2025-02-14 19:07:21,567] {dagbag.py:508} INFO - Filling up the DagBag from /opt/conda/lib/python3.8/site-packages/airflow/example_dags/tutorial_etl_dag.py
[2025-02-14 19:07:21,700] {processor.py:651} INFO - DAG(s) dict_keys(['tutorial_etl_dag']) retrieved from /opt/conda/lib/python3.8/site-packages/airflow/example_dags/tutorial_etl_dag.py
[2025-02-14 19:07:21,708] {logging_mixin.py:115} INFO - [2025-02-14 19:07:21,708] {dag.py:2420} INFO - Sync 1 DAGs
[2025-02-14 19:07:21,719] {logging_mixin.py:115} INFO - [2025-02-14 19:07:21,719] {dag.py:2968} INFO - Setting next_dagrun for tutorial_etl_dag to None, run_after=None
[2025-02-14 19:07:21,745] {processor.py:161} INFO - Processing /opt/conda/lib/python3.8/site-packages/airflow/example_dags/tutorial_etl_dag.py took 0.184 seconds
[2025-02-14 19:08:19,893] {processor.py:153} INFO - Started process (PID=3266) to work on /opt/conda/lib/python3.8/site-packages/airflow/example_dags/tutorial_etl_dag.py
[2025-02-14 19:08:19,894] {processor.py:641} INFO - Processing file /opt/conda/lib/python3.8/site-packages/airflow/example_dags/tutorial_etl_dag.py for tasks to queue
[2025-02-14 19:08:19,895] {logging_mixin.py:115} INFO - [2025-02-14 19:08:19,895] {dagbag.py:508} INFO - Filling up the DagBag from /opt/conda/lib/python3.8/site-packages/airflow/example_dags/tutorial_etl_dag.py
[2025-02-14 19:08:19,902] {processor.py:651} INFO - DAG(s) dict_keys(['tutorial_etl_dag']) retrieved from /opt/conda/lib/python3.8/site-packages/airflow/example_dags/tutorial_etl_dag.py
[2025-02-14 19:08:19,918] {logging_mixin.py:115} INFO - [2025-02-14 19:08:19,918] {dag.py:2420} INFO - Sync 1 DAGs
[2025-02-14 19:08:19,936] {logging_mixin.py:115} INFO - [2025-02-14 19:08:19,935] {dag.py:2968} INFO - Setting next_dagrun for tutorial_etl_dag to None, run_after=None
[2025-02-14 19:08:19,956] {processor.py:161} INFO - Processing /opt/conda/lib/python3.8/site-packages/airflow/example_dags/tutorial_etl_dag.py took 0.067 seconds
[2025-02-14 19:09:15,848] {processor.py:153} INFO - Started process (PID=3377) to work on /opt/conda/lib/python3.8/site-packages/airflow/example_dags/tutorial_etl_dag.py
[2025-02-14 19:09:15,850] {processor.py:641} INFO - Processing file /opt/conda/lib/python3.8/site-packages/airflow/example_dags/tutorial_etl_dag.py for tasks to queue
[2025-02-14 19:09:15,850] {logging_mixin.py:115} INFO - [2025-02-14 19:09:15,850] {dagbag.py:508} INFO - Filling up the DagBag from /opt/conda/lib/python3.8/site-packages/airflow/example_dags/tutorial_etl_dag.py
[2025-02-14 19:09:15,858] {processor.py:651} INFO - DAG(s) dict_keys(['tutorial_etl_dag']) retrieved from /opt/conda/lib/python3.8/site-packages/airflow/example_dags/tutorial_etl_dag.py
[2025-02-14 19:09:15,873] {logging_mixin.py:115} INFO - [2025-02-14 19:09:15,873] {dag.py:2420} INFO - Sync 1 DAGs
[2025-02-14 19:09:15,890] {logging_mixin.py:115} INFO - [2025-02-14 19:09:15,890] {dag.py:2968} INFO - Setting next_dagrun for tutorial_etl_dag to None, run_after=None
[2025-02-14 19:09:15,913] {processor.py:161} INFO - Processing /opt/conda/lib/python3.8/site-packages/airflow/example_dags/tutorial_etl_dag.py took 0.068 seconds
[2025-02-14 19:10:39,470] {processor.py:153} INFO - Started process (PID=3648) to work on /opt/conda/lib/python3.8/site-packages/airflow/example_dags/tutorial_etl_dag.py
[2025-02-14 19:10:39,471] {processor.py:641} INFO - Processing file /opt/conda/lib/python3.8/site-packages/airflow/example_dags/tutorial_etl_dag.py for tasks to queue
[2025-02-14 19:10:39,472] {logging_mixin.py:115} INFO - [2025-02-14 19:10:39,472] {dagbag.py:508} INFO - Filling up the DagBag from /opt/conda/lib/python3.8/site-packages/airflow/example_dags/tutorial_etl_dag.py
[2025-02-14 19:10:39,479] {processor.py:651} INFO - DAG(s) dict_keys(['tutorial_etl_dag']) retrieved from /opt/conda/lib/python3.8/site-packages/airflow/example_dags/tutorial_etl_dag.py
[2025-02-14 19:10:39,492] {logging_mixin.py:115} INFO - [2025-02-14 19:10:39,491] {dag.py:2420} INFO - Sync 1 DAGs
[2025-02-14 19:10:39,506] {logging_mixin.py:115} INFO - [2025-02-14 19:10:39,506] {dag.py:2968} INFO - Setting next_dagrun for tutorial_etl_dag to None, run_after=None
[2025-02-14 19:10:39,525] {processor.py:161} INFO - Processing /opt/conda/lib/python3.8/site-packages/airflow/example_dags/tutorial_etl_dag.py took 0.058 seconds
