[2025-02-14 13:59:24,104] {processor.py:153} INFO - Started process (PID=1817) to work on /opt/conda/lib/python3.8/site-packages/airflow/example_dags/tutorial.py
[2025-02-14 13:59:24,105] {processor.py:641} INFO - Processing file /opt/conda/lib/python3.8/site-packages/airflow/example_dags/tutorial.py for tasks to queue
[2025-02-14 13:59:24,105] {logging_mixin.py:115} INFO - [2025-02-14 13:59:24,105] {dagbag.py:508} INFO - Filling up the DagBag from /opt/conda/lib/python3.8/site-packages/airflow/example_dags/tutorial.py
[2025-02-14 13:59:24,112] {processor.py:651} INFO - DAG(s) dict_keys(['tutorial']) retrieved from /opt/conda/lib/python3.8/site-packages/airflow/example_dags/tutorial.py
[2025-02-14 13:59:24,298] {logging_mixin.py:115} INFO - [2025-02-14 13:59:24,298] {manager.py:508} INFO - Created Permission View: can read on DAG:tutorial
[2025-02-14 13:59:24,314] {logging_mixin.py:115} INFO - [2025-02-14 13:59:24,314] {manager.py:508} INFO - Created Permission View: can delete on DAG:tutorial
[2025-02-14 13:59:24,328] {logging_mixin.py:115} INFO - [2025-02-14 13:59:24,328] {manager.py:508} INFO - Created Permission View: can edit on DAG:tutorial
[2025-02-14 13:59:24,328] {logging_mixin.py:115} INFO - [2025-02-14 13:59:24,328] {dag.py:2420} INFO - Sync 1 DAGs
[2025-02-14 13:59:24,333] {logging_mixin.py:115} INFO - [2025-02-14 13:59:24,333] {dag.py:2439} INFO - Creating ORM DAG for tutorial
[2025-02-14 13:59:24,341] {logging_mixin.py:115} INFO - [2025-02-14 13:59:24,341] {dag.py:2968} INFO - Setting next_dagrun for tutorial to 2025-02-13T13:59:24.341703+00:00, run_after=2025-02-14T13:59:24.341703+00:00
[2025-02-14 13:59:24,362] {processor.py:161} INFO - Processing /opt/conda/lib/python3.8/site-packages/airflow/example_dags/tutorial.py took 0.261 seconds
[2025-02-14 14:00:09,117] {processor.py:153} INFO - Started process (PID=1854) to work on /opt/conda/lib/python3.8/site-packages/airflow/example_dags/tutorial.py
[2025-02-14 14:00:09,118] {processor.py:641} INFO - Processing file /opt/conda/lib/python3.8/site-packages/airflow/example_dags/tutorial.py for tasks to queue
[2025-02-14 14:00:09,119] {logging_mixin.py:115} INFO - [2025-02-14 14:00:09,119] {dagbag.py:508} INFO - Filling up the DagBag from /opt/conda/lib/python3.8/site-packages/airflow/example_dags/tutorial.py
[2025-02-14 14:00:09,125] {processor.py:651} INFO - DAG(s) dict_keys(['tutorial']) retrieved from /opt/conda/lib/python3.8/site-packages/airflow/example_dags/tutorial.py
[2025-02-14 14:00:09,270] {logging_mixin.py:115} INFO - [2025-02-14 14:00:09,270] {dag.py:2420} INFO - Sync 1 DAGs
[2025-02-14 14:00:09,281] {logging_mixin.py:115} INFO - [2025-02-14 14:00:09,281] {dag.py:2968} INFO - Setting next_dagrun for tutorial to 2025-02-13T14:00:09.281552+00:00, run_after=2025-02-14T14:00:09.281552+00:00
[2025-02-14 14:00:09,300] {processor.py:161} INFO - Processing /opt/conda/lib/python3.8/site-packages/airflow/example_dags/tutorial.py took 0.186 seconds
[2025-02-14 14:00:45,605] {processor.py:153} INFO - Started process (PID=1882) to work on /opt/conda/lib/python3.8/site-packages/airflow/example_dags/tutorial.py
[2025-02-14 14:00:45,607] {processor.py:641} INFO - Processing file /opt/conda/lib/python3.8/site-packages/airflow/example_dags/tutorial.py for tasks to queue
[2025-02-14 14:00:45,607] {logging_mixin.py:115} INFO - [2025-02-14 14:00:45,607] {dagbag.py:508} INFO - Filling up the DagBag from /opt/conda/lib/python3.8/site-packages/airflow/example_dags/tutorial.py
[2025-02-14 14:00:45,613] {processor.py:651} INFO - DAG(s) dict_keys(['tutorial']) retrieved from /opt/conda/lib/python3.8/site-packages/airflow/example_dags/tutorial.py
[2025-02-14 14:00:45,743] {logging_mixin.py:115} INFO - [2025-02-14 14:00:45,743] {dag.py:2420} INFO - Sync 1 DAGs
[2025-02-14 14:00:45,755] {logging_mixin.py:115} INFO - [2025-02-14 14:00:45,755] {dag.py:2968} INFO - Setting next_dagrun for tutorial to 2025-02-13T14:00:45.754808+00:00, run_after=2025-02-14T14:00:45.754808+00:00
[2025-02-14 14:00:45,774] {processor.py:161} INFO - Processing /opt/conda/lib/python3.8/site-packages/airflow/example_dags/tutorial.py took 0.172 seconds
[2025-02-14 14:01:26,317] {processor.py:153} INFO - Started process (PID=1919) to work on /opt/conda/lib/python3.8/site-packages/airflow/example_dags/tutorial.py
[2025-02-14 14:01:26,319] {processor.py:641} INFO - Processing file /opt/conda/lib/python3.8/site-packages/airflow/example_dags/tutorial.py for tasks to queue
[2025-02-14 14:01:26,319] {logging_mixin.py:115} INFO - [2025-02-14 14:01:26,319] {dagbag.py:508} INFO - Filling up the DagBag from /opt/conda/lib/python3.8/site-packages/airflow/example_dags/tutorial.py
[2025-02-14 14:01:26,325] {processor.py:651} INFO - DAG(s) dict_keys(['tutorial']) retrieved from /opt/conda/lib/python3.8/site-packages/airflow/example_dags/tutorial.py
[2025-02-14 14:01:26,455] {logging_mixin.py:115} INFO - [2025-02-14 14:01:26,454] {dag.py:2420} INFO - Sync 1 DAGs
[2025-02-14 14:01:26,466] {logging_mixin.py:115} INFO - [2025-02-14 14:01:26,466] {dag.py:2968} INFO - Setting next_dagrun for tutorial to 2025-02-13T14:01:26.466180+00:00, run_after=2025-02-14T14:01:26.466180+00:00
[2025-02-14 14:01:26,486] {processor.py:161} INFO - Processing /opt/conda/lib/python3.8/site-packages/airflow/example_dags/tutorial.py took 0.172 seconds
[2025-02-14 14:02:07,246] {processor.py:153} INFO - Started process (PID=1956) to work on /opt/conda/lib/python3.8/site-packages/airflow/example_dags/tutorial.py
[2025-02-14 14:02:07,247] {processor.py:641} INFO - Processing file /opt/conda/lib/python3.8/site-packages/airflow/example_dags/tutorial.py for tasks to queue
[2025-02-14 14:02:07,248] {logging_mixin.py:115} INFO - [2025-02-14 14:02:07,248] {dagbag.py:508} INFO - Filling up the DagBag from /opt/conda/lib/python3.8/site-packages/airflow/example_dags/tutorial.py
[2025-02-14 14:02:07,254] {processor.py:651} INFO - DAG(s) dict_keys(['tutorial']) retrieved from /opt/conda/lib/python3.8/site-packages/airflow/example_dags/tutorial.py
[2025-02-14 14:02:07,392] {logging_mixin.py:115} INFO - [2025-02-14 14:02:07,392] {dag.py:2420} INFO - Sync 1 DAGs
[2025-02-14 14:02:07,404] {logging_mixin.py:115} INFO - [2025-02-14 14:02:07,404] {dag.py:2968} INFO - Setting next_dagrun for tutorial to 2025-02-13T14:02:07.404231+00:00, run_after=2025-02-14T14:02:07.404231+00:00
[2025-02-14 14:02:07,423] {processor.py:161} INFO - Processing /opt/conda/lib/python3.8/site-packages/airflow/example_dags/tutorial.py took 0.180 seconds
[2025-02-14 14:02:40,845] {processor.py:153} INFO - Started process (PID=1987) to work on /opt/conda/lib/python3.8/site-packages/airflow/example_dags/tutorial.py
[2025-02-14 14:02:40,846] {processor.py:641} INFO - Processing file /opt/conda/lib/python3.8/site-packages/airflow/example_dags/tutorial.py for tasks to queue
[2025-02-14 14:02:40,846] {logging_mixin.py:115} INFO - [2025-02-14 14:02:40,846] {dagbag.py:508} INFO - Filling up the DagBag from /opt/conda/lib/python3.8/site-packages/airflow/example_dags/tutorial.py
[2025-02-14 14:02:40,852] {processor.py:651} INFO - DAG(s) dict_keys(['tutorial']) retrieved from /opt/conda/lib/python3.8/site-packages/airflow/example_dags/tutorial.py
[2025-02-14 14:02:40,994] {logging_mixin.py:115} INFO - [2025-02-14 14:02:40,994] {dag.py:2420} INFO - Sync 1 DAGs
[2025-02-14 14:02:41,006] {logging_mixin.py:115} INFO - [2025-02-14 14:02:41,006] {dag.py:2968} INFO - Setting next_dagrun for tutorial to 2025-02-13T14:02:41.005833+00:00, run_after=2025-02-14T14:02:41.005833+00:00
[2025-02-14 14:02:41,025] {processor.py:161} INFO - Processing /opt/conda/lib/python3.8/site-packages/airflow/example_dags/tutorial.py took 0.184 seconds
[2025-02-14 14:03:15,280] {processor.py:153} INFO - Started process (PID=2017) to work on /opt/conda/lib/python3.8/site-packages/airflow/example_dags/tutorial.py
[2025-02-14 14:03:15,281] {processor.py:641} INFO - Processing file /opt/conda/lib/python3.8/site-packages/airflow/example_dags/tutorial.py for tasks to queue
[2025-02-14 14:03:15,282] {logging_mixin.py:115} INFO - [2025-02-14 14:03:15,282] {dagbag.py:508} INFO - Filling up the DagBag from /opt/conda/lib/python3.8/site-packages/airflow/example_dags/tutorial.py
[2025-02-14 14:03:15,287] {processor.py:651} INFO - DAG(s) dict_keys(['tutorial']) retrieved from /opt/conda/lib/python3.8/site-packages/airflow/example_dags/tutorial.py
[2025-02-14 14:03:15,418] {logging_mixin.py:115} INFO - [2025-02-14 14:03:15,417] {dag.py:2420} INFO - Sync 1 DAGs
[2025-02-14 14:03:15,429] {logging_mixin.py:115} INFO - [2025-02-14 14:03:15,429] {dag.py:2968} INFO - Setting next_dagrun for tutorial to 2025-02-13T14:03:15.429171+00:00, run_after=2025-02-14T14:03:15.429171+00:00
[2025-02-14 14:03:15,448] {processor.py:161} INFO - Processing /opt/conda/lib/python3.8/site-packages/airflow/example_dags/tutorial.py took 0.171 seconds
[2025-02-14 14:03:54,608] {processor.py:153} INFO - Started process (PID=2060) to work on /opt/conda/lib/python3.8/site-packages/airflow/example_dags/tutorial.py
[2025-02-14 14:03:54,610] {processor.py:641} INFO - Processing file /opt/conda/lib/python3.8/site-packages/airflow/example_dags/tutorial.py for tasks to queue
[2025-02-14 14:03:54,610] {logging_mixin.py:115} INFO - [2025-02-14 14:03:54,610] {dagbag.py:508} INFO - Filling up the DagBag from /opt/conda/lib/python3.8/site-packages/airflow/example_dags/tutorial.py
[2025-02-14 14:03:54,616] {processor.py:651} INFO - DAG(s) dict_keys(['tutorial']) retrieved from /opt/conda/lib/python3.8/site-packages/airflow/example_dags/tutorial.py
[2025-02-14 14:03:54,762] {logging_mixin.py:115} INFO - [2025-02-14 14:03:54,762] {dag.py:2420} INFO - Sync 1 DAGs
[2025-02-14 14:03:54,774] {logging_mixin.py:115} INFO - [2025-02-14 14:03:54,774] {dag.py:2968} INFO - Setting next_dagrun for tutorial to 2025-02-13T14:03:54.773954+00:00, run_after=2025-02-14T14:03:54.773954+00:00
[2025-02-14 14:03:54,799] {processor.py:161} INFO - Processing /opt/conda/lib/python3.8/site-packages/airflow/example_dags/tutorial.py took 0.194 seconds
[2025-02-14 14:05:10,248] {processor.py:153} INFO - Started process (PID=2161) to work on /opt/conda/lib/python3.8/site-packages/airflow/example_dags/tutorial.py
[2025-02-14 14:05:10,249] {processor.py:641} INFO - Processing file /opt/conda/lib/python3.8/site-packages/airflow/example_dags/tutorial.py for tasks to queue
[2025-02-14 14:05:10,250] {logging_mixin.py:115} INFO - [2025-02-14 14:05:10,250] {dagbag.py:508} INFO - Filling up the DagBag from /opt/conda/lib/python3.8/site-packages/airflow/example_dags/tutorial.py
[2025-02-14 14:05:10,256] {processor.py:651} INFO - DAG(s) dict_keys(['tutorial']) retrieved from /opt/conda/lib/python3.8/site-packages/airflow/example_dags/tutorial.py
[2025-02-14 14:05:10,415] {logging_mixin.py:115} INFO - [2025-02-14 14:05:10,415] {dag.py:2420} INFO - Sync 1 DAGs
[2025-02-14 14:05:10,426] {logging_mixin.py:115} INFO - [2025-02-14 14:05:10,426] {dag.py:2968} INFO - Setting next_dagrun for tutorial to 2025-02-13T14:05:10.426520+00:00, run_after=2025-02-14T14:05:10.426520+00:00
[2025-02-14 14:05:10,446] {processor.py:161} INFO - Processing /opt/conda/lib/python3.8/site-packages/airflow/example_dags/tutorial.py took 0.201 seconds
[2025-02-14 14:05:53,869] {processor.py:153} INFO - Started process (PID=2215) to work on /opt/conda/lib/python3.8/site-packages/airflow/example_dags/tutorial.py
[2025-02-14 14:05:53,871] {processor.py:641} INFO - Processing file /opt/conda/lib/python3.8/site-packages/airflow/example_dags/tutorial.py for tasks to queue
[2025-02-14 14:05:53,872] {logging_mixin.py:115} INFO - [2025-02-14 14:05:53,872] {dagbag.py:508} INFO - Filling up the DagBag from /opt/conda/lib/python3.8/site-packages/airflow/example_dags/tutorial.py
[2025-02-14 14:05:53,877] {processor.py:651} INFO - DAG(s) dict_keys(['tutorial']) retrieved from /opt/conda/lib/python3.8/site-packages/airflow/example_dags/tutorial.py
[2025-02-14 14:05:54,007] {logging_mixin.py:115} INFO - [2025-02-14 14:05:54,007] {dag.py:2420} INFO - Sync 1 DAGs
[2025-02-14 14:05:54,019] {logging_mixin.py:115} INFO - [2025-02-14 14:05:54,018] {dag.py:2968} INFO - Setting next_dagrun for tutorial to 2025-02-13T14:05:54.018761+00:00, run_after=2025-02-14T14:05:54.018761+00:00
[2025-02-14 14:05:54,037] {processor.py:161} INFO - Processing /opt/conda/lib/python3.8/site-packages/airflow/example_dags/tutorial.py took 0.171 seconds
[2025-02-14 14:06:37,573] {processor.py:153} INFO - Started process (PID=2269) to work on /opt/conda/lib/python3.8/site-packages/airflow/example_dags/tutorial.py
[2025-02-14 14:06:37,574] {processor.py:641} INFO - Processing file /opt/conda/lib/python3.8/site-packages/airflow/example_dags/tutorial.py for tasks to queue
[2025-02-14 14:06:37,575] {logging_mixin.py:115} INFO - [2025-02-14 14:06:37,575] {dagbag.py:508} INFO - Filling up the DagBag from /opt/conda/lib/python3.8/site-packages/airflow/example_dags/tutorial.py
[2025-02-14 14:06:37,581] {processor.py:651} INFO - DAG(s) dict_keys(['tutorial']) retrieved from /opt/conda/lib/python3.8/site-packages/airflow/example_dags/tutorial.py
[2025-02-14 14:06:37,738] {logging_mixin.py:115} INFO - [2025-02-14 14:06:37,738] {dag.py:2420} INFO - Sync 1 DAGs
[2025-02-14 14:06:37,750] {logging_mixin.py:115} INFO - [2025-02-14 14:06:37,750] {dag.py:2968} INFO - Setting next_dagrun for tutorial to 2025-02-13T14:06:37.750224+00:00, run_after=2025-02-14T14:06:37.750224+00:00
[2025-02-14 14:06:37,770] {processor.py:161} INFO - Processing /opt/conda/lib/python3.8/site-packages/airflow/example_dags/tutorial.py took 0.201 seconds
[2025-02-14 14:07:27,542] {processor.py:153} INFO - Started process (PID=2310) to work on /opt/conda/lib/python3.8/site-packages/airflow/example_dags/tutorial.py
[2025-02-14 14:07:27,543] {processor.py:641} INFO - Processing file /opt/conda/lib/python3.8/site-packages/airflow/example_dags/tutorial.py for tasks to queue
[2025-02-14 14:07:27,544] {logging_mixin.py:115} INFO - [2025-02-14 14:07:27,543] {dagbag.py:508} INFO - Filling up the DagBag from /opt/conda/lib/python3.8/site-packages/airflow/example_dags/tutorial.py
[2025-02-14 14:07:27,549] {processor.py:651} INFO - DAG(s) dict_keys(['tutorial']) retrieved from /opt/conda/lib/python3.8/site-packages/airflow/example_dags/tutorial.py
[2025-02-14 14:07:27,697] {logging_mixin.py:115} INFO - [2025-02-14 14:07:27,697] {dag.py:2420} INFO - Sync 1 DAGs
[2025-02-14 14:07:27,708] {logging_mixin.py:115} INFO - [2025-02-14 14:07:27,708] {dag.py:2968} INFO - Setting next_dagrun for tutorial to 2025-02-13T14:07:27.708370+00:00, run_after=2025-02-14T14:07:27.708370+00:00
[2025-02-14 14:07:27,728] {processor.py:161} INFO - Processing /opt/conda/lib/python3.8/site-packages/airflow/example_dags/tutorial.py took 0.189 seconds
[2025-02-14 14:08:10,872] {processor.py:153} INFO - Started process (PID=2349) to work on /opt/conda/lib/python3.8/site-packages/airflow/example_dags/tutorial.py
[2025-02-14 14:08:10,874] {processor.py:641} INFO - Processing file /opt/conda/lib/python3.8/site-packages/airflow/example_dags/tutorial.py for tasks to queue
[2025-02-14 14:08:10,874] {logging_mixin.py:115} INFO - [2025-02-14 14:08:10,874] {dagbag.py:508} INFO - Filling up the DagBag from /opt/conda/lib/python3.8/site-packages/airflow/example_dags/tutorial.py
[2025-02-14 14:08:10,880] {processor.py:651} INFO - DAG(s) dict_keys(['tutorial']) retrieved from /opt/conda/lib/python3.8/site-packages/airflow/example_dags/tutorial.py
[2025-02-14 14:08:11,015] {logging_mixin.py:115} INFO - [2025-02-14 14:08:11,015] {dag.py:2420} INFO - Sync 1 DAGs
[2025-02-14 14:08:11,027] {logging_mixin.py:115} INFO - [2025-02-14 14:08:11,027] {dag.py:2968} INFO - Setting next_dagrun for tutorial to 2025-02-13T14:08:11.026970+00:00, run_after=2025-02-14T14:08:11.026970+00:00
[2025-02-14 14:08:11,048] {processor.py:161} INFO - Processing /opt/conda/lib/python3.8/site-packages/airflow/example_dags/tutorial.py took 0.178 seconds
[2025-02-14 14:09:04,788] {processor.py:153} INFO - Started process (PID=2419) to work on /opt/conda/lib/python3.8/site-packages/airflow/example_dags/tutorial.py
[2025-02-14 14:09:04,789] {processor.py:641} INFO - Processing file /opt/conda/lib/python3.8/site-packages/airflow/example_dags/tutorial.py for tasks to queue
[2025-02-14 14:09:04,790] {logging_mixin.py:115} INFO - [2025-02-14 14:09:04,790] {dagbag.py:508} INFO - Filling up the DagBag from /opt/conda/lib/python3.8/site-packages/airflow/example_dags/tutorial.py
[2025-02-14 14:09:04,796] {processor.py:651} INFO - DAG(s) dict_keys(['tutorial']) retrieved from /opt/conda/lib/python3.8/site-packages/airflow/example_dags/tutorial.py
[2025-02-14 14:09:04,943] {logging_mixin.py:115} INFO - [2025-02-14 14:09:04,943] {dag.py:2420} INFO - Sync 1 DAGs
[2025-02-14 14:09:04,955] {logging_mixin.py:115} INFO - [2025-02-14 14:09:04,955] {dag.py:2968} INFO - Setting next_dagrun for tutorial to 2025-02-13T14:09:04.955029+00:00, run_after=2025-02-14T14:09:04.955029+00:00
[2025-02-14 14:09:04,977] {processor.py:161} INFO - Processing /opt/conda/lib/python3.8/site-packages/airflow/example_dags/tutorial.py took 0.192 seconds
[2025-02-14 14:09:47,057] {processor.py:153} INFO - Started process (PID=2457) to work on /opt/conda/lib/python3.8/site-packages/airflow/example_dags/tutorial.py
[2025-02-14 14:09:47,058] {processor.py:641} INFO - Processing file /opt/conda/lib/python3.8/site-packages/airflow/example_dags/tutorial.py for tasks to queue
[2025-02-14 14:09:47,059] {logging_mixin.py:115} INFO - [2025-02-14 14:09:47,059] {dagbag.py:508} INFO - Filling up the DagBag from /opt/conda/lib/python3.8/site-packages/airflow/example_dags/tutorial.py
[2025-02-14 14:09:47,065] {processor.py:651} INFO - DAG(s) dict_keys(['tutorial']) retrieved from /opt/conda/lib/python3.8/site-packages/airflow/example_dags/tutorial.py
[2025-02-14 14:09:47,198] {logging_mixin.py:115} INFO - [2025-02-14 14:09:47,198] {dag.py:2420} INFO - Sync 1 DAGs
[2025-02-14 14:09:47,210] {logging_mixin.py:115} INFO - [2025-02-14 14:09:47,210] {dag.py:2968} INFO - Setting next_dagrun for tutorial to 2025-02-13T14:09:47.209939+00:00, run_after=2025-02-14T14:09:47.209939+00:00
[2025-02-14 14:09:47,231] {processor.py:161} INFO - Processing /opt/conda/lib/python3.8/site-packages/airflow/example_dags/tutorial.py took 0.177 seconds
[2025-02-14 14:10:28,317] {processor.py:153} INFO - Started process (PID=2491) to work on /opt/conda/lib/python3.8/site-packages/airflow/example_dags/tutorial.py
[2025-02-14 14:10:28,318] {processor.py:641} INFO - Processing file /opt/conda/lib/python3.8/site-packages/airflow/example_dags/tutorial.py for tasks to queue
[2025-02-14 14:10:28,319] {logging_mixin.py:115} INFO - [2025-02-14 14:10:28,319] {dagbag.py:508} INFO - Filling up the DagBag from /opt/conda/lib/python3.8/site-packages/airflow/example_dags/tutorial.py
[2025-02-14 14:10:28,325] {processor.py:651} INFO - DAG(s) dict_keys(['tutorial']) retrieved from /opt/conda/lib/python3.8/site-packages/airflow/example_dags/tutorial.py
[2025-02-14 14:10:28,458] {logging_mixin.py:115} INFO - [2025-02-14 14:10:28,458] {dag.py:2420} INFO - Sync 1 DAGs
[2025-02-14 14:10:28,469] {logging_mixin.py:115} INFO - [2025-02-14 14:10:28,469] {dag.py:2968} INFO - Setting next_dagrun for tutorial to 2025-02-13T14:10:28.469482+00:00, run_after=2025-02-14T14:10:28.469482+00:00
[2025-02-14 14:10:28,489] {processor.py:161} INFO - Processing /opt/conda/lib/python3.8/site-packages/airflow/example_dags/tutorial.py took 0.175 seconds
[2025-02-14 14:11:14,020] {processor.py:153} INFO - Started process (PID=2532) to work on /opt/conda/lib/python3.8/site-packages/airflow/example_dags/tutorial.py
[2025-02-14 14:11:14,022] {processor.py:641} INFO - Processing file /opt/conda/lib/python3.8/site-packages/airflow/example_dags/tutorial.py for tasks to queue
[2025-02-14 14:11:14,022] {logging_mixin.py:115} INFO - [2025-02-14 14:11:14,022] {dagbag.py:508} INFO - Filling up the DagBag from /opt/conda/lib/python3.8/site-packages/airflow/example_dags/tutorial.py
[2025-02-14 14:11:14,028] {processor.py:651} INFO - DAG(s) dict_keys(['tutorial']) retrieved from /opt/conda/lib/python3.8/site-packages/airflow/example_dags/tutorial.py
[2025-02-14 14:11:14,165] {logging_mixin.py:115} INFO - [2025-02-14 14:11:14,165] {dag.py:2420} INFO - Sync 1 DAGs
[2025-02-14 14:11:14,176] {logging_mixin.py:115} INFO - [2025-02-14 14:11:14,176] {dag.py:2968} INFO - Setting next_dagrun for tutorial to 2025-02-13T14:11:14.176318+00:00, run_after=2025-02-14T14:11:14.176318+00:00
[2025-02-14 14:11:14,195] {processor.py:161} INFO - Processing /opt/conda/lib/python3.8/site-packages/airflow/example_dags/tutorial.py took 0.177 seconds
[2025-02-14 14:11:57,937] {processor.py:153} INFO - Started process (PID=2586) to work on /opt/conda/lib/python3.8/site-packages/airflow/example_dags/tutorial.py
[2025-02-14 14:11:57,939] {processor.py:641} INFO - Processing file /opt/conda/lib/python3.8/site-packages/airflow/example_dags/tutorial.py for tasks to queue
[2025-02-14 14:11:57,939] {logging_mixin.py:115} INFO - [2025-02-14 14:11:57,939] {dagbag.py:508} INFO - Filling up the DagBag from /opt/conda/lib/python3.8/site-packages/airflow/example_dags/tutorial.py
[2025-02-14 14:11:57,945] {processor.py:651} INFO - DAG(s) dict_keys(['tutorial']) retrieved from /opt/conda/lib/python3.8/site-packages/airflow/example_dags/tutorial.py
[2025-02-14 14:11:58,102] {logging_mixin.py:115} INFO - [2025-02-14 14:11:58,102] {dag.py:2420} INFO - Sync 1 DAGs
[2025-02-14 14:11:58,116] {logging_mixin.py:115} INFO - [2025-02-14 14:11:58,116] {dag.py:2968} INFO - Setting next_dagrun for tutorial to 2025-02-13T14:11:58.115842+00:00, run_after=2025-02-14T14:11:58.115842+00:00
[2025-02-14 14:11:58,136] {processor.py:161} INFO - Processing /opt/conda/lib/python3.8/site-packages/airflow/example_dags/tutorial.py took 0.202 seconds
[2025-02-14 14:12:35,537] {processor.py:153} INFO - Started process (PID=2636) to work on /opt/conda/lib/python3.8/site-packages/airflow/example_dags/tutorial.py
[2025-02-14 14:12:35,538] {processor.py:641} INFO - Processing file /opt/conda/lib/python3.8/site-packages/airflow/example_dags/tutorial.py for tasks to queue
[2025-02-14 14:12:35,539] {logging_mixin.py:115} INFO - [2025-02-14 14:12:35,539] {dagbag.py:508} INFO - Filling up the DagBag from /opt/conda/lib/python3.8/site-packages/airflow/example_dags/tutorial.py
[2025-02-14 14:12:35,545] {processor.py:651} INFO - DAG(s) dict_keys(['tutorial']) retrieved from /opt/conda/lib/python3.8/site-packages/airflow/example_dags/tutorial.py
[2025-02-14 14:12:35,681] {logging_mixin.py:115} INFO - [2025-02-14 14:12:35,681] {dag.py:2420} INFO - Sync 1 DAGs
[2025-02-14 14:12:35,692] {logging_mixin.py:115} INFO - [2025-02-14 14:12:35,692] {dag.py:2968} INFO - Setting next_dagrun for tutorial to 2025-02-13T14:12:35.692312+00:00, run_after=2025-02-14T14:12:35.692312+00:00
[2025-02-14 14:12:35,713] {processor.py:161} INFO - Processing /opt/conda/lib/python3.8/site-packages/airflow/example_dags/tutorial.py took 0.179 seconds
[2025-02-14 14:13:18,729] {processor.py:153} INFO - Started process (PID=2705) to work on /opt/conda/lib/python3.8/site-packages/airflow/example_dags/tutorial.py
[2025-02-14 14:13:18,730] {processor.py:641} INFO - Processing file /opt/conda/lib/python3.8/site-packages/airflow/example_dags/tutorial.py for tasks to queue
[2025-02-14 14:13:18,731] {logging_mixin.py:115} INFO - [2025-02-14 14:13:18,731] {dagbag.py:508} INFO - Filling up the DagBag from /opt/conda/lib/python3.8/site-packages/airflow/example_dags/tutorial.py
[2025-02-14 14:13:18,737] {processor.py:651} INFO - DAG(s) dict_keys(['tutorial']) retrieved from /opt/conda/lib/python3.8/site-packages/airflow/example_dags/tutorial.py
[2025-02-14 14:13:18,884] {logging_mixin.py:115} INFO - [2025-02-14 14:13:18,884] {dag.py:2420} INFO - Sync 1 DAGs
[2025-02-14 14:13:18,896] {logging_mixin.py:115} INFO - [2025-02-14 14:13:18,895] {dag.py:2968} INFO - Setting next_dagrun for tutorial to 2025-02-13T14:13:18.895706+00:00, run_after=2025-02-14T14:13:18.895706+00:00
[2025-02-14 14:13:18,914] {processor.py:161} INFO - Processing /opt/conda/lib/python3.8/site-packages/airflow/example_dags/tutorial.py took 0.188 seconds
[2025-02-14 14:14:01,189] {processor.py:153} INFO - Started process (PID=2758) to work on /opt/conda/lib/python3.8/site-packages/airflow/example_dags/tutorial.py
[2025-02-14 14:14:01,191] {processor.py:641} INFO - Processing file /opt/conda/lib/python3.8/site-packages/airflow/example_dags/tutorial.py for tasks to queue
[2025-02-14 14:14:01,192] {logging_mixin.py:115} INFO - [2025-02-14 14:14:01,192] {dagbag.py:508} INFO - Filling up the DagBag from /opt/conda/lib/python3.8/site-packages/airflow/example_dags/tutorial.py
[2025-02-14 14:14:01,198] {processor.py:651} INFO - DAG(s) dict_keys(['tutorial']) retrieved from /opt/conda/lib/python3.8/site-packages/airflow/example_dags/tutorial.py
[2025-02-14 14:14:01,214] {logging_mixin.py:115} INFO - [2025-02-14 14:14:01,214] {dag.py:2420} INFO - Sync 1 DAGs
[2025-02-14 14:14:01,232] {logging_mixin.py:115} INFO - [2025-02-14 14:14:01,232] {dag.py:2968} INFO - Setting next_dagrun for tutorial to 2025-02-13T14:14:01.231855+00:00, run_after=2025-02-14T14:14:01.231855+00:00
[2025-02-14 14:14:01,255] {processor.py:161} INFO - Processing /opt/conda/lib/python3.8/site-packages/airflow/example_dags/tutorial.py took 0.069 seconds
[2025-02-14 14:14:39,802] {processor.py:153} INFO - Started process (PID=2810) to work on /opt/conda/lib/python3.8/site-packages/airflow/example_dags/tutorial.py
[2025-02-14 14:14:39,803] {processor.py:641} INFO - Processing file /opt/conda/lib/python3.8/site-packages/airflow/example_dags/tutorial.py for tasks to queue
[2025-02-14 14:14:39,804] {logging_mixin.py:115} INFO - [2025-02-14 14:14:39,804] {dagbag.py:508} INFO - Filling up the DagBag from /opt/conda/lib/python3.8/site-packages/airflow/example_dags/tutorial.py
[2025-02-14 14:14:39,810] {processor.py:651} INFO - DAG(s) dict_keys(['tutorial']) retrieved from /opt/conda/lib/python3.8/site-packages/airflow/example_dags/tutorial.py
[2025-02-14 14:14:39,826] {logging_mixin.py:115} INFO - [2025-02-14 14:14:39,826] {dag.py:2420} INFO - Sync 1 DAGs
[2025-02-14 14:14:39,844] {logging_mixin.py:115} INFO - [2025-02-14 14:14:39,844] {dag.py:2968} INFO - Setting next_dagrun for tutorial to 2025-02-13T14:14:39.843806+00:00, run_after=2025-02-14T14:14:39.843806+00:00
[2025-02-14 14:14:39,866] {processor.py:161} INFO - Processing /opt/conda/lib/python3.8/site-packages/airflow/example_dags/tutorial.py took 0.068 seconds
[2025-02-14 14:15:19,513] {processor.py:153} INFO - Started process (PID=2864) to work on /opt/conda/lib/python3.8/site-packages/airflow/example_dags/tutorial.py
[2025-02-14 14:15:19,514] {processor.py:641} INFO - Processing file /opt/conda/lib/python3.8/site-packages/airflow/example_dags/tutorial.py for tasks to queue
[2025-02-14 14:15:19,515] {logging_mixin.py:115} INFO - [2025-02-14 14:15:19,515] {dagbag.py:508} INFO - Filling up the DagBag from /opt/conda/lib/python3.8/site-packages/airflow/example_dags/tutorial.py
[2025-02-14 14:15:19,521] {processor.py:651} INFO - DAG(s) dict_keys(['tutorial']) retrieved from /opt/conda/lib/python3.8/site-packages/airflow/example_dags/tutorial.py
[2025-02-14 14:15:19,538] {logging_mixin.py:115} INFO - [2025-02-14 14:15:19,538] {dag.py:2420} INFO - Sync 1 DAGs
[2025-02-14 14:15:19,556] {logging_mixin.py:115} INFO - [2025-02-14 14:15:19,555] {dag.py:2968} INFO - Setting next_dagrun for tutorial to 2025-02-13T14:15:19.555703+00:00, run_after=2025-02-14T14:15:19.555703+00:00
[2025-02-14 14:15:19,579] {processor.py:161} INFO - Processing /opt/conda/lib/python3.8/site-packages/airflow/example_dags/tutorial.py took 0.070 seconds
[2025-02-14 14:16:01,470] {processor.py:153} INFO - Started process (PID=2919) to work on /opt/conda/lib/python3.8/site-packages/airflow/example_dags/tutorial.py
[2025-02-14 14:16:01,530] {processor.py:641} INFO - Processing file /opt/conda/lib/python3.8/site-packages/airflow/example_dags/tutorial.py for tasks to queue
[2025-02-14 14:16:01,531] {logging_mixin.py:115} INFO - [2025-02-14 14:16:01,531] {dagbag.py:508} INFO - Filling up the DagBag from /opt/conda/lib/python3.8/site-packages/airflow/example_dags/tutorial.py
[2025-02-14 14:16:01,537] {processor.py:651} INFO - DAG(s) dict_keys(['tutorial']) retrieved from /opt/conda/lib/python3.8/site-packages/airflow/example_dags/tutorial.py
[2025-02-14 14:16:01,553] {logging_mixin.py:115} INFO - [2025-02-14 14:16:01,553] {dag.py:2420} INFO - Sync 1 DAGs
[2025-02-14 14:16:01,571] {logging_mixin.py:115} INFO - [2025-02-14 14:16:01,571] {dag.py:2968} INFO - Setting next_dagrun for tutorial to 2025-02-13T14:16:01.570763+00:00, run_after=2025-02-14T14:16:01.570763+00:00
[2025-02-14 14:16:01,593] {processor.py:161} INFO - Processing /opt/conda/lib/python3.8/site-packages/airflow/example_dags/tutorial.py took 0.126 seconds
[2025-02-14 14:16:28,358] {processor.py:153} INFO - Started process (PID=2996) to work on /opt/conda/lib/python3.8/site-packages/airflow/example_dags/tutorial.py
[2025-02-14 14:16:28,409] {processor.py:641} INFO - Processing file /opt/conda/lib/python3.8/site-packages/airflow/example_dags/tutorial.py for tasks to queue
[2025-02-14 14:16:28,410] {logging_mixin.py:115} INFO - [2025-02-14 14:16:28,410] {dagbag.py:508} INFO - Filling up the DagBag from /opt/conda/lib/python3.8/site-packages/airflow/example_dags/tutorial.py
[2025-02-14 14:16:28,416] {processor.py:651} INFO - DAG(s) dict_keys(['tutorial']) retrieved from /opt/conda/lib/python3.8/site-packages/airflow/example_dags/tutorial.py
[2025-02-14 14:16:28,562] {logging_mixin.py:115} INFO - [2025-02-14 14:16:28,562] {dag.py:2420} INFO - Sync 1 DAGs
[2025-02-14 14:16:28,577] {logging_mixin.py:115} INFO - [2025-02-14 14:16:28,577] {dag.py:2968} INFO - Setting next_dagrun for tutorial to 2025-02-13T14:16:28.577388+00:00, run_after=2025-02-14T14:16:28.577388+00:00
[2025-02-14 14:16:28,601] {processor.py:161} INFO - Processing /opt/conda/lib/python3.8/site-packages/airflow/example_dags/tutorial.py took 0.246 seconds
[2025-02-14 14:17:17,126] {processor.py:153} INFO - Started process (PID=3050) to work on /opt/conda/lib/python3.8/site-packages/airflow/example_dags/tutorial.py
[2025-02-14 14:17:17,131] {processor.py:641} INFO - Processing file /opt/conda/lib/python3.8/site-packages/airflow/example_dags/tutorial.py for tasks to queue
[2025-02-14 14:17:17,132] {logging_mixin.py:115} INFO - [2025-02-14 14:17:17,131] {dagbag.py:508} INFO - Filling up the DagBag from /opt/conda/lib/python3.8/site-packages/airflow/example_dags/tutorial.py
[2025-02-14 14:17:17,137] {processor.py:651} INFO - DAG(s) dict_keys(['tutorial']) retrieved from /opt/conda/lib/python3.8/site-packages/airflow/example_dags/tutorial.py
[2025-02-14 14:17:17,267] {logging_mixin.py:115} INFO - [2025-02-14 14:17:17,267] {dag.py:2420} INFO - Sync 1 DAGs
[2025-02-14 14:17:17,278] {logging_mixin.py:115} INFO - [2025-02-14 14:17:17,278] {dag.py:2968} INFO - Setting next_dagrun for tutorial to 2025-02-13T14:17:17.278490+00:00, run_after=2025-02-14T14:17:17.278490+00:00
[2025-02-14 14:17:17,299] {processor.py:161} INFO - Processing /opt/conda/lib/python3.8/site-packages/airflow/example_dags/tutorial.py took 0.177 seconds
[2025-02-14 14:18:01,085] {processor.py:153} INFO - Started process (PID=3104) to work on /opt/conda/lib/python3.8/site-packages/airflow/example_dags/tutorial.py
[2025-02-14 14:18:01,087] {processor.py:641} INFO - Processing file /opt/conda/lib/python3.8/site-packages/airflow/example_dags/tutorial.py for tasks to queue
[2025-02-14 14:18:01,087] {logging_mixin.py:115} INFO - [2025-02-14 14:18:01,087] {dagbag.py:508} INFO - Filling up the DagBag from /opt/conda/lib/python3.8/site-packages/airflow/example_dags/tutorial.py
[2025-02-14 14:18:01,093] {processor.py:651} INFO - DAG(s) dict_keys(['tutorial']) retrieved from /opt/conda/lib/python3.8/site-packages/airflow/example_dags/tutorial.py
[2025-02-14 14:18:01,244] {logging_mixin.py:115} INFO - [2025-02-14 14:18:01,244] {dag.py:2420} INFO - Sync 1 DAGs
[2025-02-14 14:18:01,258] {logging_mixin.py:115} INFO - [2025-02-14 14:18:01,258] {dag.py:2968} INFO - Setting next_dagrun for tutorial to 2025-02-13T14:18:01.258613+00:00, run_after=2025-02-14T14:18:01.258613+00:00
[2025-02-14 14:18:01,278] {processor.py:161} INFO - Processing /opt/conda/lib/python3.8/site-packages/airflow/example_dags/tutorial.py took 0.196 seconds
[2025-02-14 14:18:45,477] {processor.py:153} INFO - Started process (PID=3188) to work on /opt/conda/lib/python3.8/site-packages/airflow/example_dags/tutorial.py
[2025-02-14 14:18:45,479] {processor.py:641} INFO - Processing file /opt/conda/lib/python3.8/site-packages/airflow/example_dags/tutorial.py for tasks to queue
[2025-02-14 14:18:45,479] {logging_mixin.py:115} INFO - [2025-02-14 14:18:45,479] {dagbag.py:508} INFO - Filling up the DagBag from /opt/conda/lib/python3.8/site-packages/airflow/example_dags/tutorial.py
[2025-02-14 14:18:45,485] {processor.py:651} INFO - DAG(s) dict_keys(['tutorial']) retrieved from /opt/conda/lib/python3.8/site-packages/airflow/example_dags/tutorial.py
[2025-02-14 14:18:45,634] {logging_mixin.py:115} INFO - [2025-02-14 14:18:45,634] {dag.py:2420} INFO - Sync 1 DAGs
[2025-02-14 14:18:45,649] {logging_mixin.py:115} INFO - [2025-02-14 14:18:45,649] {dag.py:2968} INFO - Setting next_dagrun for tutorial to 2025-02-13T14:18:45.649132+00:00, run_after=2025-02-14T14:18:45.649132+00:00
[2025-02-14 14:18:45,672] {processor.py:161} INFO - Processing /opt/conda/lib/python3.8/site-packages/airflow/example_dags/tutorial.py took 0.198 seconds
[2025-02-14 14:20:36,261] {processor.py:153} INFO - Started process (PID=3279) to work on /opt/conda/lib/python3.8/site-packages/airflow/example_dags/tutorial.py
[2025-02-14 14:20:36,262] {processor.py:641} INFO - Processing file /opt/conda/lib/python3.8/site-packages/airflow/example_dags/tutorial.py for tasks to queue
[2025-02-14 14:20:36,263] {logging_mixin.py:115} INFO - [2025-02-14 14:20:36,263] {dagbag.py:508} INFO - Filling up the DagBag from /opt/conda/lib/python3.8/site-packages/airflow/example_dags/tutorial.py
[2025-02-14 14:20:36,269] {processor.py:651} INFO - DAG(s) dict_keys(['tutorial']) retrieved from /opt/conda/lib/python3.8/site-packages/airflow/example_dags/tutorial.py
[2025-02-14 14:20:36,413] {logging_mixin.py:115} INFO - [2025-02-14 14:20:36,413] {dag.py:2420} INFO - Sync 1 DAGs
[2025-02-14 14:20:36,425] {logging_mixin.py:115} INFO - [2025-02-14 14:20:36,424] {dag.py:2968} INFO - Setting next_dagrun for tutorial to 2025-02-13T14:20:36.424744+00:00, run_after=2025-02-14T14:20:36.424744+00:00
[2025-02-14 14:20:36,443] {processor.py:161} INFO - Processing /opt/conda/lib/python3.8/site-packages/airflow/example_dags/tutorial.py took 0.186 seconds
[2025-02-14 14:21:20,013] {processor.py:153} INFO - Started process (PID=3335) to work on /opt/conda/lib/python3.8/site-packages/airflow/example_dags/tutorial.py
[2025-02-14 14:21:20,014] {processor.py:641} INFO - Processing file /opt/conda/lib/python3.8/site-packages/airflow/example_dags/tutorial.py for tasks to queue
[2025-02-14 14:21:20,015] {logging_mixin.py:115} INFO - [2025-02-14 14:21:20,015] {dagbag.py:508} INFO - Filling up the DagBag from /opt/conda/lib/python3.8/site-packages/airflow/example_dags/tutorial.py
[2025-02-14 14:21:20,021] {processor.py:651} INFO - DAG(s) dict_keys(['tutorial']) retrieved from /opt/conda/lib/python3.8/site-packages/airflow/example_dags/tutorial.py
[2025-02-14 14:21:20,169] {logging_mixin.py:115} INFO - [2025-02-14 14:21:20,169] {dag.py:2420} INFO - Sync 1 DAGs
[2025-02-14 14:21:20,181] {logging_mixin.py:115} INFO - [2025-02-14 14:21:20,181] {dag.py:2968} INFO - Setting next_dagrun for tutorial to 2025-02-13T14:21:20.180812+00:00, run_after=2025-02-14T14:21:20.180812+00:00
[2025-02-14 14:21:20,201] {processor.py:161} INFO - Processing /opt/conda/lib/python3.8/site-packages/airflow/example_dags/tutorial.py took 0.191 seconds
[2025-02-14 14:22:06,268] {processor.py:153} INFO - Started process (PID=3389) to work on /opt/conda/lib/python3.8/site-packages/airflow/example_dags/tutorial.py
[2025-02-14 14:22:06,270] {processor.py:641} INFO - Processing file /opt/conda/lib/python3.8/site-packages/airflow/example_dags/tutorial.py for tasks to queue
[2025-02-14 14:22:06,271] {logging_mixin.py:115} INFO - [2025-02-14 14:22:06,270] {dagbag.py:508} INFO - Filling up the DagBag from /opt/conda/lib/python3.8/site-packages/airflow/example_dags/tutorial.py
[2025-02-14 14:22:06,277] {processor.py:651} INFO - DAG(s) dict_keys(['tutorial']) retrieved from /opt/conda/lib/python3.8/site-packages/airflow/example_dags/tutorial.py
[2025-02-14 14:22:06,423] {logging_mixin.py:115} INFO - [2025-02-14 14:22:06,423] {dag.py:2420} INFO - Sync 1 DAGs
[2025-02-14 14:22:06,434] {logging_mixin.py:115} INFO - [2025-02-14 14:22:06,434] {dag.py:2968} INFO - Setting next_dagrun for tutorial to 2025-02-13T14:22:06.434511+00:00, run_after=2025-02-14T14:22:06.434511+00:00
[2025-02-14 14:22:06,455] {processor.py:161} INFO - Processing /opt/conda/lib/python3.8/site-packages/airflow/example_dags/tutorial.py took 0.190 seconds
[2025-02-14 14:22:50,981] {processor.py:153} INFO - Started process (PID=3443) to work on /opt/conda/lib/python3.8/site-packages/airflow/example_dags/tutorial.py
[2025-02-14 14:22:50,983] {processor.py:641} INFO - Processing file /opt/conda/lib/python3.8/site-packages/airflow/example_dags/tutorial.py for tasks to queue
[2025-02-14 14:22:50,983] {logging_mixin.py:115} INFO - [2025-02-14 14:22:50,983] {dagbag.py:508} INFO - Filling up the DagBag from /opt/conda/lib/python3.8/site-packages/airflow/example_dags/tutorial.py
[2025-02-14 14:22:50,989] {processor.py:651} INFO - DAG(s) dict_keys(['tutorial']) retrieved from /opt/conda/lib/python3.8/site-packages/airflow/example_dags/tutorial.py
[2025-02-14 14:22:51,140] {logging_mixin.py:115} INFO - [2025-02-14 14:22:51,140] {dag.py:2420} INFO - Sync 1 DAGs
[2025-02-14 14:22:51,152] {logging_mixin.py:115} INFO - [2025-02-14 14:22:51,152] {dag.py:2968} INFO - Setting next_dagrun for tutorial to 2025-02-13T14:22:51.152190+00:00, run_after=2025-02-14T14:22:51.152190+00:00
[2025-02-14 14:22:51,171] {processor.py:161} INFO - Processing /opt/conda/lib/python3.8/site-packages/airflow/example_dags/tutorial.py took 0.193 seconds
[2025-02-14 14:23:25,133] {processor.py:153} INFO - Started process (PID=3536) to work on /opt/conda/lib/python3.8/site-packages/airflow/example_dags/tutorial.py
[2025-02-14 14:23:25,134] {processor.py:641} INFO - Processing file /opt/conda/lib/python3.8/site-packages/airflow/example_dags/tutorial.py for tasks to queue
[2025-02-14 14:23:25,134] {logging_mixin.py:115} INFO - [2025-02-14 14:23:25,134] {dagbag.py:508} INFO - Filling up the DagBag from /opt/conda/lib/python3.8/site-packages/airflow/example_dags/tutorial.py
[2025-02-14 14:23:25,140] {processor.py:651} INFO - DAG(s) dict_keys(['tutorial']) retrieved from /opt/conda/lib/python3.8/site-packages/airflow/example_dags/tutorial.py
[2025-02-14 14:23:25,286] {logging_mixin.py:115} INFO - [2025-02-14 14:23:25,286] {dag.py:2420} INFO - Sync 1 DAGs
[2025-02-14 14:23:25,301] {logging_mixin.py:115} INFO - [2025-02-14 14:23:25,301] {dag.py:2968} INFO - Setting next_dagrun for tutorial to 2025-02-13T14:23:25.301378+00:00, run_after=2025-02-14T14:23:25.301378+00:00
[2025-02-14 14:23:25,323] {processor.py:161} INFO - Processing /opt/conda/lib/python3.8/site-packages/airflow/example_dags/tutorial.py took 0.193 seconds
[2025-02-14 14:24:06,817] {processor.py:153} INFO - Started process (PID=3590) to work on /opt/conda/lib/python3.8/site-packages/airflow/example_dags/tutorial.py
[2025-02-14 14:24:06,818] {processor.py:641} INFO - Processing file /opt/conda/lib/python3.8/site-packages/airflow/example_dags/tutorial.py for tasks to queue
[2025-02-14 14:24:06,819] {logging_mixin.py:115} INFO - [2025-02-14 14:24:06,819] {dagbag.py:508} INFO - Filling up the DagBag from /opt/conda/lib/python3.8/site-packages/airflow/example_dags/tutorial.py
[2025-02-14 14:24:06,825] {processor.py:651} INFO - DAG(s) dict_keys(['tutorial']) retrieved from /opt/conda/lib/python3.8/site-packages/airflow/example_dags/tutorial.py
[2025-02-14 14:24:06,963] {logging_mixin.py:115} INFO - [2025-02-14 14:24:06,963] {dag.py:2420} INFO - Sync 1 DAGs
[2025-02-14 14:24:06,974] {logging_mixin.py:115} INFO - [2025-02-14 14:24:06,974] {dag.py:2968} INFO - Setting next_dagrun for tutorial to 2025-02-13T14:24:06.974628+00:00, run_after=2025-02-14T14:24:06.974628+00:00
[2025-02-14 14:24:06,997] {processor.py:161} INFO - Processing /opt/conda/lib/python3.8/site-packages/airflow/example_dags/tutorial.py took 0.184 seconds
[2025-02-14 14:24:45,684] {processor.py:153} INFO - Started process (PID=3640) to work on /opt/conda/lib/python3.8/site-packages/airflow/example_dags/tutorial.py
[2025-02-14 14:24:45,685] {processor.py:641} INFO - Processing file /opt/conda/lib/python3.8/site-packages/airflow/example_dags/tutorial.py for tasks to queue
[2025-02-14 14:24:45,686] {logging_mixin.py:115} INFO - [2025-02-14 14:24:45,686] {dagbag.py:508} INFO - Filling up the DagBag from /opt/conda/lib/python3.8/site-packages/airflow/example_dags/tutorial.py
[2025-02-14 14:24:45,691] {processor.py:651} INFO - DAG(s) dict_keys(['tutorial']) retrieved from /opt/conda/lib/python3.8/site-packages/airflow/example_dags/tutorial.py
[2025-02-14 14:24:45,827] {logging_mixin.py:115} INFO - [2025-02-14 14:24:45,827] {dag.py:2420} INFO - Sync 1 DAGs
[2025-02-14 14:24:45,838] {logging_mixin.py:115} INFO - [2025-02-14 14:24:45,838] {dag.py:2968} INFO - Setting next_dagrun for tutorial to 2025-02-13T14:24:45.838419+00:00, run_after=2025-02-14T14:24:45.838419+00:00
[2025-02-14 14:24:45,857] {processor.py:161} INFO - Processing /opt/conda/lib/python3.8/site-packages/airflow/example_dags/tutorial.py took 0.176 seconds
[2025-02-14 14:25:32,464] {processor.py:153} INFO - Started process (PID=3694) to work on /opt/conda/lib/python3.8/site-packages/airflow/example_dags/tutorial.py
[2025-02-14 14:25:32,468] {processor.py:641} INFO - Processing file /opt/conda/lib/python3.8/site-packages/airflow/example_dags/tutorial.py for tasks to queue
[2025-02-14 14:25:32,469] {logging_mixin.py:115} INFO - [2025-02-14 14:25:32,469] {dagbag.py:508} INFO - Filling up the DagBag from /opt/conda/lib/python3.8/site-packages/airflow/example_dags/tutorial.py
[2025-02-14 14:25:32,475] {processor.py:651} INFO - DAG(s) dict_keys(['tutorial']) retrieved from /opt/conda/lib/python3.8/site-packages/airflow/example_dags/tutorial.py
[2025-02-14 14:25:32,616] {logging_mixin.py:115} INFO - [2025-02-14 14:25:32,616] {dag.py:2420} INFO - Sync 1 DAGs
[2025-02-14 14:25:32,628] {logging_mixin.py:115} INFO - [2025-02-14 14:25:32,628] {dag.py:2968} INFO - Setting next_dagrun for tutorial to 2025-02-13T14:25:32.628478+00:00, run_after=2025-02-14T14:25:32.628478+00:00
[2025-02-14 14:25:32,647] {processor.py:161} INFO - Processing /opt/conda/lib/python3.8/site-packages/airflow/example_dags/tutorial.py took 0.186 seconds
[2025-02-14 14:26:15,545] {processor.py:153} INFO - Started process (PID=3748) to work on /opt/conda/lib/python3.8/site-packages/airflow/example_dags/tutorial.py
[2025-02-14 14:26:15,547] {processor.py:641} INFO - Processing file /opt/conda/lib/python3.8/site-packages/airflow/example_dags/tutorial.py for tasks to queue
[2025-02-14 14:26:15,547] {logging_mixin.py:115} INFO - [2025-02-14 14:26:15,547] {dagbag.py:508} INFO - Filling up the DagBag from /opt/conda/lib/python3.8/site-packages/airflow/example_dags/tutorial.py
[2025-02-14 14:26:15,553] {processor.py:651} INFO - DAG(s) dict_keys(['tutorial']) retrieved from /opt/conda/lib/python3.8/site-packages/airflow/example_dags/tutorial.py
[2025-02-14 14:26:15,689] {logging_mixin.py:115} INFO - [2025-02-14 14:26:15,689] {dag.py:2420} INFO - Sync 1 DAGs
[2025-02-14 14:26:15,700] {logging_mixin.py:115} INFO - [2025-02-14 14:26:15,700] {dag.py:2968} INFO - Setting next_dagrun for tutorial to 2025-02-13T14:26:15.700611+00:00, run_after=2025-02-14T14:26:15.700611+00:00
[2025-02-14 14:26:15,723] {processor.py:161} INFO - Processing /opt/conda/lib/python3.8/site-packages/airflow/example_dags/tutorial.py took 0.181 seconds
[2025-02-14 14:26:55,394] {processor.py:153} INFO - Started process (PID=3799) to work on /opt/conda/lib/python3.8/site-packages/airflow/example_dags/tutorial.py
[2025-02-14 14:26:55,395] {processor.py:641} INFO - Processing file /opt/conda/lib/python3.8/site-packages/airflow/example_dags/tutorial.py for tasks to queue
[2025-02-14 14:26:55,396] {logging_mixin.py:115} INFO - [2025-02-14 14:26:55,396] {dagbag.py:508} INFO - Filling up the DagBag from /opt/conda/lib/python3.8/site-packages/airflow/example_dags/tutorial.py
[2025-02-14 14:26:55,401] {processor.py:651} INFO - DAG(s) dict_keys(['tutorial']) retrieved from /opt/conda/lib/python3.8/site-packages/airflow/example_dags/tutorial.py
[2025-02-14 14:26:55,529] {logging_mixin.py:115} INFO - [2025-02-14 14:26:55,529] {dag.py:2420} INFO - Sync 1 DAGs
[2025-02-14 14:26:55,541] {logging_mixin.py:115} INFO - [2025-02-14 14:26:55,541] {dag.py:2968} INFO - Setting next_dagrun for tutorial to 2025-02-13T14:26:55.540995+00:00, run_after=2025-02-14T14:26:55.540995+00:00
[2025-02-14 14:26:55,567] {processor.py:161} INFO - Processing /opt/conda/lib/python3.8/site-packages/airflow/example_dags/tutorial.py took 0.176 seconds
[2025-02-14 14:27:41,349] {processor.py:153} INFO - Started process (PID=3853) to work on /opt/conda/lib/python3.8/site-packages/airflow/example_dags/tutorial.py
[2025-02-14 14:27:41,350] {processor.py:641} INFO - Processing file /opt/conda/lib/python3.8/site-packages/airflow/example_dags/tutorial.py for tasks to queue
[2025-02-14 14:27:41,351] {logging_mixin.py:115} INFO - [2025-02-14 14:27:41,351] {dagbag.py:508} INFO - Filling up the DagBag from /opt/conda/lib/python3.8/site-packages/airflow/example_dags/tutorial.py
[2025-02-14 14:27:41,356] {processor.py:651} INFO - DAG(s) dict_keys(['tutorial']) retrieved from /opt/conda/lib/python3.8/site-packages/airflow/example_dags/tutorial.py
[2025-02-14 14:27:41,492] {logging_mixin.py:115} INFO - [2025-02-14 14:27:41,492] {dag.py:2420} INFO - Sync 1 DAGs
[2025-02-14 14:27:41,503] {logging_mixin.py:115} INFO - [2025-02-14 14:27:41,503] {dag.py:2968} INFO - Setting next_dagrun for tutorial to 2025-02-13T14:27:41.503677+00:00, run_after=2025-02-14T14:27:41.503677+00:00
[2025-02-14 14:27:41,522] {processor.py:161} INFO - Processing /opt/conda/lib/python3.8/site-packages/airflow/example_dags/tutorial.py took 0.176 seconds
[2025-02-14 14:28:25,041] {processor.py:153} INFO - Started process (PID=3907) to work on /opt/conda/lib/python3.8/site-packages/airflow/example_dags/tutorial.py
[2025-02-14 14:28:25,043] {processor.py:641} INFO - Processing file /opt/conda/lib/python3.8/site-packages/airflow/example_dags/tutorial.py for tasks to queue
[2025-02-14 14:28:25,043] {logging_mixin.py:115} INFO - [2025-02-14 14:28:25,043] {dagbag.py:508} INFO - Filling up the DagBag from /opt/conda/lib/python3.8/site-packages/airflow/example_dags/tutorial.py
[2025-02-14 14:28:25,049] {processor.py:651} INFO - DAG(s) dict_keys(['tutorial']) retrieved from /opt/conda/lib/python3.8/site-packages/airflow/example_dags/tutorial.py
[2025-02-14 14:28:25,064] {logging_mixin.py:115} INFO - [2025-02-14 14:28:25,064] {dag.py:2420} INFO - Sync 1 DAGs
[2025-02-14 14:28:25,078] {logging_mixin.py:115} INFO - [2025-02-14 14:28:25,078] {dag.py:2968} INFO - Setting next_dagrun for tutorial to 2025-02-13T14:28:25.078620+00:00, run_after=2025-02-14T14:28:25.078620+00:00
[2025-02-14 14:28:25,098] {processor.py:161} INFO - Processing /opt/conda/lib/python3.8/site-packages/airflow/example_dags/tutorial.py took 0.060 seconds
[2025-02-14 14:29:07,918] {processor.py:153} INFO - Started process (PID=3961) to work on /opt/conda/lib/python3.8/site-packages/airflow/example_dags/tutorial.py
[2025-02-14 14:29:07,920] {processor.py:641} INFO - Processing file /opt/conda/lib/python3.8/site-packages/airflow/example_dags/tutorial.py for tasks to queue
[2025-02-14 14:29:07,921] {logging_mixin.py:115} INFO - [2025-02-14 14:29:07,921] {dagbag.py:508} INFO - Filling up the DagBag from /opt/conda/lib/python3.8/site-packages/airflow/example_dags/tutorial.py
[2025-02-14 14:29:07,927] {processor.py:651} INFO - DAG(s) dict_keys(['tutorial']) retrieved from /opt/conda/lib/python3.8/site-packages/airflow/example_dags/tutorial.py
[2025-02-14 14:29:07,943] {logging_mixin.py:115} INFO - [2025-02-14 14:29:07,943] {dag.py:2420} INFO - Sync 1 DAGs
[2025-02-14 14:29:07,961] {logging_mixin.py:115} INFO - [2025-02-14 14:29:07,961] {dag.py:2968} INFO - Setting next_dagrun for tutorial to 2025-02-13T14:29:07.961011+00:00, run_after=2025-02-14T14:29:07.961011+00:00
[2025-02-14 14:29:07,985] {processor.py:161} INFO - Processing /opt/conda/lib/python3.8/site-packages/airflow/example_dags/tutorial.py took 0.070 seconds
[2025-02-14 14:29:49,152] {processor.py:153} INFO - Started process (PID=4024) to work on /opt/conda/lib/python3.8/site-packages/airflow/example_dags/tutorial.py
[2025-02-14 14:29:49,154] {processor.py:641} INFO - Processing file /opt/conda/lib/python3.8/site-packages/airflow/example_dags/tutorial.py for tasks to queue
[2025-02-14 14:29:49,154] {logging_mixin.py:115} INFO - [2025-02-14 14:29:49,154] {dagbag.py:508} INFO - Filling up the DagBag from /opt/conda/lib/python3.8/site-packages/airflow/example_dags/tutorial.py
[2025-02-14 14:29:49,161] {processor.py:651} INFO - DAG(s) dict_keys(['tutorial']) retrieved from /opt/conda/lib/python3.8/site-packages/airflow/example_dags/tutorial.py
[2025-02-14 14:29:49,177] {logging_mixin.py:115} INFO - [2025-02-14 14:29:49,177] {dag.py:2420} INFO - Sync 1 DAGs
[2025-02-14 14:29:49,195] {logging_mixin.py:115} INFO - [2025-02-14 14:29:49,195] {dag.py:2968} INFO - Setting next_dagrun for tutorial to 2025-02-13T14:29:49.194832+00:00, run_after=2025-02-14T14:29:49.194832+00:00
[2025-02-14 14:29:49,218] {processor.py:161} INFO - Processing /opt/conda/lib/python3.8/site-packages/airflow/example_dags/tutorial.py took 0.068 seconds
[2025-02-14 14:30:21,001] {processor.py:153} INFO - Started process (PID=4071) to work on /opt/conda/lib/python3.8/site-packages/airflow/example_dags/tutorial.py
[2025-02-14 14:30:21,010] {processor.py:641} INFO - Processing file /opt/conda/lib/python3.8/site-packages/airflow/example_dags/tutorial.py for tasks to queue
[2025-02-14 14:30:21,011] {logging_mixin.py:115} INFO - [2025-02-14 14:30:21,011] {dagbag.py:508} INFO - Filling up the DagBag from /opt/conda/lib/python3.8/site-packages/airflow/example_dags/tutorial.py
[2025-02-14 14:30:21,017] {processor.py:651} INFO - DAG(s) dict_keys(['tutorial']) retrieved from /opt/conda/lib/python3.8/site-packages/airflow/example_dags/tutorial.py
[2025-02-14 14:30:21,032] {logging_mixin.py:115} INFO - [2025-02-14 14:30:21,032] {dag.py:2420} INFO - Sync 1 DAGs
[2025-02-14 14:30:21,048] {logging_mixin.py:115} INFO - [2025-02-14 14:30:21,048] {dag.py:2968} INFO - Setting next_dagrun for tutorial to 2025-02-13T14:30:21.047916+00:00, run_after=2025-02-14T14:30:21.047916+00:00
[2025-02-14 14:30:21,068] {processor.py:161} INFO - Processing /opt/conda/lib/python3.8/site-packages/airflow/example_dags/tutorial.py took 0.069 seconds
[2025-02-14 14:30:55,028] {processor.py:153} INFO - Started process (PID=4120) to work on /opt/conda/lib/python3.8/site-packages/airflow/example_dags/tutorial.py
[2025-02-14 14:30:55,029] {processor.py:641} INFO - Processing file /opt/conda/lib/python3.8/site-packages/airflow/example_dags/tutorial.py for tasks to queue
[2025-02-14 14:30:55,030] {logging_mixin.py:115} INFO - [2025-02-14 14:30:55,030] {dagbag.py:508} INFO - Filling up the DagBag from /opt/conda/lib/python3.8/site-packages/airflow/example_dags/tutorial.py
[2025-02-14 14:30:55,036] {processor.py:651} INFO - DAG(s) dict_keys(['tutorial']) retrieved from /opt/conda/lib/python3.8/site-packages/airflow/example_dags/tutorial.py
[2025-02-14 14:30:55,050] {logging_mixin.py:115} INFO - [2025-02-14 14:30:55,050] {dag.py:2420} INFO - Sync 1 DAGs
[2025-02-14 14:30:55,065] {logging_mixin.py:115} INFO - [2025-02-14 14:30:55,065] {dag.py:2968} INFO - Setting next_dagrun for tutorial to 2025-02-13T14:30:55.064890+00:00, run_after=2025-02-14T14:30:55.064890+00:00
[2025-02-14 14:30:55,086] {processor.py:161} INFO - Processing /opt/conda/lib/python3.8/site-packages/airflow/example_dags/tutorial.py took 0.061 seconds
[2025-02-14 14:31:30,396] {processor.py:153} INFO - Started process (PID=4171) to work on /opt/conda/lib/python3.8/site-packages/airflow/example_dags/tutorial.py
[2025-02-14 14:31:30,425] {processor.py:641} INFO - Processing file /opt/conda/lib/python3.8/site-packages/airflow/example_dags/tutorial.py for tasks to queue
[2025-02-14 14:31:30,426] {logging_mixin.py:115} INFO - [2025-02-14 14:31:30,426] {dagbag.py:508} INFO - Filling up the DagBag from /opt/conda/lib/python3.8/site-packages/airflow/example_dags/tutorial.py
[2025-02-14 14:31:30,432] {processor.py:651} INFO - DAG(s) dict_keys(['tutorial']) retrieved from /opt/conda/lib/python3.8/site-packages/airflow/example_dags/tutorial.py
[2025-02-14 14:31:30,448] {logging_mixin.py:115} INFO - [2025-02-14 14:31:30,448] {dag.py:2420} INFO - Sync 1 DAGs
[2025-02-14 14:31:30,465] {logging_mixin.py:115} INFO - [2025-02-14 14:31:30,465] {dag.py:2968} INFO - Setting next_dagrun for tutorial to 2025-02-13T14:31:30.464942+00:00, run_after=2025-02-14T14:31:30.464942+00:00
[2025-02-14 14:31:30,488] {processor.py:161} INFO - Processing /opt/conda/lib/python3.8/site-packages/airflow/example_dags/tutorial.py took 0.095 seconds
[2025-02-14 14:33:16,469] {processor.py:153} INFO - Started process (PID=4347) to work on /opt/conda/lib/python3.8/site-packages/airflow/example_dags/tutorial.py
[2025-02-14 14:33:16,514] {processor.py:641} INFO - Processing file /opt/conda/lib/python3.8/site-packages/airflow/example_dags/tutorial.py for tasks to queue
[2025-02-14 14:33:16,515] {logging_mixin.py:115} INFO - [2025-02-14 14:33:16,515] {dagbag.py:508} INFO - Filling up the DagBag from /opt/conda/lib/python3.8/site-packages/airflow/example_dags/tutorial.py
[2025-02-14 14:33:16,521] {processor.py:651} INFO - DAG(s) dict_keys(['tutorial']) retrieved from /opt/conda/lib/python3.8/site-packages/airflow/example_dags/tutorial.py
[2025-02-14 14:33:16,537] {logging_mixin.py:115} INFO - [2025-02-14 14:33:16,537] {dag.py:2420} INFO - Sync 1 DAGs
[2025-02-14 14:33:16,555] {logging_mixin.py:115} INFO - [2025-02-14 14:33:16,555] {dag.py:2968} INFO - Setting next_dagrun for tutorial to 2025-02-13T14:33:16.555246+00:00, run_after=2025-02-14T14:33:16.555246+00:00
[2025-02-14 14:33:16,604] {processor.py:161} INFO - Processing /opt/conda/lib/python3.8/site-packages/airflow/example_dags/tutorial.py took 0.138 seconds
[2025-02-14 14:33:57,717] {processor.py:153} INFO - Started process (PID=4401) to work on /opt/conda/lib/python3.8/site-packages/airflow/example_dags/tutorial.py
[2025-02-14 14:33:57,719] {processor.py:641} INFO - Processing file /opt/conda/lib/python3.8/site-packages/airflow/example_dags/tutorial.py for tasks to queue
[2025-02-14 14:33:57,719] {logging_mixin.py:115} INFO - [2025-02-14 14:33:57,719] {dagbag.py:508} INFO - Filling up the DagBag from /opt/conda/lib/python3.8/site-packages/airflow/example_dags/tutorial.py
[2025-02-14 14:33:57,725] {processor.py:651} INFO - DAG(s) dict_keys(['tutorial']) retrieved from /opt/conda/lib/python3.8/site-packages/airflow/example_dags/tutorial.py
[2025-02-14 14:33:57,741] {logging_mixin.py:115} INFO - [2025-02-14 14:33:57,741] {dag.py:2420} INFO - Sync 1 DAGs
[2025-02-14 14:33:57,759] {logging_mixin.py:115} INFO - [2025-02-14 14:33:57,759] {dag.py:2968} INFO - Setting next_dagrun for tutorial to 2025-02-13T14:33:57.759436+00:00, run_after=2025-02-14T14:33:57.759436+00:00
[2025-02-14 14:33:57,947] {processor.py:161} INFO - Processing /opt/conda/lib/python3.8/site-packages/airflow/example_dags/tutorial.py took 0.233 seconds
[2025-02-14 14:34:31,428] {processor.py:153} INFO - Started process (PID=4448) to work on /opt/conda/lib/python3.8/site-packages/airflow/example_dags/tutorial.py
[2025-02-14 14:34:31,428] {processor.py:641} INFO - Processing file /opt/conda/lib/python3.8/site-packages/airflow/example_dags/tutorial.py for tasks to queue
[2025-02-14 14:34:31,429] {logging_mixin.py:115} INFO - [2025-02-14 14:34:31,429] {dagbag.py:508} INFO - Filling up the DagBag from /opt/conda/lib/python3.8/site-packages/airflow/example_dags/tutorial.py
[2025-02-14 14:34:31,435] {processor.py:651} INFO - DAG(s) dict_keys(['tutorial']) retrieved from /opt/conda/lib/python3.8/site-packages/airflow/example_dags/tutorial.py
[2025-02-14 14:34:31,451] {logging_mixin.py:115} INFO - [2025-02-14 14:34:31,451] {dag.py:2420} INFO - Sync 1 DAGs
[2025-02-14 14:34:31,469] {logging_mixin.py:115} INFO - [2025-02-14 14:34:31,469] {dag.py:2968} INFO - Setting next_dagrun for tutorial to 2025-02-13T14:34:31.469043+00:00, run_after=2025-02-14T14:34:31.469043+00:00
[2025-02-14 14:34:31,491] {processor.py:161} INFO - Processing /opt/conda/lib/python3.8/site-packages/airflow/example_dags/tutorial.py took 0.066 seconds
[2025-02-14 14:35:04,289] {processor.py:153} INFO - Started process (PID=4496) to work on /opt/conda/lib/python3.8/site-packages/airflow/example_dags/tutorial.py
[2025-02-14 14:35:04,290] {processor.py:641} INFO - Processing file /opt/conda/lib/python3.8/site-packages/airflow/example_dags/tutorial.py for tasks to queue
[2025-02-14 14:35:04,291] {logging_mixin.py:115} INFO - [2025-02-14 14:35:04,291] {dagbag.py:508} INFO - Filling up the DagBag from /opt/conda/lib/python3.8/site-packages/airflow/example_dags/tutorial.py
[2025-02-14 14:35:04,297] {processor.py:651} INFO - DAG(s) dict_keys(['tutorial']) retrieved from /opt/conda/lib/python3.8/site-packages/airflow/example_dags/tutorial.py
[2025-02-14 14:35:04,313] {logging_mixin.py:115} INFO - [2025-02-14 14:35:04,313] {dag.py:2420} INFO - Sync 1 DAGs
[2025-02-14 14:35:04,331] {logging_mixin.py:115} INFO - [2025-02-14 14:35:04,331] {dag.py:2968} INFO - Setting next_dagrun for tutorial to 2025-02-13T14:35:04.331070+00:00, run_after=2025-02-14T14:35:04.331070+00:00
[2025-02-14 14:35:04,358] {processor.py:161} INFO - Processing /opt/conda/lib/python3.8/site-packages/airflow/example_dags/tutorial.py took 0.072 seconds
[2025-02-14 14:35:41,381] {processor.py:153} INFO - Started process (PID=4548) to work on /opt/conda/lib/python3.8/site-packages/airflow/example_dags/tutorial.py
[2025-02-14 14:35:41,382] {processor.py:641} INFO - Processing file /opt/conda/lib/python3.8/site-packages/airflow/example_dags/tutorial.py for tasks to queue
[2025-02-14 14:35:41,383] {logging_mixin.py:115} INFO - [2025-02-14 14:35:41,383] {dagbag.py:508} INFO - Filling up the DagBag from /opt/conda/lib/python3.8/site-packages/airflow/example_dags/tutorial.py
[2025-02-14 14:35:41,388] {processor.py:651} INFO - DAG(s) dict_keys(['tutorial']) retrieved from /opt/conda/lib/python3.8/site-packages/airflow/example_dags/tutorial.py
[2025-02-14 14:35:41,405] {logging_mixin.py:115} INFO - [2025-02-14 14:35:41,404] {dag.py:2420} INFO - Sync 1 DAGs
[2025-02-14 14:35:41,423] {logging_mixin.py:115} INFO - [2025-02-14 14:35:41,423] {dag.py:2968} INFO - Setting next_dagrun for tutorial to 2025-02-13T14:35:41.422768+00:00, run_after=2025-02-14T14:35:41.422768+00:00
[2025-02-14 14:35:41,445] {processor.py:161} INFO - Processing /opt/conda/lib/python3.8/site-packages/airflow/example_dags/tutorial.py took 0.067 seconds
[2025-02-14 14:36:19,553] {processor.py:153} INFO - Started process (PID=4598) to work on /opt/conda/lib/python3.8/site-packages/airflow/example_dags/tutorial.py
[2025-02-14 14:36:19,554] {processor.py:641} INFO - Processing file /opt/conda/lib/python3.8/site-packages/airflow/example_dags/tutorial.py for tasks to queue
[2025-02-14 14:36:19,555] {logging_mixin.py:115} INFO - [2025-02-14 14:36:19,555] {dagbag.py:508} INFO - Filling up the DagBag from /opt/conda/lib/python3.8/site-packages/airflow/example_dags/tutorial.py
[2025-02-14 14:36:19,560] {processor.py:651} INFO - DAG(s) dict_keys(['tutorial']) retrieved from /opt/conda/lib/python3.8/site-packages/airflow/example_dags/tutorial.py
[2025-02-14 14:36:19,585] {logging_mixin.py:115} INFO - [2025-02-14 14:36:19,585] {dag.py:2420} INFO - Sync 1 DAGs
[2025-02-14 14:36:19,721] {logging_mixin.py:115} INFO - [2025-02-14 14:36:19,721] {dag.py:2968} INFO - Setting next_dagrun for tutorial to 2025-02-13T14:36:19.720518+00:00, run_after=2025-02-14T14:36:19.720518+00:00
[2025-02-14 14:36:19,895] {processor.py:161} INFO - Processing /opt/conda/lib/python3.8/site-packages/airflow/example_dags/tutorial.py took 0.346 seconds
[2025-02-14 14:36:57,217] {processor.py:153} INFO - Started process (PID=4649) to work on /opt/conda/lib/python3.8/site-packages/airflow/example_dags/tutorial.py
[2025-02-14 14:36:57,219] {processor.py:641} INFO - Processing file /opt/conda/lib/python3.8/site-packages/airflow/example_dags/tutorial.py for tasks to queue
[2025-02-14 14:36:57,219] {logging_mixin.py:115} INFO - [2025-02-14 14:36:57,219] {dagbag.py:508} INFO - Filling up the DagBag from /opt/conda/lib/python3.8/site-packages/airflow/example_dags/tutorial.py
[2025-02-14 14:36:57,225] {processor.py:651} INFO - DAG(s) dict_keys(['tutorial']) retrieved from /opt/conda/lib/python3.8/site-packages/airflow/example_dags/tutorial.py
[2025-02-14 14:36:57,241] {logging_mixin.py:115} INFO - [2025-02-14 14:36:57,241] {dag.py:2420} INFO - Sync 1 DAGs
[2025-02-14 14:36:57,259] {logging_mixin.py:115} INFO - [2025-02-14 14:36:57,258] {dag.py:2968} INFO - Setting next_dagrun for tutorial to 2025-02-13T14:36:57.258672+00:00, run_after=2025-02-14T14:36:57.258672+00:00
[2025-02-14 14:36:57,281] {processor.py:161} INFO - Processing /opt/conda/lib/python3.8/site-packages/airflow/example_dags/tutorial.py took 0.067 seconds
[2025-02-14 14:37:38,108] {processor.py:153} INFO - Started process (PID=4703) to work on /opt/conda/lib/python3.8/site-packages/airflow/example_dags/tutorial.py
[2025-02-14 14:37:38,110] {processor.py:641} INFO - Processing file /opt/conda/lib/python3.8/site-packages/airflow/example_dags/tutorial.py for tasks to queue
[2025-02-14 14:37:38,110] {logging_mixin.py:115} INFO - [2025-02-14 14:37:38,110] {dagbag.py:508} INFO - Filling up the DagBag from /opt/conda/lib/python3.8/site-packages/airflow/example_dags/tutorial.py
[2025-02-14 14:37:38,116] {processor.py:651} INFO - DAG(s) dict_keys(['tutorial']) retrieved from /opt/conda/lib/python3.8/site-packages/airflow/example_dags/tutorial.py
[2025-02-14 14:37:38,132] {logging_mixin.py:115} INFO - [2025-02-14 14:37:38,132] {dag.py:2420} INFO - Sync 1 DAGs
[2025-02-14 14:37:38,150] {logging_mixin.py:115} INFO - [2025-02-14 14:37:38,150] {dag.py:2968} INFO - Setting next_dagrun for tutorial to 2025-02-13T14:37:38.150096+00:00, run_after=2025-02-14T14:37:38.150096+00:00
[2025-02-14 14:37:38,174] {processor.py:161} INFO - Processing /opt/conda/lib/python3.8/site-packages/airflow/example_dags/tutorial.py took 0.069 seconds
[2025-02-14 14:41:55,345] {processor.py:153} INFO - Started process (PID=4750) to work on /opt/conda/lib/python3.8/site-packages/airflow/example_dags/tutorial.py
[2025-02-14 14:41:55,347] {processor.py:641} INFO - Processing file /opt/conda/lib/python3.8/site-packages/airflow/example_dags/tutorial.py for tasks to queue
[2025-02-14 14:41:55,347] {logging_mixin.py:115} INFO - [2025-02-14 14:41:55,347] {dagbag.py:508} INFO - Filling up the DagBag from /opt/conda/lib/python3.8/site-packages/airflow/example_dags/tutorial.py
[2025-02-14 14:41:55,353] {processor.py:651} INFO - DAG(s) dict_keys(['tutorial']) retrieved from /opt/conda/lib/python3.8/site-packages/airflow/example_dags/tutorial.py
[2025-02-14 14:41:55,492] {logging_mixin.py:115} INFO - [2025-02-14 14:41:55,492] {dag.py:2420} INFO - Sync 1 DAGs
[2025-02-14 14:41:55,504] {logging_mixin.py:115} INFO - [2025-02-14 14:41:55,504] {dag.py:2968} INFO - Setting next_dagrun for tutorial to 2025-02-13T14:41:55.503927+00:00, run_after=2025-02-14T14:41:55.503927+00:00
[2025-02-14 14:41:55,526] {processor.py:161} INFO - Processing /opt/conda/lib/python3.8/site-packages/airflow/example_dags/tutorial.py took 0.184 seconds
[2025-02-14 14:42:41,340] {processor.py:153} INFO - Started process (PID=4844) to work on /opt/conda/lib/python3.8/site-packages/airflow/example_dags/tutorial.py
[2025-02-14 14:42:41,341] {processor.py:641} INFO - Processing file /opt/conda/lib/python3.8/site-packages/airflow/example_dags/tutorial.py for tasks to queue
[2025-02-14 14:42:41,342] {logging_mixin.py:115} INFO - [2025-02-14 14:42:41,342] {dagbag.py:508} INFO - Filling up the DagBag from /opt/conda/lib/python3.8/site-packages/airflow/example_dags/tutorial.py
[2025-02-14 14:42:41,348] {processor.py:651} INFO - DAG(s) dict_keys(['tutorial']) retrieved from /opt/conda/lib/python3.8/site-packages/airflow/example_dags/tutorial.py
[2025-02-14 14:42:41,492] {logging_mixin.py:115} INFO - [2025-02-14 14:42:41,492] {dag.py:2420} INFO - Sync 1 DAGs
[2025-02-14 14:42:41,503] {logging_mixin.py:115} INFO - [2025-02-14 14:42:41,503] {dag.py:2968} INFO - Setting next_dagrun for tutorial to 2025-02-13T14:42:41.503704+00:00, run_after=2025-02-14T14:42:41.503704+00:00
[2025-02-14 14:42:41,522] {processor.py:161} INFO - Processing /opt/conda/lib/python3.8/site-packages/airflow/example_dags/tutorial.py took 0.186 seconds
[2025-02-14 17:09:16,805] {processor.py:153} INFO - Started process (PID=6315) to work on /opt/conda/lib/python3.8/site-packages/airflow/example_dags/tutorial.py
[2025-02-14 17:09:16,807] {processor.py:641} INFO - Processing file /opt/conda/lib/python3.8/site-packages/airflow/example_dags/tutorial.py for tasks to queue
[2025-02-14 17:09:16,808] {logging_mixin.py:115} INFO - [2025-02-14 17:09:16,807] {dagbag.py:508} INFO - Filling up the DagBag from /opt/conda/lib/python3.8/site-packages/airflow/example_dags/tutorial.py
[2025-02-14 17:09:16,814] {processor.py:651} INFO - DAG(s) dict_keys(['tutorial']) retrieved from /opt/conda/lib/python3.8/site-packages/airflow/example_dags/tutorial.py
[2025-02-14 17:09:17,015] {logging_mixin.py:115} INFO - [2025-02-14 17:09:17,015] {dag.py:2420} INFO - Sync 1 DAGs
[2025-02-14 17:09:17,033] {logging_mixin.py:115} INFO - [2025-02-14 17:09:17,033] {dag.py:2968} INFO - Setting next_dagrun for tutorial to 2025-02-13T17:09:17.033103+00:00, run_after=2025-02-14T17:09:17.033103+00:00
[2025-02-14 17:09:17,057] {processor.py:161} INFO - Processing /opt/conda/lib/python3.8/site-packages/airflow/example_dags/tutorial.py took 0.255 seconds
[2025-02-14 17:10:11,585] {processor.py:153} INFO - Started process (PID=6416) to work on /opt/conda/lib/python3.8/site-packages/airflow/example_dags/tutorial.py
[2025-02-14 17:10:11,586] {processor.py:641} INFO - Processing file /opt/conda/lib/python3.8/site-packages/airflow/example_dags/tutorial.py for tasks to queue
[2025-02-14 17:10:11,587] {logging_mixin.py:115} INFO - [2025-02-14 17:10:11,587] {dagbag.py:508} INFO - Filling up the DagBag from /opt/conda/lib/python3.8/site-packages/airflow/example_dags/tutorial.py
[2025-02-14 17:10:11,593] {processor.py:651} INFO - DAG(s) dict_keys(['tutorial']) retrieved from /opt/conda/lib/python3.8/site-packages/airflow/example_dags/tutorial.py
[2025-02-14 17:10:11,942] {logging_mixin.py:115} INFO - [2025-02-14 17:10:11,942] {dag.py:2420} INFO - Sync 1 DAGs
[2025-02-14 17:10:11,983] {logging_mixin.py:115} INFO - [2025-02-14 17:10:11,982] {dag.py:2968} INFO - Setting next_dagrun for tutorial to 2025-02-13T17:10:11.982398+00:00, run_after=2025-02-14T17:10:11.982398+00:00
[2025-02-14 17:10:12,065] {processor.py:161} INFO - Processing /opt/conda/lib/python3.8/site-packages/airflow/example_dags/tutorial.py took 0.483 seconds
[2025-02-14 17:11:34,341] {processor.py:153} INFO - Started process (PID=6562) to work on /opt/conda/lib/python3.8/site-packages/airflow/example_dags/tutorial.py
[2025-02-14 17:11:34,343] {processor.py:641} INFO - Processing file /opt/conda/lib/python3.8/site-packages/airflow/example_dags/tutorial.py for tasks to queue
[2025-02-14 17:11:34,343] {logging_mixin.py:115} INFO - [2025-02-14 17:11:34,343] {dagbag.py:508} INFO - Filling up the DagBag from /opt/conda/lib/python3.8/site-packages/airflow/example_dags/tutorial.py
[2025-02-14 17:11:34,350] {processor.py:651} INFO - DAG(s) dict_keys(['tutorial']) retrieved from /opt/conda/lib/python3.8/site-packages/airflow/example_dags/tutorial.py
[2025-02-14 17:11:34,549] {logging_mixin.py:115} INFO - [2025-02-14 17:11:34,549] {dag.py:2420} INFO - Sync 1 DAGs
[2025-02-14 17:11:34,568] {logging_mixin.py:115} INFO - [2025-02-14 17:11:34,567] {dag.py:2968} INFO - Setting next_dagrun for tutorial to 2025-02-13T17:11:34.567429+00:00, run_after=2025-02-14T17:11:34.567429+00:00
[2025-02-14 17:11:34,591] {processor.py:161} INFO - Processing /opt/conda/lib/python3.8/site-packages/airflow/example_dags/tutorial.py took 0.254 seconds
[2025-02-14 17:12:23,708] {processor.py:153} INFO - Started process (PID=6631) to work on /opt/conda/lib/python3.8/site-packages/airflow/example_dags/tutorial.py
[2025-02-14 17:12:23,709] {processor.py:641} INFO - Processing file /opt/conda/lib/python3.8/site-packages/airflow/example_dags/tutorial.py for tasks to queue
[2025-02-14 17:12:23,710] {logging_mixin.py:115} INFO - [2025-02-14 17:12:23,710] {dagbag.py:508} INFO - Filling up the DagBag from /opt/conda/lib/python3.8/site-packages/airflow/example_dags/tutorial.py
[2025-02-14 17:12:23,716] {processor.py:651} INFO - DAG(s) dict_keys(['tutorial']) retrieved from /opt/conda/lib/python3.8/site-packages/airflow/example_dags/tutorial.py
[2025-02-14 17:12:23,919] {logging_mixin.py:115} INFO - [2025-02-14 17:12:23,918] {dag.py:2420} INFO - Sync 1 DAGs
[2025-02-14 17:12:23,937] {logging_mixin.py:115} INFO - [2025-02-14 17:12:23,936] {dag.py:2968} INFO - Setting next_dagrun for tutorial to 2025-02-13T17:12:23.936557+00:00, run_after=2025-02-14T17:12:23.936557+00:00
[2025-02-14 17:12:23,960] {processor.py:161} INFO - Processing /opt/conda/lib/python3.8/site-packages/airflow/example_dags/tutorial.py took 0.256 seconds
[2025-02-14 17:13:14,142] {processor.py:153} INFO - Started process (PID=6700) to work on /opt/conda/lib/python3.8/site-packages/airflow/example_dags/tutorial.py
[2025-02-14 17:13:14,143] {processor.py:641} INFO - Processing file /opt/conda/lib/python3.8/site-packages/airflow/example_dags/tutorial.py for tasks to queue
[2025-02-14 17:13:14,144] {logging_mixin.py:115} INFO - [2025-02-14 17:13:14,144] {dagbag.py:508} INFO - Filling up the DagBag from /opt/conda/lib/python3.8/site-packages/airflow/example_dags/tutorial.py
[2025-02-14 17:13:14,150] {processor.py:651} INFO - DAG(s) dict_keys(['tutorial']) retrieved from /opt/conda/lib/python3.8/site-packages/airflow/example_dags/tutorial.py
[2025-02-14 17:13:14,350] {logging_mixin.py:115} INFO - [2025-02-14 17:13:14,350] {dag.py:2420} INFO - Sync 1 DAGs
[2025-02-14 17:13:14,368] {logging_mixin.py:115} INFO - [2025-02-14 17:13:14,368] {dag.py:2968} INFO - Setting next_dagrun for tutorial to 2025-02-13T17:13:14.368048+00:00, run_after=2025-02-14T17:13:14.368048+00:00
[2025-02-14 17:13:14,392] {processor.py:161} INFO - Processing /opt/conda/lib/python3.8/site-packages/airflow/example_dags/tutorial.py took 0.254 seconds
[2025-02-14 17:14:08,158] {processor.py:153} INFO - Started process (PID=6771) to work on /opt/conda/lib/python3.8/site-packages/airflow/example_dags/tutorial.py
[2025-02-14 17:14:08,160] {processor.py:641} INFO - Processing file /opt/conda/lib/python3.8/site-packages/airflow/example_dags/tutorial.py for tasks to queue
[2025-02-14 17:14:08,160] {logging_mixin.py:115} INFO - [2025-02-14 17:14:08,160] {dagbag.py:508} INFO - Filling up the DagBag from /opt/conda/lib/python3.8/site-packages/airflow/example_dags/tutorial.py
[2025-02-14 17:14:08,167] {processor.py:651} INFO - DAG(s) dict_keys(['tutorial']) retrieved from /opt/conda/lib/python3.8/site-packages/airflow/example_dags/tutorial.py
[2025-02-14 17:14:08,184] {logging_mixin.py:115} INFO - [2025-02-14 17:14:08,184] {dag.py:2420} INFO - Sync 1 DAGs
[2025-02-14 17:14:08,205] {logging_mixin.py:115} INFO - [2025-02-14 17:14:08,205] {dag.py:2968} INFO - Setting next_dagrun for tutorial to 2025-02-13T17:14:08.204747+00:00, run_after=2025-02-14T17:14:08.204747+00:00
[2025-02-14 17:14:08,228] {processor.py:161} INFO - Processing /opt/conda/lib/python3.8/site-packages/airflow/example_dags/tutorial.py took 0.073 seconds
[2025-02-14 17:14:55,351] {processor.py:153} INFO - Started process (PID=6844) to work on /opt/conda/lib/python3.8/site-packages/airflow/example_dags/tutorial.py
[2025-02-14 17:14:55,353] {processor.py:641} INFO - Processing file /opt/conda/lib/python3.8/site-packages/airflow/example_dags/tutorial.py for tasks to queue
[2025-02-14 17:14:55,353] {logging_mixin.py:115} INFO - [2025-02-14 17:14:55,353] {dagbag.py:508} INFO - Filling up the DagBag from /opt/conda/lib/python3.8/site-packages/airflow/example_dags/tutorial.py
[2025-02-14 17:14:55,360] {processor.py:651} INFO - DAG(s) dict_keys(['tutorial']) retrieved from /opt/conda/lib/python3.8/site-packages/airflow/example_dags/tutorial.py
[2025-02-14 17:14:55,378] {logging_mixin.py:115} INFO - [2025-02-14 17:14:55,378] {dag.py:2420} INFO - Sync 1 DAGs
[2025-02-14 17:14:55,399] {logging_mixin.py:115} INFO - [2025-02-14 17:14:55,399] {dag.py:2968} INFO - Setting next_dagrun for tutorial to 2025-02-13T17:14:55.399040+00:00, run_after=2025-02-14T17:14:55.399040+00:00
[2025-02-14 17:14:55,425] {processor.py:161} INFO - Processing /opt/conda/lib/python3.8/site-packages/airflow/example_dags/tutorial.py took 0.077 seconds
[2025-02-14 17:15:36,370] {processor.py:153} INFO - Started process (PID=6912) to work on /opt/conda/lib/python3.8/site-packages/airflow/example_dags/tutorial.py
[2025-02-14 17:15:36,372] {processor.py:641} INFO - Processing file /opt/conda/lib/python3.8/site-packages/airflow/example_dags/tutorial.py for tasks to queue
[2025-02-14 17:15:36,373] {logging_mixin.py:115} INFO - [2025-02-14 17:15:36,372] {dagbag.py:508} INFO - Filling up the DagBag from /opt/conda/lib/python3.8/site-packages/airflow/example_dags/tutorial.py
[2025-02-14 17:15:36,379] {processor.py:651} INFO - DAG(s) dict_keys(['tutorial']) retrieved from /opt/conda/lib/python3.8/site-packages/airflow/example_dags/tutorial.py
[2025-02-14 17:15:36,398] {logging_mixin.py:115} INFO - [2025-02-14 17:15:36,398] {dag.py:2420} INFO - Sync 1 DAGs
[2025-02-14 17:15:36,419] {logging_mixin.py:115} INFO - [2025-02-14 17:15:36,419] {dag.py:2968} INFO - Setting next_dagrun for tutorial to 2025-02-13T17:15:36.418899+00:00, run_after=2025-02-14T17:15:36.418899+00:00
[2025-02-14 17:15:36,442] {processor.py:161} INFO - Processing /opt/conda/lib/python3.8/site-packages/airflow/example_dags/tutorial.py took 0.075 seconds
[2025-02-14 17:16:21,774] {processor.py:153} INFO - Started process (PID=7151) to work on /opt/conda/lib/python3.8/site-packages/airflow/example_dags/tutorial.py
[2025-02-14 17:16:21,776] {processor.py:641} INFO - Processing file /opt/conda/lib/python3.8/site-packages/airflow/example_dags/tutorial.py for tasks to queue
[2025-02-14 17:16:21,777] {logging_mixin.py:115} INFO - [2025-02-14 17:16:21,776] {dagbag.py:508} INFO - Filling up the DagBag from /opt/conda/lib/python3.8/site-packages/airflow/example_dags/tutorial.py
[2025-02-14 17:16:21,783] {processor.py:651} INFO - DAG(s) dict_keys(['tutorial']) retrieved from /opt/conda/lib/python3.8/site-packages/airflow/example_dags/tutorial.py
[2025-02-14 17:16:21,802] {logging_mixin.py:115} INFO - [2025-02-14 17:16:21,801] {dag.py:2420} INFO - Sync 1 DAGs
[2025-02-14 17:16:21,823] {logging_mixin.py:115} INFO - [2025-02-14 17:16:21,822] {dag.py:2968} INFO - Setting next_dagrun for tutorial to 2025-02-13T17:16:21.822591+00:00, run_after=2025-02-14T17:16:21.822591+00:00
[2025-02-14 17:16:21,846] {processor.py:161} INFO - Processing /opt/conda/lib/python3.8/site-packages/airflow/example_dags/tutorial.py took 0.075 seconds
[2025-02-14 18:17:02,263] {processor.py:153} INFO - Started process (PID=7810) to work on /opt/conda/lib/python3.8/site-packages/airflow/example_dags/tutorial.py
[2025-02-14 18:17:02,265] {processor.py:641} INFO - Processing file /opt/conda/lib/python3.8/site-packages/airflow/example_dags/tutorial.py for tasks to queue
[2025-02-14 18:17:02,265] {logging_mixin.py:115} INFO - [2025-02-14 18:17:02,265] {dagbag.py:508} INFO - Filling up the DagBag from /opt/conda/lib/python3.8/site-packages/airflow/example_dags/tutorial.py
[2025-02-14 18:17:02,447] {processor.py:651} INFO - DAG(s) dict_keys(['tutorial']) retrieved from /opt/conda/lib/python3.8/site-packages/airflow/example_dags/tutorial.py
[2025-02-14 18:17:02,462] {logging_mixin.py:115} INFO - [2025-02-14 18:17:02,462] {dag.py:2420} INFO - Sync 1 DAGs
[2025-02-14 18:17:02,480] {logging_mixin.py:115} INFO - [2025-02-14 18:17:02,479] {dag.py:2968} INFO - Setting next_dagrun for tutorial to 2025-02-13T18:17:02.479545+00:00, run_after=2025-02-14T18:17:02.479545+00:00
[2025-02-14 18:17:02,504] {processor.py:161} INFO - Processing /opt/conda/lib/python3.8/site-packages/airflow/example_dags/tutorial.py took 0.245 seconds
[2025-02-14 18:18:56,232] {processor.py:153} INFO - Started process (PID=7995) to work on /opt/conda/lib/python3.8/site-packages/airflow/example_dags/tutorial.py
[2025-02-14 18:18:56,234] {processor.py:641} INFO - Processing file /opt/conda/lib/python3.8/site-packages/airflow/example_dags/tutorial.py for tasks to queue
[2025-02-14 18:18:56,234] {logging_mixin.py:115} INFO - [2025-02-14 18:18:56,234] {dagbag.py:508} INFO - Filling up the DagBag from /opt/conda/lib/python3.8/site-packages/airflow/example_dags/tutorial.py
[2025-02-14 18:18:56,382] {processor.py:651} INFO - DAG(s) dict_keys(['tutorial']) retrieved from /opt/conda/lib/python3.8/site-packages/airflow/example_dags/tutorial.py
[2025-02-14 18:18:56,391] {logging_mixin.py:115} INFO - [2025-02-14 18:18:56,391] {dag.py:2420} INFO - Sync 1 DAGs
[2025-02-14 18:18:56,403] {logging_mixin.py:115} INFO - [2025-02-14 18:18:56,403] {dag.py:2968} INFO - Setting next_dagrun for tutorial to 2025-02-13T18:18:56.403321+00:00, run_after=2025-02-14T18:18:56.403321+00:00
[2025-02-14 18:18:56,424] {processor.py:161} INFO - Processing /opt/conda/lib/python3.8/site-packages/airflow/example_dags/tutorial.py took 0.196 seconds
[2025-02-14 18:20:10,381] {processor.py:153} INFO - Started process (PID=8126) to work on /opt/conda/lib/python3.8/site-packages/airflow/example_dags/tutorial.py
[2025-02-14 18:20:10,383] {processor.py:641} INFO - Processing file /opt/conda/lib/python3.8/site-packages/airflow/example_dags/tutorial.py for tasks to queue
[2025-02-14 18:20:10,383] {logging_mixin.py:115} INFO - [2025-02-14 18:20:10,383] {dagbag.py:508} INFO - Filling up the DagBag from /opt/conda/lib/python3.8/site-packages/airflow/example_dags/tutorial.py
[2025-02-14 18:20:10,519] {processor.py:651} INFO - DAG(s) dict_keys(['tutorial']) retrieved from /opt/conda/lib/python3.8/site-packages/airflow/example_dags/tutorial.py
[2025-02-14 18:20:10,529] {logging_mixin.py:115} INFO - [2025-02-14 18:20:10,528] {dag.py:2420} INFO - Sync 1 DAGs
[2025-02-14 18:20:10,540] {logging_mixin.py:115} INFO - [2025-02-14 18:20:10,540] {dag.py:2968} INFO - Setting next_dagrun for tutorial to 2025-02-13T18:20:10.540564+00:00, run_after=2025-02-14T18:20:10.540564+00:00
[2025-02-14 18:20:10,561] {processor.py:161} INFO - Processing /opt/conda/lib/python3.8/site-packages/airflow/example_dags/tutorial.py took 0.183 seconds
[2025-02-14 18:21:23,542] {processor.py:153} INFO - Started process (PID=8250) to work on /opt/conda/lib/python3.8/site-packages/airflow/example_dags/tutorial.py
[2025-02-14 18:21:23,544] {processor.py:641} INFO - Processing file /opt/conda/lib/python3.8/site-packages/airflow/example_dags/tutorial.py for tasks to queue
[2025-02-14 18:21:23,545] {logging_mixin.py:115} INFO - [2025-02-14 18:21:23,545] {dagbag.py:508} INFO - Filling up the DagBag from /opt/conda/lib/python3.8/site-packages/airflow/example_dags/tutorial.py
[2025-02-14 18:21:23,730] {processor.py:651} INFO - DAG(s) dict_keys(['tutorial']) retrieved from /opt/conda/lib/python3.8/site-packages/airflow/example_dags/tutorial.py
[2025-02-14 18:21:23,744] {logging_mixin.py:115} INFO - [2025-02-14 18:21:23,744] {dag.py:2420} INFO - Sync 1 DAGs
[2025-02-14 18:21:23,763] {logging_mixin.py:115} INFO - [2025-02-14 18:21:23,763] {dag.py:2968} INFO - Setting next_dagrun for tutorial to 2025-02-13T18:21:23.762962+00:00, run_after=2025-02-14T18:21:23.762962+00:00
[2025-02-14 18:21:23,788] {processor.py:161} INFO - Processing /opt/conda/lib/python3.8/site-packages/airflow/example_dags/tutorial.py took 0.249 seconds
[2025-02-14 18:22:27,940] {processor.py:153} INFO - Started process (PID=8367) to work on /opt/conda/lib/python3.8/site-packages/airflow/example_dags/tutorial.py
[2025-02-14 18:22:27,942] {processor.py:641} INFO - Processing file /opt/conda/lib/python3.8/site-packages/airflow/example_dags/tutorial.py for tasks to queue
[2025-02-14 18:22:27,943] {logging_mixin.py:115} INFO - [2025-02-14 18:22:27,942] {dagbag.py:508} INFO - Filling up the DagBag from /opt/conda/lib/python3.8/site-packages/airflow/example_dags/tutorial.py
[2025-02-14 18:22:27,949] {processor.py:651} INFO - DAG(s) dict_keys(['tutorial']) retrieved from /opt/conda/lib/python3.8/site-packages/airflow/example_dags/tutorial.py
[2025-02-14 18:22:27,969] {logging_mixin.py:115} INFO - [2025-02-14 18:22:27,969] {dag.py:2420} INFO - Sync 1 DAGs
[2025-02-14 18:22:27,991] {logging_mixin.py:115} INFO - [2025-02-14 18:22:27,991] {dag.py:2968} INFO - Setting next_dagrun for tutorial to 2025-02-13T18:22:27.991319+00:00, run_after=2025-02-14T18:22:27.991319+00:00
[2025-02-14 18:22:28,016] {processor.py:161} INFO - Processing /opt/conda/lib/python3.8/site-packages/airflow/example_dags/tutorial.py took 0.080 seconds
[2025-02-14 18:23:29,205] {processor.py:153} INFO - Started process (PID=8480) to work on /opt/conda/lib/python3.8/site-packages/airflow/example_dags/tutorial.py
[2025-02-14 18:23:29,207] {processor.py:641} INFO - Processing file /opt/conda/lib/python3.8/site-packages/airflow/example_dags/tutorial.py for tasks to queue
[2025-02-14 18:23:29,207] {logging_mixin.py:115} INFO - [2025-02-14 18:23:29,207] {dagbag.py:508} INFO - Filling up the DagBag from /opt/conda/lib/python3.8/site-packages/airflow/example_dags/tutorial.py
[2025-02-14 18:23:29,214] {processor.py:651} INFO - DAG(s) dict_keys(['tutorial']) retrieved from /opt/conda/lib/python3.8/site-packages/airflow/example_dags/tutorial.py
[2025-02-14 18:23:29,234] {logging_mixin.py:115} INFO - [2025-02-14 18:23:29,234] {dag.py:2420} INFO - Sync 1 DAGs
[2025-02-14 18:23:29,256] {logging_mixin.py:115} INFO - [2025-02-14 18:23:29,256] {dag.py:2968} INFO - Setting next_dagrun for tutorial to 2025-02-13T18:23:29.256097+00:00, run_after=2025-02-14T18:23:29.256097+00:00
[2025-02-14 18:23:29,280] {processor.py:161} INFO - Processing /opt/conda/lib/python3.8/site-packages/airflow/example_dags/tutorial.py took 0.078 seconds
[2025-02-14 18:24:31,324] {processor.py:153} INFO - Started process (PID=8621) to work on /opt/conda/lib/python3.8/site-packages/airflow/example_dags/tutorial.py
[2025-02-14 18:24:31,326] {processor.py:641} INFO - Processing file /opt/conda/lib/python3.8/site-packages/airflow/example_dags/tutorial.py for tasks to queue
[2025-02-14 18:24:31,327] {logging_mixin.py:115} INFO - [2025-02-14 18:24:31,326] {dagbag.py:508} INFO - Filling up the DagBag from /opt/conda/lib/python3.8/site-packages/airflow/example_dags/tutorial.py
[2025-02-14 18:24:31,332] {processor.py:651} INFO - DAG(s) dict_keys(['tutorial']) retrieved from /opt/conda/lib/python3.8/site-packages/airflow/example_dags/tutorial.py
[2025-02-14 18:24:31,349] {logging_mixin.py:115} INFO - [2025-02-14 18:24:31,349] {dag.py:2420} INFO - Sync 1 DAGs
[2025-02-14 18:24:31,367] {logging_mixin.py:115} INFO - [2025-02-14 18:24:31,367] {dag.py:2968} INFO - Setting next_dagrun for tutorial to 2025-02-13T18:24:31.367510+00:00, run_after=2025-02-14T18:24:31.367510+00:00
[2025-02-14 18:24:31,390] {processor.py:161} INFO - Processing /opt/conda/lib/python3.8/site-packages/airflow/example_dags/tutorial.py took 0.069 seconds
[2025-02-14 18:30:00,461] {processor.py:153} INFO - Started process (PID=8764) to work on /opt/conda/lib/python3.8/site-packages/airflow/example_dags/tutorial.py
[2025-02-14 18:30:00,463] {processor.py:641} INFO - Processing file /opt/conda/lib/python3.8/site-packages/airflow/example_dags/tutorial.py for tasks to queue
[2025-02-14 18:30:00,463] {logging_mixin.py:115} INFO - [2025-02-14 18:30:00,463] {dagbag.py:508} INFO - Filling up the DagBag from /opt/conda/lib/python3.8/site-packages/airflow/example_dags/tutorial.py
[2025-02-14 18:30:00,580] {processor.py:651} INFO - DAG(s) dict_keys(['tutorial']) retrieved from /opt/conda/lib/python3.8/site-packages/airflow/example_dags/tutorial.py
[2025-02-14 18:30:00,589] {logging_mixin.py:115} INFO - [2025-02-14 18:30:00,589] {dag.py:2420} INFO - Sync 1 DAGs
[2025-02-14 18:30:00,600] {logging_mixin.py:115} INFO - [2025-02-14 18:30:00,600] {dag.py:2968} INFO - Setting next_dagrun for tutorial to 2025-02-13T18:30:00.600123+00:00, run_after=2025-02-14T18:30:00.600123+00:00
[2025-02-14 18:30:00,626] {processor.py:161} INFO - Processing /opt/conda/lib/python3.8/site-packages/airflow/example_dags/tutorial.py took 0.168 seconds
[2025-02-14 18:31:31,906] {processor.py:153} INFO - Started process (PID=9011) to work on /opt/conda/lib/python3.8/site-packages/airflow/example_dags/tutorial.py
[2025-02-14 18:31:31,908] {processor.py:641} INFO - Processing file /opt/conda/lib/python3.8/site-packages/airflow/example_dags/tutorial.py for tasks to queue
[2025-02-14 18:31:31,908] {logging_mixin.py:115} INFO - [2025-02-14 18:31:31,908] {dagbag.py:508} INFO - Filling up the DagBag from /opt/conda/lib/python3.8/site-packages/airflow/example_dags/tutorial.py
[2025-02-14 18:31:32,044] {processor.py:651} INFO - DAG(s) dict_keys(['tutorial']) retrieved from /opt/conda/lib/python3.8/site-packages/airflow/example_dags/tutorial.py
[2025-02-14 18:31:32,053] {logging_mixin.py:115} INFO - [2025-02-14 18:31:32,053] {dag.py:2420} INFO - Sync 1 DAGs
[2025-02-14 18:31:32,065] {logging_mixin.py:115} INFO - [2025-02-14 18:31:32,065] {dag.py:2968} INFO - Setting next_dagrun for tutorial to 2025-02-13T18:31:32.065005+00:00, run_after=2025-02-14T18:31:32.065005+00:00
[2025-02-14 18:31:32,085] {processor.py:161} INFO - Processing /opt/conda/lib/python3.8/site-packages/airflow/example_dags/tutorial.py took 0.182 seconds
[2025-02-14 18:32:24,661] {processor.py:153} INFO - Started process (PID=9161) to work on /opt/conda/lib/python3.8/site-packages/airflow/example_dags/tutorial.py
[2025-02-14 18:32:24,662] {processor.py:641} INFO - Processing file /opt/conda/lib/python3.8/site-packages/airflow/example_dags/tutorial.py for tasks to queue
[2025-02-14 18:32:24,663] {logging_mixin.py:115} INFO - [2025-02-14 18:32:24,663] {dagbag.py:508} INFO - Filling up the DagBag from /opt/conda/lib/python3.8/site-packages/airflow/example_dags/tutorial.py
[2025-02-14 18:32:24,802] {processor.py:651} INFO - DAG(s) dict_keys(['tutorial']) retrieved from /opt/conda/lib/python3.8/site-packages/airflow/example_dags/tutorial.py
[2025-02-14 18:32:24,813] {logging_mixin.py:115} INFO - [2025-02-14 18:32:24,813] {dag.py:2420} INFO - Sync 1 DAGs
[2025-02-14 18:32:24,829] {logging_mixin.py:115} INFO - [2025-02-14 18:32:24,828] {dag.py:2968} INFO - Setting next_dagrun for tutorial to 2025-02-13T18:32:24.828702+00:00, run_after=2025-02-14T18:32:24.828702+00:00
[2025-02-14 18:32:24,851] {processor.py:161} INFO - Processing /opt/conda/lib/python3.8/site-packages/airflow/example_dags/tutorial.py took 0.193 seconds
[2025-02-14 18:33:29,277] {processor.py:153} INFO - Started process (PID=9368) to work on /opt/conda/lib/python3.8/site-packages/airflow/example_dags/tutorial.py
[2025-02-14 18:33:29,279] {processor.py:641} INFO - Processing file /opt/conda/lib/python3.8/site-packages/airflow/example_dags/tutorial.py for tasks to queue
[2025-02-14 18:33:29,279] {logging_mixin.py:115} INFO - [2025-02-14 18:33:29,279] {dagbag.py:508} INFO - Filling up the DagBag from /opt/conda/lib/python3.8/site-packages/airflow/example_dags/tutorial.py
[2025-02-14 18:33:29,399] {processor.py:651} INFO - DAG(s) dict_keys(['tutorial']) retrieved from /opt/conda/lib/python3.8/site-packages/airflow/example_dags/tutorial.py
[2025-02-14 18:33:29,408] {logging_mixin.py:115} INFO - [2025-02-14 18:33:29,408] {dag.py:2420} INFO - Sync 1 DAGs
[2025-02-14 18:33:29,419] {logging_mixin.py:115} INFO - [2025-02-14 18:33:29,419] {dag.py:2968} INFO - Setting next_dagrun for tutorial to 2025-02-13T18:33:29.419070+00:00, run_after=2025-02-14T18:33:29.419070+00:00
[2025-02-14 18:33:29,443] {processor.py:161} INFO - Processing /opt/conda/lib/python3.8/site-packages/airflow/example_dags/tutorial.py took 0.168 seconds
[2025-02-14 18:34:36,044] {processor.py:153} INFO - Started process (PID=9512) to work on /opt/conda/lib/python3.8/site-packages/airflow/example_dags/tutorial.py
[2025-02-14 18:34:36,046] {processor.py:641} INFO - Processing file /opt/conda/lib/python3.8/site-packages/airflow/example_dags/tutorial.py for tasks to queue
[2025-02-14 18:34:36,046] {logging_mixin.py:115} INFO - [2025-02-14 18:34:36,046] {dagbag.py:508} INFO - Filling up the DagBag from /opt/conda/lib/python3.8/site-packages/airflow/example_dags/tutorial.py
[2025-02-14 18:34:36,178] {processor.py:651} INFO - DAG(s) dict_keys(['tutorial']) retrieved from /opt/conda/lib/python3.8/site-packages/airflow/example_dags/tutorial.py
[2025-02-14 18:34:36,187] {logging_mixin.py:115} INFO - [2025-02-14 18:34:36,187] {dag.py:2420} INFO - Sync 1 DAGs
[2025-02-14 18:34:36,198] {logging_mixin.py:115} INFO - [2025-02-14 18:34:36,198] {dag.py:2968} INFO - Setting next_dagrun for tutorial to 2025-02-13T18:34:36.198188+00:00, run_after=2025-02-14T18:34:36.198188+00:00
[2025-02-14 18:34:36,217] {processor.py:161} INFO - Processing /opt/conda/lib/python3.8/site-packages/airflow/example_dags/tutorial.py took 0.176 seconds
[2025-02-14 18:35:35,616] {processor.py:153} INFO - Started process (PID=9808) to work on /opt/conda/lib/python3.8/site-packages/airflow/example_dags/tutorial.py
[2025-02-14 18:35:35,618] {processor.py:641} INFO - Processing file /opt/conda/lib/python3.8/site-packages/airflow/example_dags/tutorial.py for tasks to queue
[2025-02-14 18:35:35,618] {logging_mixin.py:115} INFO - [2025-02-14 18:35:35,618] {dagbag.py:508} INFO - Filling up the DagBag from /opt/conda/lib/python3.8/site-packages/airflow/example_dags/tutorial.py
[2025-02-14 18:35:35,624] {processor.py:651} INFO - DAG(s) dict_keys(['tutorial']) retrieved from /opt/conda/lib/python3.8/site-packages/airflow/example_dags/tutorial.py
[2025-02-14 18:35:35,638] {logging_mixin.py:115} INFO - [2025-02-14 18:35:35,638] {dag.py:2420} INFO - Sync 1 DAGs
[2025-02-14 18:35:35,653] {logging_mixin.py:115} INFO - [2025-02-14 18:35:35,653] {dag.py:2968} INFO - Setting next_dagrun for tutorial to 2025-02-13T18:35:35.652859+00:00, run_after=2025-02-14T18:35:35.652859+00:00
[2025-02-14 18:35:35,985] {processor.py:161} INFO - Processing /opt/conda/lib/python3.8/site-packages/airflow/example_dags/tutorial.py took 0.372 seconds
[2025-02-14 18:36:33,761] {processor.py:153} INFO - Started process (PID=9922) to work on /opt/conda/lib/python3.8/site-packages/airflow/example_dags/tutorial.py
[2025-02-14 18:36:33,763] {processor.py:641} INFO - Processing file /opt/conda/lib/python3.8/site-packages/airflow/example_dags/tutorial.py for tasks to queue
[2025-02-14 18:36:33,763] {logging_mixin.py:115} INFO - [2025-02-14 18:36:33,763] {dagbag.py:508} INFO - Filling up the DagBag from /opt/conda/lib/python3.8/site-packages/airflow/example_dags/tutorial.py
[2025-02-14 18:36:33,769] {processor.py:651} INFO - DAG(s) dict_keys(['tutorial']) retrieved from /opt/conda/lib/python3.8/site-packages/airflow/example_dags/tutorial.py
[2025-02-14 18:36:33,784] {logging_mixin.py:115} INFO - [2025-02-14 18:36:33,784] {dag.py:2420} INFO - Sync 1 DAGs
[2025-02-14 18:36:33,802] {logging_mixin.py:115} INFO - [2025-02-14 18:36:33,802] {dag.py:2968} INFO - Setting next_dagrun for tutorial to 2025-02-13T18:36:33.802119+00:00, run_after=2025-02-14T18:36:33.802119+00:00
[2025-02-14 18:36:33,863] {processor.py:161} INFO - Processing /opt/conda/lib/python3.8/site-packages/airflow/example_dags/tutorial.py took 0.106 seconds
[2025-02-14 18:39:42,742] {processor.py:153} INFO - Started process (PID=851) to work on /opt/conda/lib/python3.8/site-packages/airflow/example_dags/tutorial.py
[2025-02-14 18:39:42,744] {processor.py:641} INFO - Processing file /opt/conda/lib/python3.8/site-packages/airflow/example_dags/tutorial.py for tasks to queue
[2025-02-14 18:39:42,745] {logging_mixin.py:115} INFO - [2025-02-14 18:39:42,745] {dagbag.py:508} INFO - Filling up the DagBag from /opt/conda/lib/python3.8/site-packages/airflow/example_dags/tutorial.py
[2025-02-14 18:39:42,875] {processor.py:651} INFO - DAG(s) dict_keys(['tutorial']) retrieved from /opt/conda/lib/python3.8/site-packages/airflow/example_dags/tutorial.py
[2025-02-14 18:39:42,885] {logging_mixin.py:115} INFO - [2025-02-14 18:39:42,885] {dag.py:2420} INFO - Sync 1 DAGs
[2025-02-14 18:39:42,896] {logging_mixin.py:115} INFO - [2025-02-14 18:39:42,896] {dag.py:2968} INFO - Setting next_dagrun for tutorial to 2025-02-13T18:39:42.895905+00:00, run_after=2025-02-14T18:39:42.895905+00:00
[2025-02-14 18:39:42,930] {processor.py:161} INFO - Processing /opt/conda/lib/python3.8/site-packages/airflow/example_dags/tutorial.py took 0.191 seconds
[2025-02-14 18:41:01,985] {processor.py:153} INFO - Started process (PID=1081) to work on /opt/conda/lib/python3.8/site-packages/airflow/example_dags/tutorial.py
[2025-02-14 18:41:01,987] {processor.py:641} INFO - Processing file /opt/conda/lib/python3.8/site-packages/airflow/example_dags/tutorial.py for tasks to queue
[2025-02-14 18:41:01,987] {logging_mixin.py:115} INFO - [2025-02-14 18:41:01,987] {dagbag.py:508} INFO - Filling up the DagBag from /opt/conda/lib/python3.8/site-packages/airflow/example_dags/tutorial.py
[2025-02-14 18:41:02,120] {processor.py:651} INFO - DAG(s) dict_keys(['tutorial']) retrieved from /opt/conda/lib/python3.8/site-packages/airflow/example_dags/tutorial.py
[2025-02-14 18:41:02,130] {logging_mixin.py:115} INFO - [2025-02-14 18:41:02,130] {dag.py:2420} INFO - Sync 1 DAGs
[2025-02-14 18:41:02,141] {logging_mixin.py:115} INFO - [2025-02-14 18:41:02,141] {dag.py:2968} INFO - Setting next_dagrun for tutorial to 2025-02-13T18:41:02.141386+00:00, run_after=2025-02-14T18:41:02.141386+00:00
[2025-02-14 18:41:02,162] {processor.py:161} INFO - Processing /opt/conda/lib/python3.8/site-packages/airflow/example_dags/tutorial.py took 0.180 seconds
[2025-02-14 18:42:04,468] {processor.py:153} INFO - Started process (PID=1193) to work on /opt/conda/lib/python3.8/site-packages/airflow/example_dags/tutorial.py
[2025-02-14 18:42:04,475] {processor.py:641} INFO - Processing file /opt/conda/lib/python3.8/site-packages/airflow/example_dags/tutorial.py for tasks to queue
[2025-02-14 18:42:04,475] {logging_mixin.py:115} INFO - [2025-02-14 18:42:04,475] {dagbag.py:508} INFO - Filling up the DagBag from /opt/conda/lib/python3.8/site-packages/airflow/example_dags/tutorial.py
[2025-02-14 18:42:04,611] {processor.py:651} INFO - DAG(s) dict_keys(['tutorial']) retrieved from /opt/conda/lib/python3.8/site-packages/airflow/example_dags/tutorial.py
[2025-02-14 18:42:04,621] {logging_mixin.py:115} INFO - [2025-02-14 18:42:04,620] {dag.py:2420} INFO - Sync 1 DAGs
[2025-02-14 18:42:04,632] {logging_mixin.py:115} INFO - [2025-02-14 18:42:04,632] {dag.py:2968} INFO - Setting next_dagrun for tutorial to 2025-02-13T18:42:04.631927+00:00, run_after=2025-02-14T18:42:04.631927+00:00
[2025-02-14 18:42:04,652] {processor.py:161} INFO - Processing /opt/conda/lib/python3.8/site-packages/airflow/example_dags/tutorial.py took 0.187 seconds
[2025-02-14 18:43:09,213] {processor.py:153} INFO - Started process (PID=1305) to work on /opt/conda/lib/python3.8/site-packages/airflow/example_dags/tutorial.py
[2025-02-14 18:43:09,215] {processor.py:641} INFO - Processing file /opt/conda/lib/python3.8/site-packages/airflow/example_dags/tutorial.py for tasks to queue
[2025-02-14 18:43:09,215] {logging_mixin.py:115} INFO - [2025-02-14 18:43:09,215] {dagbag.py:508} INFO - Filling up the DagBag from /opt/conda/lib/python3.8/site-packages/airflow/example_dags/tutorial.py
[2025-02-14 18:43:09,349] {processor.py:651} INFO - DAG(s) dict_keys(['tutorial']) retrieved from /opt/conda/lib/python3.8/site-packages/airflow/example_dags/tutorial.py
[2025-02-14 18:43:09,359] {logging_mixin.py:115} INFO - [2025-02-14 18:43:09,359] {dag.py:2420} INFO - Sync 1 DAGs
[2025-02-14 18:43:09,370] {logging_mixin.py:115} INFO - [2025-02-14 18:43:09,370] {dag.py:2968} INFO - Setting next_dagrun for tutorial to 2025-02-13T18:43:09.370166+00:00, run_after=2025-02-14T18:43:09.370166+00:00
[2025-02-14 18:43:09,404] {processor.py:161} INFO - Processing /opt/conda/lib/python3.8/site-packages/airflow/example_dags/tutorial.py took 0.195 seconds
[2025-02-14 18:44:12,916] {processor.py:153} INFO - Started process (PID=1421) to work on /opt/conda/lib/python3.8/site-packages/airflow/example_dags/tutorial.py
[2025-02-14 18:44:12,918] {processor.py:641} INFO - Processing file /opt/conda/lib/python3.8/site-packages/airflow/example_dags/tutorial.py for tasks to queue
[2025-02-14 18:44:12,918] {logging_mixin.py:115} INFO - [2025-02-14 18:44:12,918] {dagbag.py:508} INFO - Filling up the DagBag from /opt/conda/lib/python3.8/site-packages/airflow/example_dags/tutorial.py
[2025-02-14 18:44:13,043] {processor.py:651} INFO - DAG(s) dict_keys(['tutorial']) retrieved from /opt/conda/lib/python3.8/site-packages/airflow/example_dags/tutorial.py
[2025-02-14 18:44:13,052] {logging_mixin.py:115} INFO - [2025-02-14 18:44:13,052] {dag.py:2420} INFO - Sync 1 DAGs
[2025-02-14 18:44:13,063] {logging_mixin.py:115} INFO - [2025-02-14 18:44:13,063] {dag.py:2968} INFO - Setting next_dagrun for tutorial to 2025-02-13T18:44:13.063707+00:00, run_after=2025-02-14T18:44:13.063707+00:00
[2025-02-14 18:44:13,085] {processor.py:161} INFO - Processing /opt/conda/lib/python3.8/site-packages/airflow/example_dags/tutorial.py took 0.172 seconds
[2025-02-14 18:45:10,884] {processor.py:153} INFO - Started process (PID=1532) to work on /opt/conda/lib/python3.8/site-packages/airflow/example_dags/tutorial.py
[2025-02-14 18:45:10,886] {processor.py:641} INFO - Processing file /opt/conda/lib/python3.8/site-packages/airflow/example_dags/tutorial.py for tasks to queue
[2025-02-14 18:45:10,887] {logging_mixin.py:115} INFO - [2025-02-14 18:45:10,887] {dagbag.py:508} INFO - Filling up the DagBag from /opt/conda/lib/python3.8/site-packages/airflow/example_dags/tutorial.py
[2025-02-14 18:45:10,892] {processor.py:651} INFO - DAG(s) dict_keys(['tutorial']) retrieved from /opt/conda/lib/python3.8/site-packages/airflow/example_dags/tutorial.py
[2025-02-14 18:45:10,909] {logging_mixin.py:115} INFO - [2025-02-14 18:45:10,909] {dag.py:2420} INFO - Sync 1 DAGs
[2025-02-14 18:45:10,927] {logging_mixin.py:115} INFO - [2025-02-14 18:45:10,927] {dag.py:2968} INFO - Setting next_dagrun for tutorial to 2025-02-13T18:45:10.926862+00:00, run_after=2025-02-14T18:45:10.926862+00:00
[2025-02-14 18:45:10,949] {processor.py:161} INFO - Processing /opt/conda/lib/python3.8/site-packages/airflow/example_dags/tutorial.py took 0.068 seconds
[2025-02-14 18:46:02,449] {processor.py:153} INFO - Started process (PID=1640) to work on /opt/conda/lib/python3.8/site-packages/airflow/example_dags/tutorial.py
[2025-02-14 18:46:02,451] {processor.py:641} INFO - Processing file /opt/conda/lib/python3.8/site-packages/airflow/example_dags/tutorial.py for tasks to queue
[2025-02-14 18:46:02,451] {logging_mixin.py:115} INFO - [2025-02-14 18:46:02,451] {dagbag.py:508} INFO - Filling up the DagBag from /opt/conda/lib/python3.8/site-packages/airflow/example_dags/tutorial.py
[2025-02-14 18:46:02,457] {processor.py:651} INFO - DAG(s) dict_keys(['tutorial']) retrieved from /opt/conda/lib/python3.8/site-packages/airflow/example_dags/tutorial.py
[2025-02-14 18:46:02,474] {logging_mixin.py:115} INFO - [2025-02-14 18:46:02,474] {dag.py:2420} INFO - Sync 1 DAGs
[2025-02-14 18:46:02,492] {logging_mixin.py:115} INFO - [2025-02-14 18:46:02,492] {dag.py:2968} INFO - Setting next_dagrun for tutorial to 2025-02-13T18:46:02.491776+00:00, run_after=2025-02-14T18:46:02.491776+00:00
[2025-02-14 18:46:02,549] {processor.py:161} INFO - Processing /opt/conda/lib/python3.8/site-packages/airflow/example_dags/tutorial.py took 0.103 seconds
[2025-02-14 18:46:56,093] {processor.py:153} INFO - Started process (PID=1747) to work on /opt/conda/lib/python3.8/site-packages/airflow/example_dags/tutorial.py
[2025-02-14 18:46:56,094] {processor.py:641} INFO - Processing file /opt/conda/lib/python3.8/site-packages/airflow/example_dags/tutorial.py for tasks to queue
[2025-02-14 18:46:56,095] {logging_mixin.py:115} INFO - [2025-02-14 18:46:56,095] {dagbag.py:508} INFO - Filling up the DagBag from /opt/conda/lib/python3.8/site-packages/airflow/example_dags/tutorial.py
[2025-02-14 18:46:56,101] {processor.py:651} INFO - DAG(s) dict_keys(['tutorial']) retrieved from /opt/conda/lib/python3.8/site-packages/airflow/example_dags/tutorial.py
[2025-02-14 18:46:56,117] {logging_mixin.py:115} INFO - [2025-02-14 18:46:56,117] {dag.py:2420} INFO - Sync 1 DAGs
[2025-02-14 18:46:56,135] {logging_mixin.py:115} INFO - [2025-02-14 18:46:56,135] {dag.py:2968} INFO - Setting next_dagrun for tutorial to 2025-02-13T18:46:56.135256+00:00, run_after=2025-02-14T18:46:56.135256+00:00
[2025-02-14 18:46:56,158] {processor.py:161} INFO - Processing /opt/conda/lib/python3.8/site-packages/airflow/example_dags/tutorial.py took 0.069 seconds
[2025-02-14 18:54:13,010] {processor.py:153} INFO - Started process (PID=2092) to work on /opt/conda/lib/python3.8/site-packages/airflow/example_dags/tutorial.py
[2025-02-14 18:54:13,012] {processor.py:641} INFO - Processing file /opt/conda/lib/python3.8/site-packages/airflow/example_dags/tutorial.py for tasks to queue
[2025-02-14 18:54:13,012] {logging_mixin.py:115} INFO - [2025-02-14 18:54:13,012] {dagbag.py:508} INFO - Filling up the DagBag from /opt/conda/lib/python3.8/site-packages/airflow/example_dags/tutorial.py
[2025-02-14 18:54:13,018] {processor.py:651} INFO - DAG(s) dict_keys(['tutorial']) retrieved from /opt/conda/lib/python3.8/site-packages/airflow/example_dags/tutorial.py
[2025-02-14 18:54:13,076] {logging_mixin.py:115} INFO - [2025-02-14 18:54:13,075] {dag.py:2420} INFO - Sync 1 DAGs
[2025-02-14 18:54:13,131] {logging_mixin.py:115} INFO - [2025-02-14 18:54:13,131] {dag.py:2968} INFO - Setting next_dagrun for tutorial to 2025-02-13T18:54:13.131288+00:00, run_after=2025-02-14T18:54:13.131288+00:00
[2025-02-14 18:54:13,349] {processor.py:161} INFO - Processing /opt/conda/lib/python3.8/site-packages/airflow/example_dags/tutorial.py took 0.342 seconds
[2025-02-14 18:55:25,449] {processor.py:153} INFO - Started process (PID=2329) to work on /opt/conda/lib/python3.8/site-packages/airflow/example_dags/tutorial.py
[2025-02-14 18:55:25,451] {processor.py:641} INFO - Processing file /opt/conda/lib/python3.8/site-packages/airflow/example_dags/tutorial.py for tasks to queue
[2025-02-14 18:55:25,452] {logging_mixin.py:115} INFO - [2025-02-14 18:55:25,452] {dagbag.py:508} INFO - Filling up the DagBag from /opt/conda/lib/python3.8/site-packages/airflow/example_dags/tutorial.py
[2025-02-14 18:55:25,457] {processor.py:651} INFO - DAG(s) dict_keys(['tutorial']) retrieved from /opt/conda/lib/python3.8/site-packages/airflow/example_dags/tutorial.py
[2025-02-14 18:55:25,473] {logging_mixin.py:115} INFO - [2025-02-14 18:55:25,473] {dag.py:2420} INFO - Sync 1 DAGs
[2025-02-14 18:55:25,487] {logging_mixin.py:115} INFO - [2025-02-14 18:55:25,487] {dag.py:2968} INFO - Setting next_dagrun for tutorial to 2025-02-13T18:55:25.487544+00:00, run_after=2025-02-14T18:55:25.487544+00:00
[2025-02-14 18:55:25,609] {processor.py:161} INFO - Processing /opt/conda/lib/python3.8/site-packages/airflow/example_dags/tutorial.py took 0.163 seconds
[2025-02-14 19:02:57,751] {processor.py:153} INFO - Started process (PID=2694) to work on /opt/conda/lib/python3.8/site-packages/airflow/example_dags/tutorial.py
[2025-02-14 19:02:57,753] {processor.py:641} INFO - Processing file /opt/conda/lib/python3.8/site-packages/airflow/example_dags/tutorial.py for tasks to queue
[2025-02-14 19:02:57,754] {logging_mixin.py:115} INFO - [2025-02-14 19:02:57,754] {dagbag.py:508} INFO - Filling up the DagBag from /opt/conda/lib/python3.8/site-packages/airflow/example_dags/tutorial.py
[2025-02-14 19:02:57,877] {processor.py:651} INFO - DAG(s) dict_keys(['tutorial']) retrieved from /opt/conda/lib/python3.8/site-packages/airflow/example_dags/tutorial.py
[2025-02-14 19:02:57,886] {logging_mixin.py:115} INFO - [2025-02-14 19:02:57,886] {dag.py:2420} INFO - Sync 1 DAGs
[2025-02-14 19:02:57,897] {logging_mixin.py:115} INFO - [2025-02-14 19:02:57,897] {dag.py:2968} INFO - Setting next_dagrun for tutorial to 2025-02-13T19:02:57.896926+00:00, run_after=2025-02-14T19:02:57.896926+00:00
[2025-02-14 19:02:57,921] {processor.py:161} INFO - Processing /opt/conda/lib/python3.8/site-packages/airflow/example_dags/tutorial.py took 0.173 seconds
[2025-02-14 19:03:59,854] {processor.py:153} INFO - Started process (PID=2806) to work on /opt/conda/lib/python3.8/site-packages/airflow/example_dags/tutorial.py
[2025-02-14 19:03:59,855] {processor.py:641} INFO - Processing file /opt/conda/lib/python3.8/site-packages/airflow/example_dags/tutorial.py for tasks to queue
[2025-02-14 19:03:59,856] {logging_mixin.py:115} INFO - [2025-02-14 19:03:59,856] {dagbag.py:508} INFO - Filling up the DagBag from /opt/conda/lib/python3.8/site-packages/airflow/example_dags/tutorial.py
[2025-02-14 19:03:59,982] {processor.py:651} INFO - DAG(s) dict_keys(['tutorial']) retrieved from /opt/conda/lib/python3.8/site-packages/airflow/example_dags/tutorial.py
[2025-02-14 19:03:59,991] {logging_mixin.py:115} INFO - [2025-02-14 19:03:59,991] {dag.py:2420} INFO - Sync 1 DAGs
[2025-02-14 19:04:00,002] {logging_mixin.py:115} INFO - [2025-02-14 19:04:00,002] {dag.py:2968} INFO - Setting next_dagrun for tutorial to 2025-02-13T19:04:00.002392+00:00, run_after=2025-02-14T19:04:00.002392+00:00
[2025-02-14 19:04:00,023] {processor.py:161} INFO - Processing /opt/conda/lib/python3.8/site-packages/airflow/example_dags/tutorial.py took 0.173 seconds
[2025-02-14 19:05:02,717] {processor.py:153} INFO - Started process (PID=2919) to work on /opt/conda/lib/python3.8/site-packages/airflow/example_dags/tutorial.py
[2025-02-14 19:05:02,718] {processor.py:641} INFO - Processing file /opt/conda/lib/python3.8/site-packages/airflow/example_dags/tutorial.py for tasks to queue
[2025-02-14 19:05:02,719] {logging_mixin.py:115} INFO - [2025-02-14 19:05:02,719] {dagbag.py:508} INFO - Filling up the DagBag from /opt/conda/lib/python3.8/site-packages/airflow/example_dags/tutorial.py
[2025-02-14 19:05:02,843] {processor.py:651} INFO - DAG(s) dict_keys(['tutorial']) retrieved from /opt/conda/lib/python3.8/site-packages/airflow/example_dags/tutorial.py
[2025-02-14 19:05:02,853] {logging_mixin.py:115} INFO - [2025-02-14 19:05:02,853] {dag.py:2420} INFO - Sync 1 DAGs
[2025-02-14 19:05:02,865] {logging_mixin.py:115} INFO - [2025-02-14 19:05:02,864] {dag.py:2968} INFO - Setting next_dagrun for tutorial to 2025-02-13T19:05:02.864769+00:00, run_after=2025-02-14T19:05:02.864769+00:00
[2025-02-14 19:05:02,884] {processor.py:161} INFO - Processing /opt/conda/lib/python3.8/site-packages/airflow/example_dags/tutorial.py took 0.171 seconds
[2025-02-14 19:06:09,661] {processor.py:153} INFO - Started process (PID=3033) to work on /opt/conda/lib/python3.8/site-packages/airflow/example_dags/tutorial.py
[2025-02-14 19:06:09,663] {processor.py:641} INFO - Processing file /opt/conda/lib/python3.8/site-packages/airflow/example_dags/tutorial.py for tasks to queue
[2025-02-14 19:06:09,663] {logging_mixin.py:115} INFO - [2025-02-14 19:06:09,663] {dagbag.py:508} INFO - Filling up the DagBag from /opt/conda/lib/python3.8/site-packages/airflow/example_dags/tutorial.py
[2025-02-14 19:06:09,788] {processor.py:651} INFO - DAG(s) dict_keys(['tutorial']) retrieved from /opt/conda/lib/python3.8/site-packages/airflow/example_dags/tutorial.py
[2025-02-14 19:06:09,797] {logging_mixin.py:115} INFO - [2025-02-14 19:06:09,797] {dag.py:2420} INFO - Sync 1 DAGs
[2025-02-14 19:06:09,808] {logging_mixin.py:115} INFO - [2025-02-14 19:06:09,808] {dag.py:2968} INFO - Setting next_dagrun for tutorial to 2025-02-13T19:06:09.807870+00:00, run_after=2025-02-14T19:06:09.807870+00:00
[2025-02-14 19:06:09,834] {processor.py:161} INFO - Processing /opt/conda/lib/python3.8/site-packages/airflow/example_dags/tutorial.py took 0.176 seconds
[2025-02-14 19:07:13,765] {processor.py:153} INFO - Started process (PID=3147) to work on /opt/conda/lib/python3.8/site-packages/airflow/example_dags/tutorial.py
[2025-02-14 19:07:13,767] {processor.py:641} INFO - Processing file /opt/conda/lib/python3.8/site-packages/airflow/example_dags/tutorial.py for tasks to queue
[2025-02-14 19:07:13,767] {logging_mixin.py:115} INFO - [2025-02-14 19:07:13,767] {dagbag.py:508} INFO - Filling up the DagBag from /opt/conda/lib/python3.8/site-packages/airflow/example_dags/tutorial.py
[2025-02-14 19:07:13,905] {processor.py:651} INFO - DAG(s) dict_keys(['tutorial']) retrieved from /opt/conda/lib/python3.8/site-packages/airflow/example_dags/tutorial.py
[2025-02-14 19:07:13,914] {logging_mixin.py:115} INFO - [2025-02-14 19:07:13,914] {dag.py:2420} INFO - Sync 1 DAGs
[2025-02-14 19:07:13,925] {logging_mixin.py:115} INFO - [2025-02-14 19:07:13,925] {dag.py:2968} INFO - Setting next_dagrun for tutorial to 2025-02-13T19:07:13.925331+00:00, run_after=2025-02-14T19:07:13.925331+00:00
[2025-02-14 19:07:13,947] {processor.py:161} INFO - Processing /opt/conda/lib/python3.8/site-packages/airflow/example_dags/tutorial.py took 0.185 seconds
[2025-02-14 19:08:12,805] {processor.py:153} INFO - Started process (PID=3259) to work on /opt/conda/lib/python3.8/site-packages/airflow/example_dags/tutorial.py
[2025-02-14 19:08:12,806] {processor.py:641} INFO - Processing file /opt/conda/lib/python3.8/site-packages/airflow/example_dags/tutorial.py for tasks to queue
[2025-02-14 19:08:12,807] {logging_mixin.py:115} INFO - [2025-02-14 19:08:12,807] {dagbag.py:508} INFO - Filling up the DagBag from /opt/conda/lib/python3.8/site-packages/airflow/example_dags/tutorial.py
[2025-02-14 19:08:12,812] {processor.py:651} INFO - DAG(s) dict_keys(['tutorial']) retrieved from /opt/conda/lib/python3.8/site-packages/airflow/example_dags/tutorial.py
[2025-02-14 19:08:12,827] {logging_mixin.py:115} INFO - [2025-02-14 19:08:12,827] {dag.py:2420} INFO - Sync 1 DAGs
[2025-02-14 19:08:12,842] {logging_mixin.py:115} INFO - [2025-02-14 19:08:12,842] {dag.py:2968} INFO - Setting next_dagrun for tutorial to 2025-02-13T19:08:12.842035+00:00, run_after=2025-02-14T19:08:12.842035+00:00
[2025-02-14 19:08:13,137] {processor.py:161} INFO - Processing /opt/conda/lib/python3.8/site-packages/airflow/example_dags/tutorial.py took 0.335 seconds
[2025-02-14 19:09:09,542] {processor.py:153} INFO - Started process (PID=3370) to work on /opt/conda/lib/python3.8/site-packages/airflow/example_dags/tutorial.py
[2025-02-14 19:09:09,544] {processor.py:641} INFO - Processing file /opt/conda/lib/python3.8/site-packages/airflow/example_dags/tutorial.py for tasks to queue
[2025-02-14 19:09:09,544] {logging_mixin.py:115} INFO - [2025-02-14 19:09:09,544] {dagbag.py:508} INFO - Filling up the DagBag from /opt/conda/lib/python3.8/site-packages/airflow/example_dags/tutorial.py
[2025-02-14 19:09:09,550] {processor.py:651} INFO - DAG(s) dict_keys(['tutorial']) retrieved from /opt/conda/lib/python3.8/site-packages/airflow/example_dags/tutorial.py
[2025-02-14 19:09:09,565] {logging_mixin.py:115} INFO - [2025-02-14 19:09:09,565] {dag.py:2420} INFO - Sync 1 DAGs
[2025-02-14 19:09:09,579] {logging_mixin.py:115} INFO - [2025-02-14 19:09:09,579] {dag.py:2968} INFO - Setting next_dagrun for tutorial to 2025-02-13T19:09:09.579671+00:00, run_after=2025-02-14T19:09:09.579671+00:00
[2025-02-14 19:09:09,599] {processor.py:161} INFO - Processing /opt/conda/lib/python3.8/site-packages/airflow/example_dags/tutorial.py took 0.060 seconds
[2025-02-14 19:10:19,113] {processor.py:153} INFO - Started process (PID=3599) to work on /opt/conda/lib/python3.8/site-packages/airflow/example_dags/tutorial.py
[2025-02-14 19:10:19,114] {processor.py:641} INFO - Processing file /opt/conda/lib/python3.8/site-packages/airflow/example_dags/tutorial.py for tasks to queue
[2025-02-14 19:10:19,115] {logging_mixin.py:115} INFO - [2025-02-14 19:10:19,115] {dagbag.py:508} INFO - Filling up the DagBag from /opt/conda/lib/python3.8/site-packages/airflow/example_dags/tutorial.py
[2025-02-14 19:10:19,121] {processor.py:651} INFO - DAG(s) dict_keys(['tutorial']) retrieved from /opt/conda/lib/python3.8/site-packages/airflow/example_dags/tutorial.py
[2025-02-14 19:10:19,136] {logging_mixin.py:115} INFO - [2025-02-14 19:10:19,136] {dag.py:2420} INFO - Sync 1 DAGs
[2025-02-14 19:10:19,150] {logging_mixin.py:115} INFO - [2025-02-14 19:10:19,150] {dag.py:2968} INFO - Setting next_dagrun for tutorial to 2025-02-13T19:10:19.150219+00:00, run_after=2025-02-14T19:10:19.150219+00:00
[2025-02-14 19:10:19,169] {processor.py:161} INFO - Processing /opt/conda/lib/python3.8/site-packages/airflow/example_dags/tutorial.py took 0.059 seconds
