[2025-02-14 13:59:22,857] {processor.py:153} INFO - Started process (PID=1816) to work on /home/airflow/dags/Lead_scoring_data_pipeline/lead_scoring_data_pipeline.py
[2025-02-14 13:59:22,858] {processor.py:641} INFO - Processing file /home/airflow/dags/Lead_scoring_data_pipeline/lead_scoring_data_pipeline.py for tasks to queue
[2025-02-14 13:59:22,858] {logging_mixin.py:115} INFO - [2025-02-14 13:59:22,858] {dagbag.py:508} INFO - Filling up the DagBag from /home/airflow/dags/Lead_scoring_data_pipeline/lead_scoring_data_pipeline.py
[2025-02-14 13:59:22,878] {logging_mixin.py:115} INFO - [2025-02-14 13:59:22,876] {dagbag.py:321} ERROR - Failed to import: /home/airflow/dags/Lead_scoring_data_pipeline/lead_scoring_data_pipeline.py
Traceback (most recent call last):
  File "/opt/conda/lib/python3.8/site-packages/airflow/models/dagbag.py", line 318, in parse
    loader.exec_module(new_module)
  File "<frozen importlib._bootstrap_external>", line 843, in exec_module
  File "<frozen importlib._bootstrap>", line 219, in _call_with_frames_removed
  File "/home/airflow/dags/Lead_scoring_data_pipeline/lead_scoring_data_pipeline.py", line 10, in <module>
    from utils import *
ModuleNotFoundError: No module named 'utils'
[2025-02-14 13:59:22,878] {processor.py:653} WARNING - No viable dags retrieved from /home/airflow/dags/Lead_scoring_data_pipeline/lead_scoring_data_pipeline.py
[2025-02-14 13:59:23,040] {processor.py:161} INFO - Processing /home/airflow/dags/Lead_scoring_data_pipeline/lead_scoring_data_pipeline.py took 0.185 seconds
[2025-02-14 14:00:08,010] {processor.py:153} INFO - Started process (PID=1853) to work on /home/airflow/dags/Lead_scoring_data_pipeline/lead_scoring_data_pipeline.py
[2025-02-14 14:00:08,012] {processor.py:641} INFO - Processing file /home/airflow/dags/Lead_scoring_data_pipeline/lead_scoring_data_pipeline.py for tasks to queue
[2025-02-14 14:00:08,012] {logging_mixin.py:115} INFO - [2025-02-14 14:00:08,012] {dagbag.py:508} INFO - Filling up the DagBag from /home/airflow/dags/Lead_scoring_data_pipeline/lead_scoring_data_pipeline.py
[2025-02-14 14:00:08,018] {logging_mixin.py:115} INFO - [2025-02-14 14:00:08,017] {dagbag.py:321} ERROR - Failed to import: /home/airflow/dags/Lead_scoring_data_pipeline/lead_scoring_data_pipeline.py
Traceback (most recent call last):
  File "/opt/conda/lib/python3.8/site-packages/airflow/models/dagbag.py", line 318, in parse
    loader.exec_module(new_module)
  File "<frozen importlib._bootstrap_external>", line 843, in exec_module
  File "<frozen importlib._bootstrap>", line 219, in _call_with_frames_removed
  File "/home/airflow/dags/Lead_scoring_data_pipeline/lead_scoring_data_pipeline.py", line 10, in <module>
    from utils import *
ModuleNotFoundError: No module named 'utils'
[2025-02-14 14:00:08,018] {processor.py:653} WARNING - No viable dags retrieved from /home/airflow/dags/Lead_scoring_data_pipeline/lead_scoring_data_pipeline.py
[2025-02-14 14:00:08,185] {processor.py:161} INFO - Processing /home/airflow/dags/Lead_scoring_data_pipeline/lead_scoring_data_pipeline.py took 0.178 seconds
[2025-02-14 14:00:44,344] {processor.py:153} INFO - Started process (PID=1881) to work on /home/airflow/dags/Lead_scoring_data_pipeline/lead_scoring_data_pipeline.py
[2025-02-14 14:00:44,346] {processor.py:641} INFO - Processing file /home/airflow/dags/Lead_scoring_data_pipeline/lead_scoring_data_pipeline.py for tasks to queue
[2025-02-14 14:00:44,347] {logging_mixin.py:115} INFO - [2025-02-14 14:00:44,347] {dagbag.py:508} INFO - Filling up the DagBag from /home/airflow/dags/Lead_scoring_data_pipeline/lead_scoring_data_pipeline.py
[2025-02-14 14:00:44,352] {logging_mixin.py:115} INFO - [2025-02-14 14:00:44,352] {dagbag.py:321} ERROR - Failed to import: /home/airflow/dags/Lead_scoring_data_pipeline/lead_scoring_data_pipeline.py
Traceback (most recent call last):
  File "/opt/conda/lib/python3.8/site-packages/airflow/models/dagbag.py", line 318, in parse
    loader.exec_module(new_module)
  File "<frozen importlib._bootstrap_external>", line 843, in exec_module
  File "<frozen importlib._bootstrap>", line 219, in _call_with_frames_removed
  File "/home/airflow/dags/Lead_scoring_data_pipeline/lead_scoring_data_pipeline.py", line 10, in <module>
    from utils import *
ModuleNotFoundError: No module named 'utils'
[2025-02-14 14:00:44,353] {processor.py:653} WARNING - No viable dags retrieved from /home/airflow/dags/Lead_scoring_data_pipeline/lead_scoring_data_pipeline.py
[2025-02-14 14:00:44,501] {processor.py:161} INFO - Processing /home/airflow/dags/Lead_scoring_data_pipeline/lead_scoring_data_pipeline.py took 0.160 seconds
[2025-02-14 14:01:25,082] {processor.py:153} INFO - Started process (PID=1918) to work on /home/airflow/dags/Lead_scoring_data_pipeline/lead_scoring_data_pipeline.py
[2025-02-14 14:01:25,084] {processor.py:641} INFO - Processing file /home/airflow/dags/Lead_scoring_data_pipeline/lead_scoring_data_pipeline.py for tasks to queue
[2025-02-14 14:01:25,084] {logging_mixin.py:115} INFO - [2025-02-14 14:01:25,084] {dagbag.py:508} INFO - Filling up the DagBag from /home/airflow/dags/Lead_scoring_data_pipeline/lead_scoring_data_pipeline.py
[2025-02-14 14:01:25,090] {logging_mixin.py:115} INFO - [2025-02-14 14:01:25,089] {dagbag.py:321} ERROR - Failed to import: /home/airflow/dags/Lead_scoring_data_pipeline/lead_scoring_data_pipeline.py
Traceback (most recent call last):
  File "/opt/conda/lib/python3.8/site-packages/airflow/models/dagbag.py", line 318, in parse
    loader.exec_module(new_module)
  File "<frozen importlib._bootstrap_external>", line 843, in exec_module
  File "<frozen importlib._bootstrap>", line 219, in _call_with_frames_removed
  File "/home/airflow/dags/Lead_scoring_data_pipeline/lead_scoring_data_pipeline.py", line 10, in <module>
    from utils import *
ModuleNotFoundError: No module named 'utils'
[2025-02-14 14:01:25,090] {processor.py:653} WARNING - No viable dags retrieved from /home/airflow/dags/Lead_scoring_data_pipeline/lead_scoring_data_pipeline.py
[2025-02-14 14:01:25,241] {processor.py:161} INFO - Processing /home/airflow/dags/Lead_scoring_data_pipeline/lead_scoring_data_pipeline.py took 0.162 seconds
[2025-02-14 14:02:05,985] {processor.py:153} INFO - Started process (PID=1955) to work on /home/airflow/dags/Lead_scoring_data_pipeline/lead_scoring_data_pipeline.py
[2025-02-14 14:02:05,987] {processor.py:641} INFO - Processing file /home/airflow/dags/Lead_scoring_data_pipeline/lead_scoring_data_pipeline.py for tasks to queue
[2025-02-14 14:02:05,987] {logging_mixin.py:115} INFO - [2025-02-14 14:02:05,987] {dagbag.py:508} INFO - Filling up the DagBag from /home/airflow/dags/Lead_scoring_data_pipeline/lead_scoring_data_pipeline.py
[2025-02-14 14:02:05,993] {logging_mixin.py:115} INFO - [2025-02-14 14:02:05,992] {dagbag.py:321} ERROR - Failed to import: /home/airflow/dags/Lead_scoring_data_pipeline/lead_scoring_data_pipeline.py
Traceback (most recent call last):
  File "/opt/conda/lib/python3.8/site-packages/airflow/models/dagbag.py", line 318, in parse
    loader.exec_module(new_module)
  File "<frozen importlib._bootstrap_external>", line 843, in exec_module
  File "<frozen importlib._bootstrap>", line 219, in _call_with_frames_removed
  File "/home/airflow/dags/Lead_scoring_data_pipeline/lead_scoring_data_pipeline.py", line 10, in <module>
    from utils import *
ModuleNotFoundError: No module named 'utils'
[2025-02-14 14:02:05,993] {processor.py:653} WARNING - No viable dags retrieved from /home/airflow/dags/Lead_scoring_data_pipeline/lead_scoring_data_pipeline.py
[2025-02-14 14:02:06,140] {processor.py:161} INFO - Processing /home/airflow/dags/Lead_scoring_data_pipeline/lead_scoring_data_pipeline.py took 0.159 seconds
[2025-02-14 14:02:39,609] {processor.py:153} INFO - Started process (PID=1986) to work on /home/airflow/dags/Lead_scoring_data_pipeline/lead_scoring_data_pipeline.py
[2025-02-14 14:02:39,609] {processor.py:641} INFO - Processing file /home/airflow/dags/Lead_scoring_data_pipeline/lead_scoring_data_pipeline.py for tasks to queue
[2025-02-14 14:02:39,610] {logging_mixin.py:115} INFO - [2025-02-14 14:02:39,610] {dagbag.py:508} INFO - Filling up the DagBag from /home/airflow/dags/Lead_scoring_data_pipeline/lead_scoring_data_pipeline.py
[2025-02-14 14:02:39,615] {logging_mixin.py:115} INFO - [2025-02-14 14:02:39,615] {dagbag.py:321} ERROR - Failed to import: /home/airflow/dags/Lead_scoring_data_pipeline/lead_scoring_data_pipeline.py
Traceback (most recent call last):
  File "/opt/conda/lib/python3.8/site-packages/airflow/models/dagbag.py", line 318, in parse
    loader.exec_module(new_module)
  File "<frozen importlib._bootstrap_external>", line 843, in exec_module
  File "<frozen importlib._bootstrap>", line 219, in _call_with_frames_removed
  File "/home/airflow/dags/Lead_scoring_data_pipeline/lead_scoring_data_pipeline.py", line 10, in <module>
    from utils import *
ModuleNotFoundError: No module named 'utils'
[2025-02-14 14:02:39,616] {processor.py:653} WARNING - No viable dags retrieved from /home/airflow/dags/Lead_scoring_data_pipeline/lead_scoring_data_pipeline.py
[2025-02-14 14:02:39,763] {processor.py:161} INFO - Processing /home/airflow/dags/Lead_scoring_data_pipeline/lead_scoring_data_pipeline.py took 0.157 seconds
[2025-02-14 14:03:14,013] {processor.py:153} INFO - Started process (PID=2016) to work on /home/airflow/dags/Lead_scoring_data_pipeline/lead_scoring_data_pipeline.py
[2025-02-14 14:03:14,015] {processor.py:641} INFO - Processing file /home/airflow/dags/Lead_scoring_data_pipeline/lead_scoring_data_pipeline.py for tasks to queue
[2025-02-14 14:03:14,015] {logging_mixin.py:115} INFO - [2025-02-14 14:03:14,015] {dagbag.py:508} INFO - Filling up the DagBag from /home/airflow/dags/Lead_scoring_data_pipeline/lead_scoring_data_pipeline.py
[2025-02-14 14:03:14,021] {logging_mixin.py:115} INFO - [2025-02-14 14:03:14,020] {dagbag.py:321} ERROR - Failed to import: /home/airflow/dags/Lead_scoring_data_pipeline/lead_scoring_data_pipeline.py
Traceback (most recent call last):
  File "/opt/conda/lib/python3.8/site-packages/airflow/models/dagbag.py", line 318, in parse
    loader.exec_module(new_module)
  File "<frozen importlib._bootstrap_external>", line 843, in exec_module
  File "<frozen importlib._bootstrap>", line 219, in _call_with_frames_removed
  File "/home/airflow/dags/Lead_scoring_data_pipeline/lead_scoring_data_pipeline.py", line 10, in <module>
    from utils import *
ModuleNotFoundError: No module named 'utils'
[2025-02-14 14:03:14,021] {processor.py:653} WARNING - No viable dags retrieved from /home/airflow/dags/Lead_scoring_data_pipeline/lead_scoring_data_pipeline.py
[2025-02-14 14:03:14,176] {processor.py:161} INFO - Processing /home/airflow/dags/Lead_scoring_data_pipeline/lead_scoring_data_pipeline.py took 0.166 seconds
[2025-02-14 14:03:26,617] {processor.py:153} INFO - Started process (PID=2027) to work on /home/airflow/dags/Lead_scoring_data_pipeline/lead_scoring_data_pipeline.py
[2025-02-14 14:03:26,617] {processor.py:641} INFO - Processing file /home/airflow/dags/Lead_scoring_data_pipeline/lead_scoring_data_pipeline.py for tasks to queue
[2025-02-14 14:03:26,618] {logging_mixin.py:115} INFO - [2025-02-14 14:03:26,617] {dagbag.py:508} INFO - Filling up the DagBag from /home/airflow/dags/Lead_scoring_data_pipeline/lead_scoring_data_pipeline.py
[2025-02-14 14:03:26,624] {logging_mixin.py:115} INFO - [2025-02-14 14:03:26,623] {dagbag.py:321} ERROR - Failed to import: /home/airflow/dags/Lead_scoring_data_pipeline/lead_scoring_data_pipeline.py
Traceback (most recent call last):
  File "/opt/conda/lib/python3.8/site-packages/airflow/models/dagbag.py", line 318, in parse
    loader.exec_module(new_module)
  File "<frozen importlib._bootstrap_external>", line 843, in exec_module
  File "<frozen importlib._bootstrap>", line 219, in _call_with_frames_removed
  File "/home/airflow/dags/Lead_scoring_data_pipeline/lead_scoring_data_pipeline.py", line 10, in <module>
    from data_validation_checks import *
ModuleNotFoundError: No module named 'data_validation_checks'
[2025-02-14 14:03:26,624] {processor.py:653} WARNING - No viable dags retrieved from /home/airflow/dags/Lead_scoring_data_pipeline/lead_scoring_data_pipeline.py
[2025-02-14 14:03:26,785] {processor.py:161} INFO - Processing /home/airflow/dags/Lead_scoring_data_pipeline/lead_scoring_data_pipeline.py took 0.171 seconds
[2025-02-14 14:03:53,533] {processor.py:153} INFO - Started process (PID=2051) to work on /home/airflow/dags/Lead_scoring_data_pipeline/lead_scoring_data_pipeline.py
[2025-02-14 14:03:53,535] {processor.py:641} INFO - Processing file /home/airflow/dags/Lead_scoring_data_pipeline/lead_scoring_data_pipeline.py for tasks to queue
[2025-02-14 14:03:53,535] {logging_mixin.py:115} INFO - [2025-02-14 14:03:53,535] {dagbag.py:508} INFO - Filling up the DagBag from /home/airflow/dags/Lead_scoring_data_pipeline/lead_scoring_data_pipeline.py
[2025-02-14 14:03:53,824] {logging_mixin.py:115} INFO - [2025-02-14 14:03:53,824] {utils.py:145} INFO - Note: NumExpr detected 64 cores but "NUMEXPR_MAX_THREADS" not set, so enforcing safe limit of 8.
[2025-02-14 14:03:53,824] {logging_mixin.py:115} INFO - [2025-02-14 14:03:53,824] {utils.py:157} INFO - NumExpr defaulting to 8 threads.
[2025-02-14 14:03:53,959] {logging_mixin.py:115} INFO - [2025-02-14 14:03:53,958] {dagbag.py:321} ERROR - Failed to import: /home/airflow/dags/Lead_scoring_data_pipeline/lead_scoring_data_pipeline.py
Traceback (most recent call last):
  File "/opt/conda/lib/python3.8/site-packages/airflow/models/dagbag.py", line 318, in parse
    loader.exec_module(new_module)
  File "<frozen importlib._bootstrap_external>", line 843, in exec_module
  File "<frozen importlib._bootstrap>", line 219, in _call_with_frames_removed
  File "/home/airflow/dags/Lead_scoring_data_pipeline/lead_scoring_data_pipeline.py", line 10, in <module>
    from Lead_scoring_data_pipeline.utils import *
  File "/home/airflow/dags/Lead_scoring_data_pipeline/utils.py", line 11, in <module>
    from constants import *
ModuleNotFoundError: No module named 'constants'
[2025-02-14 14:03:53,959] {processor.py:653} WARNING - No viable dags retrieved from /home/airflow/dags/Lead_scoring_data_pipeline/lead_scoring_data_pipeline.py
[2025-02-14 14:03:53,978] {processor.py:161} INFO - Processing /home/airflow/dags/Lead_scoring_data_pipeline/lead_scoring_data_pipeline.py took 0.448 seconds
[2025-02-14 14:04:06,613] {processor.py:153} INFO - Started process (PID=2071) to work on /home/airflow/dags/Lead_scoring_data_pipeline/lead_scoring_data_pipeline.py
[2025-02-14 14:04:06,647] {processor.py:641} INFO - Processing file /home/airflow/dags/Lead_scoring_data_pipeline/lead_scoring_data_pipeline.py for tasks to queue
[2025-02-14 14:04:06,647] {logging_mixin.py:115} INFO - [2025-02-14 14:04:06,647] {dagbag.py:508} INFO - Filling up the DagBag from /home/airflow/dags/Lead_scoring_data_pipeline/lead_scoring_data_pipeline.py
[2025-02-14 14:04:06,940] {logging_mixin.py:115} INFO - [2025-02-14 14:04:06,939] {utils.py:145} INFO - Note: NumExpr detected 64 cores but "NUMEXPR_MAX_THREADS" not set, so enforcing safe limit of 8.
[2025-02-14 14:04:06,940] {logging_mixin.py:115} INFO - [2025-02-14 14:04:06,940] {utils.py:157} INFO - NumExpr defaulting to 8 threads.
[2025-02-14 14:04:07,074] {logging_mixin.py:115} INFO - [2025-02-14 14:04:07,073] {dagbag.py:321} ERROR - Failed to import: /home/airflow/dags/Lead_scoring_data_pipeline/lead_scoring_data_pipeline.py
Traceback (most recent call last):
  File "/opt/conda/lib/python3.8/site-packages/airflow/models/dagbag.py", line 318, in parse
    loader.exec_module(new_module)
  File "<frozen importlib._bootstrap_external>", line 843, in exec_module
  File "<frozen importlib._bootstrap>", line 219, in _call_with_frames_removed
  File "/home/airflow/dags/Lead_scoring_data_pipeline/lead_scoring_data_pipeline.py", line 10, in <module>
    from Lead_scoring_data_pipeline.utils import *
  File "/home/airflow/dags/Lead_scoring_data_pipeline/utils.py", line 11, in <module>
    from constants import *
ModuleNotFoundError: No module named 'constants'
[2025-02-14 14:04:07,074] {processor.py:653} WARNING - No viable dags retrieved from /home/airflow/dags/Lead_scoring_data_pipeline/lead_scoring_data_pipeline.py
[2025-02-14 14:04:07,093] {processor.py:161} INFO - Processing /home/airflow/dags/Lead_scoring_data_pipeline/lead_scoring_data_pipeline.py took 0.483 seconds
[2025-02-14 14:05:05,260] {processor.py:153} INFO - Started process (PID=2140) to work on /home/airflow/dags/Lead_scoring_data_pipeline/lead_scoring_data_pipeline.py
[2025-02-14 14:05:05,261] {processor.py:641} INFO - Processing file /home/airflow/dags/Lead_scoring_data_pipeline/lead_scoring_data_pipeline.py for tasks to queue
[2025-02-14 14:05:05,262] {logging_mixin.py:115} INFO - [2025-02-14 14:05:05,262] {dagbag.py:508} INFO - Filling up the DagBag from /home/airflow/dags/Lead_scoring_data_pipeline/lead_scoring_data_pipeline.py
[2025-02-14 14:05:05,542] {logging_mixin.py:115} INFO - [2025-02-14 14:05:05,542] {utils.py:145} INFO - Note: NumExpr detected 64 cores but "NUMEXPR_MAX_THREADS" not set, so enforcing safe limit of 8.
[2025-02-14 14:05:05,542] {logging_mixin.py:115} INFO - [2025-02-14 14:05:05,542] {utils.py:157} INFO - NumExpr defaulting to 8 threads.
[2025-02-14 14:05:05,676] {logging_mixin.py:115} INFO - [2025-02-14 14:05:05,675] {dagbag.py:321} ERROR - Failed to import: /home/airflow/dags/Lead_scoring_data_pipeline/lead_scoring_data_pipeline.py
Traceback (most recent call last):
  File "/opt/conda/lib/python3.8/site-packages/airflow/models/dagbag.py", line 318, in parse
    loader.exec_module(new_module)
  File "<frozen importlib._bootstrap_external>", line 843, in exec_module
  File "<frozen importlib._bootstrap>", line 219, in _call_with_frames_removed
  File "/home/airflow/dags/Lead_scoring_data_pipeline/lead_scoring_data_pipeline.py", line 10, in <module>
    from Lead_scoring_data_pipeline.utils import *
  File "/home/airflow/dags/Lead_scoring_data_pipeline/utils.py", line 11, in <module>
    from constants import *
ModuleNotFoundError: No module named 'constants'
[2025-02-14 14:05:05,676] {processor.py:653} WARNING - No viable dags retrieved from /home/airflow/dags/Lead_scoring_data_pipeline/lead_scoring_data_pipeline.py
[2025-02-14 14:05:05,694] {processor.py:161} INFO - Processing /home/airflow/dags/Lead_scoring_data_pipeline/lead_scoring_data_pipeline.py took 0.437 seconds
[2025-02-14 14:05:49,845] {processor.py:153} INFO - Started process (PID=2195) to work on /home/airflow/dags/Lead_scoring_data_pipeline/lead_scoring_data_pipeline.py
[2025-02-14 14:05:49,847] {processor.py:641} INFO - Processing file /home/airflow/dags/Lead_scoring_data_pipeline/lead_scoring_data_pipeline.py for tasks to queue
[2025-02-14 14:05:49,847] {logging_mixin.py:115} INFO - [2025-02-14 14:05:49,847] {dagbag.py:508} INFO - Filling up the DagBag from /home/airflow/dags/Lead_scoring_data_pipeline/lead_scoring_data_pipeline.py
[2025-02-14 14:05:50,140] {logging_mixin.py:115} INFO - [2025-02-14 14:05:50,140] {utils.py:145} INFO - Note: NumExpr detected 64 cores but "NUMEXPR_MAX_THREADS" not set, so enforcing safe limit of 8.
[2025-02-14 14:05:50,140] {logging_mixin.py:115} INFO - [2025-02-14 14:05:50,140] {utils.py:157} INFO - NumExpr defaulting to 8 threads.
[2025-02-14 14:05:50,277] {logging_mixin.py:115} INFO - [2025-02-14 14:05:50,277] {dagbag.py:321} ERROR - Failed to import: /home/airflow/dags/Lead_scoring_data_pipeline/lead_scoring_data_pipeline.py
Traceback (most recent call last):
  File "/opt/conda/lib/python3.8/site-packages/airflow/models/dagbag.py", line 318, in parse
    loader.exec_module(new_module)
  File "<frozen importlib._bootstrap_external>", line 843, in exec_module
  File "<frozen importlib._bootstrap>", line 219, in _call_with_frames_removed
  File "/home/airflow/dags/Lead_scoring_data_pipeline/lead_scoring_data_pipeline.py", line 10, in <module>
    from Lead_scoring_data_pipeline.utils import *
  File "/home/airflow/dags/Lead_scoring_data_pipeline/utils.py", line 11, in <module>
    from constants import *
ModuleNotFoundError: No module named 'constants'
[2025-02-14 14:05:50,278] {processor.py:653} WARNING - No viable dags retrieved from /home/airflow/dags/Lead_scoring_data_pipeline/lead_scoring_data_pipeline.py
[2025-02-14 14:05:50,297] {processor.py:161} INFO - Processing /home/airflow/dags/Lead_scoring_data_pipeline/lead_scoring_data_pipeline.py took 0.455 seconds
[2025-02-14 14:06:32,917] {processor.py:153} INFO - Started process (PID=2249) to work on /home/airflow/dags/Lead_scoring_data_pipeline/lead_scoring_data_pipeline.py
[2025-02-14 14:06:32,919] {processor.py:641} INFO - Processing file /home/airflow/dags/Lead_scoring_data_pipeline/lead_scoring_data_pipeline.py for tasks to queue
[2025-02-14 14:06:32,920] {logging_mixin.py:115} INFO - [2025-02-14 14:06:32,920] {dagbag.py:508} INFO - Filling up the DagBag from /home/airflow/dags/Lead_scoring_data_pipeline/lead_scoring_data_pipeline.py
[2025-02-14 14:06:33,386] {logging_mixin.py:115} INFO - [2025-02-14 14:06:33,386] {utils.py:145} INFO - Note: NumExpr detected 64 cores but "NUMEXPR_MAX_THREADS" not set, so enforcing safe limit of 8.
[2025-02-14 14:06:33,386] {logging_mixin.py:115} INFO - [2025-02-14 14:06:33,386] {utils.py:157} INFO - NumExpr defaulting to 8 threads.
[2025-02-14 14:06:33,611] {logging_mixin.py:115} INFO - [2025-02-14 14:06:33,610] {dagbag.py:321} ERROR - Failed to import: /home/airflow/dags/Lead_scoring_data_pipeline/lead_scoring_data_pipeline.py
Traceback (most recent call last):
  File "/opt/conda/lib/python3.8/site-packages/airflow/models/dagbag.py", line 318, in parse
    loader.exec_module(new_module)
  File "<frozen importlib._bootstrap_external>", line 843, in exec_module
  File "<frozen importlib._bootstrap>", line 219, in _call_with_frames_removed
  File "/home/airflow/dags/Lead_scoring_data_pipeline/lead_scoring_data_pipeline.py", line 10, in <module>
    from Lead_scoring_data_pipeline.utils import *
  File "/home/airflow/dags/Lead_scoring_data_pipeline/utils.py", line 11, in <module>
    from constants import *
ModuleNotFoundError: No module named 'constants'
[2025-02-14 14:06:33,611] {processor.py:653} WARNING - No viable dags retrieved from /home/airflow/dags/Lead_scoring_data_pipeline/lead_scoring_data_pipeline.py
[2025-02-14 14:06:33,635] {processor.py:161} INFO - Processing /home/airflow/dags/Lead_scoring_data_pipeline/lead_scoring_data_pipeline.py took 0.722 seconds
[2025-02-14 14:06:46,693] {processor.py:153} INFO - Started process (PID=2276) to work on /home/airflow/dags/Lead_scoring_data_pipeline/lead_scoring_data_pipeline.py
[2025-02-14 14:06:46,693] {processor.py:641} INFO - Processing file /home/airflow/dags/Lead_scoring_data_pipeline/lead_scoring_data_pipeline.py for tasks to queue
[2025-02-14 14:06:46,694] {logging_mixin.py:115} INFO - [2025-02-14 14:06:46,694] {dagbag.py:508} INFO - Filling up the DagBag from /home/airflow/dags/Lead_scoring_data_pipeline/lead_scoring_data_pipeline.py
[2025-02-14 14:06:46,700] {logging_mixin.py:115} INFO - [2025-02-14 14:06:46,700] {dagbag.py:321} ERROR - Failed to import: /home/airflow/dags/Lead_scoring_data_pipeline/lead_scoring_data_pipeline.py
Traceback (most recent call last):
  File "/opt/conda/lib/python3.8/site-packages/airflow/models/dagbag.py", line 318, in parse
    loader.exec_module(new_module)
  File "<frozen importlib._bootstrap_external>", line 843, in exec_module
  File "<frozen importlib._bootstrap>", line 219, in _call_with_frames_removed
  File "/home/airflow/dags/Lead_scoring_data_pipeline/lead_scoring_data_pipeline.py", line 10, in <module>
    from utils import *
ModuleNotFoundError: No module named 'utils'
[2025-02-14 14:06:46,701] {processor.py:653} WARNING - No viable dags retrieved from /home/airflow/dags/Lead_scoring_data_pipeline/lead_scoring_data_pipeline.py
[2025-02-14 14:06:47,010] {processor.py:161} INFO - Processing /home/airflow/dags/Lead_scoring_data_pipeline/lead_scoring_data_pipeline.py took 0.320 seconds
[2025-02-14 14:07:05,624] {processor.py:153} INFO - Started process (PID=2291) to work on /home/airflow/dags/Lead_scoring_data_pipeline/lead_scoring_data_pipeline.py
[2025-02-14 14:07:05,625] {processor.py:641} INFO - Processing file /home/airflow/dags/Lead_scoring_data_pipeline/lead_scoring_data_pipeline.py for tasks to queue
[2025-02-14 14:07:05,625] {logging_mixin.py:115} INFO - [2025-02-14 14:07:05,625] {dagbag.py:508} INFO - Filling up the DagBag from /home/airflow/dags/Lead_scoring_data_pipeline/lead_scoring_data_pipeline.py
[2025-02-14 14:07:05,632] {logging_mixin.py:115} INFO - [2025-02-14 14:07:05,631] {dagbag.py:321} ERROR - Failed to import: /home/airflow/dags/Lead_scoring_data_pipeline/lead_scoring_data_pipeline.py
Traceback (most recent call last):
  File "/opt/conda/lib/python3.8/site-packages/airflow/models/dagbag.py", line 318, in parse
    loader.exec_module(new_module)
  File "<frozen importlib._bootstrap_external>", line 843, in exec_module
  File "<frozen importlib._bootstrap>", line 219, in _call_with_frames_removed
  File "/home/airflow/dags/Lead_scoring_data_pipeline/lead_scoring_data_pipeline.py", line 10, in <module>
    from utils import *
ModuleNotFoundError: No module named 'utils'
[2025-02-14 14:07:05,632] {processor.py:653} WARNING - No viable dags retrieved from /home/airflow/dags/Lead_scoring_data_pipeline/lead_scoring_data_pipeline.py
[2025-02-14 14:07:05,783] {processor.py:161} INFO - Processing /home/airflow/dags/Lead_scoring_data_pipeline/lead_scoring_data_pipeline.py took 0.162 seconds
[2025-02-14 14:07:41,572] {processor.py:153} INFO - Started process (PID=2322) to work on /home/airflow/dags/Lead_scoring_data_pipeline/lead_scoring_data_pipeline.py
[2025-02-14 14:07:41,573] {processor.py:641} INFO - Processing file /home/airflow/dags/Lead_scoring_data_pipeline/lead_scoring_data_pipeline.py for tasks to queue
[2025-02-14 14:07:41,574] {logging_mixin.py:115} INFO - [2025-02-14 14:07:41,574] {dagbag.py:508} INFO - Filling up the DagBag from /home/airflow/dags/Lead_scoring_data_pipeline/lead_scoring_data_pipeline.py
[2025-02-14 14:07:41,579] {logging_mixin.py:115} INFO - [2025-02-14 14:07:41,579] {dagbag.py:321} ERROR - Failed to import: /home/airflow/dags/Lead_scoring_data_pipeline/lead_scoring_data_pipeline.py
Traceback (most recent call last):
  File "/opt/conda/lib/python3.8/site-packages/airflow/models/dagbag.py", line 318, in parse
    loader.exec_module(new_module)
  File "<frozen importlib._bootstrap_external>", line 843, in exec_module
  File "<frozen importlib._bootstrap>", line 219, in _call_with_frames_removed
  File "/home/airflow/dags/Lead_scoring_data_pipeline/lead_scoring_data_pipeline.py", line 10, in <module>
    from utils import *
ModuleNotFoundError: No module named 'utils'
[2025-02-14 14:07:41,580] {processor.py:653} WARNING - No viable dags retrieved from /home/airflow/dags/Lead_scoring_data_pipeline/lead_scoring_data_pipeline.py
[2025-02-14 14:07:41,731] {processor.py:161} INFO - Processing /home/airflow/dags/Lead_scoring_data_pipeline/lead_scoring_data_pipeline.py took 0.162 seconds
[2025-02-14 14:08:24,477] {processor.py:153} INFO - Started process (PID=2361) to work on /home/airflow/dags/Lead_scoring_data_pipeline/lead_scoring_data_pipeline.py
[2025-02-14 14:08:24,479] {processor.py:641} INFO - Processing file /home/airflow/dags/Lead_scoring_data_pipeline/lead_scoring_data_pipeline.py for tasks to queue
[2025-02-14 14:08:24,479] {logging_mixin.py:115} INFO - [2025-02-14 14:08:24,479] {dagbag.py:508} INFO - Filling up the DagBag from /home/airflow/dags/Lead_scoring_data_pipeline/lead_scoring_data_pipeline.py
[2025-02-14 14:08:24,485] {logging_mixin.py:115} INFO - [2025-02-14 14:08:24,484] {dagbag.py:321} ERROR - Failed to import: /home/airflow/dags/Lead_scoring_data_pipeline/lead_scoring_data_pipeline.py
Traceback (most recent call last):
  File "/opt/conda/lib/python3.8/site-packages/airflow/models/dagbag.py", line 318, in parse
    loader.exec_module(new_module)
  File "<frozen importlib._bootstrap_external>", line 843, in exec_module
  File "<frozen importlib._bootstrap>", line 219, in _call_with_frames_removed
  File "/home/airflow/dags/Lead_scoring_data_pipeline/lead_scoring_data_pipeline.py", line 10, in <module>
    from utils import *
ModuleNotFoundError: No module named 'utils'
[2025-02-14 14:08:24,485] {processor.py:653} WARNING - No viable dags retrieved from /home/airflow/dags/Lead_scoring_data_pipeline/lead_scoring_data_pipeline.py
[2025-02-14 14:08:24,637] {processor.py:161} INFO - Processing /home/airflow/dags/Lead_scoring_data_pipeline/lead_scoring_data_pipeline.py took 0.163 seconds
[2025-02-14 14:08:59,875] {processor.py:153} INFO - Started process (PID=2414) to work on /home/airflow/dags/Lead_scoring_data_pipeline/lead_scoring_data_pipeline.py
[2025-02-14 14:08:59,876] {processor.py:641} INFO - Processing file /home/airflow/dags/Lead_scoring_data_pipeline/lead_scoring_data_pipeline.py for tasks to queue
[2025-02-14 14:08:59,877] {logging_mixin.py:115} INFO - [2025-02-14 14:08:59,877] {dagbag.py:508} INFO - Filling up the DagBag from /home/airflow/dags/Lead_scoring_data_pipeline/lead_scoring_data_pipeline.py
[2025-02-14 14:08:59,885] {logging_mixin.py:115} INFO - [2025-02-14 14:08:59,884] {dagbag.py:321} ERROR - Failed to import: /home/airflow/dags/Lead_scoring_data_pipeline/lead_scoring_data_pipeline.py
Traceback (most recent call last):
  File "/opt/conda/lib/python3.8/site-packages/airflow/models/dagbag.py", line 318, in parse
    loader.exec_module(new_module)
  File "<frozen importlib._bootstrap_external>", line 843, in exec_module
  File "<frozen importlib._bootstrap>", line 219, in _call_with_frames_removed
  File "/home/airflow/dags/Lead_scoring_data_pipeline/lead_scoring_data_pipeline.py", line 10, in <module>
    from utils import *
ModuleNotFoundError: No module named 'utils'
[2025-02-14 14:08:59,885] {processor.py:653} WARNING - No viable dags retrieved from /home/airflow/dags/Lead_scoring_data_pipeline/lead_scoring_data_pipeline.py
[2025-02-14 14:09:00,021] {processor.py:161} INFO - Processing /home/airflow/dags/Lead_scoring_data_pipeline/lead_scoring_data_pipeline.py took 0.149 seconds
[2025-02-14 14:09:43,060] {processor.py:153} INFO - Started process (PID=2453) to work on /home/airflow/dags/Lead_scoring_data_pipeline/lead_scoring_data_pipeline.py
[2025-02-14 14:09:43,061] {processor.py:641} INFO - Processing file /home/airflow/dags/Lead_scoring_data_pipeline/lead_scoring_data_pipeline.py for tasks to queue
[2025-02-14 14:09:43,062] {logging_mixin.py:115} INFO - [2025-02-14 14:09:43,062] {dagbag.py:508} INFO - Filling up the DagBag from /home/airflow/dags/Lead_scoring_data_pipeline/lead_scoring_data_pipeline.py
[2025-02-14 14:09:43,067] {logging_mixin.py:115} INFO - [2025-02-14 14:09:43,067] {dagbag.py:321} ERROR - Failed to import: /home/airflow/dags/Lead_scoring_data_pipeline/lead_scoring_data_pipeline.py
Traceback (most recent call last):
  File "/opt/conda/lib/python3.8/site-packages/airflow/models/dagbag.py", line 318, in parse
    loader.exec_module(new_module)
  File "<frozen importlib._bootstrap_external>", line 843, in exec_module
  File "<frozen importlib._bootstrap>", line 219, in _call_with_frames_removed
  File "/home/airflow/dags/Lead_scoring_data_pipeline/lead_scoring_data_pipeline.py", line 10, in <module>
    from utils import *
ModuleNotFoundError: No module named 'utils'
[2025-02-14 14:09:43,068] {processor.py:653} WARNING - No viable dags retrieved from /home/airflow/dags/Lead_scoring_data_pipeline/lead_scoring_data_pipeline.py
[2025-02-14 14:09:43,214] {processor.py:161} INFO - Processing /home/airflow/dags/Lead_scoring_data_pipeline/lead_scoring_data_pipeline.py took 0.157 seconds
[2025-02-14 14:10:23,028] {processor.py:153} INFO - Started process (PID=2487) to work on /home/airflow/dags/Lead_scoring_data_pipeline/lead_scoring_data_pipeline.py
[2025-02-14 14:10:23,031] {processor.py:641} INFO - Processing file /home/airflow/dags/Lead_scoring_data_pipeline/lead_scoring_data_pipeline.py for tasks to queue
[2025-02-14 14:10:23,031] {logging_mixin.py:115} INFO - [2025-02-14 14:10:23,031] {dagbag.py:508} INFO - Filling up the DagBag from /home/airflow/dags/Lead_scoring_data_pipeline/lead_scoring_data_pipeline.py
[2025-02-14 14:10:23,037] {logging_mixin.py:115} INFO - [2025-02-14 14:10:23,036] {dagbag.py:321} ERROR - Failed to import: /home/airflow/dags/Lead_scoring_data_pipeline/lead_scoring_data_pipeline.py
Traceback (most recent call last):
  File "/opt/conda/lib/python3.8/site-packages/airflow/models/dagbag.py", line 318, in parse
    loader.exec_module(new_module)
  File "<frozen importlib._bootstrap_external>", line 843, in exec_module
  File "<frozen importlib._bootstrap>", line 219, in _call_with_frames_removed
  File "/home/airflow/dags/Lead_scoring_data_pipeline/lead_scoring_data_pipeline.py", line 10, in <module>
    from utils import *
ModuleNotFoundError: No module named 'utils'
[2025-02-14 14:10:23,037] {processor.py:653} WARNING - No viable dags retrieved from /home/airflow/dags/Lead_scoring_data_pipeline/lead_scoring_data_pipeline.py
[2025-02-14 14:10:23,423] {processor.py:161} INFO - Processing /home/airflow/dags/Lead_scoring_data_pipeline/lead_scoring_data_pipeline.py took 0.398 seconds
[2025-02-14 14:10:37,644] {processor.py:153} INFO - Started process (PID=2500) to work on /home/airflow/dags/Lead_scoring_data_pipeline/lead_scoring_data_pipeline.py
[2025-02-14 14:10:37,645] {processor.py:641} INFO - Processing file /home/airflow/dags/Lead_scoring_data_pipeline/lead_scoring_data_pipeline.py for tasks to queue
[2025-02-14 14:10:37,646] {logging_mixin.py:115} INFO - [2025-02-14 14:10:37,646] {dagbag.py:508} INFO - Filling up the DagBag from /home/airflow/dags/Lead_scoring_data_pipeline/lead_scoring_data_pipeline.py
[2025-02-14 14:10:37,653] {logging_mixin.py:115} INFO - [2025-02-14 14:10:37,652] {dagbag.py:321} ERROR - Failed to import: /home/airflow/dags/Lead_scoring_data_pipeline/lead_scoring_data_pipeline.py
Traceback (most recent call last):
  File "/opt/conda/lib/python3.8/site-packages/airflow/models/dagbag.py", line 318, in parse
    loader.exec_module(new_module)
  File "<frozen importlib._bootstrap_external>", line 843, in exec_module
  File "<frozen importlib._bootstrap>", line 219, in _call_with_frames_removed
  File "/home/airflow/dags/Lead_scoring_data_pipeline/lead_scoring_data_pipeline.py", line 10, in <module>
    from ..Lead_scoring_data_pipeline.utils import *
ImportError: attempted relative import with no known parent package
[2025-02-14 14:10:37,653] {processor.py:653} WARNING - No viable dags retrieved from /home/airflow/dags/Lead_scoring_data_pipeline/lead_scoring_data_pipeline.py
[2025-02-14 14:10:37,869] {processor.py:161} INFO - Processing /home/airflow/dags/Lead_scoring_data_pipeline/lead_scoring_data_pipeline.py took 0.228 seconds
[2025-02-14 14:10:53,581] {processor.py:153} INFO - Started process (PID=2514) to work on /home/airflow/dags/Lead_scoring_data_pipeline/lead_scoring_data_pipeline.py
[2025-02-14 14:10:53,581] {processor.py:641} INFO - Processing file /home/airflow/dags/Lead_scoring_data_pipeline/lead_scoring_data_pipeline.py for tasks to queue
[2025-02-14 14:10:53,582] {logging_mixin.py:115} INFO - [2025-02-14 14:10:53,582] {dagbag.py:508} INFO - Filling up the DagBag from /home/airflow/dags/Lead_scoring_data_pipeline/lead_scoring_data_pipeline.py
[2025-02-14 14:10:53,588] {logging_mixin.py:115} INFO - [2025-02-14 14:10:53,587] {dagbag.py:321} ERROR - Failed to import: /home/airflow/dags/Lead_scoring_data_pipeline/lead_scoring_data_pipeline.py
Traceback (most recent call last):
  File "/opt/conda/lib/python3.8/site-packages/airflow/models/dagbag.py", line 318, in parse
    loader.exec_module(new_module)
  File "<frozen importlib._bootstrap_external>", line 843, in exec_module
  File "<frozen importlib._bootstrap>", line 219, in _call_with_frames_removed
  File "/home/airflow/dags/Lead_scoring_data_pipeline/lead_scoring_data_pipeline.py", line 10, in <module>
    from ..Lead_scoring_data_pipeline.utils import *
ImportError: attempted relative import with no known parent package
[2025-02-14 14:10:53,588] {processor.py:653} WARNING - No viable dags retrieved from /home/airflow/dags/Lead_scoring_data_pipeline/lead_scoring_data_pipeline.py
[2025-02-14 14:10:53,740] {processor.py:161} INFO - Processing /home/airflow/dags/Lead_scoring_data_pipeline/lead_scoring_data_pipeline.py took 0.162 seconds
[2025-02-14 14:11:11,061] {processor.py:153} INFO - Started process (PID=2529) to work on /home/airflow/dags/Lead_scoring_data_pipeline/lead_scoring_data_pipeline.py
[2025-02-14 14:11:11,063] {processor.py:641} INFO - Processing file /home/airflow/dags/Lead_scoring_data_pipeline/lead_scoring_data_pipeline.py for tasks to queue
[2025-02-14 14:11:11,063] {logging_mixin.py:115} INFO - [2025-02-14 14:11:11,063] {dagbag.py:508} INFO - Filling up the DagBag from /home/airflow/dags/Lead_scoring_data_pipeline/lead_scoring_data_pipeline.py
[2025-02-14 14:11:11,069] {logging_mixin.py:115} INFO - [2025-02-14 14:11:11,068] {dagbag.py:321} ERROR - Failed to import: /home/airflow/dags/Lead_scoring_data_pipeline/lead_scoring_data_pipeline.py
Traceback (most recent call last):
  File "/opt/conda/lib/python3.8/site-packages/airflow/models/dagbag.py", line 318, in parse
    loader.exec_module(new_module)
  File "<frozen importlib._bootstrap_external>", line 843, in exec_module
  File "<frozen importlib._bootstrap>", line 219, in _call_with_frames_removed
  File "/home/airflow/dags/Lead_scoring_data_pipeline/lead_scoring_data_pipeline.py", line 10, in <module>
    from ..Lead_scoring_data_pipeline.utils import *
ImportError: attempted relative import with no known parent package
[2025-02-14 14:11:11,069] {processor.py:653} WARNING - No viable dags retrieved from /home/airflow/dags/Lead_scoring_data_pipeline/lead_scoring_data_pipeline.py
[2025-02-14 14:11:11,218] {processor.py:161} INFO - Processing /home/airflow/dags/Lead_scoring_data_pipeline/lead_scoring_data_pipeline.py took 0.160 seconds
[2025-02-14 14:11:26,724] {processor.py:153} INFO - Started process (PID=2543) to work on /home/airflow/dags/Lead_scoring_data_pipeline/lead_scoring_data_pipeline.py
[2025-02-14 14:11:26,725] {processor.py:641} INFO - Processing file /home/airflow/dags/Lead_scoring_data_pipeline/lead_scoring_data_pipeline.py for tasks to queue
[2025-02-14 14:11:26,725] {logging_mixin.py:115} INFO - [2025-02-14 14:11:26,725] {dagbag.py:508} INFO - Filling up the DagBag from /home/airflow/dags/Lead_scoring_data_pipeline/lead_scoring_data_pipeline.py
[2025-02-14 14:11:27,026] {logging_mixin.py:115} INFO - [2025-02-14 14:11:27,026] {utils.py:145} INFO - Note: NumExpr detected 64 cores but "NUMEXPR_MAX_THREADS" not set, so enforcing safe limit of 8.
[2025-02-14 14:11:27,026] {logging_mixin.py:115} INFO - [2025-02-14 14:11:27,026] {utils.py:157} INFO - NumExpr defaulting to 8 threads.
[2025-02-14 14:11:27,164] {logging_mixin.py:115} INFO - [2025-02-14 14:11:27,163] {dagbag.py:321} ERROR - Failed to import: /home/airflow/dags/Lead_scoring_data_pipeline/lead_scoring_data_pipeline.py
Traceback (most recent call last):
  File "/opt/conda/lib/python3.8/site-packages/airflow/models/dagbag.py", line 318, in parse
    loader.exec_module(new_module)
  File "<frozen importlib._bootstrap_external>", line 843, in exec_module
  File "<frozen importlib._bootstrap>", line 219, in _call_with_frames_removed
  File "/home/airflow/dags/Lead_scoring_data_pipeline/lead_scoring_data_pipeline.py", line 10, in <module>
    from Lead_scoring_data_pipeline.utils import *
  File "/home/airflow/dags/Lead_scoring_data_pipeline/utils.py", line 11, in <module>
    from constants import *
ModuleNotFoundError: No module named 'constants'
[2025-02-14 14:11:27,164] {processor.py:653} WARNING - No viable dags retrieved from /home/airflow/dags/Lead_scoring_data_pipeline/lead_scoring_data_pipeline.py
[2025-02-14 14:11:27,186] {processor.py:161} INFO - Processing /home/airflow/dags/Lead_scoring_data_pipeline/lead_scoring_data_pipeline.py took 0.464 seconds
[2025-02-14 14:12:10,473] {processor.py:153} INFO - Started process (PID=2597) to work on /home/airflow/dags/Lead_scoring_data_pipeline/lead_scoring_data_pipeline.py
[2025-02-14 14:12:10,474] {processor.py:641} INFO - Processing file /home/airflow/dags/Lead_scoring_data_pipeline/lead_scoring_data_pipeline.py for tasks to queue
[2025-02-14 14:12:10,475] {logging_mixin.py:115} INFO - [2025-02-14 14:12:10,475] {dagbag.py:508} INFO - Filling up the DagBag from /home/airflow/dags/Lead_scoring_data_pipeline/lead_scoring_data_pipeline.py
[2025-02-14 14:12:10,764] {logging_mixin.py:115} INFO - [2025-02-14 14:12:10,764] {utils.py:145} INFO - Note: NumExpr detected 64 cores but "NUMEXPR_MAX_THREADS" not set, so enforcing safe limit of 8.
[2025-02-14 14:12:10,765] {logging_mixin.py:115} INFO - [2025-02-14 14:12:10,765] {utils.py:157} INFO - NumExpr defaulting to 8 threads.
[2025-02-14 14:12:10,900] {logging_mixin.py:115} INFO - [2025-02-14 14:12:10,900] {dagbag.py:321} ERROR - Failed to import: /home/airflow/dags/Lead_scoring_data_pipeline/lead_scoring_data_pipeline.py
Traceback (most recent call last):
  File "/opt/conda/lib/python3.8/site-packages/airflow/models/dagbag.py", line 318, in parse
    loader.exec_module(new_module)
  File "<frozen importlib._bootstrap_external>", line 843, in exec_module
  File "<frozen importlib._bootstrap>", line 219, in _call_with_frames_removed
  File "/home/airflow/dags/Lead_scoring_data_pipeline/lead_scoring_data_pipeline.py", line 10, in <module>
    from Lead_scoring_data_pipeline.utils import *
  File "/home/airflow/dags/Lead_scoring_data_pipeline/utils.py", line 11, in <module>
    from constants import *
ModuleNotFoundError: No module named 'constants'
[2025-02-14 14:12:10,901] {processor.py:653} WARNING - No viable dags retrieved from /home/airflow/dags/Lead_scoring_data_pipeline/lead_scoring_data_pipeline.py
[2025-02-14 14:12:10,920] {processor.py:161} INFO - Processing /home/airflow/dags/Lead_scoring_data_pipeline/lead_scoring_data_pipeline.py took 0.451 seconds
[2025-02-14 14:12:48,629] {processor.py:153} INFO - Started process (PID=2647) to work on /home/airflow/dags/Lead_scoring_data_pipeline/lead_scoring_data_pipeline.py
[2025-02-14 14:12:48,632] {processor.py:641} INFO - Processing file /home/airflow/dags/Lead_scoring_data_pipeline/lead_scoring_data_pipeline.py for tasks to queue
[2025-02-14 14:12:48,633] {logging_mixin.py:115} INFO - [2025-02-14 14:12:48,633] {dagbag.py:508} INFO - Filling up the DagBag from /home/airflow/dags/Lead_scoring_data_pipeline/lead_scoring_data_pipeline.py
[2025-02-14 14:12:49,096] {logging_mixin.py:115} INFO - [2025-02-14 14:12:49,096] {utils.py:145} INFO - Note: NumExpr detected 64 cores but "NUMEXPR_MAX_THREADS" not set, so enforcing safe limit of 8.
[2025-02-14 14:12:49,096] {logging_mixin.py:115} INFO - [2025-02-14 14:12:49,096] {utils.py:157} INFO - NumExpr defaulting to 8 threads.
[2025-02-14 14:12:49,265] {logging_mixin.py:115} INFO - [2025-02-14 14:12:49,264] {dagbag.py:321} ERROR - Failed to import: /home/airflow/dags/Lead_scoring_data_pipeline/lead_scoring_data_pipeline.py
Traceback (most recent call last):
  File "/opt/conda/lib/python3.8/site-packages/airflow/models/dagbag.py", line 318, in parse
    loader.exec_module(new_module)
  File "<frozen importlib._bootstrap_external>", line 843, in exec_module
  File "<frozen importlib._bootstrap>", line 219, in _call_with_frames_removed
  File "/home/airflow/dags/Lead_scoring_data_pipeline/lead_scoring_data_pipeline.py", line 10, in <module>
    from Lead_scoring_data_pipeline.utils import *
  File "/home/airflow/dags/Lead_scoring_data_pipeline/utils.py", line 11, in <module>
    from constants import *
ModuleNotFoundError: No module named 'constants'
[2025-02-14 14:12:49,265] {processor.py:653} WARNING - No viable dags retrieved from /home/airflow/dags/Lead_scoring_data_pipeline/lead_scoring_data_pipeline.py
[2025-02-14 14:12:49,285] {processor.py:161} INFO - Processing /home/airflow/dags/Lead_scoring_data_pipeline/lead_scoring_data_pipeline.py took 0.659 seconds
[2025-02-14 14:13:14,801] {processor.py:153} INFO - Started process (PID=2686) to work on /home/airflow/dags/Lead_scoring_data_pipeline/lead_scoring_data_pipeline.py
[2025-02-14 14:13:14,802] {processor.py:641} INFO - Processing file /home/airflow/dags/Lead_scoring_data_pipeline/lead_scoring_data_pipeline.py for tasks to queue
[2025-02-14 14:13:14,802] {logging_mixin.py:115} INFO - [2025-02-14 14:13:14,802] {dagbag.py:508} INFO - Filling up the DagBag from /home/airflow/dags/Lead_scoring_data_pipeline/lead_scoring_data_pipeline.py
[2025-02-14 14:13:15,094] {logging_mixin.py:115} INFO - [2025-02-14 14:13:15,094] {utils.py:145} INFO - Note: NumExpr detected 64 cores but "NUMEXPR_MAX_THREADS" not set, so enforcing safe limit of 8.
[2025-02-14 14:13:15,094] {logging_mixin.py:115} INFO - [2025-02-14 14:13:15,094] {utils.py:157} INFO - NumExpr defaulting to 8 threads.
[2025-02-14 14:13:15,233] {logging_mixin.py:115} INFO - [2025-02-14 14:13:15,232] {dagbag.py:321} ERROR - Failed to import: /home/airflow/dags/Lead_scoring_data_pipeline/lead_scoring_data_pipeline.py
Traceback (most recent call last):
  File "/opt/conda/lib/python3.8/site-packages/airflow/models/dagbag.py", line 318, in parse
    loader.exec_module(new_module)
  File "<frozen importlib._bootstrap_external>", line 843, in exec_module
  File "<frozen importlib._bootstrap>", line 219, in _call_with_frames_removed
  File "/home/airflow/dags/Lead_scoring_data_pipeline/lead_scoring_data_pipeline.py", line 10, in <module>
    from Lead_scoring_data_pipeline.utils import *
  File "/home/airflow/dags/Lead_scoring_data_pipeline/utils.py", line 11, in <module>
    from constants import *
ModuleNotFoundError: No module named 'constants'
[2025-02-14 14:13:15,233] {processor.py:653} WARNING - No viable dags retrieved from /home/airflow/dags/Lead_scoring_data_pipeline/lead_scoring_data_pipeline.py
[2025-02-14 14:13:15,253] {processor.py:161} INFO - Processing /home/airflow/dags/Lead_scoring_data_pipeline/lead_scoring_data_pipeline.py took 0.455 seconds
[2025-02-14 14:13:57,572] {processor.py:153} INFO - Started process (PID=2739) to work on /home/airflow/dags/Lead_scoring_data_pipeline/lead_scoring_data_pipeline.py
[2025-02-14 14:13:57,574] {processor.py:641} INFO - Processing file /home/airflow/dags/Lead_scoring_data_pipeline/lead_scoring_data_pipeline.py for tasks to queue
[2025-02-14 14:13:57,574] {logging_mixin.py:115} INFO - [2025-02-14 14:13:57,574] {dagbag.py:508} INFO - Filling up the DagBag from /home/airflow/dags/Lead_scoring_data_pipeline/lead_scoring_data_pipeline.py
[2025-02-14 14:13:57,876] {logging_mixin.py:115} INFO - [2025-02-14 14:13:57,876] {utils.py:145} INFO - Note: NumExpr detected 64 cores but "NUMEXPR_MAX_THREADS" not set, so enforcing safe limit of 8.
[2025-02-14 14:13:57,876] {logging_mixin.py:115} INFO - [2025-02-14 14:13:57,876] {utils.py:157} INFO - NumExpr defaulting to 8 threads.
[2025-02-14 14:13:58,012] {logging_mixin.py:115} INFO - [2025-02-14 14:13:58,012] {dagbag.py:321} ERROR - Failed to import: /home/airflow/dags/Lead_scoring_data_pipeline/lead_scoring_data_pipeline.py
Traceback (most recent call last):
  File "/opt/conda/lib/python3.8/site-packages/airflow/models/dagbag.py", line 318, in parse
    loader.exec_module(new_module)
  File "<frozen importlib._bootstrap_external>", line 843, in exec_module
  File "<frozen importlib._bootstrap>", line 219, in _call_with_frames_removed
  File "/home/airflow/dags/Lead_scoring_data_pipeline/lead_scoring_data_pipeline.py", line 10, in <module>
    from Lead_scoring_data_pipeline.utils import *
  File "/home/airflow/dags/Lead_scoring_data_pipeline/utils.py", line 11, in <module>
    from constants import *
ModuleNotFoundError: No module named 'constants'
[2025-02-14 14:13:58,013] {processor.py:653} WARNING - No viable dags retrieved from /home/airflow/dags/Lead_scoring_data_pipeline/lead_scoring_data_pipeline.py
[2025-02-14 14:13:58,036] {processor.py:161} INFO - Processing /home/airflow/dags/Lead_scoring_data_pipeline/lead_scoring_data_pipeline.py took 0.466 seconds
[2025-02-14 14:14:36,009] {processor.py:153} INFO - Started process (PID=2791) to work on /home/airflow/dags/Lead_scoring_data_pipeline/lead_scoring_data_pipeline.py
[2025-02-14 14:14:36,010] {processor.py:641} INFO - Processing file /home/airflow/dags/Lead_scoring_data_pipeline/lead_scoring_data_pipeline.py for tasks to queue
[2025-02-14 14:14:36,011] {logging_mixin.py:115} INFO - [2025-02-14 14:14:36,011] {dagbag.py:508} INFO - Filling up the DagBag from /home/airflow/dags/Lead_scoring_data_pipeline/lead_scoring_data_pipeline.py
[2025-02-14 14:14:36,185] {logging_mixin.py:115} INFO - [2025-02-14 14:14:36,185] {utils.py:145} INFO - Note: NumExpr detected 64 cores but "NUMEXPR_MAX_THREADS" not set, so enforcing safe limit of 8.
[2025-02-14 14:14:36,185] {logging_mixin.py:115} INFO - [2025-02-14 14:14:36,185] {utils.py:157} INFO - NumExpr defaulting to 8 threads.
[2025-02-14 14:14:36,326] {logging_mixin.py:115} INFO - [2025-02-14 14:14:36,325] {dagbag.py:321} ERROR - Failed to import: /home/airflow/dags/Lead_scoring_data_pipeline/lead_scoring_data_pipeline.py
Traceback (most recent call last):
  File "/opt/conda/lib/python3.8/site-packages/airflow/models/dagbag.py", line 318, in parse
    loader.exec_module(new_module)
  File "<frozen importlib._bootstrap_external>", line 843, in exec_module
  File "<frozen importlib._bootstrap>", line 219, in _call_with_frames_removed
  File "/home/airflow/dags/Lead_scoring_data_pipeline/lead_scoring_data_pipeline.py", line 10, in <module>
    from Lead_scoring_data_pipeline.utils import *
  File "/home/airflow/dags/Lead_scoring_data_pipeline/utils.py", line 11, in <module>
    from constants import *
ModuleNotFoundError: No module named 'constants'
[2025-02-14 14:14:36,326] {processor.py:653} WARNING - No viable dags retrieved from /home/airflow/dags/Lead_scoring_data_pipeline/lead_scoring_data_pipeline.py
[2025-02-14 14:14:36,351] {processor.py:161} INFO - Processing /home/airflow/dags/Lead_scoring_data_pipeline/lead_scoring_data_pipeline.py took 0.345 seconds
[2025-02-14 14:15:06,905] {processor.py:153} INFO - Started process (PID=2836) to work on /home/airflow/dags/Lead_scoring_data_pipeline/lead_scoring_data_pipeline.py
[2025-02-14 14:15:06,906] {processor.py:641} INFO - Processing file /home/airflow/dags/Lead_scoring_data_pipeline/lead_scoring_data_pipeline.py for tasks to queue
[2025-02-14 14:15:06,906] {logging_mixin.py:115} INFO - [2025-02-14 14:15:06,906] {dagbag.py:508} INFO - Filling up the DagBag from /home/airflow/dags/Lead_scoring_data_pipeline/lead_scoring_data_pipeline.py
[2025-02-14 14:15:07,090] {logging_mixin.py:115} INFO - [2025-02-14 14:15:07,090] {utils.py:145} INFO - Note: NumExpr detected 64 cores but "NUMEXPR_MAX_THREADS" not set, so enforcing safe limit of 8.
[2025-02-14 14:15:07,090] {logging_mixin.py:115} INFO - [2025-02-14 14:15:07,090] {utils.py:157} INFO - NumExpr defaulting to 8 threads.
[2025-02-14 14:15:07,233] {logging_mixin.py:115} INFO - [2025-02-14 14:15:07,232] {dagbag.py:321} ERROR - Failed to import: /home/airflow/dags/Lead_scoring_data_pipeline/lead_scoring_data_pipeline.py
Traceback (most recent call last):
  File "/opt/conda/lib/python3.8/site-packages/airflow/models/dagbag.py", line 318, in parse
    loader.exec_module(new_module)
  File "<frozen importlib._bootstrap_external>", line 843, in exec_module
  File "<frozen importlib._bootstrap>", line 219, in _call_with_frames_removed
  File "/home/airflow/dags/Lead_scoring_data_pipeline/lead_scoring_data_pipeline.py", line 10, in <module>
    from Lead_scoring_data_pipeline.utils import *
  File "/home/airflow/dags/Lead_scoring_data_pipeline/utils.py", line 11, in <module>
    from constants import *
ModuleNotFoundError: No module named 'constants'
[2025-02-14 14:15:07,233] {processor.py:653} WARNING - No viable dags retrieved from /home/airflow/dags/Lead_scoring_data_pipeline/lead_scoring_data_pipeline.py
[2025-02-14 14:15:07,256] {processor.py:161} INFO - Processing /home/airflow/dags/Lead_scoring_data_pipeline/lead_scoring_data_pipeline.py took 0.353 seconds
[2025-02-14 14:15:37,641] {processor.py:153} INFO - Started process (PID=2882) to work on /home/airflow/dags/Lead_scoring_data_pipeline/lead_scoring_data_pipeline.py
[2025-02-14 14:15:37,642] {processor.py:641} INFO - Processing file /home/airflow/dags/Lead_scoring_data_pipeline/lead_scoring_data_pipeline.py for tasks to queue
[2025-02-14 14:15:37,643] {logging_mixin.py:115} INFO - [2025-02-14 14:15:37,643] {dagbag.py:508} INFO - Filling up the DagBag from /home/airflow/dags/Lead_scoring_data_pipeline/lead_scoring_data_pipeline.py
[2025-02-14 14:15:37,863] {logging_mixin.py:115} INFO - [2025-02-14 14:15:37,863] {utils.py:145} INFO - Note: NumExpr detected 64 cores but "NUMEXPR_MAX_THREADS" not set, so enforcing safe limit of 8.
[2025-02-14 14:15:37,863] {logging_mixin.py:115} INFO - [2025-02-14 14:15:37,863] {utils.py:157} INFO - NumExpr defaulting to 8 threads.
[2025-02-14 14:15:38,002] {logging_mixin.py:115} INFO - [2025-02-14 14:15:38,001] {dagbag.py:321} ERROR - Failed to import: /home/airflow/dags/Lead_scoring_data_pipeline/lead_scoring_data_pipeline.py
Traceback (most recent call last):
  File "/opt/conda/lib/python3.8/site-packages/airflow/models/dagbag.py", line 318, in parse
    loader.exec_module(new_module)
  File "<frozen importlib._bootstrap_external>", line 843, in exec_module
  File "<frozen importlib._bootstrap>", line 219, in _call_with_frames_removed
  File "/home/airflow/dags/Lead_scoring_data_pipeline/lead_scoring_data_pipeline.py", line 10, in <module>
    from Lead_scoring_data_pipeline.utils import *
  File "/home/airflow/dags/Lead_scoring_data_pipeline/utils.py", line 11, in <module>
    from constants import *
ModuleNotFoundError: No module named 'constants'
[2025-02-14 14:15:38,002] {processor.py:653} WARNING - No viable dags retrieved from /home/airflow/dags/Lead_scoring_data_pipeline/lead_scoring_data_pipeline.py
[2025-02-14 14:15:38,024] {processor.py:161} INFO - Processing /home/airflow/dags/Lead_scoring_data_pipeline/lead_scoring_data_pipeline.py took 0.386 seconds
[2025-02-14 14:16:22,279] {processor.py:153} INFO - Started process (PID=2975) to work on /home/airflow/dags/Lead_scoring_data_pipeline/lead_scoring_data_pipeline.py
[2025-02-14 14:16:22,281] {processor.py:641} INFO - Processing file /home/airflow/dags/Lead_scoring_data_pipeline/lead_scoring_data_pipeline.py for tasks to queue
[2025-02-14 14:16:22,282] {logging_mixin.py:115} INFO - [2025-02-14 14:16:22,282] {dagbag.py:508} INFO - Filling up the DagBag from /home/airflow/dags/Lead_scoring_data_pipeline/lead_scoring_data_pipeline.py
[2025-02-14 14:16:22,574] {logging_mixin.py:115} INFO - [2025-02-14 14:16:22,574] {utils.py:145} INFO - Note: NumExpr detected 64 cores but "NUMEXPR_MAX_THREADS" not set, so enforcing safe limit of 8.
[2025-02-14 14:16:22,574] {logging_mixin.py:115} INFO - [2025-02-14 14:16:22,574] {utils.py:157} INFO - NumExpr defaulting to 8 threads.
[2025-02-14 14:16:22,711] {logging_mixin.py:115} INFO - [2025-02-14 14:16:22,710] {dagbag.py:321} ERROR - Failed to import: /home/airflow/dags/Lead_scoring_data_pipeline/lead_scoring_data_pipeline.py
Traceback (most recent call last):
  File "/opt/conda/lib/python3.8/site-packages/airflow/models/dagbag.py", line 318, in parse
    loader.exec_module(new_module)
  File "<frozen importlib._bootstrap_external>", line 843, in exec_module
  File "<frozen importlib._bootstrap>", line 219, in _call_with_frames_removed
  File "/home/airflow/dags/Lead_scoring_data_pipeline/lead_scoring_data_pipeline.py", line 10, in <module>
    from Lead_scoring_data_pipeline.utils import *
  File "/home/airflow/dags/Lead_scoring_data_pipeline/utils.py", line 11, in <module>
    from constants import *
ModuleNotFoundError: No module named 'constants'
[2025-02-14 14:16:22,711] {processor.py:653} WARNING - No viable dags retrieved from /home/airflow/dags/Lead_scoring_data_pipeline/lead_scoring_data_pipeline.py
[2025-02-14 14:16:22,908] {processor.py:161} INFO - Processing /home/airflow/dags/Lead_scoring_data_pipeline/lead_scoring_data_pipeline.py took 0.632 seconds
[2025-02-14 14:17:11,898] {processor.py:153} INFO - Started process (PID=3030) to work on /home/airflow/dags/Lead_scoring_data_pipeline/lead_scoring_data_pipeline.py
[2025-02-14 14:17:11,899] {processor.py:641} INFO - Processing file /home/airflow/dags/Lead_scoring_data_pipeline/lead_scoring_data_pipeline.py for tasks to queue
[2025-02-14 14:17:11,900] {logging_mixin.py:115} INFO - [2025-02-14 14:17:11,900] {dagbag.py:508} INFO - Filling up the DagBag from /home/airflow/dags/Lead_scoring_data_pipeline/lead_scoring_data_pipeline.py
[2025-02-14 14:17:12,201] {logging_mixin.py:115} INFO - [2025-02-14 14:17:12,201] {utils.py:145} INFO - Note: NumExpr detected 64 cores but "NUMEXPR_MAX_THREADS" not set, so enforcing safe limit of 8.
[2025-02-14 14:17:12,201] {logging_mixin.py:115} INFO - [2025-02-14 14:17:12,201] {utils.py:157} INFO - NumExpr defaulting to 8 threads.
[2025-02-14 14:17:12,337] {logging_mixin.py:115} INFO - [2025-02-14 14:17:12,337] {dagbag.py:321} ERROR - Failed to import: /home/airflow/dags/Lead_scoring_data_pipeline/lead_scoring_data_pipeline.py
Traceback (most recent call last):
  File "/opt/conda/lib/python3.8/site-packages/airflow/models/dagbag.py", line 318, in parse
    loader.exec_module(new_module)
  File "<frozen importlib._bootstrap_external>", line 843, in exec_module
  File "<frozen importlib._bootstrap>", line 219, in _call_with_frames_removed
  File "/home/airflow/dags/Lead_scoring_data_pipeline/lead_scoring_data_pipeline.py", line 10, in <module>
    from Lead_scoring_data_pipeline.utils import *
  File "/home/airflow/dags/Lead_scoring_data_pipeline/utils.py", line 12, in <module>
    from mapping.significant_categorical_level import *
ModuleNotFoundError: No module named 'mapping'
[2025-02-14 14:17:12,338] {processor.py:653} WARNING - No viable dags retrieved from /home/airflow/dags/Lead_scoring_data_pipeline/lead_scoring_data_pipeline.py
[2025-02-14 14:17:12,358] {processor.py:161} INFO - Processing /home/airflow/dags/Lead_scoring_data_pipeline/lead_scoring_data_pipeline.py took 0.464 seconds
[2025-02-14 14:17:44,178] {processor.py:153} INFO - Started process (PID=3073) to work on /home/airflow/dags/Lead_scoring_data_pipeline/lead_scoring_data_pipeline.py
[2025-02-14 14:17:44,224] {processor.py:641} INFO - Processing file /home/airflow/dags/Lead_scoring_data_pipeline/lead_scoring_data_pipeline.py for tasks to queue
[2025-02-14 14:17:44,225] {logging_mixin.py:115} INFO - [2025-02-14 14:17:44,225] {dagbag.py:508} INFO - Filling up the DagBag from /home/airflow/dags/Lead_scoring_data_pipeline/lead_scoring_data_pipeline.py
[2025-02-14 14:17:44,518] {logging_mixin.py:115} INFO - [2025-02-14 14:17:44,518] {utils.py:145} INFO - Note: NumExpr detected 64 cores but "NUMEXPR_MAX_THREADS" not set, so enforcing safe limit of 8.
[2025-02-14 14:17:44,518] {logging_mixin.py:115} INFO - [2025-02-14 14:17:44,518] {utils.py:157} INFO - NumExpr defaulting to 8 threads.
[2025-02-14 14:17:44,654] {logging_mixin.py:115} INFO - [2025-02-14 14:17:44,653] {dagbag.py:321} ERROR - Failed to import: /home/airflow/dags/Lead_scoring_data_pipeline/lead_scoring_data_pipeline.py
Traceback (most recent call last):
  File "/opt/conda/lib/python3.8/site-packages/airflow/models/dagbag.py", line 318, in parse
    loader.exec_module(new_module)
  File "<frozen importlib._bootstrap_external>", line 843, in exec_module
  File "<frozen importlib._bootstrap>", line 219, in _call_with_frames_removed
  File "/home/airflow/dags/Lead_scoring_data_pipeline/lead_scoring_data_pipeline.py", line 10, in <module>
    from Lead_scoring_data_pipeline.utils import *
  File "/home/airflow/dags/Lead_scoring_data_pipeline/utils.py", line 12, in <module>
    from mapping.significant_categorical_level import *
ModuleNotFoundError: No module named 'mapping'
[2025-02-14 14:17:44,654] {processor.py:653} WARNING - No viable dags retrieved from /home/airflow/dags/Lead_scoring_data_pipeline/lead_scoring_data_pipeline.py
[2025-02-14 14:17:44,696] {processor.py:161} INFO - Processing /home/airflow/dags/Lead_scoring_data_pipeline/lead_scoring_data_pipeline.py took 0.521 seconds
[2025-02-14 14:18:40,497] {processor.py:153} INFO - Started process (PID=3168) to work on /home/airflow/dags/Lead_scoring_data_pipeline/lead_scoring_data_pipeline.py
[2025-02-14 14:18:40,499] {processor.py:641} INFO - Processing file /home/airflow/dags/Lead_scoring_data_pipeline/lead_scoring_data_pipeline.py for tasks to queue
[2025-02-14 14:18:40,499] {logging_mixin.py:115} INFO - [2025-02-14 14:18:40,499] {dagbag.py:508} INFO - Filling up the DagBag from /home/airflow/dags/Lead_scoring_data_pipeline/lead_scoring_data_pipeline.py
[2025-02-14 14:18:40,778] {logging_mixin.py:115} INFO - [2025-02-14 14:18:40,778] {utils.py:145} INFO - Note: NumExpr detected 64 cores but "NUMEXPR_MAX_THREADS" not set, so enforcing safe limit of 8.
[2025-02-14 14:18:40,778] {logging_mixin.py:115} INFO - [2025-02-14 14:18:40,778] {utils.py:157} INFO - NumExpr defaulting to 8 threads.
[2025-02-14 14:18:40,911] {logging_mixin.py:115} INFO - [2025-02-14 14:18:40,911] {dagbag.py:321} ERROR - Failed to import: /home/airflow/dags/Lead_scoring_data_pipeline/lead_scoring_data_pipeline.py
Traceback (most recent call last):
  File "/opt/conda/lib/python3.8/site-packages/airflow/models/dagbag.py", line 318, in parse
    loader.exec_module(new_module)
  File "<frozen importlib._bootstrap_external>", line 843, in exec_module
  File "<frozen importlib._bootstrap>", line 219, in _call_with_frames_removed
  File "/home/airflow/dags/Lead_scoring_data_pipeline/lead_scoring_data_pipeline.py", line 10, in <module>
    from Lead_scoring_data_pipeline.utils import *
  File "/home/airflow/dags/Lead_scoring_data_pipeline/utils.py", line 12, in <module>
    from mapping.significant_categorical_level import *
ModuleNotFoundError: No module named 'mapping'
[2025-02-14 14:18:40,912] {processor.py:653} WARNING - No viable dags retrieved from /home/airflow/dags/Lead_scoring_data_pipeline/lead_scoring_data_pipeline.py
[2025-02-14 14:18:40,932] {processor.py:161} INFO - Processing /home/airflow/dags/Lead_scoring_data_pipeline/lead_scoring_data_pipeline.py took 0.437 seconds
[2025-02-14 14:20:31,273] {processor.py:153} INFO - Started process (PID=3259) to work on /home/airflow/dags/Lead_scoring_data_pipeline/lead_scoring_data_pipeline.py
[2025-02-14 14:20:31,275] {processor.py:641} INFO - Processing file /home/airflow/dags/Lead_scoring_data_pipeline/lead_scoring_data_pipeline.py for tasks to queue
[2025-02-14 14:20:31,275] {logging_mixin.py:115} INFO - [2025-02-14 14:20:31,275] {dagbag.py:508} INFO - Filling up the DagBag from /home/airflow/dags/Lead_scoring_data_pipeline/lead_scoring_data_pipeline.py
[2025-02-14 14:20:31,573] {logging_mixin.py:115} INFO - [2025-02-14 14:20:31,573] {utils.py:145} INFO - Note: NumExpr detected 64 cores but "NUMEXPR_MAX_THREADS" not set, so enforcing safe limit of 8.
[2025-02-14 14:20:31,573] {logging_mixin.py:115} INFO - [2025-02-14 14:20:31,573] {utils.py:157} INFO - NumExpr defaulting to 8 threads.
[2025-02-14 14:20:31,714] {logging_mixin.py:115} INFO - [2025-02-14 14:20:31,713] {dagbag.py:321} ERROR - Failed to import: /home/airflow/dags/Lead_scoring_data_pipeline/lead_scoring_data_pipeline.py
Traceback (most recent call last):
  File "/opt/conda/lib/python3.8/site-packages/airflow/models/dagbag.py", line 318, in parse
    loader.exec_module(new_module)
  File "<frozen importlib._bootstrap_external>", line 843, in exec_module
  File "<frozen importlib._bootstrap>", line 219, in _call_with_frames_removed
  File "/home/airflow/dags/Lead_scoring_data_pipeline/lead_scoring_data_pipeline.py", line 11, in <module>
    from Lead_scoring_data_pipeline.data_validation_checks import *
  File "/home/airflow/dags/Lead_scoring_data_pipeline/data_validation_checks.py", line 7, in <module>
    from constants import *
ModuleNotFoundError: No module named 'constants'
[2025-02-14 14:20:31,714] {processor.py:653} WARNING - No viable dags retrieved from /home/airflow/dags/Lead_scoring_data_pipeline/lead_scoring_data_pipeline.py
[2025-02-14 14:20:31,734] {processor.py:161} INFO - Processing /home/airflow/dags/Lead_scoring_data_pipeline/lead_scoring_data_pipeline.py took 0.464 seconds
[2025-02-14 14:21:14,817] {processor.py:153} INFO - Started process (PID=3314) to work on /home/airflow/dags/Lead_scoring_data_pipeline/lead_scoring_data_pipeline.py
[2025-02-14 14:21:14,818] {processor.py:641} INFO - Processing file /home/airflow/dags/Lead_scoring_data_pipeline/lead_scoring_data_pipeline.py for tasks to queue
[2025-02-14 14:21:14,819] {logging_mixin.py:115} INFO - [2025-02-14 14:21:14,819] {dagbag.py:508} INFO - Filling up the DagBag from /home/airflow/dags/Lead_scoring_data_pipeline/lead_scoring_data_pipeline.py
[2025-02-14 14:21:15,131] {logging_mixin.py:115} INFO - [2025-02-14 14:21:15,131] {utils.py:145} INFO - Note: NumExpr detected 64 cores but "NUMEXPR_MAX_THREADS" not set, so enforcing safe limit of 8.
[2025-02-14 14:21:15,131] {logging_mixin.py:115} INFO - [2025-02-14 14:21:15,131] {utils.py:157} INFO - NumExpr defaulting to 8 threads.
[2025-02-14 14:21:15,268] {logging_mixin.py:115} INFO - [2025-02-14 14:21:15,268] {dagbag.py:321} ERROR - Failed to import: /home/airflow/dags/Lead_scoring_data_pipeline/lead_scoring_data_pipeline.py
Traceback (most recent call last):
  File "/opt/conda/lib/python3.8/site-packages/airflow/models/dagbag.py", line 318, in parse
    loader.exec_module(new_module)
  File "<frozen importlib._bootstrap_external>", line 843, in exec_module
  File "<frozen importlib._bootstrap>", line 219, in _call_with_frames_removed
  File "/home/airflow/dags/Lead_scoring_data_pipeline/lead_scoring_data_pipeline.py", line 11, in <module>
    from Lead_scoring_data_pipeline.data_validation_checks import *
  File "/home/airflow/dags/Lead_scoring_data_pipeline/data_validation_checks.py", line 7, in <module>
    from constants import *
ModuleNotFoundError: No module named 'constants'
[2025-02-14 14:21:15,269] {processor.py:653} WARNING - No viable dags retrieved from /home/airflow/dags/Lead_scoring_data_pipeline/lead_scoring_data_pipeline.py
[2025-02-14 14:21:15,290] {processor.py:161} INFO - Processing /home/airflow/dags/Lead_scoring_data_pipeline/lead_scoring_data_pipeline.py took 0.476 seconds
[2025-02-14 14:21:46,282] {processor.py:153} INFO - Started process (PID=3356) to work on /home/airflow/dags/Lead_scoring_data_pipeline/lead_scoring_data_pipeline.py
[2025-02-14 14:21:46,304] {processor.py:641} INFO - Processing file /home/airflow/dags/Lead_scoring_data_pipeline/lead_scoring_data_pipeline.py for tasks to queue
[2025-02-14 14:21:46,305] {logging_mixin.py:115} INFO - [2025-02-14 14:21:46,305] {dagbag.py:508} INFO - Filling up the DagBag from /home/airflow/dags/Lead_scoring_data_pipeline/lead_scoring_data_pipeline.py
[2025-02-14 14:21:46,621] {logging_mixin.py:115} INFO - [2025-02-14 14:21:46,620] {utils.py:145} INFO - Note: NumExpr detected 64 cores but "NUMEXPR_MAX_THREADS" not set, so enforcing safe limit of 8.
[2025-02-14 14:21:46,621] {logging_mixin.py:115} INFO - [2025-02-14 14:21:46,621] {utils.py:157} INFO - NumExpr defaulting to 8 threads.
[2025-02-14 14:21:46,762] {logging_mixin.py:115} INFO - [2025-02-14 14:21:46,761] {dagbag.py:321} ERROR - Failed to import: /home/airflow/dags/Lead_scoring_data_pipeline/lead_scoring_data_pipeline.py
Traceback (most recent call last):
  File "/opt/conda/lib/python3.8/site-packages/airflow/models/dagbag.py", line 318, in parse
    loader.exec_module(new_module)
  File "<frozen importlib._bootstrap_external>", line 843, in exec_module
  File "<frozen importlib._bootstrap>", line 219, in _call_with_frames_removed
  File "/home/airflow/dags/Lead_scoring_data_pipeline/lead_scoring_data_pipeline.py", line 11, in <module>
    from Lead_scoring_data_pipeline.data_validation_checks import *
  File "/home/airflow/dags/Lead_scoring_data_pipeline/data_validation_checks.py", line 7, in <module>
    from constants import *
ModuleNotFoundError: No module named 'constants'
[2025-02-14 14:21:46,762] {processor.py:653} WARNING - No viable dags retrieved from /home/airflow/dags/Lead_scoring_data_pipeline/lead_scoring_data_pipeline.py
[2025-02-14 14:21:46,783] {processor.py:161} INFO - Processing /home/airflow/dags/Lead_scoring_data_pipeline/lead_scoring_data_pipeline.py took 0.505 seconds
[2025-02-14 14:22:19,877] {processor.py:153} INFO - Started process (PID=3400) to work on /home/airflow/dags/Lead_scoring_data_pipeline/lead_scoring_data_pipeline.py
[2025-02-14 14:22:19,894] {processor.py:641} INFO - Processing file /home/airflow/dags/Lead_scoring_data_pipeline/lead_scoring_data_pipeline.py for tasks to queue
[2025-02-14 14:22:19,895] {logging_mixin.py:115} INFO - [2025-02-14 14:22:19,895] {dagbag.py:508} INFO - Filling up the DagBag from /home/airflow/dags/Lead_scoring_data_pipeline/lead_scoring_data_pipeline.py
[2025-02-14 14:22:20,200] {logging_mixin.py:115} INFO - [2025-02-14 14:22:20,200] {utils.py:145} INFO - Note: NumExpr detected 64 cores but "NUMEXPR_MAX_THREADS" not set, so enforcing safe limit of 8.
[2025-02-14 14:22:20,200] {logging_mixin.py:115} INFO - [2025-02-14 14:22:20,200] {utils.py:157} INFO - NumExpr defaulting to 8 threads.
[2025-02-14 14:22:20,337] {logging_mixin.py:115} INFO - [2025-02-14 14:22:20,336] {dagbag.py:321} ERROR - Failed to import: /home/airflow/dags/Lead_scoring_data_pipeline/lead_scoring_data_pipeline.py
Traceback (most recent call last):
  File "/opt/conda/lib/python3.8/site-packages/airflow/models/dagbag.py", line 318, in parse
    loader.exec_module(new_module)
  File "<frozen importlib._bootstrap_external>", line 843, in exec_module
  File "<frozen importlib._bootstrap>", line 219, in _call_with_frames_removed
  File "/home/airflow/dags/Lead_scoring_data_pipeline/lead_scoring_data_pipeline.py", line 11, in <module>
    from Lead_scoring_data_pipeline.data_validation_checks import *
  File "/home/airflow/dags/Lead_scoring_data_pipeline/data_validation_checks.py", line 7, in <module>
    from constants import *
ModuleNotFoundError: No module named 'constants'
[2025-02-14 14:22:20,337] {processor.py:653} WARNING - No viable dags retrieved from /home/airflow/dags/Lead_scoring_data_pipeline/lead_scoring_data_pipeline.py
[2025-02-14 14:22:20,358] {processor.py:161} INFO - Processing /home/airflow/dags/Lead_scoring_data_pipeline/lead_scoring_data_pipeline.py took 0.484 seconds
[2025-02-14 14:23:04,145] {processor.py:153} INFO - Started process (PID=3454) to work on /home/airflow/dags/Lead_scoring_data_pipeline/lead_scoring_data_pipeline.py
[2025-02-14 14:23:04,145] {processor.py:641} INFO - Processing file /home/airflow/dags/Lead_scoring_data_pipeline/lead_scoring_data_pipeline.py for tasks to queue
[2025-02-14 14:23:04,146] {logging_mixin.py:115} INFO - [2025-02-14 14:23:04,146] {dagbag.py:508} INFO - Filling up the DagBag from /home/airflow/dags/Lead_scoring_data_pipeline/lead_scoring_data_pipeline.py
[2025-02-14 14:23:04,464] {logging_mixin.py:115} INFO - [2025-02-14 14:23:04,464] {utils.py:145} INFO - Note: NumExpr detected 64 cores but "NUMEXPR_MAX_THREADS" not set, so enforcing safe limit of 8.
[2025-02-14 14:23:04,464] {logging_mixin.py:115} INFO - [2025-02-14 14:23:04,464] {utils.py:157} INFO - NumExpr defaulting to 8 threads.
[2025-02-14 14:23:04,605] {processor.py:651} INFO - DAG(s) dict_keys(['TK_Lead_Scoring_Data_Engineering_Pipeline']) retrieved from /home/airflow/dags/Lead_scoring_data_pipeline/lead_scoring_data_pipeline.py
[2025-02-14 14:23:04,674] {logging_mixin.py:115} INFO - [2025-02-14 14:23:04,674] {manager.py:508} INFO - Created Permission View: can read on DAG:TK_Lead_Scoring_Data_Engineering_Pipeline
[2025-02-14 14:23:04,690] {logging_mixin.py:115} INFO - [2025-02-14 14:23:04,690] {manager.py:508} INFO - Created Permission View: can delete on DAG:TK_Lead_Scoring_Data_Engineering_Pipeline
[2025-02-14 14:23:04,704] {logging_mixin.py:115} INFO - [2025-02-14 14:23:04,704] {manager.py:508} INFO - Created Permission View: can edit on DAG:TK_Lead_Scoring_Data_Engineering_Pipeline
[2025-02-14 14:23:04,705] {logging_mixin.py:115} INFO - [2025-02-14 14:23:04,704] {dag.py:2420} INFO - Sync 1 DAGs
[2025-02-14 14:23:04,710] {logging_mixin.py:115} INFO - [2025-02-14 14:23:04,710] {dag.py:2439} INFO - Creating ORM DAG for TK_Lead_Scoring_Data_Engineering_Pipeline
[2025-02-14 14:23:04,718] {logging_mixin.py:115} INFO - [2025-02-14 14:23:04,718] {dag.py:2968} INFO - Setting next_dagrun for TK_Lead_Scoring_Data_Engineering_Pipeline to 2025-02-14T00:00:00+00:00, run_after=2025-02-15T00:00:00+00:00
[2025-02-14 14:23:04,759] {processor.py:161} INFO - Processing /home/airflow/dags/Lead_scoring_data_pipeline/lead_scoring_data_pipeline.py took 0.617 seconds
[2025-02-14 14:23:20,153] {processor.py:153} INFO - Started process (PID=3515) to work on /home/airflow/dags/Lead_scoring_data_pipeline/lead_scoring_data_pipeline.py
[2025-02-14 14:23:20,172] {processor.py:641} INFO - Processing file /home/airflow/dags/Lead_scoring_data_pipeline/lead_scoring_data_pipeline.py for tasks to queue
[2025-02-14 14:23:20,173] {logging_mixin.py:115} INFO - [2025-02-14 14:23:20,173] {dagbag.py:508} INFO - Filling up the DagBag from /home/airflow/dags/Lead_scoring_data_pipeline/lead_scoring_data_pipeline.py
[2025-02-14 14:23:20,458] {logging_mixin.py:115} INFO - [2025-02-14 14:23:20,458] {utils.py:145} INFO - Note: NumExpr detected 64 cores but "NUMEXPR_MAX_THREADS" not set, so enforcing safe limit of 8.
[2025-02-14 14:23:20,459] {logging_mixin.py:115} INFO - [2025-02-14 14:23:20,459] {utils.py:157} INFO - NumExpr defaulting to 8 threads.
[2025-02-14 14:23:20,595] {processor.py:651} INFO - DAG(s) dict_keys(['TK_Lead_Scoring_Data_Engineering_Pipeline']) retrieved from /home/airflow/dags/Lead_scoring_data_pipeline/lead_scoring_data_pipeline.py
[2025-02-14 14:23:20,600] {logging_mixin.py:115} INFO - [2025-02-14 14:23:20,600] {dag.py:2420} INFO - Sync 1 DAGs
[2025-02-14 14:23:20,612] {logging_mixin.py:115} INFO - [2025-02-14 14:23:20,612] {dag.py:2968} INFO - Setting next_dagrun for TK_Lead_Scoring_Data_Engineering_Pipeline to 2025-02-14T00:00:00+00:00, run_after=2025-02-15T00:00:00+00:00
[2025-02-14 14:23:20,631] {processor.py:161} INFO - Processing /home/airflow/dags/Lead_scoring_data_pipeline/lead_scoring_data_pipeline.py took 0.481 seconds
[2025-02-14 14:24:02,104] {processor.py:153} INFO - Started process (PID=3570) to work on /home/airflow/dags/Lead_scoring_data_pipeline/lead_scoring_data_pipeline.py
[2025-02-14 14:24:02,123] {processor.py:641} INFO - Processing file /home/airflow/dags/Lead_scoring_data_pipeline/lead_scoring_data_pipeline.py for tasks to queue
[2025-02-14 14:24:02,123] {logging_mixin.py:115} INFO - [2025-02-14 14:24:02,123] {dagbag.py:508} INFO - Filling up the DagBag from /home/airflow/dags/Lead_scoring_data_pipeline/lead_scoring_data_pipeline.py
[2025-02-14 14:24:02,413] {logging_mixin.py:115} INFO - [2025-02-14 14:24:02,413] {utils.py:145} INFO - Note: NumExpr detected 64 cores but "NUMEXPR_MAX_THREADS" not set, so enforcing safe limit of 8.
[2025-02-14 14:24:02,413] {logging_mixin.py:115} INFO - [2025-02-14 14:24:02,413] {utils.py:157} INFO - NumExpr defaulting to 8 threads.
[2025-02-14 14:24:02,552] {processor.py:651} INFO - DAG(s) dict_keys(['TK_Lead_Scoring_Data_Engineering_Pipeline']) retrieved from /home/airflow/dags/Lead_scoring_data_pipeline/lead_scoring_data_pipeline.py
[2025-02-14 14:24:02,561] {logging_mixin.py:115} INFO - [2025-02-14 14:24:02,561] {dag.py:2420} INFO - Sync 1 DAGs
[2025-02-14 14:24:02,574] {logging_mixin.py:115} INFO - [2025-02-14 14:24:02,574] {dag.py:2968} INFO - Setting next_dagrun for TK_Lead_Scoring_Data_Engineering_Pipeline to 2025-02-14T00:00:00+00:00, run_after=2025-02-15T00:00:00+00:00
[2025-02-14 14:24:02,593] {processor.py:161} INFO - Processing /home/airflow/dags/Lead_scoring_data_pipeline/lead_scoring_data_pipeline.py took 0.492 seconds
[2025-02-14 14:24:40,493] {processor.py:153} INFO - Started process (PID=3620) to work on /home/airflow/dags/Lead_scoring_data_pipeline/lead_scoring_data_pipeline.py
[2025-02-14 14:24:40,505] {processor.py:641} INFO - Processing file /home/airflow/dags/Lead_scoring_data_pipeline/lead_scoring_data_pipeline.py for tasks to queue
[2025-02-14 14:24:40,505] {logging_mixin.py:115} INFO - [2025-02-14 14:24:40,505] {dagbag.py:508} INFO - Filling up the DagBag from /home/airflow/dags/Lead_scoring_data_pipeline/lead_scoring_data_pipeline.py
[2025-02-14 14:24:40,815] {logging_mixin.py:115} INFO - [2025-02-14 14:24:40,815] {utils.py:145} INFO - Note: NumExpr detected 64 cores but "NUMEXPR_MAX_THREADS" not set, so enforcing safe limit of 8.
[2025-02-14 14:24:40,816] {logging_mixin.py:115} INFO - [2025-02-14 14:24:40,815] {utils.py:157} INFO - NumExpr defaulting to 8 threads.
[2025-02-14 14:24:40,957] {processor.py:651} INFO - DAG(s) dict_keys(['TK_Lead_Scoring_Data_Engineering_Pipeline']) retrieved from /home/airflow/dags/Lead_scoring_data_pipeline/lead_scoring_data_pipeline.py
[2025-02-14 14:24:40,987] {logging_mixin.py:115} INFO - [2025-02-14 14:24:40,987] {dag.py:2420} INFO - Sync 1 DAGs
[2025-02-14 14:24:40,999] {logging_mixin.py:115} INFO - [2025-02-14 14:24:40,999] {dag.py:2968} INFO - Setting next_dagrun for TK_Lead_Scoring_Data_Engineering_Pipeline to 2025-02-14T00:00:00+00:00, run_after=2025-02-15T00:00:00+00:00
[2025-02-14 14:24:41,020] {processor.py:161} INFO - Processing /home/airflow/dags/Lead_scoring_data_pipeline/lead_scoring_data_pipeline.py took 0.530 seconds
[2025-02-14 14:25:27,278] {processor.py:153} INFO - Started process (PID=3674) to work on /home/airflow/dags/Lead_scoring_data_pipeline/lead_scoring_data_pipeline.py
[2025-02-14 14:25:27,287] {processor.py:641} INFO - Processing file /home/airflow/dags/Lead_scoring_data_pipeline/lead_scoring_data_pipeline.py for tasks to queue
[2025-02-14 14:25:27,287] {logging_mixin.py:115} INFO - [2025-02-14 14:25:27,287] {dagbag.py:508} INFO - Filling up the DagBag from /home/airflow/dags/Lead_scoring_data_pipeline/lead_scoring_data_pipeline.py
[2025-02-14 14:25:27,578] {logging_mixin.py:115} INFO - [2025-02-14 14:25:27,578] {utils.py:145} INFO - Note: NumExpr detected 64 cores but "NUMEXPR_MAX_THREADS" not set, so enforcing safe limit of 8.
[2025-02-14 14:25:27,578] {logging_mixin.py:115} INFO - [2025-02-14 14:25:27,578] {utils.py:157} INFO - NumExpr defaulting to 8 threads.
[2025-02-14 14:25:27,718] {processor.py:651} INFO - DAG(s) dict_keys(['TK_Lead_Scoring_Data_Engineering_Pipeline']) retrieved from /home/airflow/dags/Lead_scoring_data_pipeline/lead_scoring_data_pipeline.py
[2025-02-14 14:25:27,727] {logging_mixin.py:115} INFO - [2025-02-14 14:25:27,727] {dag.py:2420} INFO - Sync 1 DAGs
[2025-02-14 14:25:27,741] {logging_mixin.py:115} INFO - [2025-02-14 14:25:27,740] {dag.py:2968} INFO - Setting next_dagrun for TK_Lead_Scoring_Data_Engineering_Pipeline to 2025-02-14T00:00:00+00:00, run_after=2025-02-15T00:00:00+00:00
[2025-02-14 14:25:27,759] {processor.py:161} INFO - Processing /home/airflow/dags/Lead_scoring_data_pipeline/lead_scoring_data_pipeline.py took 0.485 seconds
[2025-02-14 14:26:10,665] {processor.py:153} INFO - Started process (PID=3728) to work on /home/airflow/dags/Lead_scoring_data_pipeline/lead_scoring_data_pipeline.py
[2025-02-14 14:26:10,673] {processor.py:641} INFO - Processing file /home/airflow/dags/Lead_scoring_data_pipeline/lead_scoring_data_pipeline.py for tasks to queue
[2025-02-14 14:26:10,673] {logging_mixin.py:115} INFO - [2025-02-14 14:26:10,673] {dagbag.py:508} INFO - Filling up the DagBag from /home/airflow/dags/Lead_scoring_data_pipeline/lead_scoring_data_pipeline.py
[2025-02-14 14:26:10,962] {logging_mixin.py:115} INFO - [2025-02-14 14:26:10,962] {utils.py:145} INFO - Note: NumExpr detected 64 cores but "NUMEXPR_MAX_THREADS" not set, so enforcing safe limit of 8.
[2025-02-14 14:26:10,962] {logging_mixin.py:115} INFO - [2025-02-14 14:26:10,962] {utils.py:157} INFO - NumExpr defaulting to 8 threads.
[2025-02-14 14:26:11,101] {processor.py:651} INFO - DAG(s) dict_keys(['TK_Lead_Scoring_Data_Engineering_Pipeline']) retrieved from /home/airflow/dags/Lead_scoring_data_pipeline/lead_scoring_data_pipeline.py
[2025-02-14 14:26:11,131] {logging_mixin.py:115} INFO - [2025-02-14 14:26:11,131] {dag.py:2420} INFO - Sync 1 DAGs
[2025-02-14 14:26:11,143] {logging_mixin.py:115} INFO - [2025-02-14 14:26:11,143] {dag.py:2968} INFO - Setting next_dagrun for TK_Lead_Scoring_Data_Engineering_Pipeline to 2025-02-14T00:00:00+00:00, run_after=2025-02-15T00:00:00+00:00
[2025-02-14 14:26:11,165] {processor.py:161} INFO - Processing /home/airflow/dags/Lead_scoring_data_pipeline/lead_scoring_data_pipeline.py took 0.503 seconds
[2025-02-14 14:26:51,397] {processor.py:153} INFO - Started process (PID=3779) to work on /home/airflow/dags/Lead_scoring_data_pipeline/lead_scoring_data_pipeline.py
[2025-02-14 14:26:51,401] {processor.py:641} INFO - Processing file /home/airflow/dags/Lead_scoring_data_pipeline/lead_scoring_data_pipeline.py for tasks to queue
[2025-02-14 14:26:51,402] {logging_mixin.py:115} INFO - [2025-02-14 14:26:51,401] {dagbag.py:508} INFO - Filling up the DagBag from /home/airflow/dags/Lead_scoring_data_pipeline/lead_scoring_data_pipeline.py
[2025-02-14 14:26:51,690] {logging_mixin.py:115} INFO - [2025-02-14 14:26:51,690] {utils.py:145} INFO - Note: NumExpr detected 64 cores but "NUMEXPR_MAX_THREADS" not set, so enforcing safe limit of 8.
[2025-02-14 14:26:51,690] {logging_mixin.py:115} INFO - [2025-02-14 14:26:51,690] {utils.py:157} INFO - NumExpr defaulting to 8 threads.
[2025-02-14 14:26:51,830] {processor.py:651} INFO - DAG(s) dict_keys(['TK_Lead_Scoring_Data_Engineering_Pipeline']) retrieved from /home/airflow/dags/Lead_scoring_data_pipeline/lead_scoring_data_pipeline.py
[2025-02-14 14:26:51,840] {logging_mixin.py:115} INFO - [2025-02-14 14:26:51,839] {dag.py:2420} INFO - Sync 1 DAGs
[2025-02-14 14:26:51,853] {logging_mixin.py:115} INFO - [2025-02-14 14:26:51,853] {dag.py:2968} INFO - Setting next_dagrun for TK_Lead_Scoring_Data_Engineering_Pipeline to 2025-02-14T00:00:00+00:00, run_after=2025-02-15T00:00:00+00:00
[2025-02-14 14:26:51,872] {processor.py:161} INFO - Processing /home/airflow/dags/Lead_scoring_data_pipeline/lead_scoring_data_pipeline.py took 0.478 seconds
[2025-02-14 14:27:35,985] {processor.py:153} INFO - Started process (PID=3833) to work on /home/airflow/dags/Lead_scoring_data_pipeline/lead_scoring_data_pipeline.py
[2025-02-14 14:27:35,999] {processor.py:641} INFO - Processing file /home/airflow/dags/Lead_scoring_data_pipeline/lead_scoring_data_pipeline.py for tasks to queue
[2025-02-14 14:27:36,000] {logging_mixin.py:115} INFO - [2025-02-14 14:27:36,000] {dagbag.py:508} INFO - Filling up the DagBag from /home/airflow/dags/Lead_scoring_data_pipeline/lead_scoring_data_pipeline.py
[2025-02-14 14:27:36,289] {logging_mixin.py:115} INFO - [2025-02-14 14:27:36,289] {utils.py:145} INFO - Note: NumExpr detected 64 cores but "NUMEXPR_MAX_THREADS" not set, so enforcing safe limit of 8.
[2025-02-14 14:27:36,289] {logging_mixin.py:115} INFO - [2025-02-14 14:27:36,289] {utils.py:157} INFO - NumExpr defaulting to 8 threads.
[2025-02-14 14:27:36,429] {processor.py:651} INFO - DAG(s) dict_keys(['TK_Lead_Scoring_Data_Engineering_Pipeline']) retrieved from /home/airflow/dags/Lead_scoring_data_pipeline/lead_scoring_data_pipeline.py
[2025-02-14 14:27:36,460] {logging_mixin.py:115} INFO - [2025-02-14 14:27:36,460] {dag.py:2420} INFO - Sync 1 DAGs
[2025-02-14 14:27:36,472] {logging_mixin.py:115} INFO - [2025-02-14 14:27:36,472] {dag.py:2968} INFO - Setting next_dagrun for TK_Lead_Scoring_Data_Engineering_Pipeline to 2025-02-14T00:00:00+00:00, run_after=2025-02-15T00:00:00+00:00
[2025-02-14 14:27:36,492] {processor.py:161} INFO - Processing /home/airflow/dags/Lead_scoring_data_pipeline/lead_scoring_data_pipeline.py took 0.510 seconds
[2025-02-14 14:28:08,377] {processor.py:153} INFO - Started process (PID=3876) to work on /home/airflow/dags/Lead_scoring_data_pipeline/lead_scoring_data_pipeline.py
[2025-02-14 14:28:08,387] {processor.py:641} INFO - Processing file /home/airflow/dags/Lead_scoring_data_pipeline/lead_scoring_data_pipeline.py for tasks to queue
[2025-02-14 14:28:08,388] {logging_mixin.py:115} INFO - [2025-02-14 14:28:08,388] {dagbag.py:508} INFO - Filling up the DagBag from /home/airflow/dags/Lead_scoring_data_pipeline/lead_scoring_data_pipeline.py
[2025-02-14 14:28:08,682] {logging_mixin.py:115} INFO - [2025-02-14 14:28:08,682] {utils.py:145} INFO - Note: NumExpr detected 64 cores but "NUMEXPR_MAX_THREADS" not set, so enforcing safe limit of 8.
[2025-02-14 14:28:08,682] {logging_mixin.py:115} INFO - [2025-02-14 14:28:08,682] {utils.py:157} INFO - NumExpr defaulting to 8 threads.
[2025-02-14 14:28:08,821] {processor.py:651} INFO - DAG(s) dict_keys(['TK_Lead_Scoring_Data_Engineering_Pipeline']) retrieved from /home/airflow/dags/Lead_scoring_data_pipeline/lead_scoring_data_pipeline.py
[2025-02-14 14:28:08,830] {logging_mixin.py:115} INFO - [2025-02-14 14:28:08,829] {dag.py:2420} INFO - Sync 1 DAGs
[2025-02-14 14:28:08,843] {logging_mixin.py:115} INFO - [2025-02-14 14:28:08,843] {dag.py:2968} INFO - Setting next_dagrun for TK_Lead_Scoring_Data_Engineering_Pipeline to 2025-02-14T00:00:00+00:00, run_after=2025-02-15T00:00:00+00:00
[2025-02-14 14:28:08,861] {processor.py:161} INFO - Processing /home/airflow/dags/Lead_scoring_data_pipeline/lead_scoring_data_pipeline.py took 0.487 seconds
[2025-02-14 14:28:38,928] {processor.py:153} INFO - Started process (PID=3918) to work on /home/airflow/dags/Lead_scoring_data_pipeline/lead_scoring_data_pipeline.py
[2025-02-14 14:28:38,928] {processor.py:641} INFO - Processing file /home/airflow/dags/Lead_scoring_data_pipeline/lead_scoring_data_pipeline.py for tasks to queue
[2025-02-14 14:28:38,929] {logging_mixin.py:115} INFO - [2025-02-14 14:28:38,929] {dagbag.py:508} INFO - Filling up the DagBag from /home/airflow/dags/Lead_scoring_data_pipeline/lead_scoring_data_pipeline.py
[2025-02-14 14:28:39,112] {logging_mixin.py:115} INFO - [2025-02-14 14:28:39,112] {utils.py:145} INFO - Note: NumExpr detected 64 cores but "NUMEXPR_MAX_THREADS" not set, so enforcing safe limit of 8.
[2025-02-14 14:28:39,112] {logging_mixin.py:115} INFO - [2025-02-14 14:28:39,112] {utils.py:157} INFO - NumExpr defaulting to 8 threads.
[2025-02-14 14:28:39,255] {processor.py:651} INFO - DAG(s) dict_keys(['TK_Lead_Scoring_Data_Engineering_Pipeline']) retrieved from /home/airflow/dags/Lead_scoring_data_pipeline/lead_scoring_data_pipeline.py
[2025-02-14 14:28:39,261] {logging_mixin.py:115} INFO - [2025-02-14 14:28:39,260] {dag.py:2420} INFO - Sync 1 DAGs
[2025-02-14 14:28:39,276] {logging_mixin.py:115} INFO - [2025-02-14 14:28:39,276] {dag.py:2968} INFO - Setting next_dagrun for TK_Lead_Scoring_Data_Engineering_Pipeline to 2025-02-14T00:00:00+00:00, run_after=2025-02-15T00:00:00+00:00
[2025-02-14 14:28:39,295] {processor.py:161} INFO - Processing /home/airflow/dags/Lead_scoring_data_pipeline/lead_scoring_data_pipeline.py took 0.370 seconds
[2025-02-14 14:29:16,557] {processor.py:153} INFO - Started process (PID=3970) to work on /home/airflow/dags/Lead_scoring_data_pipeline/lead_scoring_data_pipeline.py
[2025-02-14 14:29:16,566] {processor.py:641} INFO - Processing file /home/airflow/dags/Lead_scoring_data_pipeline/lead_scoring_data_pipeline.py for tasks to queue
[2025-02-14 14:29:16,567] {logging_mixin.py:115} INFO - [2025-02-14 14:29:16,567] {dagbag.py:508} INFO - Filling up the DagBag from /home/airflow/dags/Lead_scoring_data_pipeline/lead_scoring_data_pipeline.py
[2025-02-14 14:29:16,756] {logging_mixin.py:115} INFO - [2025-02-14 14:29:16,756] {utils.py:145} INFO - Note: NumExpr detected 64 cores but "NUMEXPR_MAX_THREADS" not set, so enforcing safe limit of 8.
[2025-02-14 14:29:16,756] {logging_mixin.py:115} INFO - [2025-02-14 14:29:16,756] {utils.py:157} INFO - NumExpr defaulting to 8 threads.
[2025-02-14 14:29:16,899] {processor.py:651} INFO - DAG(s) dict_keys(['TK_Lead_Scoring_Data_Engineering_Pipeline']) retrieved from /home/airflow/dags/Lead_scoring_data_pipeline/lead_scoring_data_pipeline.py
[2025-02-14 14:29:16,933] {logging_mixin.py:115} INFO - [2025-02-14 14:29:16,933] {dag.py:2420} INFO - Sync 1 DAGs
[2025-02-14 14:29:16,946] {logging_mixin.py:115} INFO - [2025-02-14 14:29:16,946] {dag.py:2968} INFO - Setting next_dagrun for TK_Lead_Scoring_Data_Engineering_Pipeline to 2025-02-14T00:00:00+00:00, run_after=2025-02-15T00:00:00+00:00
[2025-02-14 14:29:16,968] {processor.py:161} INFO - Processing /home/airflow/dags/Lead_scoring_data_pipeline/lead_scoring_data_pipeline.py took 0.414 seconds
[2025-02-14 14:29:47,870] {processor.py:153} INFO - Started process (PID=4015) to work on /home/airflow/dags/Lead_scoring_data_pipeline/lead_scoring_data_pipeline.py
[2025-02-14 14:29:47,874] {processor.py:641} INFO - Processing file /home/airflow/dags/Lead_scoring_data_pipeline/lead_scoring_data_pipeline.py for tasks to queue
[2025-02-14 14:29:47,874] {logging_mixin.py:115} INFO - [2025-02-14 14:29:47,874] {dagbag.py:508} INFO - Filling up the DagBag from /home/airflow/dags/Lead_scoring_data_pipeline/lead_scoring_data_pipeline.py
[2025-02-14 14:29:48,056] {logging_mixin.py:115} INFO - [2025-02-14 14:29:48,056] {utils.py:145} INFO - Note: NumExpr detected 64 cores but "NUMEXPR_MAX_THREADS" not set, so enforcing safe limit of 8.
[2025-02-14 14:29:48,056] {logging_mixin.py:115} INFO - [2025-02-14 14:29:48,056] {utils.py:157} INFO - NumExpr defaulting to 8 threads.
[2025-02-14 14:29:48,198] {processor.py:651} INFO - DAG(s) dict_keys(['TK_Lead_Scoring_Data_Engineering_Pipeline']) retrieved from /home/airflow/dags/Lead_scoring_data_pipeline/lead_scoring_data_pipeline.py
[2025-02-14 14:29:48,209] {logging_mixin.py:115} INFO - [2025-02-14 14:29:48,209] {dag.py:2420} INFO - Sync 1 DAGs
[2025-02-14 14:29:48,224] {logging_mixin.py:115} INFO - [2025-02-14 14:29:48,224] {dag.py:2968} INFO - Setting next_dagrun for TK_Lead_Scoring_Data_Engineering_Pipeline to 2025-02-14T00:00:00+00:00, run_after=2025-02-15T00:00:00+00:00
[2025-02-14 14:29:48,245] {processor.py:161} INFO - Processing /home/airflow/dags/Lead_scoring_data_pipeline/lead_scoring_data_pipeline.py took 0.379 seconds
[2025-02-14 14:30:19,533] {processor.py:153} INFO - Started process (PID=4062) to work on /home/airflow/dags/Lead_scoring_data_pipeline/lead_scoring_data_pipeline.py
[2025-02-14 14:30:19,544] {processor.py:641} INFO - Processing file /home/airflow/dags/Lead_scoring_data_pipeline/lead_scoring_data_pipeline.py for tasks to queue
[2025-02-14 14:30:19,544] {logging_mixin.py:115} INFO - [2025-02-14 14:30:19,544] {dagbag.py:508} INFO - Filling up the DagBag from /home/airflow/dags/Lead_scoring_data_pipeline/lead_scoring_data_pipeline.py
[2025-02-14 14:30:19,733] {logging_mixin.py:115} INFO - [2025-02-14 14:30:19,733] {utils.py:145} INFO - Note: NumExpr detected 64 cores but "NUMEXPR_MAX_THREADS" not set, so enforcing safe limit of 8.
[2025-02-14 14:30:19,733] {logging_mixin.py:115} INFO - [2025-02-14 14:30:19,733] {utils.py:157} INFO - NumExpr defaulting to 8 threads.
[2025-02-14 14:30:19,874] {processor.py:651} INFO - DAG(s) dict_keys(['TK_Lead_Scoring_Data_Engineering_Pipeline']) retrieved from /home/airflow/dags/Lead_scoring_data_pipeline/lead_scoring_data_pipeline.py
[2025-02-14 14:30:19,880] {logging_mixin.py:115} INFO - [2025-02-14 14:30:19,880] {dag.py:2420} INFO - Sync 1 DAGs
[2025-02-14 14:30:19,895] {logging_mixin.py:115} INFO - [2025-02-14 14:30:19,895] {dag.py:2968} INFO - Setting next_dagrun for TK_Lead_Scoring_Data_Engineering_Pipeline to 2025-02-14T00:00:00+00:00, run_after=2025-02-15T00:00:00+00:00
[2025-02-14 14:30:19,914] {processor.py:161} INFO - Processing /home/airflow/dags/Lead_scoring_data_pipeline/lead_scoring_data_pipeline.py took 0.384 seconds
[2025-02-14 14:30:53,462] {processor.py:153} INFO - Started process (PID=4111) to work on /home/airflow/dags/Lead_scoring_data_pipeline/lead_scoring_data_pipeline.py
[2025-02-14 14:30:53,468] {processor.py:641} INFO - Processing file /home/airflow/dags/Lead_scoring_data_pipeline/lead_scoring_data_pipeline.py for tasks to queue
[2025-02-14 14:30:53,468] {logging_mixin.py:115} INFO - [2025-02-14 14:30:53,468] {dagbag.py:508} INFO - Filling up the DagBag from /home/airflow/dags/Lead_scoring_data_pipeline/lead_scoring_data_pipeline.py
[2025-02-14 14:30:53,692] {logging_mixin.py:115} INFO - [2025-02-14 14:30:53,692] {utils.py:145} INFO - Note: NumExpr detected 64 cores but "NUMEXPR_MAX_THREADS" not set, so enforcing safe limit of 8.
[2025-02-14 14:30:53,692] {logging_mixin.py:115} INFO - [2025-02-14 14:30:53,692] {utils.py:157} INFO - NumExpr defaulting to 8 threads.
[2025-02-14 14:30:53,834] {processor.py:651} INFO - DAG(s) dict_keys(['TK_Lead_Scoring_Data_Engineering_Pipeline']) retrieved from /home/airflow/dags/Lead_scoring_data_pipeline/lead_scoring_data_pipeline.py
[2025-02-14 14:30:53,868] {logging_mixin.py:115} INFO - [2025-02-14 14:30:53,867] {dag.py:2420} INFO - Sync 1 DAGs
[2025-02-14 14:30:53,880] {logging_mixin.py:115} INFO - [2025-02-14 14:30:53,880] {dag.py:2968} INFO - Setting next_dagrun for TK_Lead_Scoring_Data_Engineering_Pipeline to 2025-02-14T00:00:00+00:00, run_after=2025-02-15T00:00:00+00:00
[2025-02-14 14:30:53,903] {processor.py:161} INFO - Processing /home/airflow/dags/Lead_scoring_data_pipeline/lead_scoring_data_pipeline.py took 0.444 seconds
[2025-02-14 14:31:28,940] {processor.py:153} INFO - Started process (PID=4162) to work on /home/airflow/dags/Lead_scoring_data_pipeline/lead_scoring_data_pipeline.py
[2025-02-14 14:31:28,956] {processor.py:641} INFO - Processing file /home/airflow/dags/Lead_scoring_data_pipeline/lead_scoring_data_pipeline.py for tasks to queue
[2025-02-14 14:31:28,957] {logging_mixin.py:115} INFO - [2025-02-14 14:31:28,957] {dagbag.py:508} INFO - Filling up the DagBag from /home/airflow/dags/Lead_scoring_data_pipeline/lead_scoring_data_pipeline.py
[2025-02-14 14:31:29,138] {logging_mixin.py:115} INFO - [2025-02-14 14:31:29,138] {utils.py:145} INFO - Note: NumExpr detected 64 cores but "NUMEXPR_MAX_THREADS" not set, so enforcing safe limit of 8.
[2025-02-14 14:31:29,138] {logging_mixin.py:115} INFO - [2025-02-14 14:31:29,138] {utils.py:157} INFO - NumExpr defaulting to 8 threads.
[2025-02-14 14:31:29,285] {processor.py:651} INFO - DAG(s) dict_keys(['TK_Lead_Scoring_Data_Engineering_Pipeline']) retrieved from /home/airflow/dags/Lead_scoring_data_pipeline/lead_scoring_data_pipeline.py
[2025-02-14 14:31:29,296] {logging_mixin.py:115} INFO - [2025-02-14 14:31:29,296] {dag.py:2420} INFO - Sync 1 DAGs
[2025-02-14 14:31:29,311] {logging_mixin.py:115} INFO - [2025-02-14 14:31:29,311] {dag.py:2968} INFO - Setting next_dagrun for TK_Lead_Scoring_Data_Engineering_Pipeline to 2025-02-14T00:00:00+00:00, run_after=2025-02-15T00:00:00+00:00
[2025-02-14 14:31:29,332] {processor.py:161} INFO - Processing /home/airflow/dags/Lead_scoring_data_pipeline/lead_scoring_data_pipeline.py took 0.395 seconds
[2025-02-14 14:33:11,178] {processor.py:153} INFO - Started process (PID=4327) to work on /home/airflow/dags/Lead_scoring_data_pipeline/lead_scoring_data_pipeline.py
[2025-02-14 14:33:11,197] {processor.py:641} INFO - Processing file /home/airflow/dags/Lead_scoring_data_pipeline/lead_scoring_data_pipeline.py for tasks to queue
[2025-02-14 14:33:11,198] {logging_mixin.py:115} INFO - [2025-02-14 14:33:11,198] {dagbag.py:508} INFO - Filling up the DagBag from /home/airflow/dags/Lead_scoring_data_pipeline/lead_scoring_data_pipeline.py
[2025-02-14 14:33:11,380] {logging_mixin.py:115} INFO - [2025-02-14 14:33:11,380] {utils.py:145} INFO - Note: NumExpr detected 64 cores but "NUMEXPR_MAX_THREADS" not set, so enforcing safe limit of 8.
[2025-02-14 14:33:11,380] {logging_mixin.py:115} INFO - [2025-02-14 14:33:11,380] {utils.py:157} INFO - NumExpr defaulting to 8 threads.
[2025-02-14 14:33:11,522] {processor.py:651} INFO - DAG(s) dict_keys(['TK_Lead_Scoring_Data_Engineering_Pipeline']) retrieved from /home/airflow/dags/Lead_scoring_data_pipeline/lead_scoring_data_pipeline.py
[2025-02-14 14:33:11,557] {logging_mixin.py:115} INFO - [2025-02-14 14:33:11,556] {dag.py:2420} INFO - Sync 1 DAGs
[2025-02-14 14:33:11,569] {logging_mixin.py:115} INFO - [2025-02-14 14:33:11,569] {dag.py:2968} INFO - Setting next_dagrun for TK_Lead_Scoring_Data_Engineering_Pipeline to 2025-02-14T00:00:00+00:00, run_after=2025-02-15T00:00:00+00:00
[2025-02-14 14:33:11,593] {processor.py:161} INFO - Processing /home/airflow/dags/Lead_scoring_data_pipeline/lead_scoring_data_pipeline.py took 0.418 seconds
[2025-02-14 14:33:45,904] {processor.py:153} INFO - Started process (PID=4374) to work on /home/airflow/dags/Lead_scoring_data_pipeline/lead_scoring_data_pipeline.py
[2025-02-14 14:33:45,905] {processor.py:641} INFO - Processing file /home/airflow/dags/Lead_scoring_data_pipeline/lead_scoring_data_pipeline.py for tasks to queue
[2025-02-14 14:33:45,905] {logging_mixin.py:115} INFO - [2025-02-14 14:33:45,905] {dagbag.py:508} INFO - Filling up the DagBag from /home/airflow/dags/Lead_scoring_data_pipeline/lead_scoring_data_pipeline.py
[2025-02-14 14:33:46,103] {logging_mixin.py:115} INFO - [2025-02-14 14:33:46,103] {utils.py:145} INFO - Note: NumExpr detected 64 cores but "NUMEXPR_MAX_THREADS" not set, so enforcing safe limit of 8.
[2025-02-14 14:33:46,103] {logging_mixin.py:115} INFO - [2025-02-14 14:33:46,103] {utils.py:157} INFO - NumExpr defaulting to 8 threads.
[2025-02-14 14:33:46,244] {processor.py:651} INFO - DAG(s) dict_keys(['TK_Lead_Scoring_Data_Engineering_Pipeline']) retrieved from /home/airflow/dags/Lead_scoring_data_pipeline/lead_scoring_data_pipeline.py
[2025-02-14 14:33:46,256] {logging_mixin.py:115} INFO - [2025-02-14 14:33:46,255] {dag.py:2420} INFO - Sync 1 DAGs
[2025-02-14 14:33:46,271] {logging_mixin.py:115} INFO - [2025-02-14 14:33:46,271] {dag.py:2968} INFO - Setting next_dagrun for TK_Lead_Scoring_Data_Engineering_Pipeline to 2025-02-14T00:00:00+00:00, run_after=2025-02-15T00:00:00+00:00
[2025-02-14 14:33:46,289] {processor.py:161} INFO - Processing /home/airflow/dags/Lead_scoring_data_pipeline/lead_scoring_data_pipeline.py took 0.388 seconds
[2025-02-14 14:34:19,694] {processor.py:153} INFO - Started process (PID=4422) to work on /home/airflow/dags/Lead_scoring_data_pipeline/lead_scoring_data_pipeline.py
[2025-02-14 14:34:19,694] {processor.py:641} INFO - Processing file /home/airflow/dags/Lead_scoring_data_pipeline/lead_scoring_data_pipeline.py for tasks to queue
[2025-02-14 14:34:19,695] {logging_mixin.py:115} INFO - [2025-02-14 14:34:19,695] {dagbag.py:508} INFO - Filling up the DagBag from /home/airflow/dags/Lead_scoring_data_pipeline/lead_scoring_data_pipeline.py
[2025-02-14 14:34:19,879] {logging_mixin.py:115} INFO - [2025-02-14 14:34:19,879] {utils.py:145} INFO - Note: NumExpr detected 64 cores but "NUMEXPR_MAX_THREADS" not set, so enforcing safe limit of 8.
[2025-02-14 14:34:19,879] {logging_mixin.py:115} INFO - [2025-02-14 14:34:19,879] {utils.py:157} INFO - NumExpr defaulting to 8 threads.
[2025-02-14 14:34:20,018] {processor.py:651} INFO - DAG(s) dict_keys(['TK_Lead_Scoring_Data_Engineering_Pipeline']) retrieved from /home/airflow/dags/Lead_scoring_data_pipeline/lead_scoring_data_pipeline.py
[2025-02-14 14:34:20,051] {logging_mixin.py:115} INFO - [2025-02-14 14:34:20,051] {dag.py:2420} INFO - Sync 1 DAGs
[2025-02-14 14:34:20,064] {logging_mixin.py:115} INFO - [2025-02-14 14:34:20,064] {dag.py:2968} INFO - Setting next_dagrun for TK_Lead_Scoring_Data_Engineering_Pipeline to 2025-02-14T00:00:00+00:00, run_after=2025-02-15T00:00:00+00:00
[2025-02-14 14:34:20,085] {processor.py:161} INFO - Processing /home/airflow/dags/Lead_scoring_data_pipeline/lead_scoring_data_pipeline.py took 0.394 seconds
[2025-02-14 14:34:55,105] {processor.py:153} INFO - Started process (PID=4471) to work on /home/airflow/dags/Lead_scoring_data_pipeline/lead_scoring_data_pipeline.py
[2025-02-14 14:34:55,105] {processor.py:641} INFO - Processing file /home/airflow/dags/Lead_scoring_data_pipeline/lead_scoring_data_pipeline.py for tasks to queue
[2025-02-14 14:34:55,106] {logging_mixin.py:115} INFO - [2025-02-14 14:34:55,106] {dagbag.py:508} INFO - Filling up the DagBag from /home/airflow/dags/Lead_scoring_data_pipeline/lead_scoring_data_pipeline.py
[2025-02-14 14:34:55,286] {logging_mixin.py:115} INFO - [2025-02-14 14:34:55,286] {utils.py:145} INFO - Note: NumExpr detected 64 cores but "NUMEXPR_MAX_THREADS" not set, so enforcing safe limit of 8.
[2025-02-14 14:34:55,286] {logging_mixin.py:115} INFO - [2025-02-14 14:34:55,286] {utils.py:157} INFO - NumExpr defaulting to 8 threads.
[2025-02-14 14:34:55,428] {processor.py:651} INFO - DAG(s) dict_keys(['TK_Lead_Scoring_Data_Engineering_Pipeline']) retrieved from /home/airflow/dags/Lead_scoring_data_pipeline/lead_scoring_data_pipeline.py
[2025-02-14 14:34:55,439] {logging_mixin.py:115} INFO - [2025-02-14 14:34:55,438] {dag.py:2420} INFO - Sync 1 DAGs
[2025-02-14 14:34:55,453] {logging_mixin.py:115} INFO - [2025-02-14 14:34:55,453] {dag.py:2968} INFO - Setting next_dagrun for TK_Lead_Scoring_Data_Engineering_Pipeline to 2025-02-14T00:00:00+00:00, run_after=2025-02-15T00:00:00+00:00
[2025-02-14 14:34:55,474] {processor.py:161} INFO - Processing /home/airflow/dags/Lead_scoring_data_pipeline/lead_scoring_data_pipeline.py took 0.372 seconds
[2025-02-14 14:35:32,381] {processor.py:153} INFO - Started process (PID=4524) to work on /home/airflow/dags/Lead_scoring_data_pipeline/lead_scoring_data_pipeline.py
[2025-02-14 14:35:32,383] {processor.py:641} INFO - Processing file /home/airflow/dags/Lead_scoring_data_pipeline/lead_scoring_data_pipeline.py for tasks to queue
[2025-02-14 14:35:32,384] {logging_mixin.py:115} INFO - [2025-02-14 14:35:32,383] {dagbag.py:508} INFO - Filling up the DagBag from /home/airflow/dags/Lead_scoring_data_pipeline/lead_scoring_data_pipeline.py
[2025-02-14 14:35:32,558] {logging_mixin.py:115} INFO - [2025-02-14 14:35:32,558] {utils.py:145} INFO - Note: NumExpr detected 64 cores but "NUMEXPR_MAX_THREADS" not set, so enforcing safe limit of 8.
[2025-02-14 14:35:32,558] {logging_mixin.py:115} INFO - [2025-02-14 14:35:32,558] {utils.py:157} INFO - NumExpr defaulting to 8 threads.
[2025-02-14 14:35:32,699] {processor.py:651} INFO - DAG(s) dict_keys(['TK_Lead_Scoring_Data_Engineering_Pipeline']) retrieved from /home/airflow/dags/Lead_scoring_data_pipeline/lead_scoring_data_pipeline.py
[2025-02-14 14:35:32,732] {logging_mixin.py:115} INFO - [2025-02-14 14:35:32,732] {dag.py:2420} INFO - Sync 1 DAGs
[2025-02-14 14:35:32,745] {logging_mixin.py:115} INFO - [2025-02-14 14:35:32,744] {dag.py:2968} INFO - Setting next_dagrun for TK_Lead_Scoring_Data_Engineering_Pipeline to 2025-02-14T00:00:00+00:00, run_after=2025-02-15T00:00:00+00:00
[2025-02-14 14:35:32,767] {processor.py:161} INFO - Processing /home/airflow/dags/Lead_scoring_data_pipeline/lead_scoring_data_pipeline.py took 0.389 seconds
[2025-02-14 14:36:14,337] {processor.py:153} INFO - Started process (PID=4578) to work on /home/airflow/dags/Lead_scoring_data_pipeline/lead_scoring_data_pipeline.py
[2025-02-14 14:36:14,339] {processor.py:641} INFO - Processing file /home/airflow/dags/Lead_scoring_data_pipeline/lead_scoring_data_pipeline.py for tasks to queue
[2025-02-14 14:36:14,339] {logging_mixin.py:115} INFO - [2025-02-14 14:36:14,339] {dagbag.py:508} INFO - Filling up the DagBag from /home/airflow/dags/Lead_scoring_data_pipeline/lead_scoring_data_pipeline.py
[2025-02-14 14:36:14,520] {logging_mixin.py:115} INFO - [2025-02-14 14:36:14,520] {utils.py:145} INFO - Note: NumExpr detected 64 cores but "NUMEXPR_MAX_THREADS" not set, so enforcing safe limit of 8.
[2025-02-14 14:36:14,520] {logging_mixin.py:115} INFO - [2025-02-14 14:36:14,520] {utils.py:157} INFO - NumExpr defaulting to 8 threads.
[2025-02-14 14:36:14,663] {processor.py:651} INFO - DAG(s) dict_keys(['TK_Lead_Scoring_Data_Engineering_Pipeline']) retrieved from /home/airflow/dags/Lead_scoring_data_pipeline/lead_scoring_data_pipeline.py
[2025-02-14 14:36:14,674] {logging_mixin.py:115} INFO - [2025-02-14 14:36:14,674] {dag.py:2420} INFO - Sync 1 DAGs
[2025-02-14 14:36:14,689] {logging_mixin.py:115} INFO - [2025-02-14 14:36:14,689] {dag.py:2968} INFO - Setting next_dagrun for TK_Lead_Scoring_Data_Engineering_Pipeline to 2025-02-14T00:00:00+00:00, run_after=2025-02-15T00:00:00+00:00
[2025-02-14 14:36:14,708] {processor.py:161} INFO - Processing /home/airflow/dags/Lead_scoring_data_pipeline/lead_scoring_data_pipeline.py took 0.375 seconds
[2025-02-14 14:36:52,502] {processor.py:153} INFO - Started process (PID=4629) to work on /home/airflow/dags/Lead_scoring_data_pipeline/lead_scoring_data_pipeline.py
[2025-02-14 14:36:52,503] {processor.py:641} INFO - Processing file /home/airflow/dags/Lead_scoring_data_pipeline/lead_scoring_data_pipeline.py for tasks to queue
[2025-02-14 14:36:52,504] {logging_mixin.py:115} INFO - [2025-02-14 14:36:52,504] {dagbag.py:508} INFO - Filling up the DagBag from /home/airflow/dags/Lead_scoring_data_pipeline/lead_scoring_data_pipeline.py
[2025-02-14 14:36:52,687] {logging_mixin.py:115} INFO - [2025-02-14 14:36:52,687] {utils.py:145} INFO - Note: NumExpr detected 64 cores but "NUMEXPR_MAX_THREADS" not set, so enforcing safe limit of 8.
[2025-02-14 14:36:52,688] {logging_mixin.py:115} INFO - [2025-02-14 14:36:52,688] {utils.py:157} INFO - NumExpr defaulting to 8 threads.
[2025-02-14 14:36:52,831] {processor.py:651} INFO - DAG(s) dict_keys(['TK_Lead_Scoring_Data_Engineering_Pipeline']) retrieved from /home/airflow/dags/Lead_scoring_data_pipeline/lead_scoring_data_pipeline.py
[2025-02-14 14:36:52,865] {logging_mixin.py:115} INFO - [2025-02-14 14:36:52,864] {dag.py:2420} INFO - Sync 1 DAGs
[2025-02-14 14:36:52,877] {logging_mixin.py:115} INFO - [2025-02-14 14:36:52,877] {dag.py:2968} INFO - Setting next_dagrun for TK_Lead_Scoring_Data_Engineering_Pipeline to 2025-02-14T00:00:00+00:00, run_after=2025-02-15T00:00:00+00:00
[2025-02-14 14:36:52,899] {processor.py:161} INFO - Processing /home/airflow/dags/Lead_scoring_data_pipeline/lead_scoring_data_pipeline.py took 0.400 seconds
[2025-02-14 14:37:24,522] {processor.py:153} INFO - Started process (PID=4675) to work on /home/airflow/dags/Lead_scoring_data_pipeline/lead_scoring_data_pipeline.py
[2025-02-14 14:37:24,523] {processor.py:641} INFO - Processing file /home/airflow/dags/Lead_scoring_data_pipeline/lead_scoring_data_pipeline.py for tasks to queue
[2025-02-14 14:37:24,523] {logging_mixin.py:115} INFO - [2025-02-14 14:37:24,523] {dagbag.py:508} INFO - Filling up the DagBag from /home/airflow/dags/Lead_scoring_data_pipeline/lead_scoring_data_pipeline.py
[2025-02-14 14:37:24,803] {logging_mixin.py:115} INFO - [2025-02-14 14:37:24,803] {utils.py:145} INFO - Note: NumExpr detected 64 cores but "NUMEXPR_MAX_THREADS" not set, so enforcing safe limit of 8.
[2025-02-14 14:37:24,804] {logging_mixin.py:115} INFO - [2025-02-14 14:37:24,803] {utils.py:157} INFO - NumExpr defaulting to 8 threads.
[2025-02-14 14:37:25,020] {processor.py:651} INFO - DAG(s) dict_keys(['TK_Lead_Scoring_Data_Engineering_Pipeline']) retrieved from /home/airflow/dags/Lead_scoring_data_pipeline/lead_scoring_data_pipeline.py
[2025-02-14 14:37:25,037] {logging_mixin.py:115} INFO - [2025-02-14 14:37:25,036] {dag.py:2420} INFO - Sync 1 DAGs
[2025-02-14 14:37:25,057] {logging_mixin.py:115} INFO - [2025-02-14 14:37:25,057] {dag.py:2968} INFO - Setting next_dagrun for TK_Lead_Scoring_Data_Engineering_Pipeline to 2025-02-14T00:00:00+00:00, run_after=2025-02-15T00:00:00+00:00
[2025-02-14 14:37:25,078] {processor.py:161} INFO - Processing /home/airflow/dags/Lead_scoring_data_pipeline/lead_scoring_data_pipeline.py took 0.560 seconds
[2025-02-14 14:41:50,354] {processor.py:153} INFO - Started process (PID=4729) to work on /home/airflow/dags/Lead_scoring_data_pipeline/lead_scoring_data_pipeline.py
[2025-02-14 14:41:50,356] {processor.py:641} INFO - Processing file /home/airflow/dags/Lead_scoring_data_pipeline/lead_scoring_data_pipeline.py for tasks to queue
[2025-02-14 14:41:50,357] {logging_mixin.py:115} INFO - [2025-02-14 14:41:50,357] {dagbag.py:508} INFO - Filling up the DagBag from /home/airflow/dags/Lead_scoring_data_pipeline/lead_scoring_data_pipeline.py
[2025-02-14 14:41:50,645] {logging_mixin.py:115} INFO - [2025-02-14 14:41:50,645] {utils.py:145} INFO - Note: NumExpr detected 64 cores but "NUMEXPR_MAX_THREADS" not set, so enforcing safe limit of 8.
[2025-02-14 14:41:50,645] {logging_mixin.py:115} INFO - [2025-02-14 14:41:50,645] {utils.py:157} INFO - NumExpr defaulting to 8 threads.
[2025-02-14 14:41:50,783] {processor.py:651} INFO - DAG(s) dict_keys(['TK_Lead_Scoring_Data_Engineering_Pipeline']) retrieved from /home/airflow/dags/Lead_scoring_data_pipeline/lead_scoring_data_pipeline.py
[2025-02-14 14:41:50,814] {logging_mixin.py:115} INFO - [2025-02-14 14:41:50,813] {dag.py:2420} INFO - Sync 1 DAGs
[2025-02-14 14:41:50,825] {logging_mixin.py:115} INFO - [2025-02-14 14:41:50,825] {dag.py:2968} INFO - Setting next_dagrun for TK_Lead_Scoring_Data_Engineering_Pipeline to 2025-02-14T00:00:00+00:00, run_after=2025-02-15T00:00:00+00:00
[2025-02-14 14:41:50,847] {processor.py:161} INFO - Processing /home/airflow/dags/Lead_scoring_data_pipeline/lead_scoring_data_pipeline.py took 0.496 seconds
[2025-02-14 14:42:35,628] {processor.py:153} INFO - Started process (PID=4824) to work on /home/airflow/dags/Lead_scoring_data_pipeline/lead_scoring_data_pipeline.py
[2025-02-14 14:42:35,630] {processor.py:641} INFO - Processing file /home/airflow/dags/Lead_scoring_data_pipeline/lead_scoring_data_pipeline.py for tasks to queue
[2025-02-14 14:42:35,630] {logging_mixin.py:115} INFO - [2025-02-14 14:42:35,630] {dagbag.py:508} INFO - Filling up the DagBag from /home/airflow/dags/Lead_scoring_data_pipeline/lead_scoring_data_pipeline.py
[2025-02-14 14:42:35,927] {logging_mixin.py:115} INFO - [2025-02-14 14:42:35,927] {utils.py:145} INFO - Note: NumExpr detected 64 cores but "NUMEXPR_MAX_THREADS" not set, so enforcing safe limit of 8.
[2025-02-14 14:42:35,927] {logging_mixin.py:115} INFO - [2025-02-14 14:42:35,927] {utils.py:157} INFO - NumExpr defaulting to 8 threads.
[2025-02-14 14:42:36,069] {processor.py:651} INFO - DAG(s) dict_keys(['TK_Lead_Scoring_Data_Engineering_Pipeline']) retrieved from /home/airflow/dags/Lead_scoring_data_pipeline/lead_scoring_data_pipeline.py
[2025-02-14 14:42:36,079] {logging_mixin.py:115} INFO - [2025-02-14 14:42:36,078] {dag.py:2420} INFO - Sync 1 DAGs
[2025-02-14 14:42:36,092] {logging_mixin.py:115} INFO - [2025-02-14 14:42:36,092] {dag.py:2968} INFO - Setting next_dagrun for TK_Lead_Scoring_Data_Engineering_Pipeline to 2025-02-14T00:00:00+00:00, run_after=2025-02-15T00:00:00+00:00
[2025-02-14 14:42:36,123] {processor.py:161} INFO - Processing /home/airflow/dags/Lead_scoring_data_pipeline/lead_scoring_data_pipeline.py took 0.498 seconds
[2025-02-14 17:09:11,652] {processor.py:153} INFO - Started process (PID=6285) to work on /home/airflow/dags/Lead_scoring_data_pipeline/lead_scoring_data_pipeline.py
[2025-02-14 17:09:11,654] {processor.py:641} INFO - Processing file /home/airflow/dags/Lead_scoring_data_pipeline/lead_scoring_data_pipeline.py for tasks to queue
[2025-02-14 17:09:11,654] {logging_mixin.py:115} INFO - [2025-02-14 17:09:11,654] {dagbag.py:508} INFO - Filling up the DagBag from /home/airflow/dags/Lead_scoring_data_pipeline/lead_scoring_data_pipeline.py
[2025-02-14 17:09:12,119] {logging_mixin.py:115} INFO - [2025-02-14 17:09:12,119] {utils.py:145} INFO - Note: NumExpr detected 64 cores but "NUMEXPR_MAX_THREADS" not set, so enforcing safe limit of 8.
[2025-02-14 17:09:12,119] {logging_mixin.py:115} INFO - [2025-02-14 17:09:12,119] {utils.py:157} INFO - NumExpr defaulting to 8 threads.
[2025-02-14 17:09:12,346] {processor.py:651} INFO - DAG(s) dict_keys(['TK_Lead_Scoring_Data_Engineering_Pipeline']) retrieved from /home/airflow/dags/Lead_scoring_data_pipeline/lead_scoring_data_pipeline.py
[2025-02-14 17:09:12,392] {logging_mixin.py:115} INFO - [2025-02-14 17:09:12,391] {dag.py:2420} INFO - Sync 1 DAGs
[2025-02-14 17:09:12,410] {logging_mixin.py:115} INFO - [2025-02-14 17:09:12,410] {dag.py:2968} INFO - Setting next_dagrun for TK_Lead_Scoring_Data_Engineering_Pipeline to 2025-02-14T00:00:00+00:00, run_after=2025-02-15T00:00:00+00:00
[2025-02-14 17:09:12,438] {processor.py:161} INFO - Processing /home/airflow/dags/Lead_scoring_data_pipeline/lead_scoring_data_pipeline.py took 0.789 seconds
[2025-02-14 17:10:06,397] {processor.py:153} INFO - Started process (PID=6396) to work on /home/airflow/dags/Lead_scoring_data_pipeline/lead_scoring_data_pipeline.py
[2025-02-14 17:10:06,399] {processor.py:641} INFO - Processing file /home/airflow/dags/Lead_scoring_data_pipeline/lead_scoring_data_pipeline.py for tasks to queue
[2025-02-14 17:10:06,399] {logging_mixin.py:115} INFO - [2025-02-14 17:10:06,399] {dagbag.py:508} INFO - Filling up the DagBag from /home/airflow/dags/Lead_scoring_data_pipeline/lead_scoring_data_pipeline.py
[2025-02-14 17:10:06,865] {logging_mixin.py:115} INFO - [2025-02-14 17:10:06,865] {utils.py:145} INFO - Note: NumExpr detected 64 cores but "NUMEXPR_MAX_THREADS" not set, so enforcing safe limit of 8.
[2025-02-14 17:10:06,866] {logging_mixin.py:115} INFO - [2025-02-14 17:10:06,866] {utils.py:157} INFO - NumExpr defaulting to 8 threads.
[2025-02-14 17:10:07,093] {processor.py:651} INFO - DAG(s) dict_keys(['TK_Lead_Scoring_Data_Engineering_Pipeline']) retrieved from /home/airflow/dags/Lead_scoring_data_pipeline/lead_scoring_data_pipeline.py
[2025-02-14 17:10:07,107] {logging_mixin.py:115} INFO - [2025-02-14 17:10:07,107] {dag.py:2420} INFO - Sync 1 DAGs
[2025-02-14 17:10:07,128] {logging_mixin.py:115} INFO - [2025-02-14 17:10:07,128] {dag.py:2968} INFO - Setting next_dagrun for TK_Lead_Scoring_Data_Engineering_Pipeline to 2025-02-14T00:00:00+00:00, run_after=2025-02-15T00:00:00+00:00
[2025-02-14 17:10:07,151] {processor.py:161} INFO - Processing /home/airflow/dags/Lead_scoring_data_pipeline/lead_scoring_data_pipeline.py took 0.758 seconds
[2025-02-14 17:11:29,493] {processor.py:153} INFO - Started process (PID=6542) to work on /home/airflow/dags/Lead_scoring_data_pipeline/lead_scoring_data_pipeline.py
[2025-02-14 17:11:29,495] {processor.py:641} INFO - Processing file /home/airflow/dags/Lead_scoring_data_pipeline/lead_scoring_data_pipeline.py for tasks to queue
[2025-02-14 17:11:29,496] {logging_mixin.py:115} INFO - [2025-02-14 17:11:29,495] {dagbag.py:508} INFO - Filling up the DagBag from /home/airflow/dags/Lead_scoring_data_pipeline/lead_scoring_data_pipeline.py
[2025-02-14 17:11:29,959] {logging_mixin.py:115} INFO - [2025-02-14 17:11:29,958] {utils.py:145} INFO - Note: NumExpr detected 64 cores but "NUMEXPR_MAX_THREADS" not set, so enforcing safe limit of 8.
[2025-02-14 17:11:29,959] {logging_mixin.py:115} INFO - [2025-02-14 17:11:29,959] {utils.py:157} INFO - NumExpr defaulting to 8 threads.
[2025-02-14 17:11:30,185] {processor.py:651} INFO - DAG(s) dict_keys(['TK_Lead_Scoring_Data_Engineering_Pipeline']) retrieved from /home/airflow/dags/Lead_scoring_data_pipeline/lead_scoring_data_pipeline.py
[2025-02-14 17:11:30,230] {logging_mixin.py:115} INFO - [2025-02-14 17:11:30,230] {dag.py:2420} INFO - Sync 1 DAGs
[2025-02-14 17:11:30,249] {logging_mixin.py:115} INFO - [2025-02-14 17:11:30,249] {dag.py:2968} INFO - Setting next_dagrun for TK_Lead_Scoring_Data_Engineering_Pipeline to 2025-02-14T00:00:00+00:00, run_after=2025-02-15T00:00:00+00:00
[2025-02-14 17:11:30,277] {processor.py:161} INFO - Processing /home/airflow/dags/Lead_scoring_data_pipeline/lead_scoring_data_pipeline.py took 0.787 seconds
[2025-02-14 17:12:18,544] {processor.py:153} INFO - Started process (PID=6611) to work on /home/airflow/dags/Lead_scoring_data_pipeline/lead_scoring_data_pipeline.py
[2025-02-14 17:12:18,546] {processor.py:641} INFO - Processing file /home/airflow/dags/Lead_scoring_data_pipeline/lead_scoring_data_pipeline.py for tasks to queue
[2025-02-14 17:12:18,546] {logging_mixin.py:115} INFO - [2025-02-14 17:12:18,546] {dagbag.py:508} INFO - Filling up the DagBag from /home/airflow/dags/Lead_scoring_data_pipeline/lead_scoring_data_pipeline.py
[2025-02-14 17:12:19,006] {logging_mixin.py:115} INFO - [2025-02-14 17:12:19,006] {utils.py:145} INFO - Note: NumExpr detected 64 cores but "NUMEXPR_MAX_THREADS" not set, so enforcing safe limit of 8.
[2025-02-14 17:12:19,007] {logging_mixin.py:115} INFO - [2025-02-14 17:12:19,007] {utils.py:157} INFO - NumExpr defaulting to 8 threads.
[2025-02-14 17:12:19,232] {processor.py:651} INFO - DAG(s) dict_keys(['TK_Lead_Scoring_Data_Engineering_Pipeline']) retrieved from /home/airflow/dags/Lead_scoring_data_pipeline/lead_scoring_data_pipeline.py
[2025-02-14 17:12:19,247] {logging_mixin.py:115} INFO - [2025-02-14 17:12:19,246] {dag.py:2420} INFO - Sync 1 DAGs
[2025-02-14 17:12:19,267] {logging_mixin.py:115} INFO - [2025-02-14 17:12:19,267] {dag.py:2968} INFO - Setting next_dagrun for TK_Lead_Scoring_Data_Engineering_Pipeline to 2025-02-14T00:00:00+00:00, run_after=2025-02-15T00:00:00+00:00
[2025-02-14 17:12:19,291] {processor.py:161} INFO - Processing /home/airflow/dags/Lead_scoring_data_pipeline/lead_scoring_data_pipeline.py took 0.751 seconds
[2025-02-14 17:13:08,980] {processor.py:153} INFO - Started process (PID=6680) to work on /home/airflow/dags/Lead_scoring_data_pipeline/lead_scoring_data_pipeline.py
[2025-02-14 17:13:08,982] {processor.py:641} INFO - Processing file /home/airflow/dags/Lead_scoring_data_pipeline/lead_scoring_data_pipeline.py for tasks to queue
[2025-02-14 17:13:08,982] {logging_mixin.py:115} INFO - [2025-02-14 17:13:08,982] {dagbag.py:508} INFO - Filling up the DagBag from /home/airflow/dags/Lead_scoring_data_pipeline/lead_scoring_data_pipeline.py
[2025-02-14 17:13:09,444] {logging_mixin.py:115} INFO - [2025-02-14 17:13:09,444] {utils.py:145} INFO - Note: NumExpr detected 64 cores but "NUMEXPR_MAX_THREADS" not set, so enforcing safe limit of 8.
[2025-02-14 17:13:09,444] {logging_mixin.py:115} INFO - [2025-02-14 17:13:09,444] {utils.py:157} INFO - NumExpr defaulting to 8 threads.
[2025-02-14 17:13:09,672] {processor.py:651} INFO - DAG(s) dict_keys(['TK_Lead_Scoring_Data_Engineering_Pipeline']) retrieved from /home/airflow/dags/Lead_scoring_data_pipeline/lead_scoring_data_pipeline.py
[2025-02-14 17:13:09,718] {logging_mixin.py:115} INFO - [2025-02-14 17:13:09,718] {dag.py:2420} INFO - Sync 1 DAGs
[2025-02-14 17:13:09,736] {logging_mixin.py:115} INFO - [2025-02-14 17:13:09,736] {dag.py:2968} INFO - Setting next_dagrun for TK_Lead_Scoring_Data_Engineering_Pipeline to 2025-02-14T00:00:00+00:00, run_after=2025-02-15T00:00:00+00:00
[2025-02-14 17:13:09,763] {processor.py:161} INFO - Processing /home/airflow/dags/Lead_scoring_data_pipeline/lead_scoring_data_pipeline.py took 0.787 seconds
[2025-02-14 17:14:01,925] {processor.py:153} INFO - Started process (PID=6751) to work on /home/airflow/dags/Lead_scoring_data_pipeline/lead_scoring_data_pipeline.py
[2025-02-14 17:14:01,926] {processor.py:641} INFO - Processing file /home/airflow/dags/Lead_scoring_data_pipeline/lead_scoring_data_pipeline.py for tasks to queue
[2025-02-14 17:14:01,927] {logging_mixin.py:115} INFO - [2025-02-14 17:14:01,927] {dagbag.py:508} INFO - Filling up the DagBag from /home/airflow/dags/Lead_scoring_data_pipeline/lead_scoring_data_pipeline.py
[2025-02-14 17:14:02,387] {logging_mixin.py:115} INFO - [2025-02-14 17:14:02,387] {utils.py:145} INFO - Note: NumExpr detected 64 cores but "NUMEXPR_MAX_THREADS" not set, so enforcing safe limit of 8.
[2025-02-14 17:14:02,387] {logging_mixin.py:115} INFO - [2025-02-14 17:14:02,387] {utils.py:157} INFO - NumExpr defaulting to 8 threads.
[2025-02-14 17:14:02,613] {processor.py:651} INFO - DAG(s) dict_keys(['TK_Lead_Scoring_Data_Engineering_Pipeline']) retrieved from /home/airflow/dags/Lead_scoring_data_pipeline/lead_scoring_data_pipeline.py
[2025-02-14 17:14:02,627] {logging_mixin.py:115} INFO - [2025-02-14 17:14:02,626] {dag.py:2420} INFO - Sync 1 DAGs
[2025-02-14 17:14:02,647] {logging_mixin.py:115} INFO - [2025-02-14 17:14:02,647] {dag.py:2968} INFO - Setting next_dagrun for TK_Lead_Scoring_Data_Engineering_Pipeline to 2025-02-14T00:00:00+00:00, run_after=2025-02-15T00:00:00+00:00
[2025-02-14 17:14:02,670] {processor.py:161} INFO - Processing /home/airflow/dags/Lead_scoring_data_pipeline/lead_scoring_data_pipeline.py took 0.748 seconds
[2025-02-14 17:14:44,494] {processor.py:153} INFO - Started process (PID=6819) to work on /home/airflow/dags/Lead_scoring_data_pipeline/lead_scoring_data_pipeline.py
[2025-02-14 17:14:44,496] {processor.py:641} INFO - Processing file /home/airflow/dags/Lead_scoring_data_pipeline/lead_scoring_data_pipeline.py for tasks to queue
[2025-02-14 17:14:44,496] {logging_mixin.py:115} INFO - [2025-02-14 17:14:44,496] {dagbag.py:508} INFO - Filling up the DagBag from /home/airflow/dags/Lead_scoring_data_pipeline/lead_scoring_data_pipeline.py
[2025-02-14 17:14:44,777] {logging_mixin.py:115} INFO - [2025-02-14 17:14:44,776] {utils.py:145} INFO - Note: NumExpr detected 64 cores but "NUMEXPR_MAX_THREADS" not set, so enforcing safe limit of 8.
[2025-02-14 17:14:44,777] {logging_mixin.py:115} INFO - [2025-02-14 17:14:44,777] {utils.py:157} INFO - NumExpr defaulting to 8 threads.
[2025-02-14 17:14:45,006] {processor.py:651} INFO - DAG(s) dict_keys(['TK_Lead_Scoring_Data_Engineering_Pipeline']) retrieved from /home/airflow/dags/Lead_scoring_data_pipeline/lead_scoring_data_pipeline.py
[2025-02-14 17:14:45,057] {logging_mixin.py:115} INFO - [2025-02-14 17:14:45,056] {dag.py:2420} INFO - Sync 1 DAGs
[2025-02-14 17:14:45,076] {logging_mixin.py:115} INFO - [2025-02-14 17:14:45,075] {dag.py:2968} INFO - Setting next_dagrun for TK_Lead_Scoring_Data_Engineering_Pipeline to 2025-02-14T00:00:00+00:00, run_after=2025-02-15T00:00:00+00:00
[2025-02-14 17:14:45,102] {processor.py:161} INFO - Processing /home/airflow/dags/Lead_scoring_data_pipeline/lead_scoring_data_pipeline.py took 0.611 seconds
[2025-02-14 17:15:31,489] {processor.py:153} INFO - Started process (PID=6892) to work on /home/airflow/dags/Lead_scoring_data_pipeline/lead_scoring_data_pipeline.py
[2025-02-14 17:15:31,491] {processor.py:641} INFO - Processing file /home/airflow/dags/Lead_scoring_data_pipeline/lead_scoring_data_pipeline.py for tasks to queue
[2025-02-14 17:15:31,492] {logging_mixin.py:115} INFO - [2025-02-14 17:15:31,492] {dagbag.py:508} INFO - Filling up the DagBag from /home/airflow/dags/Lead_scoring_data_pipeline/lead_scoring_data_pipeline.py
[2025-02-14 17:15:31,773] {logging_mixin.py:115} INFO - [2025-02-14 17:15:31,773] {utils.py:145} INFO - Note: NumExpr detected 64 cores but "NUMEXPR_MAX_THREADS" not set, so enforcing safe limit of 8.
[2025-02-14 17:15:31,773] {logging_mixin.py:115} INFO - [2025-02-14 17:15:31,773] {utils.py:157} INFO - NumExpr defaulting to 8 threads.
[2025-02-14 17:15:32,004] {processor.py:651} INFO - DAG(s) dict_keys(['TK_Lead_Scoring_Data_Engineering_Pipeline']) retrieved from /home/airflow/dags/Lead_scoring_data_pipeline/lead_scoring_data_pipeline.py
[2025-02-14 17:15:32,020] {logging_mixin.py:115} INFO - [2025-02-14 17:15:32,019] {dag.py:2420} INFO - Sync 1 DAGs
[2025-02-14 17:15:32,043] {logging_mixin.py:115} INFO - [2025-02-14 17:15:32,043] {dag.py:2968} INFO - Setting next_dagrun for TK_Lead_Scoring_Data_Engineering_Pipeline to 2025-02-14T00:00:00+00:00, run_after=2025-02-15T00:00:00+00:00
[2025-02-14 17:15:32,065] {processor.py:161} INFO - Processing /home/airflow/dags/Lead_scoring_data_pipeline/lead_scoring_data_pipeline.py took 0.579 seconds
[2025-02-14 17:16:16,084] {processor.py:153} INFO - Started process (PID=7131) to work on /home/airflow/dags/Lead_scoring_data_pipeline/lead_scoring_data_pipeline.py
[2025-02-14 17:16:16,086] {processor.py:641} INFO - Processing file /home/airflow/dags/Lead_scoring_data_pipeline/lead_scoring_data_pipeline.py for tasks to queue
[2025-02-14 17:16:16,087] {logging_mixin.py:115} INFO - [2025-02-14 17:16:16,087] {dagbag.py:508} INFO - Filling up the DagBag from /home/airflow/dags/Lead_scoring_data_pipeline/lead_scoring_data_pipeline.py
[2025-02-14 17:16:16,368] {logging_mixin.py:115} INFO - [2025-02-14 17:16:16,368] {utils.py:145} INFO - Note: NumExpr detected 64 cores but "NUMEXPR_MAX_THREADS" not set, so enforcing safe limit of 8.
[2025-02-14 17:16:16,368] {logging_mixin.py:115} INFO - [2025-02-14 17:16:16,368] {utils.py:157} INFO - NumExpr defaulting to 8 threads.
[2025-02-14 17:16:16,598] {processor.py:651} INFO - DAG(s) dict_keys(['TK_Lead_Scoring_Data_Engineering_Pipeline']) retrieved from /home/airflow/dags/Lead_scoring_data_pipeline/lead_scoring_data_pipeline.py
[2025-02-14 17:16:16,648] {logging_mixin.py:115} INFO - [2025-02-14 17:16:16,647] {dag.py:2420} INFO - Sync 1 DAGs
[2025-02-14 17:16:16,667] {logging_mixin.py:115} INFO - [2025-02-14 17:16:16,667] {dag.py:2968} INFO - Setting next_dagrun for TK_Lead_Scoring_Data_Engineering_Pipeline to 2025-02-14T00:00:00+00:00, run_after=2025-02-15T00:00:00+00:00
[2025-02-14 17:16:16,692] {processor.py:161} INFO - Processing /home/airflow/dags/Lead_scoring_data_pipeline/lead_scoring_data_pipeline.py took 0.611 seconds
[2025-02-14 18:16:56,658] {processor.py:153} INFO - Started process (PID=7790) to work on /home/airflow/dags/Lead_scoring_data_pipeline/lead_scoring_data_pipeline.py
[2025-02-14 18:16:56,661] {processor.py:641} INFO - Processing file /home/airflow/dags/Lead_scoring_data_pipeline/lead_scoring_data_pipeline.py for tasks to queue
[2025-02-14 18:16:56,661] {logging_mixin.py:115} INFO - [2025-02-14 18:16:56,661] {dagbag.py:508} INFO - Filling up the DagBag from /home/airflow/dags/Lead_scoring_data_pipeline/lead_scoring_data_pipeline.py
[2025-02-14 18:16:57,109] {logging_mixin.py:115} INFO - [2025-02-14 18:16:57,108] {utils.py:145} INFO - Note: NumExpr detected 64 cores but "NUMEXPR_MAX_THREADS" not set, so enforcing safe limit of 8.
[2025-02-14 18:16:57,109] {logging_mixin.py:115} INFO - [2025-02-14 18:16:57,109] {utils.py:157} INFO - NumExpr defaulting to 8 threads.
[2025-02-14 18:16:57,333] {processor.py:651} INFO - DAG(s) dict_keys(['TK_Lead_Scoring_Data_Engineering_Pipeline']) retrieved from /home/airflow/dags/Lead_scoring_data_pipeline/lead_scoring_data_pipeline.py
[2025-02-14 18:16:57,347] {logging_mixin.py:115} INFO - [2025-02-14 18:16:57,347] {dag.py:2420} INFO - Sync 1 DAGs
[2025-02-14 18:16:57,368] {logging_mixin.py:115} INFO - [2025-02-14 18:16:57,367] {dag.py:2968} INFO - Setting next_dagrun for TK_Lead_Scoring_Data_Engineering_Pipeline to 2025-02-14T00:00:00+00:00, run_after=2025-02-15T00:00:00+00:00
[2025-02-14 18:16:57,397] {processor.py:161} INFO - Processing /home/airflow/dags/Lead_scoring_data_pipeline/lead_scoring_data_pipeline.py took 0.742 seconds
[2025-02-14 18:18:49,913] {processor.py:153} INFO - Started process (PID=7975) to work on /home/airflow/dags/Lead_scoring_data_pipeline/lead_scoring_data_pipeline.py
[2025-02-14 18:18:49,957] {processor.py:641} INFO - Processing file /home/airflow/dags/Lead_scoring_data_pipeline/lead_scoring_data_pipeline.py for tasks to queue
[2025-02-14 18:18:49,958] {logging_mixin.py:115} INFO - [2025-02-14 18:18:49,958] {dagbag.py:508} INFO - Filling up the DagBag from /home/airflow/dags/Lead_scoring_data_pipeline/lead_scoring_data_pipeline.py
[2025-02-14 18:18:50,406] {logging_mixin.py:115} INFO - [2025-02-14 18:18:50,406] {utils.py:145} INFO - Note: NumExpr detected 64 cores but "NUMEXPR_MAX_THREADS" not set, so enforcing safe limit of 8.
[2025-02-14 18:18:50,407] {logging_mixin.py:115} INFO - [2025-02-14 18:18:50,407] {utils.py:157} INFO - NumExpr defaulting to 8 threads.
[2025-02-14 18:18:50,632] {processor.py:651} INFO - DAG(s) dict_keys(['TK_Lead_Scoring_Data_Engineering_Pipeline']) retrieved from /home/airflow/dags/Lead_scoring_data_pipeline/lead_scoring_data_pipeline.py
[2025-02-14 18:18:50,677] {logging_mixin.py:115} INFO - [2025-02-14 18:18:50,677] {dag.py:2420} INFO - Sync 1 DAGs
[2025-02-14 18:18:50,696] {logging_mixin.py:115} INFO - [2025-02-14 18:18:50,696] {dag.py:2968} INFO - Setting next_dagrun for TK_Lead_Scoring_Data_Engineering_Pipeline to 2025-02-14T00:00:00+00:00, run_after=2025-02-15T00:00:00+00:00
[2025-02-14 18:18:50,725] {processor.py:161} INFO - Processing /home/airflow/dags/Lead_scoring_data_pipeline/lead_scoring_data_pipeline.py took 0.816 seconds
[2025-02-14 18:20:06,382] {processor.py:153} INFO - Started process (PID=8106) to work on /home/airflow/dags/Lead_scoring_data_pipeline/lead_scoring_data_pipeline.py
[2025-02-14 18:20:06,384] {processor.py:641} INFO - Processing file /home/airflow/dags/Lead_scoring_data_pipeline/lead_scoring_data_pipeline.py for tasks to queue
[2025-02-14 18:20:06,384] {logging_mixin.py:115} INFO - [2025-02-14 18:20:06,384] {dagbag.py:508} INFO - Filling up the DagBag from /home/airflow/dags/Lead_scoring_data_pipeline/lead_scoring_data_pipeline.py
[2025-02-14 18:20:06,682] {logging_mixin.py:115} INFO - [2025-02-14 18:20:06,682] {utils.py:145} INFO - Note: NumExpr detected 64 cores but "NUMEXPR_MAX_THREADS" not set, so enforcing safe limit of 8.
[2025-02-14 18:20:06,682] {logging_mixin.py:115} INFO - [2025-02-14 18:20:06,682] {utils.py:157} INFO - NumExpr defaulting to 8 threads.
[2025-02-14 18:20:06,822] {processor.py:651} INFO - DAG(s) dict_keys(['TK_Lead_Scoring_Data_Engineering_Pipeline']) retrieved from /home/airflow/dags/Lead_scoring_data_pipeline/lead_scoring_data_pipeline.py
[2025-02-14 18:20:06,831] {logging_mixin.py:115} INFO - [2025-02-14 18:20:06,831] {dag.py:2420} INFO - Sync 1 DAGs
[2025-02-14 18:20:06,844] {logging_mixin.py:115} INFO - [2025-02-14 18:20:06,844] {dag.py:2968} INFO - Setting next_dagrun for TK_Lead_Scoring_Data_Engineering_Pipeline to 2025-02-14T00:00:00+00:00, run_after=2025-02-15T00:00:00+00:00
[2025-02-14 18:20:06,864] {processor.py:161} INFO - Processing /home/airflow/dags/Lead_scoring_data_pipeline/lead_scoring_data_pipeline.py took 0.485 seconds
[2025-02-14 18:21:17,581] {processor.py:153} INFO - Started process (PID=8230) to work on /home/airflow/dags/Lead_scoring_data_pipeline/lead_scoring_data_pipeline.py
[2025-02-14 18:21:17,624] {processor.py:641} INFO - Processing file /home/airflow/dags/Lead_scoring_data_pipeline/lead_scoring_data_pipeline.py for tasks to queue
[2025-02-14 18:21:17,625] {logging_mixin.py:115} INFO - [2025-02-14 18:21:17,625] {dagbag.py:508} INFO - Filling up the DagBag from /home/airflow/dags/Lead_scoring_data_pipeline/lead_scoring_data_pipeline.py
[2025-02-14 18:21:18,077] {logging_mixin.py:115} INFO - [2025-02-14 18:21:18,077] {utils.py:145} INFO - Note: NumExpr detected 64 cores but "NUMEXPR_MAX_THREADS" not set, so enforcing safe limit of 8.
[2025-02-14 18:21:18,077] {logging_mixin.py:115} INFO - [2025-02-14 18:21:18,077] {utils.py:157} INFO - NumExpr defaulting to 8 threads.
[2025-02-14 18:21:18,302] {processor.py:651} INFO - DAG(s) dict_keys(['TK_Lead_Scoring_Data_Engineering_Pipeline']) retrieved from /home/airflow/dags/Lead_scoring_data_pipeline/lead_scoring_data_pipeline.py
[2025-02-14 18:21:18,348] {logging_mixin.py:115} INFO - [2025-02-14 18:21:18,348] {dag.py:2420} INFO - Sync 1 DAGs
[2025-02-14 18:21:18,367] {logging_mixin.py:115} INFO - [2025-02-14 18:21:18,366] {dag.py:2968} INFO - Setting next_dagrun for TK_Lead_Scoring_Data_Engineering_Pipeline to 2025-02-14T00:00:00+00:00, run_after=2025-02-15T00:00:00+00:00
[2025-02-14 18:21:18,394] {processor.py:161} INFO - Processing /home/airflow/dags/Lead_scoring_data_pipeline/lead_scoring_data_pipeline.py took 0.816 seconds
[2025-02-14 18:22:22,739] {processor.py:153} INFO - Started process (PID=8347) to work on /home/airflow/dags/Lead_scoring_data_pipeline/lead_scoring_data_pipeline.py
[2025-02-14 18:22:22,743] {processor.py:641} INFO - Processing file /home/airflow/dags/Lead_scoring_data_pipeline/lead_scoring_data_pipeline.py for tasks to queue
[2025-02-14 18:22:22,744] {logging_mixin.py:115} INFO - [2025-02-14 18:22:22,743] {dagbag.py:508} INFO - Filling up the DagBag from /home/airflow/dags/Lead_scoring_data_pipeline/lead_scoring_data_pipeline.py
[2025-02-14 18:22:23,023] {logging_mixin.py:115} INFO - [2025-02-14 18:22:23,023] {utils.py:145} INFO - Note: NumExpr detected 64 cores but "NUMEXPR_MAX_THREADS" not set, so enforcing safe limit of 8.
[2025-02-14 18:22:23,023] {logging_mixin.py:115} INFO - [2025-02-14 18:22:23,023] {utils.py:157} INFO - NumExpr defaulting to 8 threads.
[2025-02-14 18:22:23,253] {processor.py:651} INFO - DAG(s) dict_keys(['TK_Lead_Scoring_Data_Engineering_Pipeline']) retrieved from /home/airflow/dags/Lead_scoring_data_pipeline/lead_scoring_data_pipeline.py
[2025-02-14 18:22:23,270] {logging_mixin.py:115} INFO - [2025-02-14 18:22:23,270] {dag.py:2420} INFO - Sync 1 DAGs
[2025-02-14 18:22:23,294] {logging_mixin.py:115} INFO - [2025-02-14 18:22:23,293] {dag.py:2968} INFO - Setting next_dagrun for TK_Lead_Scoring_Data_Engineering_Pipeline to 2025-02-14T00:00:00+00:00, run_after=2025-02-15T00:00:00+00:00
[2025-02-14 18:22:23,318] {processor.py:161} INFO - Processing /home/airflow/dags/Lead_scoring_data_pipeline/lead_scoring_data_pipeline.py took 0.582 seconds
[2025-02-14 18:23:24,009] {processor.py:153} INFO - Started process (PID=8460) to work on /home/airflow/dags/Lead_scoring_data_pipeline/lead_scoring_data_pipeline.py
[2025-02-14 18:23:24,012] {processor.py:641} INFO - Processing file /home/airflow/dags/Lead_scoring_data_pipeline/lead_scoring_data_pipeline.py for tasks to queue
[2025-02-14 18:23:24,012] {logging_mixin.py:115} INFO - [2025-02-14 18:23:24,012] {dagbag.py:508} INFO - Filling up the DagBag from /home/airflow/dags/Lead_scoring_data_pipeline/lead_scoring_data_pipeline.py
[2025-02-14 18:23:24,290] {logging_mixin.py:115} INFO - [2025-02-14 18:23:24,290] {utils.py:145} INFO - Note: NumExpr detected 64 cores but "NUMEXPR_MAX_THREADS" not set, so enforcing safe limit of 8.
[2025-02-14 18:23:24,290] {logging_mixin.py:115} INFO - [2025-02-14 18:23:24,290] {utils.py:157} INFO - NumExpr defaulting to 8 threads.
[2025-02-14 18:23:24,520] {processor.py:651} INFO - DAG(s) dict_keys(['TK_Lead_Scoring_Data_Engineering_Pipeline']) retrieved from /home/airflow/dags/Lead_scoring_data_pipeline/lead_scoring_data_pipeline.py
[2025-02-14 18:23:24,572] {logging_mixin.py:115} INFO - [2025-02-14 18:23:24,571] {dag.py:2420} INFO - Sync 1 DAGs
[2025-02-14 18:23:24,592] {logging_mixin.py:115} INFO - [2025-02-14 18:23:24,592] {dag.py:2968} INFO - Setting next_dagrun for TK_Lead_Scoring_Data_Engineering_Pipeline to 2025-02-14T00:00:00+00:00, run_after=2025-02-15T00:00:00+00:00
[2025-02-14 18:23:24,619] {processor.py:161} INFO - Processing /home/airflow/dags/Lead_scoring_data_pipeline/lead_scoring_data_pipeline.py took 0.613 seconds
[2025-02-14 18:24:26,545] {processor.py:153} INFO - Started process (PID=8601) to work on /home/airflow/dags/Lead_scoring_data_pipeline/lead_scoring_data_pipeline.py
[2025-02-14 18:24:26,547] {processor.py:641} INFO - Processing file /home/airflow/dags/Lead_scoring_data_pipeline/lead_scoring_data_pipeline.py for tasks to queue
[2025-02-14 18:24:26,547] {logging_mixin.py:115} INFO - [2025-02-14 18:24:26,547] {dagbag.py:508} INFO - Filling up the DagBag from /home/airflow/dags/Lead_scoring_data_pipeline/lead_scoring_data_pipeline.py
[2025-02-14 18:24:26,715] {logging_mixin.py:115} INFO - [2025-02-14 18:24:26,715] {utils.py:145} INFO - Note: NumExpr detected 64 cores but "NUMEXPR_MAX_THREADS" not set, so enforcing safe limit of 8.
[2025-02-14 18:24:26,715] {logging_mixin.py:115} INFO - [2025-02-14 18:24:26,715] {utils.py:157} INFO - NumExpr defaulting to 8 threads.
[2025-02-14 18:24:26,850] {processor.py:651} INFO - DAG(s) dict_keys(['TK_Lead_Scoring_Data_Engineering_Pipeline']) retrieved from /home/airflow/dags/Lead_scoring_data_pipeline/lead_scoring_data_pipeline.py
[2025-02-14 18:24:26,861] {logging_mixin.py:115} INFO - [2025-02-14 18:24:26,860] {dag.py:2420} INFO - Sync 1 DAGs
[2025-02-14 18:24:26,875] {logging_mixin.py:115} INFO - [2025-02-14 18:24:26,875] {dag.py:2968} INFO - Setting next_dagrun for TK_Lead_Scoring_Data_Engineering_Pipeline to 2025-02-14T00:00:00+00:00, run_after=2025-02-15T00:00:00+00:00
[2025-02-14 18:24:26,900] {processor.py:161} INFO - Processing /home/airflow/dags/Lead_scoring_data_pipeline/lead_scoring_data_pipeline.py took 0.358 seconds
[2025-02-14 18:29:57,729] {processor.py:153} INFO - Started process (PID=8746) to work on /home/airflow/dags/Lead_scoring_data_pipeline/lead_scoring_data_pipeline.py
[2025-02-14 18:29:57,731] {processor.py:641} INFO - Processing file /home/airflow/dags/Lead_scoring_data_pipeline/lead_scoring_data_pipeline.py for tasks to queue
[2025-02-14 18:29:57,732] {logging_mixin.py:115} INFO - [2025-02-14 18:29:57,732] {dagbag.py:508} INFO - Filling up the DagBag from /home/airflow/dags/Lead_scoring_data_pipeline/lead_scoring_data_pipeline.py
[2025-02-14 18:29:58,024] {logging_mixin.py:115} INFO - [2025-02-14 18:29:58,024] {utils.py:145} INFO - Note: NumExpr detected 64 cores but "NUMEXPR_MAX_THREADS" not set, so enforcing safe limit of 8.
[2025-02-14 18:29:58,024] {logging_mixin.py:115} INFO - [2025-02-14 18:29:58,024] {utils.py:157} INFO - NumExpr defaulting to 8 threads.
[2025-02-14 18:29:58,158] {processor.py:651} INFO - DAG(s) dict_keys(['TK_Lead_Scoring_Data_Engineering_Pipeline']) retrieved from /home/airflow/dags/Lead_scoring_data_pipeline/lead_scoring_data_pipeline.py
[2025-02-14 18:29:58,186] {logging_mixin.py:115} INFO - [2025-02-14 18:29:58,186] {dag.py:2420} INFO - Sync 1 DAGs
[2025-02-14 18:29:58,197] {logging_mixin.py:115} INFO - [2025-02-14 18:29:58,197] {dag.py:2968} INFO - Setting next_dagrun for TK_Lead_Scoring_Data_Engineering_Pipeline to 2025-02-14T00:00:00+00:00, run_after=2025-02-15T00:00:00+00:00
[2025-02-14 18:29:58,230] {processor.py:161} INFO - Processing /home/airflow/dags/Lead_scoring_data_pipeline/lead_scoring_data_pipeline.py took 0.504 seconds
[2025-02-14 18:31:23,869] {processor.py:153} INFO - Started process (PID=8976) to work on /home/airflow/dags/Lead_scoring_data_pipeline/lead_scoring_data_pipeline.py
[2025-02-14 18:31:23,986] {processor.py:641} INFO - Processing file /home/airflow/dags/Lead_scoring_data_pipeline/lead_scoring_data_pipeline.py for tasks to queue
[2025-02-14 18:31:23,987] {logging_mixin.py:115} INFO - [2025-02-14 18:31:23,987] {dagbag.py:508} INFO - Filling up the DagBag from /home/airflow/dags/Lead_scoring_data_pipeline/lead_scoring_data_pipeline.py
[2025-02-14 18:31:24,281] {logging_mixin.py:115} INFO - [2025-02-14 18:31:24,281] {utils.py:145} INFO - Note: NumExpr detected 64 cores but "NUMEXPR_MAX_THREADS" not set, so enforcing safe limit of 8.
[2025-02-14 18:31:24,281] {logging_mixin.py:115} INFO - [2025-02-14 18:31:24,281] {utils.py:157} INFO - NumExpr defaulting to 8 threads.
[2025-02-14 18:31:24,415] {processor.py:651} INFO - DAG(s) dict_keys(['TK_Lead_Scoring_Data_Engineering_Pipeline']) retrieved from /home/airflow/dags/Lead_scoring_data_pipeline/lead_scoring_data_pipeline.py
[2025-02-14 18:31:24,424] {logging_mixin.py:115} INFO - [2025-02-14 18:31:24,423] {dag.py:2420} INFO - Sync 1 DAGs
[2025-02-14 18:31:24,437] {logging_mixin.py:115} INFO - [2025-02-14 18:31:24,437] {dag.py:2968} INFO - Setting next_dagrun for TK_Lead_Scoring_Data_Engineering_Pipeline to 2025-02-14T00:00:00+00:00, run_after=2025-02-15T00:00:00+00:00
[2025-02-14 18:31:25,451] {processor.py:161} INFO - Processing /home/airflow/dags/Lead_scoring_data_pipeline/lead_scoring_data_pipeline.py took 1.585 seconds
[2025-02-14 18:32:21,925] {processor.py:153} INFO - Started process (PID=9143) to work on /home/airflow/dags/Lead_scoring_data_pipeline/lead_scoring_data_pipeline.py
[2025-02-14 18:32:21,927] {processor.py:641} INFO - Processing file /home/airflow/dags/Lead_scoring_data_pipeline/lead_scoring_data_pipeline.py for tasks to queue
[2025-02-14 18:32:21,927] {logging_mixin.py:115} INFO - [2025-02-14 18:32:21,927] {dagbag.py:508} INFO - Filling up the DagBag from /home/airflow/dags/Lead_scoring_data_pipeline/lead_scoring_data_pipeline.py
[2025-02-14 18:32:22,200] {logging_mixin.py:115} INFO - [2025-02-14 18:32:22,200] {utils.py:145} INFO - Note: NumExpr detected 64 cores but "NUMEXPR_MAX_THREADS" not set, so enforcing safe limit of 8.
[2025-02-14 18:32:22,200] {logging_mixin.py:115} INFO - [2025-02-14 18:32:22,200] {utils.py:157} INFO - NumExpr defaulting to 8 threads.
[2025-02-14 18:32:22,331] {processor.py:651} INFO - DAG(s) dict_keys(['TK_Lead_Scoring_Data_Engineering_Pipeline']) retrieved from /home/airflow/dags/Lead_scoring_data_pipeline/lead_scoring_data_pipeline.py
[2025-02-14 18:32:22,359] {logging_mixin.py:115} INFO - [2025-02-14 18:32:22,359] {dag.py:2420} INFO - Sync 1 DAGs
[2025-02-14 18:32:22,370] {logging_mixin.py:115} INFO - [2025-02-14 18:32:22,370] {dag.py:2968} INFO - Setting next_dagrun for TK_Lead_Scoring_Data_Engineering_Pipeline to 2025-02-14T00:00:00+00:00, run_after=2025-02-15T00:00:00+00:00
[2025-02-14 18:32:22,426] {processor.py:161} INFO - Processing /home/airflow/dags/Lead_scoring_data_pipeline/lead_scoring_data_pipeline.py took 0.504 seconds
[2025-02-14 18:33:26,537] {processor.py:153} INFO - Started process (PID=9350) to work on /home/airflow/dags/Lead_scoring_data_pipeline/lead_scoring_data_pipeline.py
[2025-02-14 18:33:26,539] {processor.py:641} INFO - Processing file /home/airflow/dags/Lead_scoring_data_pipeline/lead_scoring_data_pipeline.py for tasks to queue
[2025-02-14 18:33:26,539] {logging_mixin.py:115} INFO - [2025-02-14 18:33:26,539] {dagbag.py:508} INFO - Filling up the DagBag from /home/airflow/dags/Lead_scoring_data_pipeline/lead_scoring_data_pipeline.py
[2025-02-14 18:33:26,811] {logging_mixin.py:115} INFO - [2025-02-14 18:33:26,811] {utils.py:145} INFO - Note: NumExpr detected 64 cores but "NUMEXPR_MAX_THREADS" not set, so enforcing safe limit of 8.
[2025-02-14 18:33:26,811] {logging_mixin.py:115} INFO - [2025-02-14 18:33:26,811] {utils.py:157} INFO - NumExpr defaulting to 8 threads.
[2025-02-14 18:33:26,942] {processor.py:651} INFO - DAG(s) dict_keys(['TK_Lead_Scoring_Data_Engineering_Pipeline']) retrieved from /home/airflow/dags/Lead_scoring_data_pipeline/lead_scoring_data_pipeline.py
[2025-02-14 18:33:26,950] {logging_mixin.py:115} INFO - [2025-02-14 18:33:26,950] {dag.py:2420} INFO - Sync 1 DAGs
[2025-02-14 18:33:26,963] {logging_mixin.py:115} INFO - [2025-02-14 18:33:26,963] {dag.py:2968} INFO - Setting next_dagrun for TK_Lead_Scoring_Data_Engineering_Pipeline to 2025-02-14T00:00:00+00:00, run_after=2025-02-15T00:00:00+00:00
[2025-02-14 18:33:26,982] {processor.py:161} INFO - Processing /home/airflow/dags/Lead_scoring_data_pipeline/lead_scoring_data_pipeline.py took 0.447 seconds
[2025-02-14 18:34:32,645] {processor.py:153} INFO - Started process (PID=9494) to work on /home/airflow/dags/Lead_scoring_data_pipeline/lead_scoring_data_pipeline.py
[2025-02-14 18:34:32,799] {processor.py:641} INFO - Processing file /home/airflow/dags/Lead_scoring_data_pipeline/lead_scoring_data_pipeline.py for tasks to queue
[2025-02-14 18:34:32,800] {logging_mixin.py:115} INFO - [2025-02-14 18:34:32,800] {dagbag.py:508} INFO - Filling up the DagBag from /home/airflow/dags/Lead_scoring_data_pipeline/lead_scoring_data_pipeline.py
[2025-02-14 18:34:33,085] {logging_mixin.py:115} INFO - [2025-02-14 18:34:33,085] {utils.py:145} INFO - Note: NumExpr detected 64 cores but "NUMEXPR_MAX_THREADS" not set, so enforcing safe limit of 8.
[2025-02-14 18:34:33,085] {logging_mixin.py:115} INFO - [2025-02-14 18:34:33,085] {utils.py:157} INFO - NumExpr defaulting to 8 threads.
[2025-02-14 18:34:33,217] {processor.py:651} INFO - DAG(s) dict_keys(['TK_Lead_Scoring_Data_Engineering_Pipeline']) retrieved from /home/airflow/dags/Lead_scoring_data_pipeline/lead_scoring_data_pipeline.py
[2025-02-14 18:34:33,245] {logging_mixin.py:115} INFO - [2025-02-14 18:34:33,245] {dag.py:2420} INFO - Sync 1 DAGs
[2025-02-14 18:34:33,257] {logging_mixin.py:115} INFO - [2025-02-14 18:34:33,257] {dag.py:2968} INFO - Setting next_dagrun for TK_Lead_Scoring_Data_Engineering_Pipeline to 2025-02-14T00:00:00+00:00, run_after=2025-02-15T00:00:00+00:00
[2025-02-14 18:34:33,283] {processor.py:161} INFO - Processing /home/airflow/dags/Lead_scoring_data_pipeline/lead_scoring_data_pipeline.py took 0.640 seconds
[2025-02-14 18:35:32,432] {processor.py:153} INFO - Started process (PID=9790) to work on /home/airflow/dags/Lead_scoring_data_pipeline/lead_scoring_data_pipeline.py
[2025-02-14 18:35:32,434] {processor.py:641} INFO - Processing file /home/airflow/dags/Lead_scoring_data_pipeline/lead_scoring_data_pipeline.py for tasks to queue
[2025-02-14 18:35:32,434] {logging_mixin.py:115} INFO - [2025-02-14 18:35:32,434] {dagbag.py:508} INFO - Filling up the DagBag from /home/airflow/dags/Lead_scoring_data_pipeline/lead_scoring_data_pipeline.py
[2025-02-14 18:35:32,610] {logging_mixin.py:115} INFO - [2025-02-14 18:35:32,610] {utils.py:145} INFO - Note: NumExpr detected 64 cores but "NUMEXPR_MAX_THREADS" not set, so enforcing safe limit of 8.
[2025-02-14 18:35:32,610] {logging_mixin.py:115} INFO - [2025-02-14 18:35:32,610] {utils.py:157} INFO - NumExpr defaulting to 8 threads.
[2025-02-14 18:35:32,750] {processor.py:651} INFO - DAG(s) dict_keys(['TK_Lead_Scoring_Data_Engineering_Pipeline']) retrieved from /home/airflow/dags/Lead_scoring_data_pipeline/lead_scoring_data_pipeline.py
[2025-02-14 18:35:32,761] {logging_mixin.py:115} INFO - [2025-02-14 18:35:32,760] {dag.py:2420} INFO - Sync 1 DAGs
[2025-02-14 18:35:32,775] {logging_mixin.py:115} INFO - [2025-02-14 18:35:32,775] {dag.py:2968} INFO - Setting next_dagrun for TK_Lead_Scoring_Data_Engineering_Pipeline to 2025-02-14T00:00:00+00:00, run_after=2025-02-15T00:00:00+00:00
[2025-02-14 18:35:32,838] {processor.py:161} INFO - Processing /home/airflow/dags/Lead_scoring_data_pipeline/lead_scoring_data_pipeline.py took 0.409 seconds
[2025-02-14 18:36:30,724] {processor.py:153} INFO - Started process (PID=9904) to work on /home/airflow/dags/Lead_scoring_data_pipeline/lead_scoring_data_pipeline.py
[2025-02-14 18:36:30,726] {processor.py:641} INFO - Processing file /home/airflow/dags/Lead_scoring_data_pipeline/lead_scoring_data_pipeline.py for tasks to queue
[2025-02-14 18:36:30,726] {logging_mixin.py:115} INFO - [2025-02-14 18:36:30,726] {dagbag.py:508} INFO - Filling up the DagBag from /home/airflow/dags/Lead_scoring_data_pipeline/lead_scoring_data_pipeline.py
[2025-02-14 18:36:30,922] {logging_mixin.py:115} INFO - [2025-02-14 18:36:30,922] {utils.py:145} INFO - Note: NumExpr detected 64 cores but "NUMEXPR_MAX_THREADS" not set, so enforcing safe limit of 8.
[2025-02-14 18:36:30,922] {logging_mixin.py:115} INFO - [2025-02-14 18:36:30,922] {utils.py:157} INFO - NumExpr defaulting to 8 threads.
[2025-02-14 18:36:31,058] {processor.py:651} INFO - DAG(s) dict_keys(['TK_Lead_Scoring_Data_Engineering_Pipeline']) retrieved from /home/airflow/dags/Lead_scoring_data_pipeline/lead_scoring_data_pipeline.py
[2025-02-14 18:36:31,090] {logging_mixin.py:115} INFO - [2025-02-14 18:36:31,089] {dag.py:2420} INFO - Sync 1 DAGs
[2025-02-14 18:36:31,102] {logging_mixin.py:115} INFO - [2025-02-14 18:36:31,102] {dag.py:2968} INFO - Setting next_dagrun for TK_Lead_Scoring_Data_Engineering_Pipeline to 2025-02-14T00:00:00+00:00, run_after=2025-02-15T00:00:00+00:00
[2025-02-14 18:36:31,124] {processor.py:161} INFO - Processing /home/airflow/dags/Lead_scoring_data_pipeline/lead_scoring_data_pipeline.py took 0.403 seconds
[2025-02-14 18:39:39,266] {processor.py:153} INFO - Started process (PID=833) to work on /home/airflow/dags/Lead_scoring_data_pipeline/lead_scoring_data_pipeline.py
[2025-02-14 18:39:39,267] {processor.py:641} INFO - Processing file /home/airflow/dags/Lead_scoring_data_pipeline/lead_scoring_data_pipeline.py for tasks to queue
[2025-02-14 18:39:39,268] {logging_mixin.py:115} INFO - [2025-02-14 18:39:39,268] {dagbag.py:508} INFO - Filling up the DagBag from /home/airflow/dags/Lead_scoring_data_pipeline/lead_scoring_data_pipeline.py
[2025-02-14 18:39:39,552] {logging_mixin.py:115} INFO - [2025-02-14 18:39:39,552] {utils.py:145} INFO - Note: NumExpr detected 64 cores but "NUMEXPR_MAX_THREADS" not set, so enforcing safe limit of 8.
[2025-02-14 18:39:39,552] {logging_mixin.py:115} INFO - [2025-02-14 18:39:39,552] {utils.py:157} INFO - NumExpr defaulting to 8 threads.
[2025-02-14 18:39:39,690] {processor.py:651} INFO - DAG(s) dict_keys(['TK_Lead_Scoring_Data_Engineering_Pipeline']) retrieved from /home/airflow/dags/Lead_scoring_data_pipeline/lead_scoring_data_pipeline.py
[2025-02-14 18:39:39,699] {logging_mixin.py:115} INFO - [2025-02-14 18:39:39,699] {dag.py:2420} INFO - Sync 1 DAGs
[2025-02-14 18:39:39,712] {logging_mixin.py:115} INFO - [2025-02-14 18:39:39,712] {dag.py:2968} INFO - Setting next_dagrun for TK_Lead_Scoring_Data_Engineering_Pipeline to 2025-02-14T00:00:00+00:00, run_after=2025-02-15T00:00:00+00:00
[2025-02-14 18:39:39,749] {processor.py:161} INFO - Processing /home/airflow/dags/Lead_scoring_data_pipeline/lead_scoring_data_pipeline.py took 0.486 seconds
[2025-02-14 18:40:59,248] {processor.py:153} INFO - Started process (PID=1063) to work on /home/airflow/dags/Lead_scoring_data_pipeline/lead_scoring_data_pipeline.py
[2025-02-14 18:40:59,249] {processor.py:641} INFO - Processing file /home/airflow/dags/Lead_scoring_data_pipeline/lead_scoring_data_pipeline.py for tasks to queue
[2025-02-14 18:40:59,249] {logging_mixin.py:115} INFO - [2025-02-14 18:40:59,249] {dagbag.py:508} INFO - Filling up the DagBag from /home/airflow/dags/Lead_scoring_data_pipeline/lead_scoring_data_pipeline.py
[2025-02-14 18:40:59,545] {logging_mixin.py:115} INFO - [2025-02-14 18:40:59,545] {utils.py:145} INFO - Note: NumExpr detected 64 cores but "NUMEXPR_MAX_THREADS" not set, so enforcing safe limit of 8.
[2025-02-14 18:40:59,545] {logging_mixin.py:115} INFO - [2025-02-14 18:40:59,545] {utils.py:157} INFO - NumExpr defaulting to 8 threads.
[2025-02-14 18:40:59,682] {processor.py:651} INFO - DAG(s) dict_keys(['TK_Lead_Scoring_Data_Engineering_Pipeline']) retrieved from /home/airflow/dags/Lead_scoring_data_pipeline/lead_scoring_data_pipeline.py
[2025-02-14 18:40:59,711] {logging_mixin.py:115} INFO - [2025-02-14 18:40:59,711] {dag.py:2420} INFO - Sync 1 DAGs
[2025-02-14 18:40:59,723] {logging_mixin.py:115} INFO - [2025-02-14 18:40:59,723] {dag.py:2968} INFO - Setting next_dagrun for TK_Lead_Scoring_Data_Engineering_Pipeline to 2025-02-14T00:00:00+00:00, run_after=2025-02-15T00:00:00+00:00
[2025-02-14 18:40:59,750] {processor.py:161} INFO - Processing /home/airflow/dags/Lead_scoring_data_pipeline/lead_scoring_data_pipeline.py took 0.505 seconds
[2025-02-14 18:42:01,354] {processor.py:153} INFO - Started process (PID=1175) to work on /home/airflow/dags/Lead_scoring_data_pipeline/lead_scoring_data_pipeline.py
[2025-02-14 18:42:01,355] {processor.py:641} INFO - Processing file /home/airflow/dags/Lead_scoring_data_pipeline/lead_scoring_data_pipeline.py for tasks to queue
[2025-02-14 18:42:01,355] {logging_mixin.py:115} INFO - [2025-02-14 18:42:01,355] {dagbag.py:508} INFO - Filling up the DagBag from /home/airflow/dags/Lead_scoring_data_pipeline/lead_scoring_data_pipeline.py
[2025-02-14 18:42:01,638] {logging_mixin.py:115} INFO - [2025-02-14 18:42:01,638] {utils.py:145} INFO - Note: NumExpr detected 64 cores but "NUMEXPR_MAX_THREADS" not set, so enforcing safe limit of 8.
[2025-02-14 18:42:01,638] {logging_mixin.py:115} INFO - [2025-02-14 18:42:01,638] {utils.py:157} INFO - NumExpr defaulting to 8 threads.
[2025-02-14 18:42:01,774] {processor.py:651} INFO - DAG(s) dict_keys(['TK_Lead_Scoring_Data_Engineering_Pipeline']) retrieved from /home/airflow/dags/Lead_scoring_data_pipeline/lead_scoring_data_pipeline.py
[2025-02-14 18:42:01,783] {logging_mixin.py:115} INFO - [2025-02-14 18:42:01,783] {dag.py:2420} INFO - Sync 1 DAGs
[2025-02-14 18:42:01,796] {logging_mixin.py:115} INFO - [2025-02-14 18:42:01,796] {dag.py:2968} INFO - Setting next_dagrun for TK_Lead_Scoring_Data_Engineering_Pipeline to 2025-02-14T00:00:00+00:00, run_after=2025-02-15T00:00:00+00:00
[2025-02-14 18:42:01,816] {processor.py:161} INFO - Processing /home/airflow/dags/Lead_scoring_data_pipeline/lead_scoring_data_pipeline.py took 0.465 seconds
[2025-02-14 18:43:05,968] {processor.py:153} INFO - Started process (PID=1287) to work on /home/airflow/dags/Lead_scoring_data_pipeline/lead_scoring_data_pipeline.py
[2025-02-14 18:43:05,970] {processor.py:641} INFO - Processing file /home/airflow/dags/Lead_scoring_data_pipeline/lead_scoring_data_pipeline.py for tasks to queue
[2025-02-14 18:43:05,970] {logging_mixin.py:115} INFO - [2025-02-14 18:43:05,970] {dagbag.py:508} INFO - Filling up the DagBag from /home/airflow/dags/Lead_scoring_data_pipeline/lead_scoring_data_pipeline.py
[2025-02-14 18:43:06,263] {logging_mixin.py:115} INFO - [2025-02-14 18:43:06,263] {utils.py:145} INFO - Note: NumExpr detected 64 cores but "NUMEXPR_MAX_THREADS" not set, so enforcing safe limit of 8.
[2025-02-14 18:43:06,263] {logging_mixin.py:115} INFO - [2025-02-14 18:43:06,263] {utils.py:157} INFO - NumExpr defaulting to 8 threads.
[2025-02-14 18:43:06,396] {processor.py:651} INFO - DAG(s) dict_keys(['TK_Lead_Scoring_Data_Engineering_Pipeline']) retrieved from /home/airflow/dags/Lead_scoring_data_pipeline/lead_scoring_data_pipeline.py
[2025-02-14 18:43:06,426] {logging_mixin.py:115} INFO - [2025-02-14 18:43:06,425] {dag.py:2420} INFO - Sync 1 DAGs
[2025-02-14 18:43:06,437] {logging_mixin.py:115} INFO - [2025-02-14 18:43:06,437] {dag.py:2968} INFO - Setting next_dagrun for TK_Lead_Scoring_Data_Engineering_Pipeline to 2025-02-14T00:00:00+00:00, run_after=2025-02-15T00:00:00+00:00
[2025-02-14 18:43:06,486] {processor.py:161} INFO - Processing /home/airflow/dags/Lead_scoring_data_pipeline/lead_scoring_data_pipeline.py took 0.521 seconds
[2025-02-14 18:44:10,617] {processor.py:153} INFO - Started process (PID=1403) to work on /home/airflow/dags/Lead_scoring_data_pipeline/lead_scoring_data_pipeline.py
[2025-02-14 18:44:10,619] {processor.py:641} INFO - Processing file /home/airflow/dags/Lead_scoring_data_pipeline/lead_scoring_data_pipeline.py for tasks to queue
[2025-02-14 18:44:10,619] {logging_mixin.py:115} INFO - [2025-02-14 18:44:10,619] {dagbag.py:508} INFO - Filling up the DagBag from /home/airflow/dags/Lead_scoring_data_pipeline/lead_scoring_data_pipeline.py
[2025-02-14 18:44:10,899] {logging_mixin.py:115} INFO - [2025-02-14 18:44:10,899] {utils.py:145} INFO - Note: NumExpr detected 64 cores but "NUMEXPR_MAX_THREADS" not set, so enforcing safe limit of 8.
[2025-02-14 18:44:10,899] {logging_mixin.py:115} INFO - [2025-02-14 18:44:10,899] {utils.py:157} INFO - NumExpr defaulting to 8 threads.
[2025-02-14 18:44:11,032] {processor.py:651} INFO - DAG(s) dict_keys(['TK_Lead_Scoring_Data_Engineering_Pipeline']) retrieved from /home/airflow/dags/Lead_scoring_data_pipeline/lead_scoring_data_pipeline.py
[2025-02-14 18:44:11,041] {logging_mixin.py:115} INFO - [2025-02-14 18:44:11,041] {dag.py:2420} INFO - Sync 1 DAGs
[2025-02-14 18:44:11,054] {logging_mixin.py:115} INFO - [2025-02-14 18:44:11,054] {dag.py:2968} INFO - Setting next_dagrun for TK_Lead_Scoring_Data_Engineering_Pipeline to 2025-02-14T00:00:00+00:00, run_after=2025-02-15T00:00:00+00:00
[2025-02-14 18:44:11,074] {processor.py:161} INFO - Processing /home/airflow/dags/Lead_scoring_data_pipeline/lead_scoring_data_pipeline.py took 0.460 seconds
[2025-02-14 18:45:08,884] {processor.py:153} INFO - Started process (PID=1514) to work on /home/airflow/dags/Lead_scoring_data_pipeline/lead_scoring_data_pipeline.py
[2025-02-14 18:45:08,886] {processor.py:641} INFO - Processing file /home/airflow/dags/Lead_scoring_data_pipeline/lead_scoring_data_pipeline.py for tasks to queue
[2025-02-14 18:45:08,886] {logging_mixin.py:115} INFO - [2025-02-14 18:45:08,886] {dagbag.py:508} INFO - Filling up the DagBag from /home/airflow/dags/Lead_scoring_data_pipeline/lead_scoring_data_pipeline.py
[2025-02-14 18:45:09,057] {logging_mixin.py:115} INFO - [2025-02-14 18:45:09,057] {utils.py:145} INFO - Note: NumExpr detected 64 cores but "NUMEXPR_MAX_THREADS" not set, so enforcing safe limit of 8.
[2025-02-14 18:45:09,057] {logging_mixin.py:115} INFO - [2025-02-14 18:45:09,057] {utils.py:157} INFO - NumExpr defaulting to 8 threads.
[2025-02-14 18:45:09,191] {processor.py:651} INFO - DAG(s) dict_keys(['TK_Lead_Scoring_Data_Engineering_Pipeline']) retrieved from /home/airflow/dags/Lead_scoring_data_pipeline/lead_scoring_data_pipeline.py
[2025-02-14 18:45:09,223] {logging_mixin.py:115} INFO - [2025-02-14 18:45:09,222] {dag.py:2420} INFO - Sync 1 DAGs
[2025-02-14 18:45:09,235] {logging_mixin.py:115} INFO - [2025-02-14 18:45:09,235] {dag.py:2968} INFO - Setting next_dagrun for TK_Lead_Scoring_Data_Engineering_Pipeline to 2025-02-14T00:00:00+00:00, run_after=2025-02-15T00:00:00+00:00
[2025-02-14 18:45:09,258] {processor.py:161} INFO - Processing /home/airflow/dags/Lead_scoring_data_pipeline/lead_scoring_data_pipeline.py took 0.377 seconds
[2025-02-14 18:45:59,617] {processor.py:153} INFO - Started process (PID=1622) to work on /home/airflow/dags/Lead_scoring_data_pipeline/lead_scoring_data_pipeline.py
[2025-02-14 18:45:59,619] {processor.py:641} INFO - Processing file /home/airflow/dags/Lead_scoring_data_pipeline/lead_scoring_data_pipeline.py for tasks to queue
[2025-02-14 18:45:59,619] {logging_mixin.py:115} INFO - [2025-02-14 18:45:59,619] {dagbag.py:508} INFO - Filling up the DagBag from /home/airflow/dags/Lead_scoring_data_pipeline/lead_scoring_data_pipeline.py
[2025-02-14 18:45:59,792] {logging_mixin.py:115} INFO - [2025-02-14 18:45:59,792] {utils.py:145} INFO - Note: NumExpr detected 64 cores but "NUMEXPR_MAX_THREADS" not set, so enforcing safe limit of 8.
[2025-02-14 18:45:59,792] {logging_mixin.py:115} INFO - [2025-02-14 18:45:59,792] {utils.py:157} INFO - NumExpr defaulting to 8 threads.
[2025-02-14 18:45:59,928] {processor.py:651} INFO - DAG(s) dict_keys(['TK_Lead_Scoring_Data_Engineering_Pipeline']) retrieved from /home/airflow/dags/Lead_scoring_data_pipeline/lead_scoring_data_pipeline.py
[2025-02-14 18:45:59,939] {logging_mixin.py:115} INFO - [2025-02-14 18:45:59,939] {dag.py:2420} INFO - Sync 1 DAGs
[2025-02-14 18:45:59,953] {logging_mixin.py:115} INFO - [2025-02-14 18:45:59,953] {dag.py:2968} INFO - Setting next_dagrun for TK_Lead_Scoring_Data_Engineering_Pipeline to 2025-02-14T00:00:00+00:00, run_after=2025-02-15T00:00:00+00:00
[2025-02-14 18:45:59,987] {processor.py:161} INFO - Processing /home/airflow/dags/Lead_scoring_data_pipeline/lead_scoring_data_pipeline.py took 0.373 seconds
[2025-02-14 18:46:53,634] {processor.py:153} INFO - Started process (PID=1729) to work on /home/airflow/dags/Lead_scoring_data_pipeline/lead_scoring_data_pipeline.py
[2025-02-14 18:46:53,704] {processor.py:641} INFO - Processing file /home/airflow/dags/Lead_scoring_data_pipeline/lead_scoring_data_pipeline.py for tasks to queue
[2025-02-14 18:46:53,705] {logging_mixin.py:115} INFO - [2025-02-14 18:46:53,705] {dagbag.py:508} INFO - Filling up the DagBag from /home/airflow/dags/Lead_scoring_data_pipeline/lead_scoring_data_pipeline.py
[2025-02-14 18:46:53,906] {logging_mixin.py:115} INFO - [2025-02-14 18:46:53,906] {utils.py:145} INFO - Note: NumExpr detected 64 cores but "NUMEXPR_MAX_THREADS" not set, so enforcing safe limit of 8.
[2025-02-14 18:46:53,906] {logging_mixin.py:115} INFO - [2025-02-14 18:46:53,906] {utils.py:157} INFO - NumExpr defaulting to 8 threads.
[2025-02-14 18:46:54,044] {processor.py:651} INFO - DAG(s) dict_keys(['TK_Lead_Scoring_Data_Engineering_Pipeline']) retrieved from /home/airflow/dags/Lead_scoring_data_pipeline/lead_scoring_data_pipeline.py
[2025-02-14 18:46:54,077] {logging_mixin.py:115} INFO - [2025-02-14 18:46:54,076] {dag.py:2420} INFO - Sync 1 DAGs
[2025-02-14 18:46:54,089] {logging_mixin.py:115} INFO - [2025-02-14 18:46:54,089] {dag.py:2968} INFO - Setting next_dagrun for TK_Lead_Scoring_Data_Engineering_Pipeline to 2025-02-14T00:00:00+00:00, run_after=2025-02-15T00:00:00+00:00
[2025-02-14 18:46:54,111] {processor.py:161} INFO - Processing /home/airflow/dags/Lead_scoring_data_pipeline/lead_scoring_data_pipeline.py took 0.481 seconds
[2025-02-14 18:54:10,522] {processor.py:153} INFO - Started process (PID=2074) to work on /home/airflow/dags/Lead_scoring_data_pipeline/lead_scoring_data_pipeline.py
[2025-02-14 18:54:10,528] {processor.py:641} INFO - Processing file /home/airflow/dags/Lead_scoring_data_pipeline/lead_scoring_data_pipeline.py for tasks to queue
[2025-02-14 18:54:10,529] {logging_mixin.py:115} INFO - [2025-02-14 18:54:10,529] {dagbag.py:508} INFO - Filling up the DagBag from /home/airflow/dags/Lead_scoring_data_pipeline/lead_scoring_data_pipeline.py
[2025-02-14 18:54:10,743] {logging_mixin.py:115} INFO - [2025-02-14 18:54:10,743] {utils.py:145} INFO - Note: NumExpr detected 64 cores but "NUMEXPR_MAX_THREADS" not set, so enforcing safe limit of 8.
[2025-02-14 18:54:10,743] {logging_mixin.py:115} INFO - [2025-02-14 18:54:10,743] {utils.py:157} INFO - NumExpr defaulting to 8 threads.
[2025-02-14 18:54:10,882] {processor.py:651} INFO - DAG(s) dict_keys(['TK_Lead_Scoring_Data_Engineering_Pipeline']) retrieved from /home/airflow/dags/Lead_scoring_data_pipeline/lead_scoring_data_pipeline.py
[2025-02-14 18:54:10,893] {logging_mixin.py:115} INFO - [2025-02-14 18:54:10,892] {dag.py:2420} INFO - Sync 1 DAGs
[2025-02-14 18:54:10,905] {logging_mixin.py:115} INFO - [2025-02-14 18:54:10,905] {dag.py:2968} INFO - Setting next_dagrun for TK_Lead_Scoring_Data_Engineering_Pipeline to 2025-02-14T00:00:00+00:00, run_after=2025-02-15T00:00:00+00:00
[2025-02-14 18:54:10,925] {processor.py:161} INFO - Processing /home/airflow/dags/Lead_scoring_data_pipeline/lead_scoring_data_pipeline.py took 0.406 seconds
[2025-02-14 18:55:22,616] {processor.py:153} INFO - Started process (PID=2311) to work on /home/airflow/dags/Lead_scoring_data_pipeline/lead_scoring_data_pipeline.py
[2025-02-14 18:55:22,631] {processor.py:641} INFO - Processing file /home/airflow/dags/Lead_scoring_data_pipeline/lead_scoring_data_pipeline.py for tasks to queue
[2025-02-14 18:55:22,631] {logging_mixin.py:115} INFO - [2025-02-14 18:55:22,631] {dagbag.py:508} INFO - Filling up the DagBag from /home/airflow/dags/Lead_scoring_data_pipeline/lead_scoring_data_pipeline.py
[2025-02-14 18:55:22,846] {logging_mixin.py:115} INFO - [2025-02-14 18:55:22,846] {utils.py:145} INFO - Note: NumExpr detected 64 cores but "NUMEXPR_MAX_THREADS" not set, so enforcing safe limit of 8.
[2025-02-14 18:55:22,846] {logging_mixin.py:115} INFO - [2025-02-14 18:55:22,846] {utils.py:157} INFO - NumExpr defaulting to 8 threads.
[2025-02-14 18:55:22,983] {processor.py:651} INFO - DAG(s) dict_keys(['TK_Lead_Scoring_Data_Engineering_Pipeline']) retrieved from /home/airflow/dags/Lead_scoring_data_pipeline/lead_scoring_data_pipeline.py
[2025-02-14 18:55:23,015] {logging_mixin.py:115} INFO - [2025-02-14 18:55:23,014] {dag.py:2420} INFO - Sync 1 DAGs
[2025-02-14 18:55:23,025] {logging_mixin.py:115} INFO - [2025-02-14 18:55:23,025] {dag.py:2968} INFO - Setting next_dagrun for TK_Lead_Scoring_Data_Engineering_Pipeline to 2025-02-14T00:00:00+00:00, run_after=2025-02-15T00:00:00+00:00
[2025-02-14 18:55:23,069] {processor.py:161} INFO - Processing /home/airflow/dags/Lead_scoring_data_pipeline/lead_scoring_data_pipeline.py took 0.456 seconds
[2025-02-14 19:02:55,609] {processor.py:153} INFO - Started process (PID=2676) to work on /home/airflow/dags/Lead_scoring_data_pipeline/lead_scoring_data_pipeline.py
[2025-02-14 19:02:55,616] {processor.py:641} INFO - Processing file /home/airflow/dags/Lead_scoring_data_pipeline/lead_scoring_data_pipeline.py for tasks to queue
[2025-02-14 19:02:55,616] {logging_mixin.py:115} INFO - [2025-02-14 19:02:55,616] {dagbag.py:508} INFO - Filling up the DagBag from /home/airflow/dags/Lead_scoring_data_pipeline/lead_scoring_data_pipeline.py
[2025-02-14 19:02:55,894] {logging_mixin.py:115} INFO - [2025-02-14 19:02:55,894] {utils.py:145} INFO - Note: NumExpr detected 64 cores but "NUMEXPR_MAX_THREADS" not set, so enforcing safe limit of 8.
[2025-02-14 19:02:55,894] {logging_mixin.py:115} INFO - [2025-02-14 19:02:55,894] {utils.py:157} INFO - NumExpr defaulting to 8 threads.
[2025-02-14 19:02:56,030] {processor.py:651} INFO - DAG(s) dict_keys(['TK_Lead_Scoring_Data_Engineering_Pipeline']) retrieved from /home/airflow/dags/Lead_scoring_data_pipeline/lead_scoring_data_pipeline.py
[2025-02-14 19:02:56,039] {logging_mixin.py:115} INFO - [2025-02-14 19:02:56,039] {dag.py:2420} INFO - Sync 1 DAGs
[2025-02-14 19:02:56,052] {logging_mixin.py:115} INFO - [2025-02-14 19:02:56,052] {dag.py:2968} INFO - Setting next_dagrun for TK_Lead_Scoring_Data_Engineering_Pipeline to 2025-02-14T00:00:00+00:00, run_after=2025-02-15T00:00:00+00:00
[2025-02-14 19:02:56,073] {processor.py:161} INFO - Processing /home/airflow/dags/Lead_scoring_data_pipeline/lead_scoring_data_pipeline.py took 0.467 seconds
[2025-02-14 19:03:57,124] {processor.py:153} INFO - Started process (PID=2788) to work on /home/airflow/dags/Lead_scoring_data_pipeline/lead_scoring_data_pipeline.py
[2025-02-14 19:03:57,139] {processor.py:641} INFO - Processing file /home/airflow/dags/Lead_scoring_data_pipeline/lead_scoring_data_pipeline.py for tasks to queue
[2025-02-14 19:03:57,140] {logging_mixin.py:115} INFO - [2025-02-14 19:03:57,140] {dagbag.py:508} INFO - Filling up the DagBag from /home/airflow/dags/Lead_scoring_data_pipeline/lead_scoring_data_pipeline.py
[2025-02-14 19:03:57,422] {logging_mixin.py:115} INFO - [2025-02-14 19:03:57,422] {utils.py:145} INFO - Note: NumExpr detected 64 cores but "NUMEXPR_MAX_THREADS" not set, so enforcing safe limit of 8.
[2025-02-14 19:03:57,422] {logging_mixin.py:115} INFO - [2025-02-14 19:03:57,422] {utils.py:157} INFO - NumExpr defaulting to 8 threads.
[2025-02-14 19:03:57,557] {processor.py:651} INFO - DAG(s) dict_keys(['TK_Lead_Scoring_Data_Engineering_Pipeline']) retrieved from /home/airflow/dags/Lead_scoring_data_pipeline/lead_scoring_data_pipeline.py
[2025-02-14 19:03:57,586] {logging_mixin.py:115} INFO - [2025-02-14 19:03:57,585] {dag.py:2420} INFO - Sync 1 DAGs
[2025-02-14 19:03:57,597] {logging_mixin.py:115} INFO - [2025-02-14 19:03:57,597] {dag.py:2968} INFO - Setting next_dagrun for TK_Lead_Scoring_Data_Engineering_Pipeline to 2025-02-14T00:00:00+00:00, run_after=2025-02-15T00:00:00+00:00
[2025-02-14 19:03:57,674] {processor.py:161} INFO - Processing /home/airflow/dags/Lead_scoring_data_pipeline/lead_scoring_data_pipeline.py took 0.553 seconds
[2025-02-14 19:04:59,509] {processor.py:153} INFO - Started process (PID=2901) to work on /home/airflow/dags/Lead_scoring_data_pipeline/lead_scoring_data_pipeline.py
[2025-02-14 19:04:59,510] {processor.py:641} INFO - Processing file /home/airflow/dags/Lead_scoring_data_pipeline/lead_scoring_data_pipeline.py for tasks to queue
[2025-02-14 19:04:59,511] {logging_mixin.py:115} INFO - [2025-02-14 19:04:59,511] {dagbag.py:508} INFO - Filling up the DagBag from /home/airflow/dags/Lead_scoring_data_pipeline/lead_scoring_data_pipeline.py
[2025-02-14 19:04:59,794] {logging_mixin.py:115} INFO - [2025-02-14 19:04:59,794] {utils.py:145} INFO - Note: NumExpr detected 64 cores but "NUMEXPR_MAX_THREADS" not set, so enforcing safe limit of 8.
[2025-02-14 19:04:59,795] {logging_mixin.py:115} INFO - [2025-02-14 19:04:59,795] {utils.py:157} INFO - NumExpr defaulting to 8 threads.
[2025-02-14 19:04:59,927] {processor.py:651} INFO - DAG(s) dict_keys(['TK_Lead_Scoring_Data_Engineering_Pipeline']) retrieved from /home/airflow/dags/Lead_scoring_data_pipeline/lead_scoring_data_pipeline.py
[2025-02-14 19:04:59,936] {logging_mixin.py:115} INFO - [2025-02-14 19:04:59,936] {dag.py:2420} INFO - Sync 1 DAGs
[2025-02-14 19:04:59,949] {logging_mixin.py:115} INFO - [2025-02-14 19:04:59,949] {dag.py:2968} INFO - Setting next_dagrun for TK_Lead_Scoring_Data_Engineering_Pipeline to 2025-02-14T00:00:00+00:00, run_after=2025-02-15T00:00:00+00:00
[2025-02-14 19:04:59,968] {processor.py:161} INFO - Processing /home/airflow/dags/Lead_scoring_data_pipeline/lead_scoring_data_pipeline.py took 0.462 seconds
[2025-02-14 19:06:06,622] {processor.py:153} INFO - Started process (PID=3015) to work on /home/airflow/dags/Lead_scoring_data_pipeline/lead_scoring_data_pipeline.py
[2025-02-14 19:06:06,622] {processor.py:641} INFO - Processing file /home/airflow/dags/Lead_scoring_data_pipeline/lead_scoring_data_pipeline.py for tasks to queue
[2025-02-14 19:06:06,623] {logging_mixin.py:115} INFO - [2025-02-14 19:06:06,623] {dagbag.py:508} INFO - Filling up the DagBag from /home/airflow/dags/Lead_scoring_data_pipeline/lead_scoring_data_pipeline.py
[2025-02-14 19:06:06,921] {logging_mixin.py:115} INFO - [2025-02-14 19:06:06,921] {utils.py:145} INFO - Note: NumExpr detected 64 cores but "NUMEXPR_MAX_THREADS" not set, so enforcing safe limit of 8.
[2025-02-14 19:06:06,921] {logging_mixin.py:115} INFO - [2025-02-14 19:06:06,921] {utils.py:157} INFO - NumExpr defaulting to 8 threads.
[2025-02-14 19:06:07,060] {processor.py:651} INFO - DAG(s) dict_keys(['TK_Lead_Scoring_Data_Engineering_Pipeline']) retrieved from /home/airflow/dags/Lead_scoring_data_pipeline/lead_scoring_data_pipeline.py
[2025-02-14 19:06:07,090] {logging_mixin.py:115} INFO - [2025-02-14 19:06:07,090] {dag.py:2420} INFO - Sync 1 DAGs
[2025-02-14 19:06:07,102] {logging_mixin.py:115} INFO - [2025-02-14 19:06:07,102] {dag.py:2968} INFO - Setting next_dagrun for TK_Lead_Scoring_Data_Engineering_Pipeline to 2025-02-14T00:00:00+00:00, run_after=2025-02-15T00:00:00+00:00
[2025-02-14 19:06:07,125] {processor.py:161} INFO - Processing /home/airflow/dags/Lead_scoring_data_pipeline/lead_scoring_data_pipeline.py took 0.507 seconds
[2025-02-14 19:07:10,733] {processor.py:153} INFO - Started process (PID=3129) to work on /home/airflow/dags/Lead_scoring_data_pipeline/lead_scoring_data_pipeline.py
[2025-02-14 19:07:10,733] {processor.py:641} INFO - Processing file /home/airflow/dags/Lead_scoring_data_pipeline/lead_scoring_data_pipeline.py for tasks to queue
[2025-02-14 19:07:10,734] {logging_mixin.py:115} INFO - [2025-02-14 19:07:10,734] {dagbag.py:508} INFO - Filling up the DagBag from /home/airflow/dags/Lead_scoring_data_pipeline/lead_scoring_data_pipeline.py
[2025-02-14 19:07:11,032] {logging_mixin.py:115} INFO - [2025-02-14 19:07:11,031] {utils.py:145} INFO - Note: NumExpr detected 64 cores but "NUMEXPR_MAX_THREADS" not set, so enforcing safe limit of 8.
[2025-02-14 19:07:11,032] {logging_mixin.py:115} INFO - [2025-02-14 19:07:11,032] {utils.py:157} INFO - NumExpr defaulting to 8 threads.
[2025-02-14 19:07:11,170] {processor.py:651} INFO - DAG(s) dict_keys(['TK_Lead_Scoring_Data_Engineering_Pipeline']) retrieved from /home/airflow/dags/Lead_scoring_data_pipeline/lead_scoring_data_pipeline.py
[2025-02-14 19:07:11,178] {logging_mixin.py:115} INFO - [2025-02-14 19:07:11,178] {dag.py:2420} INFO - Sync 1 DAGs
[2025-02-14 19:07:11,191] {logging_mixin.py:115} INFO - [2025-02-14 19:07:11,191] {dag.py:2968} INFO - Setting next_dagrun for TK_Lead_Scoring_Data_Engineering_Pipeline to 2025-02-14T00:00:00+00:00, run_after=2025-02-15T00:00:00+00:00
[2025-02-14 19:07:11,217] {processor.py:161} INFO - Processing /home/airflow/dags/Lead_scoring_data_pipeline/lead_scoring_data_pipeline.py took 0.487 seconds
[2025-02-14 19:08:09,748] {processor.py:153} INFO - Started process (PID=3241) to work on /home/airflow/dags/Lead_scoring_data_pipeline/lead_scoring_data_pipeline.py
[2025-02-14 19:08:09,749] {processor.py:641} INFO - Processing file /home/airflow/dags/Lead_scoring_data_pipeline/lead_scoring_data_pipeline.py for tasks to queue
[2025-02-14 19:08:09,749] {logging_mixin.py:115} INFO - [2025-02-14 19:08:09,749] {dagbag.py:508} INFO - Filling up the DagBag from /home/airflow/dags/Lead_scoring_data_pipeline/lead_scoring_data_pipeline.py
[2025-02-14 19:08:09,939] {logging_mixin.py:115} INFO - [2025-02-14 19:08:09,939] {utils.py:145} INFO - Note: NumExpr detected 64 cores but "NUMEXPR_MAX_THREADS" not set, so enforcing safe limit of 8.
[2025-02-14 19:08:09,939] {logging_mixin.py:115} INFO - [2025-02-14 19:08:09,939] {utils.py:157} INFO - NumExpr defaulting to 8 threads.
[2025-02-14 19:08:10,075] {processor.py:651} INFO - DAG(s) dict_keys(['TK_Lead_Scoring_Data_Engineering_Pipeline']) retrieved from /home/airflow/dags/Lead_scoring_data_pipeline/lead_scoring_data_pipeline.py
[2025-02-14 19:08:10,108] {logging_mixin.py:115} INFO - [2025-02-14 19:08:10,107] {dag.py:2420} INFO - Sync 1 DAGs
[2025-02-14 19:08:10,120] {logging_mixin.py:115} INFO - [2025-02-14 19:08:10,120] {dag.py:2968} INFO - Setting next_dagrun for TK_Lead_Scoring_Data_Engineering_Pipeline to 2025-02-14T00:00:00+00:00, run_after=2025-02-15T00:00:00+00:00
[2025-02-14 19:08:10,143] {processor.py:161} INFO - Processing /home/airflow/dags/Lead_scoring_data_pipeline/lead_scoring_data_pipeline.py took 0.398 seconds
[2025-02-14 19:09:06,657] {processor.py:153} INFO - Started process (PID=3352) to work on /home/airflow/dags/Lead_scoring_data_pipeline/lead_scoring_data_pipeline.py
[2025-02-14 19:09:06,670] {processor.py:641} INFO - Processing file /home/airflow/dags/Lead_scoring_data_pipeline/lead_scoring_data_pipeline.py for tasks to queue
[2025-02-14 19:09:06,671] {logging_mixin.py:115} INFO - [2025-02-14 19:09:06,671] {dagbag.py:508} INFO - Filling up the DagBag from /home/airflow/dags/Lead_scoring_data_pipeline/lead_scoring_data_pipeline.py
[2025-02-14 19:09:06,854] {logging_mixin.py:115} INFO - [2025-02-14 19:09:06,854] {utils.py:145} INFO - Note: NumExpr detected 64 cores but "NUMEXPR_MAX_THREADS" not set, so enforcing safe limit of 8.
[2025-02-14 19:09:06,854] {logging_mixin.py:115} INFO - [2025-02-14 19:09:06,854] {utils.py:157} INFO - NumExpr defaulting to 8 threads.
[2025-02-14 19:09:06,991] {processor.py:651} INFO - DAG(s) dict_keys(['TK_Lead_Scoring_Data_Engineering_Pipeline']) retrieved from /home/airflow/dags/Lead_scoring_data_pipeline/lead_scoring_data_pipeline.py
[2025-02-14 19:09:07,002] {logging_mixin.py:115} INFO - [2025-02-14 19:09:07,001] {dag.py:2420} INFO - Sync 1 DAGs
[2025-02-14 19:09:07,016] {logging_mixin.py:115} INFO - [2025-02-14 19:09:07,016] {dag.py:2968} INFO - Setting next_dagrun for TK_Lead_Scoring_Data_Engineering_Pipeline to 2025-02-14T00:00:00+00:00, run_after=2025-02-15T00:00:00+00:00
[2025-02-14 19:09:07,034] {processor.py:161} INFO - Processing /home/airflow/dags/Lead_scoring_data_pipeline/lead_scoring_data_pipeline.py took 0.380 seconds
[2025-02-14 19:10:16,745] {processor.py:153} INFO - Started process (PID=3581) to work on /home/airflow/dags/Lead_scoring_data_pipeline/lead_scoring_data_pipeline.py
[2025-02-14 19:10:16,747] {processor.py:641} INFO - Processing file /home/airflow/dags/Lead_scoring_data_pipeline/lead_scoring_data_pipeline.py for tasks to queue
[2025-02-14 19:10:16,748] {logging_mixin.py:115} INFO - [2025-02-14 19:10:16,748] {dagbag.py:508} INFO - Filling up the DagBag from /home/airflow/dags/Lead_scoring_data_pipeline/lead_scoring_data_pipeline.py
[2025-02-14 19:10:16,950] {logging_mixin.py:115} INFO - [2025-02-14 19:10:16,950] {utils.py:145} INFO - Note: NumExpr detected 64 cores but "NUMEXPR_MAX_THREADS" not set, so enforcing safe limit of 8.
[2025-02-14 19:10:16,950] {logging_mixin.py:115} INFO - [2025-02-14 19:10:16,950] {utils.py:157} INFO - NumExpr defaulting to 8 threads.
[2025-02-14 19:10:17,086] {processor.py:651} INFO - DAG(s) dict_keys(['TK_Lead_Scoring_Data_Engineering_Pipeline']) retrieved from /home/airflow/dags/Lead_scoring_data_pipeline/lead_scoring_data_pipeline.py
[2025-02-14 19:10:17,119] {logging_mixin.py:115} INFO - [2025-02-14 19:10:17,119] {dag.py:2420} INFO - Sync 1 DAGs
[2025-02-14 19:10:17,131] {logging_mixin.py:115} INFO - [2025-02-14 19:10:17,131] {dag.py:2968} INFO - Setting next_dagrun for TK_Lead_Scoring_Data_Engineering_Pipeline to 2025-02-14T00:00:00+00:00, run_after=2025-02-15T00:00:00+00:00
[2025-02-14 19:10:17,154] {processor.py:161} INFO - Processing /home/airflow/dags/Lead_scoring_data_pipeline/lead_scoring_data_pipeline.py took 0.412 seconds
