2025-02-13 15:53:27,774:INFO:PyCaret Supervised Module
2025-02-13 15:53:27,776:INFO:ML Usecase: classification
2025-02-13 15:53:27,776:INFO:version 2.3.8
2025-02-13 15:53:27,776:INFO:Initializing setup()
2025-02-13 15:53:27,776:INFO:setup(target=app_complete_flag, ml_usecase=classification, available_plots={'parameter': 'Hyperparameters', 'auc': 'AUC', 'confusion_matrix': 'Confusion Matrix', 'threshold': 'Threshold', 'pr': 'Precision Recall', 'error': 'Prediction Error', 'class_report': 'Class Report', 'rfe': 'Feature Selection', 'learning': 'Learning Curve', 'manifold': 'Manifold Learning', 'calibration': 'Calibration Curve', 'vc': 'Validation Curve', 'dimension': 'Dimensions', 'feature': 'Feature Importance', 'feature_all': 'Feature Importance (All)', 'boundary': 'Decision Boundary', 'lift': 'Lift Chart', 'gain': 'Gain Chart', 'tree': 'Decision Tree', 'ks': 'KS Statistic Plot'}, train_size=0.7, test_data=None, preprocess=True, imputation_type=simple, iterative_imputation_iters=5, categorical_features=None, categorical_imputation=constant, categorical_iterative_imputer=lightgbm, ordinal_features=None, high_cardinality_features=None, high_cardinality_method=frequency, numeric_features=None, numeric_imputation=mean, numeric_iterative_imputer=lightgbm, date_features=None, ignore_features=None, normalize=True, normalize_method=zscore, transformation=True, transformation_method=yeo-johnson, handle_unknown_categorical=True, unknown_categorical_method=least_frequent, pca=False, pca_method=linear, pca_components=None, ignore_low_variance=False, combine_rare_levels=False, rare_level_threshold=0.1, bin_numeric_features=None, remove_outliers=False, outliers_threshold=0.05, remove_multicollinearity=True, multicollinearity_threshold=0.95, remove_perfect_collinearity=True, create_clusters=False, cluster_iter=20, polynomial_features=False, polynomial_degree=2, trigonometry_features=False, polynomial_threshold=0.1, group_features=None, group_names=None, feature_selection=False, feature_selection_threshold=0.8, feature_selection_method=classic, feature_interaction=False, feature_ratio=False, interaction_threshold=0.01, fix_imbalance=False, fix_imbalance_method=None, transform_target=False, transform_target_method=box-cox, data_split_shuffle=True, data_split_stratify=False, fold_strategy=stratifiedkfold, fold=10, fold_shuffle=True, fold_groups=None, n_jobs=-1, use_gpu=False, custom_pipeline=None, html=True, session_id=42, log_experiment=True, experiment_name=TK_Lead_Scoring_Model_Experimentation, experiment_custom_tags=None, log_plots=['auc', 'confusion_matrix', 'feature'], log_profile=False, log_data=True, silent=True, verbose=True, profile=False, profile_kwargs=None, display=None)
2025-02-13 15:53:27,776:INFO:Checking environment
2025-02-13 15:53:27,776:INFO:python_version: 3.8.12
2025-02-13 15:53:27,776:INFO:python_build: ('default', 'Oct 12 2021 21:59:51')
2025-02-13 15:53:27,776:INFO:machine: x86_64
2025-02-13 15:53:27,776:INFO:platform: Linux-6.2.0-39-generic-x86_64-with-glibc2.10
2025-02-13 15:53:27,777:INFO:Memory: svmem(total=270067613696, available=184949948416, percent=31.5, used=82790391808, free=63731834880, active=103961694208, inactive=88645738496, buffers=43459575808, cached=80085811200, shared=227201024, slab=6869970944)
2025-02-13 15:53:27,785:INFO:Physical Core: 32
2025-02-13 15:53:27,785:INFO:Logical Core: 64
2025-02-13 15:53:27,785:INFO:Checking libraries
2025-02-13 15:53:27,785:INFO:pd==1.4.3
2025-02-13 15:53:27,786:INFO:numpy==1.22.2
2025-02-13 15:53:27,786:INFO:sklearn==0.23.2
2025-02-13 15:53:27,786:INFO:lightgbm==3.3.2
2025-02-13 15:53:27,786:WARNING:catboost not found
2025-02-13 15:53:27,831:INFO:xgboost==1.5.0
2025-02-13 15:53:27,831:INFO:mlflow==1.26.1
2025-02-13 15:53:27,831:INFO:Checking Exceptions
2025-02-13 15:53:27,831:INFO:Declaring global variables
2025-02-13 15:53:27,832:INFO:USI: 8dd4
2025-02-13 15:53:27,832:INFO:pycaret_globals: {'pycaret_globals', 'n_jobs_param', '_all_metrics', 'imputation_regressor', 'fix_imbalance_method_param', 'transform_target_method_param', '_available_plots', 'X_train', 'fold_shuffle_param', 'fold_param', 'y_train', 'iterative_imputation_iters_param', 'gpu_param', 'html_param', 'logging_param', '_all_models', '_ml_usecase', '_internal_pipeline', 'exp_name_log', 'fix_imbalance_param', '_all_models_internal', 'experiment__', 'fold_generator', 'display_container', 'seed', 'create_model_container', '_gpu_n_jobs_param', 'y_test', 'y', 'master_model_container', 'USI', 'prep_pipe', 'data_before_preprocess', 'fold_groups_param', 'imputation_classifier', 'dashboard_logger', 'log_plots_param', 'X_test', 'stratify_param', 'target_param', 'transform_target_param', 'fold_groups_param_full', 'X'}
2025-02-13 15:53:27,832:INFO:Preparing display monitor
2025-02-13 15:53:27,832:INFO:Preparing display monitor
2025-02-13 15:53:27,851:INFO:Importing libraries
2025-02-13 15:53:27,851:INFO:Copying data for preprocessing
2025-02-13 15:53:27,874:INFO:Declaring preprocessing parameters
2025-02-13 15:53:27,906:INFO:Creating preprocessing pipeline
2025-02-13 15:53:28,264:INFO:Preprocessing pipeline created successfully
2025-02-13 15:53:28,265:ERROR:(Process Exit): setup has been interupted with user command 'quit'. setup must rerun.
2025-02-13 15:53:28,265:INFO:Creating global containers
2025-02-13 15:53:28,265:INFO:Install wandb to use WandbLogger
2025-02-13 15:53:28,266:INFO:Internal pipeline: Pipeline(memory=None, steps=[('empty_step', 'passthrough')], verbose=False)
2025-02-13 15:53:33,529:WARNING:Couldn't import catboost.CatBoostClassifier
2025-02-13 15:53:33,604:WARNING:Couldn't import catboost.CatBoostClassifier
2025-02-13 15:53:33,605:INFO:Creating grid variables
2025-02-13 15:53:33,711:INFO:Logging experiment in MLFlow
2025-02-13 15:53:35,311:INFO:SubProcess save_model() called ==================================
2025-02-13 15:53:35,351:INFO:Initializing save_model()
2025-02-13 15:53:35,351:INFO:save_model(model=Pipeline(memory=None,
         steps=[('dtypes',
                 DataTypes_Auto_infer(categorical_features=[],
                                      display_types=False, features_todrop=[],
                                      id_columns=[],
                                      ml_usecase='classification',
                                      numerical_features=[],
                                      target='app_complete_flag',
                                      time_features=[])),
                ('imputer',
                 Simple_Imputer(categorical_strategy='not_available',
                                fill_value_categorical=None,
                                fill_value_numerical=None,
                                n...
                ('dummy', Dummify(target='app_complete_flag')),
                ('fix_perfect', Remove_100(target='app_complete_flag')),
                ('clean_names', Clean_Colum_Names()),
                ('feature_select', 'passthrough'),
                ('fix_multi',
                 Fix_multicollinearity(correlation_with_target_preference=None,
                                       correlation_with_target_threshold=0.0,
                                       target_variable='app_complete_flag',
                                       threshold=0.95)),
                ('dfs', 'passthrough'), ('pca', 'passthrough')],
         verbose=False), model_name=Transformation Pipeline, prep_pipe_=Pipeline(memory=None,
         steps=[('dtypes',
                 DataTypes_Auto_infer(categorical_features=[],
                                      display_types=False, features_todrop=[],
                                      id_columns=[],
                                      ml_usecase='classification',
                                      numerical_features=[],
                                      target='app_complete_flag',
                                      time_features=[])),
                ('imputer',
                 Simple_Imputer(categorical_strategy='not_available',
                                fill_value_categorical=None,
                                fill_value_numerical=None,
                                n...
                ('dummy', Dummify(target='app_complete_flag')),
                ('fix_perfect', Remove_100(target='app_complete_flag')),
                ('clean_names', Clean_Colum_Names()),
                ('feature_select', 'passthrough'),
                ('fix_multi',
                 Fix_multicollinearity(correlation_with_target_preference=None,
                                       correlation_with_target_threshold=0.0,
                                       target_variable='app_complete_flag',
                                       threshold=0.95)),
                ('dfs', 'passthrough'), ('pca', 'passthrough')],
         verbose=False), verbose=False, kwargs={})
2025-02-13 15:53:35,351:INFO:Adding model into prep_pipe
2025-02-13 15:53:35,362:WARNING:Only Model saved as it was a pipeline.
2025-02-13 15:53:35,392:INFO:Transformation Pipeline.pkl saved in current working directory
2025-02-13 15:53:35,400:INFO:Pipeline(memory=None,
         steps=[('dtypes',
                 DataTypes_Auto_infer(categorical_features=[],
                                      display_types=False, features_todrop=[],
                                      id_columns=[],
                                      ml_usecase='classification',
                                      numerical_features=[],
                                      target='app_complete_flag',
                                      time_features=[])),
                ('imputer',
                 Simple_Imputer(categorical_strategy='not_available',
                                fill_value_categorical=None,
                                fill_value_numerical=None,
                                n...
                ('dummy', Dummify(target='app_complete_flag')),
                ('fix_perfect', Remove_100(target='app_complete_flag')),
                ('clean_names', Clean_Colum_Names()),
                ('feature_select', 'passthrough'),
                ('fix_multi',
                 Fix_multicollinearity(correlation_with_target_preference=None,
                                       correlation_with_target_threshold=0.0,
                                       target_variable='app_complete_flag',
                                       threshold=0.95)),
                ('dfs', 'passthrough'), ('pca', 'passthrough')],
         verbose=False)
2025-02-13 15:53:35,400:INFO:save_model() successfully completed......................................
2025-02-13 15:53:35,578:INFO:SubProcess save_model() end ==================================
2025-02-13 15:53:40,718:INFO:create_model_container: 0
2025-02-13 15:53:40,718:INFO:master_model_container: 0
2025-02-13 15:53:40,718:INFO:display_container: 1
2025-02-13 15:53:40,723:INFO:Pipeline(memory=None,
         steps=[('dtypes',
                 DataTypes_Auto_infer(categorical_features=[],
                                      display_types=False, features_todrop=[],
                                      id_columns=[],
                                      ml_usecase='classification',
                                      numerical_features=[],
                                      target='app_complete_flag',
                                      time_features=[])),
                ('imputer',
                 Simple_Imputer(categorical_strategy='not_available',
                                fill_value_categorical=None,
                                fill_value_numerical=None,
                                n...
                ('dummy', Dummify(target='app_complete_flag')),
                ('fix_perfect', Remove_100(target='app_complete_flag')),
                ('clean_names', Clean_Colum_Names()),
                ('feature_select', 'passthrough'),
                ('fix_multi',
                 Fix_multicollinearity(correlation_with_target_preference=None,
                                       correlation_with_target_threshold=0.0,
                                       target_variable='app_complete_flag',
                                       threshold=0.95)),
                ('dfs', 'passthrough'), ('pca', 'passthrough')],
         verbose=False)
2025-02-13 15:53:40,723:INFO:setup() succesfully completed......................................
2025-02-13 15:53:54,988:INFO:Initializing compare_models()
2025-02-13 15:53:54,988:INFO:compare_models(include=None, fold=5, round=4, cross_validation=True, sort=Accuracy, n_select=1, budget_time=None, turbo=True, errors=ignore, fit_kwargs=None, groups=None, experiment_custom_tags=None, probability_threshold=None, verbose=True, display=None, exclude=['gbc', 'knn', 'qda', 'dummy', 'svm', 'ada'])
2025-02-13 15:53:54,989:INFO:Checking exceptions
2025-02-13 15:53:54,991:INFO:Preparing display monitor
2025-02-13 15:53:54,992:INFO:Preparing display monitor
2025-02-13 15:53:55,031:INFO:Initializing Logistic Regression
2025-02-13 15:53:55,032:INFO:Total runtime is 4.4941902160644535e-06 minutes
2025-02-13 15:53:55,045:INFO:SubProcess create_model() called ==================================
2025-02-13 15:53:55,045:INFO:Initializing create_model()
2025-02-13 15:53:55,045:INFO:create_model(estimator=lr, fold=StratifiedKFold(n_splits=5, random_state=42, shuffle=True), round=4, cross_validation=True, predict=True, fit_kwargs={}, groups=None, refit=False, verbose=False, system=False, metrics=None, experiment_custom_tags=None, add_to_model_list=True, probability_threshold=None, display=<pycaret.internal.Display.Display object at 0x7fdabd36dfa0>, return_train_score=False, kwargs={})
2025-02-13 15:53:55,045:INFO:Checking exceptions
2025-02-13 15:53:55,045:INFO:Importing libraries
2025-02-13 15:53:55,046:INFO:Copying training dataset
2025-02-13 15:53:55,055:INFO:Defining folds
2025-02-13 15:53:55,055:INFO:Declaring metric variables
2025-02-13 15:53:55,067:INFO:Importing untrained model
2025-02-13 15:53:55,079:INFO:Logistic Regression Imported succesfully
2025-02-13 15:53:55,102:INFO:Starting cross validation
2025-02-13 15:53:55,103:INFO:Cross validating with StratifiedKFold(n_splits=5, random_state=42, shuffle=True), n_jobs=-1
2025-02-13 15:54:01,126:INFO:Calculating mean and std
2025-02-13 15:54:01,128:INFO:Creating metrics dataframe
2025-02-13 15:54:01,139:INFO:Uploading results into container
2025-02-13 15:54:01,140:INFO:Uploading model into container now
2025-02-13 15:54:01,140:INFO:create_model_container: 1
2025-02-13 15:54:01,140:INFO:master_model_container: 1
2025-02-13 15:54:01,140:INFO:display_container: 2
2025-02-13 15:54:01,141:INFO:LogisticRegression(C=1.0, class_weight=None, dual=False, fit_intercept=True,
                   intercept_scaling=1, l1_ratio=None, max_iter=1000,
                   multi_class='auto', n_jobs=None, penalty='l2',
                   random_state=42, solver='lbfgs', tol=0.0001, verbose=0,
                   warm_start=False)
2025-02-13 15:54:01,141:INFO:create_model() succesfully completed......................................
2025-02-13 15:54:01,299:INFO:SubProcess create_model() end ==================================
2025-02-13 15:54:01,299:INFO:Creating metrics dataframe
2025-02-13 15:54:01,309:INFO:Initializing Naive Bayes
2025-02-13 15:54:01,310:INFO:Total runtime is 0.10463838974634805 minutes
2025-02-13 15:54:01,317:INFO:SubProcess create_model() called ==================================
2025-02-13 15:54:01,317:INFO:Initializing create_model()
2025-02-13 15:54:01,317:INFO:create_model(estimator=nb, fold=StratifiedKFold(n_splits=5, random_state=42, shuffle=True), round=4, cross_validation=True, predict=True, fit_kwargs={}, groups=None, refit=False, verbose=False, system=False, metrics=None, experiment_custom_tags=None, add_to_model_list=True, probability_threshold=None, display=<pycaret.internal.Display.Display object at 0x7fdabd36dfa0>, return_train_score=False, kwargs={})
2025-02-13 15:54:01,317:INFO:Checking exceptions
2025-02-13 15:54:01,317:INFO:Importing libraries
2025-02-13 15:54:01,317:INFO:Copying training dataset
2025-02-13 15:54:01,324:INFO:Defining folds
2025-02-13 15:54:01,325:INFO:Declaring metric variables
2025-02-13 15:54:01,331:INFO:Importing untrained model
2025-02-13 15:54:01,338:INFO:Naive Bayes Imported succesfully
2025-02-13 15:54:01,351:INFO:Starting cross validation
2025-02-13 15:54:01,352:INFO:Cross validating with StratifiedKFold(n_splits=5, random_state=42, shuffle=True), n_jobs=-1
2025-02-13 15:54:03,803:INFO:Calculating mean and std
2025-02-13 15:54:03,805:INFO:Creating metrics dataframe
2025-02-13 15:54:03,813:INFO:Uploading results into container
2025-02-13 15:54:03,813:INFO:Uploading model into container now
2025-02-13 15:54:03,813:INFO:create_model_container: 2
2025-02-13 15:54:03,813:INFO:master_model_container: 2
2025-02-13 15:54:03,813:INFO:display_container: 2
2025-02-13 15:54:03,813:INFO:GaussianNB(priors=None, var_smoothing=1e-09)
2025-02-13 15:54:03,813:INFO:create_model() succesfully completed......................................
2025-02-13 15:54:03,957:INFO:SubProcess create_model() end ==================================
2025-02-13 15:54:03,957:INFO:Creating metrics dataframe
2025-02-13 15:54:03,971:INFO:Initializing Decision Tree Classifier
2025-02-13 15:54:03,972:INFO:Total runtime is 0.14900507529576618 minutes
2025-02-13 15:54:03,980:INFO:SubProcess create_model() called ==================================
2025-02-13 15:54:03,981:INFO:Initializing create_model()
2025-02-13 15:54:03,981:INFO:create_model(estimator=dt, fold=StratifiedKFold(n_splits=5, random_state=42, shuffle=True), round=4, cross_validation=True, predict=True, fit_kwargs={}, groups=None, refit=False, verbose=False, system=False, metrics=None, experiment_custom_tags=None, add_to_model_list=True, probability_threshold=None, display=<pycaret.internal.Display.Display object at 0x7fdabd36dfa0>, return_train_score=False, kwargs={})
2025-02-13 15:54:03,981:INFO:Checking exceptions
2025-02-13 15:54:03,981:INFO:Importing libraries
2025-02-13 15:54:03,981:INFO:Copying training dataset
2025-02-13 15:54:03,988:INFO:Defining folds
2025-02-13 15:54:03,988:INFO:Declaring metric variables
2025-02-13 15:54:03,996:INFO:Importing untrained model
2025-02-13 15:54:04,004:INFO:Decision Tree Classifier Imported succesfully
2025-02-13 15:54:04,021:INFO:Starting cross validation
2025-02-13 15:54:04,022:INFO:Cross validating with StratifiedKFold(n_splits=5, random_state=42, shuffle=True), n_jobs=-1
2025-02-13 15:54:04,882:INFO:Calculating mean and std
2025-02-13 15:54:04,884:INFO:Creating metrics dataframe
2025-02-13 15:54:04,899:INFO:Uploading results into container
2025-02-13 15:54:04,899:INFO:Uploading model into container now
2025-02-13 15:54:04,899:INFO:create_model_container: 3
2025-02-13 15:54:04,899:INFO:master_model_container: 3
2025-02-13 15:54:04,899:INFO:display_container: 2
2025-02-13 15:54:04,900:INFO:DecisionTreeClassifier(ccp_alpha=0.0, class_weight=None, criterion='gini',
                       max_depth=None, max_features=None, max_leaf_nodes=None,
                       min_impurity_decrease=0.0, min_impurity_split=None,
                       min_samples_leaf=1, min_samples_split=2,
                       min_weight_fraction_leaf=0.0, presort='deprecated',
                       random_state=42, splitter='best')
2025-02-13 15:54:04,900:INFO:create_model() succesfully completed......................................
2025-02-13 15:54:05,044:INFO:SubProcess create_model() end ==================================
2025-02-13 15:54:05,045:INFO:Creating metrics dataframe
2025-02-13 15:54:05,056:INFO:Initializing Ridge Classifier
2025-02-13 15:54:05,056:INFO:Total runtime is 0.1670815308888753 minutes
2025-02-13 15:54:05,065:INFO:SubProcess create_model() called ==================================
2025-02-13 15:54:05,065:INFO:Initializing create_model()
2025-02-13 15:54:05,065:INFO:create_model(estimator=ridge, fold=StratifiedKFold(n_splits=5, random_state=42, shuffle=True), round=4, cross_validation=True, predict=True, fit_kwargs={}, groups=None, refit=False, verbose=False, system=False, metrics=None, experiment_custom_tags=None, add_to_model_list=True, probability_threshold=None, display=<pycaret.internal.Display.Display object at 0x7fdabd36dfa0>, return_train_score=False, kwargs={})
2025-02-13 15:54:05,065:INFO:Checking exceptions
2025-02-13 15:54:05,065:INFO:Importing libraries
2025-02-13 15:54:05,065:INFO:Copying training dataset
2025-02-13 15:54:05,072:INFO:Defining folds
2025-02-13 15:54:05,072:INFO:Declaring metric variables
2025-02-13 15:54:05,080:INFO:Importing untrained model
2025-02-13 15:54:05,088:INFO:Ridge Classifier Imported succesfully
2025-02-13 15:54:05,103:INFO:Starting cross validation
2025-02-13 15:54:05,104:INFO:Cross validating with StratifiedKFold(n_splits=5, random_state=42, shuffle=True), n_jobs=-1
2025-02-13 15:54:05,660:INFO:Calculating mean and std
2025-02-13 15:54:05,662:INFO:Creating metrics dataframe
2025-02-13 15:54:05,674:INFO:Uploading results into container
2025-02-13 15:54:05,674:INFO:Uploading model into container now
2025-02-13 15:54:05,674:INFO:create_model_container: 4
2025-02-13 15:54:05,674:INFO:master_model_container: 4
2025-02-13 15:54:05,674:INFO:display_container: 2
2025-02-13 15:54:05,674:INFO:RidgeClassifier(alpha=1.0, class_weight=None, copy_X=True, fit_intercept=True,
                max_iter=None, normalize=False, random_state=42, solver='auto',
                tol=0.001)
2025-02-13 15:54:05,675:INFO:create_model() succesfully completed......................................
2025-02-13 15:54:05,838:INFO:SubProcess create_model() end ==================================
2025-02-13 15:54:05,838:INFO:Creating metrics dataframe
2025-02-13 15:54:05,854:INFO:Initializing Random Forest Classifier
2025-02-13 15:54:05,854:INFO:Total runtime is 0.18037789662679035 minutes
2025-02-13 15:54:05,865:INFO:SubProcess create_model() called ==================================
2025-02-13 15:54:05,865:INFO:Initializing create_model()
2025-02-13 15:54:05,865:INFO:create_model(estimator=rf, fold=StratifiedKFold(n_splits=5, random_state=42, shuffle=True), round=4, cross_validation=True, predict=True, fit_kwargs={}, groups=None, refit=False, verbose=False, system=False, metrics=None, experiment_custom_tags=None, add_to_model_list=True, probability_threshold=None, display=<pycaret.internal.Display.Display object at 0x7fdabd36dfa0>, return_train_score=False, kwargs={})
2025-02-13 15:54:05,865:INFO:Checking exceptions
2025-02-13 15:54:05,865:INFO:Importing libraries
2025-02-13 15:54:05,865:INFO:Copying training dataset
2025-02-13 15:54:05,873:INFO:Defining folds
2025-02-13 15:54:05,873:INFO:Declaring metric variables
2025-02-13 15:54:05,883:INFO:Importing untrained model
2025-02-13 15:54:05,892:INFO:Random Forest Classifier Imported succesfully
2025-02-13 15:54:05,911:INFO:Starting cross validation
2025-02-13 15:54:05,912:INFO:Cross validating with StratifiedKFold(n_splits=5, random_state=42, shuffle=True), n_jobs=-1
2025-02-13 15:54:15,660:INFO:Calculating mean and std
2025-02-13 15:54:15,663:INFO:Creating metrics dataframe
2025-02-13 15:54:15,676:INFO:Uploading results into container
2025-02-13 15:54:15,677:INFO:Uploading model into container now
2025-02-13 15:54:15,677:INFO:create_model_container: 5
2025-02-13 15:54:15,677:INFO:master_model_container: 5
2025-02-13 15:54:15,677:INFO:display_container: 2
2025-02-13 15:54:15,678:INFO:RandomForestClassifier(bootstrap=True, ccp_alpha=0.0, class_weight=None,
                       criterion='gini', max_depth=None, max_features='auto',
                       max_leaf_nodes=None, max_samples=None,
                       min_impurity_decrease=0.0, min_impurity_split=None,
                       min_samples_leaf=1, min_samples_split=2,
                       min_weight_fraction_leaf=0.0, n_estimators=100,
                       n_jobs=-1, oob_score=False, random_state=42, verbose=0,
                       warm_start=False)
2025-02-13 15:54:15,678:INFO:create_model() succesfully completed......................................
2025-02-13 15:54:15,835:INFO:SubProcess create_model() end ==================================
2025-02-13 15:54:15,836:INFO:Creating metrics dataframe
2025-02-13 15:54:15,847:INFO:Initializing Linear Discriminant Analysis
2025-02-13 15:54:15,847:INFO:Total runtime is 0.34693344831466677 minutes
2025-02-13 15:54:15,856:INFO:SubProcess create_model() called ==================================
2025-02-13 15:54:15,856:INFO:Initializing create_model()
2025-02-13 15:54:15,856:INFO:create_model(estimator=lda, fold=StratifiedKFold(n_splits=5, random_state=42, shuffle=True), round=4, cross_validation=True, predict=True, fit_kwargs={}, groups=None, refit=False, verbose=False, system=False, metrics=None, experiment_custom_tags=None, add_to_model_list=True, probability_threshold=None, display=<pycaret.internal.Display.Display object at 0x7fdabd36dfa0>, return_train_score=False, kwargs={})
2025-02-13 15:54:15,856:INFO:Checking exceptions
2025-02-13 15:54:15,857:INFO:Importing libraries
2025-02-13 15:54:15,857:INFO:Copying training dataset
2025-02-13 15:54:15,864:INFO:Defining folds
2025-02-13 15:54:15,864:INFO:Declaring metric variables
2025-02-13 15:54:15,872:INFO:Importing untrained model
2025-02-13 15:54:15,879:INFO:Linear Discriminant Analysis Imported succesfully
2025-02-13 15:54:15,894:INFO:Starting cross validation
2025-02-13 15:54:15,895:INFO:Cross validating with StratifiedKFold(n_splits=5, random_state=42, shuffle=True), n_jobs=-1
2025-02-13 15:54:18,181:INFO:Calculating mean and std
2025-02-13 15:54:18,183:INFO:Creating metrics dataframe
2025-02-13 15:54:18,191:INFO:Uploading results into container
2025-02-13 15:54:18,192:INFO:Uploading model into container now
2025-02-13 15:54:18,192:INFO:create_model_container: 6
2025-02-13 15:54:18,192:INFO:master_model_container: 6
2025-02-13 15:54:18,192:INFO:display_container: 2
2025-02-13 15:54:18,192:INFO:LinearDiscriminantAnalysis(n_components=None, priors=None, shrinkage=None,
                           solver='svd', store_covariance=False, tol=0.0001)
2025-02-13 15:54:18,192:INFO:create_model() succesfully completed......................................
2025-02-13 15:54:18,336:INFO:SubProcess create_model() end ==================================
2025-02-13 15:54:18,337:INFO:Creating metrics dataframe
2025-02-13 15:54:18,352:INFO:Initializing Extra Trees Classifier
2025-02-13 15:54:18,352:INFO:Total runtime is 0.38868418137232463 minutes
2025-02-13 15:54:18,361:INFO:SubProcess create_model() called ==================================
2025-02-13 15:54:18,362:INFO:Initializing create_model()
2025-02-13 15:54:18,362:INFO:create_model(estimator=et, fold=StratifiedKFold(n_splits=5, random_state=42, shuffle=True), round=4, cross_validation=True, predict=True, fit_kwargs={}, groups=None, refit=False, verbose=False, system=False, metrics=None, experiment_custom_tags=None, add_to_model_list=True, probability_threshold=None, display=<pycaret.internal.Display.Display object at 0x7fdabd36dfa0>, return_train_score=False, kwargs={})
2025-02-13 15:54:18,362:INFO:Checking exceptions
2025-02-13 15:54:18,362:INFO:Importing libraries
2025-02-13 15:54:18,362:INFO:Copying training dataset
2025-02-13 15:54:18,369:INFO:Defining folds
2025-02-13 15:54:18,369:INFO:Declaring metric variables
2025-02-13 15:54:18,377:INFO:Importing untrained model
2025-02-13 15:54:18,386:INFO:Extra Trees Classifier Imported succesfully
2025-02-13 15:54:18,402:INFO:Starting cross validation
2025-02-13 15:54:18,403:INFO:Cross validating with StratifiedKFold(n_splits=5, random_state=42, shuffle=True), n_jobs=-1
2025-02-13 15:54:29,662:INFO:Calculating mean and std
2025-02-13 15:54:29,664:INFO:Creating metrics dataframe
2025-02-13 15:54:29,675:INFO:Uploading results into container
2025-02-13 15:54:29,676:INFO:Uploading model into container now
2025-02-13 15:54:29,676:INFO:create_model_container: 7
2025-02-13 15:54:29,676:INFO:master_model_container: 7
2025-02-13 15:54:29,676:INFO:display_container: 2
2025-02-13 15:54:29,677:INFO:ExtraTreesClassifier(bootstrap=False, ccp_alpha=0.0, class_weight=None,
                     criterion='gini', max_depth=None, max_features='auto',
                     max_leaf_nodes=None, max_samples=None,
                     min_impurity_decrease=0.0, min_impurity_split=None,
                     min_samples_leaf=1, min_samples_split=2,
                     min_weight_fraction_leaf=0.0, n_estimators=100, n_jobs=-1,
                     oob_score=False, random_state=42, verbose=0,
                     warm_start=False)
2025-02-13 15:54:29,677:INFO:create_model() succesfully completed......................................
2025-02-13 15:54:29,819:INFO:SubProcess create_model() end ==================================
2025-02-13 15:54:29,819:INFO:Creating metrics dataframe
2025-02-13 15:54:29,831:INFO:Initializing Extreme Gradient Boosting
2025-02-13 15:54:29,832:INFO:Total runtime is 0.5800030668576559 minutes
2025-02-13 15:54:29,839:INFO:SubProcess create_model() called ==================================
2025-02-13 15:54:29,840:INFO:Initializing create_model()
2025-02-13 15:54:29,840:INFO:create_model(estimator=xgboost, fold=StratifiedKFold(n_splits=5, random_state=42, shuffle=True), round=4, cross_validation=True, predict=True, fit_kwargs={}, groups=None, refit=False, verbose=False, system=False, metrics=None, experiment_custom_tags=None, add_to_model_list=True, probability_threshold=None, display=<pycaret.internal.Display.Display object at 0x7fdabd36dfa0>, return_train_score=False, kwargs={})
2025-02-13 15:54:29,840:INFO:Checking exceptions
2025-02-13 15:54:29,840:INFO:Importing libraries
2025-02-13 15:54:29,840:INFO:Copying training dataset
2025-02-13 15:54:29,846:INFO:Defining folds
2025-02-13 15:54:29,847:INFO:Declaring metric variables
2025-02-13 15:54:29,853:INFO:Importing untrained model
2025-02-13 15:54:29,861:INFO:Extreme Gradient Boosting Imported succesfully
2025-02-13 15:54:29,875:INFO:Starting cross validation
2025-02-13 15:54:29,876:INFO:Cross validating with StratifiedKFold(n_splits=5, random_state=42, shuffle=True), n_jobs=-1
2025-02-13 15:55:20,399:INFO:Calculating mean and std
2025-02-13 15:55:20,400:INFO:Creating metrics dataframe
2025-02-13 15:55:20,406:INFO:Uploading results into container
2025-02-13 15:55:20,406:INFO:Uploading model into container now
2025-02-13 15:55:20,406:INFO:create_model_container: 8
2025-02-13 15:55:20,406:INFO:master_model_container: 8
2025-02-13 15:55:20,406:INFO:display_container: 2
2025-02-13 15:55:20,407:INFO:XGBClassifier(base_score=None, booster='gbtree', colsample_bylevel=None,
              colsample_bynode=None, colsample_bytree=None,
              enable_categorical=False, gamma=None, gpu_id=None,
              importance_type=None, interaction_constraints=None,
              learning_rate=None, max_delta_step=None, max_depth=None,
              min_child_weight=None, missing=nan, monotone_constraints=None,
              n_estimators=100, n_jobs=-1, num_parallel_tree=None,
              objective='binary:logistic', predictor=None, random_state=42,
              reg_alpha=None, reg_lambda=None, scale_pos_weight=None,
              subsample=None, tree_method='auto', use_label_encoder=True,
              validate_parameters=None, verbosity=0)
2025-02-13 15:55:20,407:INFO:create_model() succesfully completed......................................
2025-02-13 15:55:20,539:INFO:SubProcess create_model() end ==================================
2025-02-13 15:55:20,540:INFO:Creating metrics dataframe
2025-02-13 15:55:20,554:INFO:Initializing Light Gradient Boosting Machine
2025-02-13 15:55:20,554:INFO:Total runtime is 1.425376542409261 minutes
2025-02-13 15:55:20,562:INFO:SubProcess create_model() called ==================================
2025-02-13 15:55:20,562:INFO:Initializing create_model()
2025-02-13 15:55:20,562:INFO:create_model(estimator=lightgbm, fold=StratifiedKFold(n_splits=5, random_state=42, shuffle=True), round=4, cross_validation=True, predict=True, fit_kwargs={}, groups=None, refit=False, verbose=False, system=False, metrics=None, experiment_custom_tags=None, add_to_model_list=True, probability_threshold=None, display=<pycaret.internal.Display.Display object at 0x7fdabd36dfa0>, return_train_score=False, kwargs={})
2025-02-13 15:55:20,562:INFO:Checking exceptions
2025-02-13 15:55:20,562:INFO:Importing libraries
2025-02-13 15:55:20,562:INFO:Copying training dataset
2025-02-13 15:55:20,569:INFO:Defining folds
2025-02-13 15:55:20,569:INFO:Declaring metric variables
2025-02-13 15:55:20,576:INFO:Importing untrained model
2025-02-13 15:55:20,583:INFO:Light Gradient Boosting Machine Imported succesfully
2025-02-13 15:55:20,596:INFO:Starting cross validation
2025-02-13 15:55:20,597:INFO:Cross validating with StratifiedKFold(n_splits=5, random_state=42, shuffle=True), n_jobs=-1
2025-02-13 15:55:25,559:INFO:Calculating mean and std
2025-02-13 15:55:25,561:INFO:Creating metrics dataframe
2025-02-13 15:55:25,568:INFO:Uploading results into container
2025-02-13 15:55:25,568:INFO:Uploading model into container now
2025-02-13 15:55:25,568:INFO:create_model_container: 9
2025-02-13 15:55:25,568:INFO:master_model_container: 9
2025-02-13 15:55:25,568:INFO:display_container: 2
2025-02-13 15:55:25,568:INFO:LGBMClassifier(boosting_type='gbdt', class_weight=None, colsample_bytree=1.0,
               importance_type='split', learning_rate=0.1, max_depth=-1,
               min_child_samples=20, min_child_weight=0.001, min_split_gain=0.0,
               n_estimators=100, n_jobs=-1, num_leaves=31, objective=None,
               random_state=42, reg_alpha=0.0, reg_lambda=0.0, silent='warn',
               subsample=1.0, subsample_for_bin=200000, subsample_freq=0)
2025-02-13 15:55:25,568:INFO:create_model() succesfully completed......................................
2025-02-13 15:55:25,716:INFO:SubProcess create_model() end ==================================
2025-02-13 15:55:25,716:INFO:Creating metrics dataframe
2025-02-13 15:55:25,745:INFO:Initializing create_model()
2025-02-13 15:55:25,745:INFO:create_model(estimator=XGBClassifier(base_score=None, booster='gbtree', colsample_bylevel=None,
              colsample_bynode=None, colsample_bytree=None,
              enable_categorical=False, gamma=None, gpu_id=None,
              importance_type=None, interaction_constraints=None,
              learning_rate=None, max_delta_step=None, max_depth=None,
              min_child_weight=None, missing=nan, monotone_constraints=None,
              n_estimators=100, n_jobs=-1, num_parallel_tree=None,
              objective='binary:logistic', predictor=None, random_state=42,
              reg_alpha=None, reg_lambda=None, scale_pos_weight=None,
              subsample=None, tree_method='auto', use_label_encoder=True,
              validate_parameters=None, verbosity=0), fold=StratifiedKFold(n_splits=5, random_state=42, shuffle=True), round=4, cross_validation=False, predict=False, fit_kwargs={}, groups=None, refit=True, verbose=False, system=False, metrics=None, experiment_custom_tags=None, add_to_model_list=True, probability_threshold=None, display=None, return_train_score=False, kwargs={})
2025-02-13 15:55:25,745:INFO:Checking exceptions
2025-02-13 15:55:25,745:INFO:Importing libraries
2025-02-13 15:55:25,745:INFO:Copying training dataset
2025-02-13 15:55:25,752:INFO:Defining folds
2025-02-13 15:55:25,752:INFO:Declaring metric variables
2025-02-13 15:55:25,752:INFO:Importing untrained model
2025-02-13 15:55:25,752:INFO:Declaring custom model
2025-02-13 15:55:25,753:INFO:Extreme Gradient Boosting Imported succesfully
2025-02-13 15:55:25,754:INFO:Cross validation set to False
2025-02-13 15:55:25,754:INFO:Fitting Model
2025-02-13 15:55:31,973:INFO:XGBClassifier(base_score=0.5, booster='gbtree', colsample_bylevel=1,
              colsample_bynode=1, colsample_bytree=1, enable_categorical=False,
              gamma=0, gpu_id=-1, importance_type=None,
              interaction_constraints='', learning_rate=0.300000012,
              max_delta_step=0, max_depth=6, min_child_weight=1, missing=nan,
              monotone_constraints='()', n_estimators=100, n_jobs=-1,
              num_parallel_tree=1, objective='binary:logistic',
              predictor='auto', random_state=42, reg_alpha=0, reg_lambda=1,
              scale_pos_weight=1, subsample=1, tree_method='auto',
              use_label_encoder=True, validate_parameters=1, verbosity=0)
2025-02-13 15:55:31,973:INFO:create_models() succesfully completed......................................
2025-02-13 15:55:32,142:INFO:Creating Dashboard logs
2025-02-13 15:55:32,149:INFO:Model: Extreme Gradient Boosting
2025-02-13 15:55:32,325:INFO:logged params: {'objective': 'binary:logistic', 'use_label_encoder': True, 'base_score': 0.5, 'booster': 'gbtree', 'colsample_bylevel': 1, 'colsample_bynode': 1, 'colsample_bytree': 1, 'enable_categorical': False, 'gamma': 0, 'gpu_id': -1, 'importance_type': None, 'interaction_constraints': '', 'learning_rate': 0.300000012, 'max_delta_step': 0, 'max_depth': 6, 'min_child_weight': 1, 'missing': nan, 'monotone_constraints': '()', 'n_estimators': 100, 'n_jobs': -1, 'num_parallel_tree': 1, 'predictor': 'auto', 'random_state': 42, 'reg_alpha': 0, 'reg_lambda': 1, 'scale_pos_weight': 1, 'subsample': 1, 'tree_method': 'auto', 'validate_parameters': 1, 'verbosity': 0}
2025-02-13 15:55:32,334:ERROR:dashboard_logger.log_model() for XGBClassifier(base_score=0.5, booster='gbtree', colsample_bylevel=1,
              colsample_bynode=1, colsample_bytree=1, enable_categorical=False,
              gamma=0, gpu_id=-1, importance_type=None,
              interaction_constraints='', learning_rate=0.300000012,
              max_delta_step=0, max_depth=6, min_child_weight=1, missing=nan,
              monotone_constraints='()', n_estimators=100, n_jobs=-1,
              num_parallel_tree=1, objective='binary:logistic',
              predictor='auto', random_state=42, reg_alpha=0, reg_lambda=1,
              scale_pos_weight=1, subsample=1, tree_method='auto',
              use_label_encoder=True, validate_parameters=1, verbosity=0) raised an exception:
2025-02-13 15:55:32,337:ERROR:Traceback (most recent call last):
  File "/opt/conda/lib/python3.8/site-packages/pycaret/internal/tabular.py", line 2332, in compare_models
    dashboard_logger.log_model(
  File "/opt/conda/lib/python3.8/site-packages/pycaret/loggers/__init__.py", line 93, in log_model
    logger.log_params(params, model_name=full_name)
  File "/opt/conda/lib/python3.8/site-packages/pycaret/loggers/mlflow_logger.py", line 46, in log_params
    mlflow.log_params(params)
  File "/opt/conda/lib/python3.8/site-packages/mlflow/tracking/fluent.py", line 639, in log_params
    MlflowClient().log_batch(run_id=run_id, metrics=[], params=params_arr, tags=[])
  File "/opt/conda/lib/python3.8/site-packages/mlflow/tracking/client.py", line 918, in log_batch
    self._tracking_client.log_batch(run_id, metrics, params, tags)
  File "/opt/conda/lib/python3.8/site-packages/mlflow/tracking/_tracking_service/client.py", line 292, in log_batch
    self.store.log_batch(run_id=run_id, metrics=metrics, params=params, tags=tags)
  File "/opt/conda/lib/python3.8/site-packages/mlflow/store/tracking/rest_store.py", line 309, in log_batch
    self._call_endpoint(LogBatch, req_body)
  File "/opt/conda/lib/python3.8/site-packages/mlflow/store/tracking/rest_store.py", line 56, in _call_endpoint
    return call_endpoint(self.get_host_creds(), endpoint, method, json_body, response_proto)
  File "/opt/conda/lib/python3.8/site-packages/mlflow/utils/rest_utils.py", line 256, in call_endpoint
    response = verify_rest_response(response, endpoint)
  File "/opt/conda/lib/python3.8/site-packages/mlflow/utils/rest_utils.py", line 185, in verify_rest_response
    raise RestException(json.loads(response.text))
mlflow.exceptions.RestException: INVALID_PARAMETER_VALUE: Invalid value [{'key': 'objective', 'value': 'binary:logistic'}, {'key': 'use_label_encoder', 'value': 'True'}, {'key': 'base_score', 'value': '0.5'}, {'key': 'booster', 'value': 'gbtree'}, {'key': 'colsample_bylevel', 'value': '1'}, {'key': 'colsample_bynode', 'value': '1'}, {'key': 'colsample_bytree', 'value': '1'}, {'key': 'enable_categorical', 'value': 'False'}, {'key': 'gamma', 'value': '0'}, {'key': 'gpu_id', 'value': '-1'}, {'key': 'importance_type', 'value': 'None'}, {'key': 'interaction_constraints', 'value': ''}, {'key': 'learning_rate', 'value': '0.300000012'}, {'key': 'max_delta_step', 'value': '0'}, {'key': 'max_depth', 'value': '6'}, {'key': 'min_child_weight', 'value': '1'}, {'key': 'missing', 'value': 'nan'}, {'key': 'monotone_constraints', 'value': '()'}, {'key': 'n_estimators', 'value': '100'}, {'key': 'n_jobs', 'value': '-1'}, {'key': 'num_parallel_tree', 'value': '1'}, {'key': 'predictor', 'value': 'auto'}, {'key': 'random_state', 'value': '42'}, {'key': 'reg_alpha', 'value': '0'}, {'key': 'reg_lambda', 'value': '1'}, {'key': 'scale_pos_weight', 'value': '1'}, {'key': 'subsample', 'value': '1'}, {'key': 'tree_method', 'value': 'auto'}, {'key': 'validate_parameters', 'value': '1'}, {'key': 'verbosity', 'value': '0'}] for parameter 'params' supplied. Hint: Value was of type 'list'. See the API docs for more information about request parameters.

2025-02-13 15:55:32,339:INFO:Creating Dashboard logs
2025-02-13 15:55:32,346:INFO:Model: Light Gradient Boosting Machine
2025-02-13 15:55:32,516:INFO:logged params: {'boosting_type': 'gbdt', 'class_weight': None, 'colsample_bytree': 1.0, 'importance_type': 'split', 'learning_rate': 0.1, 'max_depth': -1, 'min_child_samples': 20, 'min_child_weight': 0.001, 'min_split_gain': 0.0, 'n_estimators': 100, 'n_jobs': -1, 'num_leaves': 31, 'objective': None, 'random_state': 42, 'reg_alpha': 0.0, 'reg_lambda': 0.0, 'silent': 'warn', 'subsample': 1.0, 'subsample_for_bin': 200000, 'subsample_freq': 0}
2025-02-13 15:55:33,803:INFO:Creating Dashboard logs
2025-02-13 15:55:33,812:INFO:Model: Random Forest Classifier
2025-02-13 15:55:33,995:INFO:logged params: {'bootstrap': True, 'ccp_alpha': 0.0, 'class_weight': None, 'criterion': 'gini', 'max_depth': None, 'max_features': 'auto', 'max_leaf_nodes': None, 'max_samples': None, 'min_impurity_decrease': 0.0, 'min_impurity_split': None, 'min_samples_leaf': 1, 'min_samples_split': 2, 'min_weight_fraction_leaf': 0.0, 'n_estimators': 100, 'n_jobs': -1, 'oob_score': False, 'random_state': 42, 'verbose': 0, 'warm_start': False}
2025-02-13 15:55:35,110:INFO:Creating Dashboard logs
2025-02-13 15:55:35,121:INFO:Model: Extra Trees Classifier
2025-02-13 15:55:35,266:INFO:logged params: {'bootstrap': False, 'ccp_alpha': 0.0, 'class_weight': None, 'criterion': 'gini', 'max_depth': None, 'max_features': 'auto', 'max_leaf_nodes': None, 'max_samples': None, 'min_impurity_decrease': 0.0, 'min_impurity_split': None, 'min_samples_leaf': 1, 'min_samples_split': 2, 'min_weight_fraction_leaf': 0.0, 'n_estimators': 100, 'n_jobs': -1, 'oob_score': False, 'random_state': 42, 'verbose': 0, 'warm_start': False}
2025-02-13 15:55:36,413:INFO:Creating Dashboard logs
2025-02-13 15:55:36,421:INFO:Model: Decision Tree Classifier
2025-02-13 15:55:36,517:INFO:logged params: {'ccp_alpha': 0.0, 'class_weight': None, 'criterion': 'gini', 'max_depth': None, 'max_features': None, 'max_leaf_nodes': None, 'min_impurity_decrease': 0.0, 'min_impurity_split': None, 'min_samples_leaf': 1, 'min_samples_split': 2, 'min_weight_fraction_leaf': 0.0, 'presort': 'deprecated', 'random_state': 42, 'splitter': 'best'}
2025-02-13 15:55:37,977:INFO:Creating Dashboard logs
2025-02-13 15:55:37,985:INFO:Model: Logistic Regression
2025-02-13 15:55:38,056:INFO:logged params: {'C': 1.0, 'class_weight': None, 'dual': False, 'fit_intercept': True, 'intercept_scaling': 1, 'l1_ratio': None, 'max_iter': 1000, 'multi_class': 'auto', 'n_jobs': None, 'penalty': 'l2', 'random_state': 42, 'solver': 'lbfgs', 'tol': 0.0001, 'verbose': 0, 'warm_start': False}
2025-02-13 15:55:39,286:INFO:Creating Dashboard logs
2025-02-13 15:55:39,295:INFO:Model: Linear Discriminant Analysis
2025-02-13 15:55:39,403:INFO:logged params: {'n_components': None, 'priors': None, 'shrinkage': None, 'solver': 'svd', 'store_covariance': False, 'tol': 0.0001}
2025-02-13 15:55:40,634:INFO:Creating Dashboard logs
2025-02-13 15:55:40,643:INFO:Model: Ridge Classifier
2025-02-13 15:55:40,779:INFO:logged params: {'alpha': 1.0, 'class_weight': None, 'copy_X': True, 'fit_intercept': True, 'max_iter': None, 'normalize': False, 'random_state': 42, 'solver': 'auto', 'tol': 0.001}
2025-02-13 15:55:41,813:INFO:Creating Dashboard logs
2025-02-13 15:55:41,822:INFO:Model: Naive Bayes
2025-02-13 15:55:41,957:INFO:logged params: {'priors': None, 'var_smoothing': 1e-09}
2025-02-13 15:55:43,060:INFO:create_model_container: 9
2025-02-13 15:55:43,061:INFO:master_model_container: 9
2025-02-13 15:55:43,061:INFO:display_container: 2
2025-02-13 15:55:43,063:INFO:XGBClassifier(base_score=0.5, booster='gbtree', colsample_bylevel=1,
              colsample_bynode=1, colsample_bytree=1, enable_categorical=False,
              gamma=0, gpu_id=-1, importance_type=None,
              interaction_constraints='', learning_rate=0.300000012,
              max_delta_step=0, max_depth=6, min_child_weight=1, missing=nan,
              monotone_constraints='()', n_estimators=100, n_jobs=-1,
              num_parallel_tree=1, objective='binary:logistic',
              predictor='auto', random_state=42, reg_alpha=0, reg_lambda=1,
              scale_pos_weight=1, subsample=1, tree_method='auto',
              use_label_encoder=True, validate_parameters=1, verbosity=0)
2025-02-13 15:55:43,064:INFO:compare_models() succesfully completed......................................
2025-02-13 17:31:49,172:INFO:Initializing compare_models()
2025-02-13 17:31:49,172:INFO:compare_models(include=None, fold=5, round=4, cross_validation=True, sort=Accuracy, n_select=1, budget_time=None, turbo=True, errors=ignore, fit_kwargs=None, groups=None, experiment_custom_tags=None, probability_threshold=None, verbose=True, display=None, exclude=['gbc', 'knn', 'qda', 'dummy', 'svm', 'ada'])
2025-02-13 17:31:49,172:INFO:Checking exceptions
2025-02-13 17:31:49,175:INFO:Preparing display monitor
2025-02-13 17:31:49,176:INFO:Preparing display monitor
2025-02-13 17:31:49,207:INFO:Initializing Logistic Regression
2025-02-13 17:31:49,207:INFO:Total runtime is 3.842512766520182e-06 minutes
2025-02-13 17:31:49,216:INFO:SubProcess create_model() called ==================================
2025-02-13 17:31:49,217:INFO:Initializing create_model()
2025-02-13 17:31:49,217:INFO:create_model(estimator=lr, fold=StratifiedKFold(n_splits=5, random_state=42, shuffle=True), round=4, cross_validation=True, predict=True, fit_kwargs={}, groups=None, refit=False, verbose=False, system=False, metrics=None, experiment_custom_tags=None, add_to_model_list=True, probability_threshold=None, display=<pycaret.internal.Display.Display object at 0x7fdbf7efefd0>, return_train_score=False, kwargs={})
2025-02-13 17:31:49,217:INFO:Checking exceptions
2025-02-13 17:31:49,217:INFO:Importing libraries
2025-02-13 17:31:49,217:INFO:Copying training dataset
2025-02-13 17:31:49,229:INFO:Defining folds
2025-02-13 17:31:49,229:INFO:Declaring metric variables
2025-02-13 17:31:49,237:INFO:Importing untrained model
2025-02-13 17:31:49,246:INFO:Logistic Regression Imported succesfully
2025-02-13 17:31:49,263:INFO:Starting cross validation
2025-02-13 17:31:49,264:INFO:Cross validating with StratifiedKFold(n_splits=5, random_state=42, shuffle=True), n_jobs=-1
2025-02-13 17:31:56,396:INFO:Calculating mean and std
2025-02-13 17:31:56,398:INFO:Creating metrics dataframe
2025-02-13 17:31:56,408:INFO:Uploading results into container
2025-02-13 17:31:56,409:INFO:Uploading model into container now
2025-02-13 17:31:56,409:INFO:create_model_container: 10
2025-02-13 17:31:56,409:INFO:master_model_container: 10
2025-02-13 17:31:56,409:INFO:display_container: 3
2025-02-13 17:31:56,409:INFO:LogisticRegression(C=1.0, class_weight=None, dual=False, fit_intercept=True,
                   intercept_scaling=1, l1_ratio=None, max_iter=1000,
                   multi_class='auto', n_jobs=None, penalty='l2',
                   random_state=42, solver='lbfgs', tol=0.0001, verbose=0,
                   warm_start=False)
2025-02-13 17:31:56,409:INFO:create_model() succesfully completed......................................
2025-02-13 17:31:56,605:INFO:SubProcess create_model() end ==================================
2025-02-13 17:31:56,606:INFO:Creating metrics dataframe
2025-02-13 17:31:56,620:INFO:Initializing Naive Bayes
2025-02-13 17:31:56,620:INFO:Total runtime is 0.12354120810826619 minutes
2025-02-13 17:31:56,628:INFO:SubProcess create_model() called ==================================
2025-02-13 17:31:56,629:INFO:Initializing create_model()
2025-02-13 17:31:56,629:INFO:create_model(estimator=nb, fold=StratifiedKFold(n_splits=5, random_state=42, shuffle=True), round=4, cross_validation=True, predict=True, fit_kwargs={}, groups=None, refit=False, verbose=False, system=False, metrics=None, experiment_custom_tags=None, add_to_model_list=True, probability_threshold=None, display=<pycaret.internal.Display.Display object at 0x7fdbf7efefd0>, return_train_score=False, kwargs={})
2025-02-13 17:31:56,629:INFO:Checking exceptions
2025-02-13 17:31:56,629:INFO:Importing libraries
2025-02-13 17:31:56,629:INFO:Copying training dataset
2025-02-13 17:31:56,636:INFO:Defining folds
2025-02-13 17:31:56,636:INFO:Declaring metric variables
2025-02-13 17:31:56,644:INFO:Importing untrained model
2025-02-13 17:31:56,652:INFO:Naive Bayes Imported succesfully
2025-02-13 17:31:56,670:INFO:Starting cross validation
2025-02-13 17:31:56,670:INFO:Cross validating with StratifiedKFold(n_splits=5, random_state=42, shuffle=True), n_jobs=-1
2025-02-13 17:32:00,111:INFO:Calculating mean and std
2025-02-13 17:32:00,112:INFO:Creating metrics dataframe
2025-02-13 17:32:00,120:INFO:Uploading results into container
2025-02-13 17:32:00,120:INFO:Uploading model into container now
2025-02-13 17:32:00,120:INFO:create_model_container: 11
2025-02-13 17:32:00,120:INFO:master_model_container: 11
2025-02-13 17:32:00,120:INFO:display_container: 3
2025-02-13 17:32:00,120:INFO:GaussianNB(priors=None, var_smoothing=1e-09)
2025-02-13 17:32:00,120:INFO:create_model() succesfully completed......................................
2025-02-13 17:32:00,268:INFO:SubProcess create_model() end ==================================
2025-02-13 17:32:00,268:INFO:Creating metrics dataframe
2025-02-13 17:32:00,279:INFO:Initializing Decision Tree Classifier
2025-02-13 17:32:00,280:INFO:Total runtime is 0.18453875780105589 minutes
2025-02-13 17:32:00,287:INFO:SubProcess create_model() called ==================================
2025-02-13 17:32:00,287:INFO:Initializing create_model()
2025-02-13 17:32:00,287:INFO:create_model(estimator=dt, fold=StratifiedKFold(n_splits=5, random_state=42, shuffle=True), round=4, cross_validation=True, predict=True, fit_kwargs={}, groups=None, refit=False, verbose=False, system=False, metrics=None, experiment_custom_tags=None, add_to_model_list=True, probability_threshold=None, display=<pycaret.internal.Display.Display object at 0x7fdbf7efefd0>, return_train_score=False, kwargs={})
2025-02-13 17:32:00,288:INFO:Checking exceptions
2025-02-13 17:32:00,288:INFO:Importing libraries
2025-02-13 17:32:00,288:INFO:Copying training dataset
2025-02-13 17:32:00,294:INFO:Defining folds
2025-02-13 17:32:00,294:INFO:Declaring metric variables
2025-02-13 17:32:00,301:INFO:Importing untrained model
2025-02-13 17:32:00,308:INFO:Decision Tree Classifier Imported succesfully
2025-02-13 17:32:00,322:INFO:Starting cross validation
2025-02-13 17:32:00,322:INFO:Cross validating with StratifiedKFold(n_splits=5, random_state=42, shuffle=True), n_jobs=-1
2025-02-13 17:32:01,466:INFO:Calculating mean and std
2025-02-13 17:32:01,468:INFO:Creating metrics dataframe
2025-02-13 17:32:01,479:INFO:Uploading results into container
2025-02-13 17:32:01,479:INFO:Uploading model into container now
2025-02-13 17:32:01,479:INFO:create_model_container: 12
2025-02-13 17:32:01,479:INFO:master_model_container: 12
2025-02-13 17:32:01,479:INFO:display_container: 3
2025-02-13 17:32:01,480:INFO:DecisionTreeClassifier(ccp_alpha=0.0, class_weight=None, criterion='gini',
                       max_depth=None, max_features=None, max_leaf_nodes=None,
                       min_impurity_decrease=0.0, min_impurity_split=None,
                       min_samples_leaf=1, min_samples_split=2,
                       min_weight_fraction_leaf=0.0, presort='deprecated',
                       random_state=42, splitter='best')
2025-02-13 17:32:01,480:INFO:create_model() succesfully completed......................................
2025-02-13 17:32:01,629:INFO:SubProcess create_model() end ==================================
2025-02-13 17:32:01,629:INFO:Creating metrics dataframe
2025-02-13 17:32:01,640:INFO:Initializing Ridge Classifier
2025-02-13 17:32:01,641:INFO:Total runtime is 0.20722219149271645 minutes
2025-02-13 17:32:01,647:INFO:SubProcess create_model() called ==================================
2025-02-13 17:32:01,647:INFO:Initializing create_model()
2025-02-13 17:32:01,647:INFO:create_model(estimator=ridge, fold=StratifiedKFold(n_splits=5, random_state=42, shuffle=True), round=4, cross_validation=True, predict=True, fit_kwargs={}, groups=None, refit=False, verbose=False, system=False, metrics=None, experiment_custom_tags=None, add_to_model_list=True, probability_threshold=None, display=<pycaret.internal.Display.Display object at 0x7fdbf7efefd0>, return_train_score=False, kwargs={})
2025-02-13 17:32:01,647:INFO:Checking exceptions
2025-02-13 17:32:01,647:INFO:Importing libraries
2025-02-13 17:32:01,647:INFO:Copying training dataset
2025-02-13 17:32:01,654:INFO:Defining folds
2025-02-13 17:32:01,654:INFO:Declaring metric variables
2025-02-13 17:32:01,659:INFO:Importing untrained model
2025-02-13 17:32:01,665:INFO:Ridge Classifier Imported succesfully
2025-02-13 17:32:01,676:INFO:Starting cross validation
2025-02-13 17:32:01,677:INFO:Cross validating with StratifiedKFold(n_splits=5, random_state=42, shuffle=True), n_jobs=-1
2025-02-13 17:32:02,301:INFO:Calculating mean and std
2025-02-13 17:32:02,303:INFO:Creating metrics dataframe
2025-02-13 17:32:02,316:INFO:Uploading results into container
2025-02-13 17:32:02,316:INFO:Uploading model into container now
2025-02-13 17:32:02,316:INFO:create_model_container: 13
2025-02-13 17:32:02,316:INFO:master_model_container: 13
2025-02-13 17:32:02,316:INFO:display_container: 3
2025-02-13 17:32:02,317:INFO:RidgeClassifier(alpha=1.0, class_weight=None, copy_X=True, fit_intercept=True,
                max_iter=None, normalize=False, random_state=42, solver='auto',
                tol=0.001)
2025-02-13 17:32:02,317:INFO:create_model() succesfully completed......................................
2025-02-13 17:32:02,479:INFO:SubProcess create_model() end ==================================
2025-02-13 17:32:02,479:INFO:Creating metrics dataframe
2025-02-13 17:32:02,493:INFO:Initializing Random Forest Classifier
2025-02-13 17:32:02,493:INFO:Total runtime is 0.22143628994623818 minutes
2025-02-13 17:32:02,501:INFO:SubProcess create_model() called ==================================
2025-02-13 17:32:02,501:INFO:Initializing create_model()
2025-02-13 17:32:02,502:INFO:create_model(estimator=rf, fold=StratifiedKFold(n_splits=5, random_state=42, shuffle=True), round=4, cross_validation=True, predict=True, fit_kwargs={}, groups=None, refit=False, verbose=False, system=False, metrics=None, experiment_custom_tags=None, add_to_model_list=True, probability_threshold=None, display=<pycaret.internal.Display.Display object at 0x7fdbf7efefd0>, return_train_score=False, kwargs={})
2025-02-13 17:32:02,502:INFO:Checking exceptions
2025-02-13 17:32:02,502:INFO:Importing libraries
2025-02-13 17:32:02,502:INFO:Copying training dataset
2025-02-13 17:32:02,509:INFO:Defining folds
2025-02-13 17:32:02,509:INFO:Declaring metric variables
2025-02-13 17:32:02,516:INFO:Importing untrained model
2025-02-13 17:32:02,523:INFO:Random Forest Classifier Imported succesfully
2025-02-13 17:32:02,538:INFO:Starting cross validation
2025-02-13 17:32:02,538:INFO:Cross validating with StratifiedKFold(n_splits=5, random_state=42, shuffle=True), n_jobs=-1
2025-02-13 17:32:13,746:INFO:Calculating mean and std
2025-02-13 17:32:13,747:INFO:Creating metrics dataframe
2025-02-13 17:32:13,755:INFO:Uploading results into container
2025-02-13 17:32:13,755:INFO:Uploading model into container now
2025-02-13 17:32:13,755:INFO:create_model_container: 14
2025-02-13 17:32:13,755:INFO:master_model_container: 14
2025-02-13 17:32:13,755:INFO:display_container: 3
2025-02-13 17:32:13,755:INFO:RandomForestClassifier(bootstrap=True, ccp_alpha=0.0, class_weight=None,
                       criterion='gini', max_depth=None, max_features='auto',
                       max_leaf_nodes=None, max_samples=None,
                       min_impurity_decrease=0.0, min_impurity_split=None,
                       min_samples_leaf=1, min_samples_split=2,
                       min_weight_fraction_leaf=0.0, n_estimators=100,
                       n_jobs=-1, oob_score=False, random_state=42, verbose=0,
                       warm_start=False)
2025-02-13 17:32:13,755:INFO:create_model() succesfully completed......................................
2025-02-13 17:32:13,896:INFO:SubProcess create_model() end ==================================
2025-02-13 17:32:13,896:INFO:Creating metrics dataframe
2025-02-13 17:32:13,907:INFO:Initializing Linear Discriminant Analysis
2025-02-13 17:32:13,907:INFO:Total runtime is 0.4116707722345988 minutes
2025-02-13 17:32:13,913:INFO:SubProcess create_model() called ==================================
2025-02-13 17:32:13,914:INFO:Initializing create_model()
2025-02-13 17:32:13,914:INFO:create_model(estimator=lda, fold=StratifiedKFold(n_splits=5, random_state=42, shuffle=True), round=4, cross_validation=True, predict=True, fit_kwargs={}, groups=None, refit=False, verbose=False, system=False, metrics=None, experiment_custom_tags=None, add_to_model_list=True, probability_threshold=None, display=<pycaret.internal.Display.Display object at 0x7fdbf7efefd0>, return_train_score=False, kwargs={})
2025-02-13 17:32:13,914:INFO:Checking exceptions
2025-02-13 17:32:13,914:INFO:Importing libraries
2025-02-13 17:32:13,914:INFO:Copying training dataset
2025-02-13 17:32:13,920:INFO:Defining folds
2025-02-13 17:32:13,920:INFO:Declaring metric variables
2025-02-13 17:32:13,926:INFO:Importing untrained model
2025-02-13 17:32:13,931:INFO:Linear Discriminant Analysis Imported succesfully
2025-02-13 17:32:13,942:INFO:Starting cross validation
2025-02-13 17:32:13,943:INFO:Cross validating with StratifiedKFold(n_splits=5, random_state=42, shuffle=True), n_jobs=-1
2025-02-13 17:32:17,095:INFO:Calculating mean and std
2025-02-13 17:32:17,096:INFO:Creating metrics dataframe
2025-02-13 17:32:17,104:INFO:Uploading results into container
2025-02-13 17:32:17,104:INFO:Uploading model into container now
2025-02-13 17:32:17,104:INFO:create_model_container: 15
2025-02-13 17:32:17,104:INFO:master_model_container: 15
2025-02-13 17:32:17,104:INFO:display_container: 3
2025-02-13 17:32:17,104:INFO:LinearDiscriminantAnalysis(n_components=None, priors=None, shrinkage=None,
                           solver='svd', store_covariance=False, tol=0.0001)
2025-02-13 17:32:17,104:INFO:create_model() succesfully completed......................................
2025-02-13 17:32:17,245:INFO:SubProcess create_model() end ==================================
2025-02-13 17:32:17,245:INFO:Creating metrics dataframe
2025-02-13 17:32:17,260:INFO:Initializing Extra Trees Classifier
2025-02-13 17:32:17,260:INFO:Total runtime is 0.46755228042602537 minutes
2025-02-13 17:32:17,269:INFO:SubProcess create_model() called ==================================
2025-02-13 17:32:17,269:INFO:Initializing create_model()
2025-02-13 17:32:17,269:INFO:create_model(estimator=et, fold=StratifiedKFold(n_splits=5, random_state=42, shuffle=True), round=4, cross_validation=True, predict=True, fit_kwargs={}, groups=None, refit=False, verbose=False, system=False, metrics=None, experiment_custom_tags=None, add_to_model_list=True, probability_threshold=None, display=<pycaret.internal.Display.Display object at 0x7fdbf7efefd0>, return_train_score=False, kwargs={})
2025-02-13 17:32:17,269:INFO:Checking exceptions
2025-02-13 17:32:17,269:INFO:Importing libraries
2025-02-13 17:32:17,269:INFO:Copying training dataset
2025-02-13 17:32:17,276:INFO:Defining folds
2025-02-13 17:32:17,276:INFO:Declaring metric variables
2025-02-13 17:32:17,284:INFO:Importing untrained model
2025-02-13 17:32:17,292:INFO:Extra Trees Classifier Imported succesfully
2025-02-13 17:32:17,306:INFO:Starting cross validation
2025-02-13 17:32:17,307:INFO:Cross validating with StratifiedKFold(n_splits=5, random_state=42, shuffle=True), n_jobs=-1
2025-02-13 17:32:30,299:INFO:Calculating mean and std
2025-02-13 17:32:30,301:INFO:Creating metrics dataframe
2025-02-13 17:32:30,309:INFO:Uploading results into container
2025-02-13 17:32:30,309:INFO:Uploading model into container now
2025-02-13 17:32:30,310:INFO:create_model_container: 16
2025-02-13 17:32:30,310:INFO:master_model_container: 16
2025-02-13 17:32:30,310:INFO:display_container: 3
2025-02-13 17:32:30,310:INFO:ExtraTreesClassifier(bootstrap=False, ccp_alpha=0.0, class_weight=None,
                     criterion='gini', max_depth=None, max_features='auto',
                     max_leaf_nodes=None, max_samples=None,
                     min_impurity_decrease=0.0, min_impurity_split=None,
                     min_samples_leaf=1, min_samples_split=2,
                     min_weight_fraction_leaf=0.0, n_estimators=100, n_jobs=-1,
                     oob_score=False, random_state=42, verbose=0,
                     warm_start=False)
2025-02-13 17:32:30,310:INFO:create_model() succesfully completed......................................
2025-02-13 17:32:30,465:INFO:SubProcess create_model() end ==================================
2025-02-13 17:32:30,465:INFO:Creating metrics dataframe
2025-02-13 17:32:30,478:INFO:Initializing Extreme Gradient Boosting
2025-02-13 17:32:30,478:INFO:Total runtime is 0.6878417968749999 minutes
2025-02-13 17:32:30,484:INFO:SubProcess create_model() called ==================================
2025-02-13 17:32:30,484:INFO:Initializing create_model()
2025-02-13 17:32:30,484:INFO:create_model(estimator=xgboost, fold=StratifiedKFold(n_splits=5, random_state=42, shuffle=True), round=4, cross_validation=True, predict=True, fit_kwargs={}, groups=None, refit=False, verbose=False, system=False, metrics=None, experiment_custom_tags=None, add_to_model_list=True, probability_threshold=None, display=<pycaret.internal.Display.Display object at 0x7fdbf7efefd0>, return_train_score=False, kwargs={})
2025-02-13 17:32:30,484:INFO:Checking exceptions
2025-02-13 17:32:30,484:INFO:Importing libraries
2025-02-13 17:32:30,484:INFO:Copying training dataset
2025-02-13 17:32:30,494:INFO:Defining folds
2025-02-13 17:32:30,494:INFO:Declaring metric variables
2025-02-13 17:32:30,499:INFO:Importing untrained model
2025-02-13 17:32:30,505:INFO:Extreme Gradient Boosting Imported succesfully
2025-02-13 17:32:30,516:INFO:Starting cross validation
2025-02-13 17:32:30,517:INFO:Cross validating with StratifiedKFold(n_splits=5, random_state=42, shuffle=True), n_jobs=-1
2025-02-13 17:33:37,616:INFO:Calculating mean and std
2025-02-13 17:33:37,617:INFO:Creating metrics dataframe
2025-02-13 17:33:37,623:INFO:Uploading results into container
2025-02-13 17:33:37,623:INFO:Uploading model into container now
2025-02-13 17:33:37,623:INFO:create_model_container: 17
2025-02-13 17:33:37,623:INFO:master_model_container: 17
2025-02-13 17:33:37,623:INFO:display_container: 3
2025-02-13 17:33:37,624:INFO:XGBClassifier(base_score=None, booster='gbtree', colsample_bylevel=None,
              colsample_bynode=None, colsample_bytree=None,
              enable_categorical=False, gamma=None, gpu_id=None,
              importance_type=None, interaction_constraints=None,
              learning_rate=None, max_delta_step=None, max_depth=None,
              min_child_weight=None, missing=nan, monotone_constraints=None,
              n_estimators=100, n_jobs=-1, num_parallel_tree=None,
              objective='binary:logistic', predictor=None, random_state=42,
              reg_alpha=None, reg_lambda=None, scale_pos_weight=None,
              subsample=None, tree_method='auto', use_label_encoder=True,
              validate_parameters=None, verbosity=0)
2025-02-13 17:33:37,624:INFO:create_model() succesfully completed......................................
2025-02-13 17:33:37,760:INFO:SubProcess create_model() end ==================================
2025-02-13 17:33:37,760:INFO:Creating metrics dataframe
2025-02-13 17:33:37,773:INFO:Initializing Light Gradient Boosting Machine
2025-02-13 17:33:37,773:INFO:Total runtime is 1.809430440266927 minutes
2025-02-13 17:33:37,779:INFO:SubProcess create_model() called ==================================
2025-02-13 17:33:37,779:INFO:Initializing create_model()
2025-02-13 17:33:37,779:INFO:create_model(estimator=lightgbm, fold=StratifiedKFold(n_splits=5, random_state=42, shuffle=True), round=4, cross_validation=True, predict=True, fit_kwargs={}, groups=None, refit=False, verbose=False, system=False, metrics=None, experiment_custom_tags=None, add_to_model_list=True, probability_threshold=None, display=<pycaret.internal.Display.Display object at 0x7fdbf7efefd0>, return_train_score=False, kwargs={})
2025-02-13 17:33:37,780:INFO:Checking exceptions
2025-02-13 17:33:37,780:INFO:Importing libraries
2025-02-13 17:33:37,780:INFO:Copying training dataset
2025-02-13 17:33:37,786:INFO:Defining folds
2025-02-13 17:33:37,786:INFO:Declaring metric variables
2025-02-13 17:33:37,792:INFO:Importing untrained model
2025-02-13 17:33:37,798:INFO:Light Gradient Boosting Machine Imported succesfully
2025-02-13 17:33:37,810:INFO:Starting cross validation
2025-02-13 17:33:37,810:INFO:Cross validating with StratifiedKFold(n_splits=5, random_state=42, shuffle=True), n_jobs=-1
2025-02-13 17:33:48,071:INFO:Calculating mean and std
2025-02-13 17:33:48,073:INFO:Creating metrics dataframe
2025-02-13 17:33:48,083:INFO:Uploading results into container
2025-02-13 17:33:48,083:INFO:Uploading model into container now
2025-02-13 17:33:48,083:INFO:create_model_container: 18
2025-02-13 17:33:48,083:INFO:master_model_container: 18
2025-02-13 17:33:48,083:INFO:display_container: 3
2025-02-13 17:33:48,084:INFO:LGBMClassifier(boosting_type='gbdt', class_weight=None, colsample_bytree=1.0,
               importance_type='split', learning_rate=0.1, max_depth=-1,
               min_child_samples=20, min_child_weight=0.001, min_split_gain=0.0,
               n_estimators=100, n_jobs=-1, num_leaves=31, objective=None,
               random_state=42, reg_alpha=0.0, reg_lambda=0.0, silent='warn',
               subsample=1.0, subsample_for_bin=200000, subsample_freq=0)
2025-02-13 17:33:48,084:INFO:create_model() succesfully completed......................................
2025-02-13 17:33:48,282:INFO:SubProcess create_model() end ==================================
2025-02-13 17:33:48,283:INFO:Creating metrics dataframe
2025-02-13 17:33:48,321:INFO:Initializing create_model()
2025-02-13 17:33:48,321:INFO:create_model(estimator=XGBClassifier(base_score=None, booster='gbtree', colsample_bylevel=None,
              colsample_bynode=None, colsample_bytree=None,
              enable_categorical=False, gamma=None, gpu_id=None,
              importance_type=None, interaction_constraints=None,
              learning_rate=None, max_delta_step=None, max_depth=None,
              min_child_weight=None, missing=nan, monotone_constraints=None,
              n_estimators=100, n_jobs=-1, num_parallel_tree=None,
              objective='binary:logistic', predictor=None, random_state=42,
              reg_alpha=None, reg_lambda=None, scale_pos_weight=None,
              subsample=None, tree_method='auto', use_label_encoder=True,
              validate_parameters=None, verbosity=0), fold=StratifiedKFold(n_splits=5, random_state=42, shuffle=True), round=4, cross_validation=False, predict=False, fit_kwargs={}, groups=None, refit=True, verbose=False, system=False, metrics=None, experiment_custom_tags=None, add_to_model_list=True, probability_threshold=None, display=None, return_train_score=False, kwargs={})
2025-02-13 17:33:48,321:INFO:Checking exceptions
2025-02-13 17:33:48,321:INFO:Importing libraries
2025-02-13 17:33:48,321:INFO:Copying training dataset
2025-02-13 17:33:48,330:INFO:Defining folds
2025-02-13 17:33:48,330:INFO:Declaring metric variables
2025-02-13 17:33:48,330:INFO:Importing untrained model
2025-02-13 17:33:48,330:INFO:Declaring custom model
2025-02-13 17:33:48,332:INFO:Extreme Gradient Boosting Imported succesfully
2025-02-13 17:33:48,334:INFO:Cross validation set to False
2025-02-13 17:33:48,334:INFO:Fitting Model
2025-02-13 17:33:55,780:INFO:XGBClassifier(base_score=0.5, booster='gbtree', colsample_bylevel=1,
              colsample_bynode=1, colsample_bytree=1, enable_categorical=False,
              gamma=0, gpu_id=-1, importance_type=None,
              interaction_constraints='', learning_rate=0.300000012,
              max_delta_step=0, max_depth=6, min_child_weight=1, missing=nan,
              monotone_constraints='()', n_estimators=100, n_jobs=-1,
              num_parallel_tree=1, objective='binary:logistic',
              predictor='auto', random_state=42, reg_alpha=0, reg_lambda=1,
              scale_pos_weight=1, subsample=1, tree_method='auto',
              use_label_encoder=True, validate_parameters=1, verbosity=0)
2025-02-13 17:33:55,780:INFO:create_models() succesfully completed......................................
2025-02-13 17:33:55,945:INFO:Creating Dashboard logs
2025-02-13 17:33:55,955:INFO:Model: Extreme Gradient Boosting
2025-02-13 17:37:56,828:ERROR:dashboard_logger.log_model() for XGBClassifier(base_score=0.5, booster='gbtree', colsample_bylevel=1,
              colsample_bynode=1, colsample_bytree=1, enable_categorical=False,
              gamma=0, gpu_id=-1, importance_type=None,
              interaction_constraints='', learning_rate=0.300000012,
              max_delta_step=0, max_depth=6, min_child_weight=1, missing=nan,
              monotone_constraints='()', n_estimators=100, n_jobs=-1,
              num_parallel_tree=1, objective='binary:logistic',
              predictor='auto', random_state=42, reg_alpha=0, reg_lambda=1,
              scale_pos_weight=1, subsample=1, tree_method='auto',
              use_label_encoder=True, validate_parameters=1, verbosity=0) raised an exception:
2025-02-13 17:37:56,845:ERROR:Traceback (most recent call last):
  File "/opt/conda/lib/python3.8/site-packages/sqlalchemy/engine/base.py", line 3361, in _wrap_pool_connect
    return fn()
  File "/opt/conda/lib/python3.8/site-packages/sqlalchemy/pool/base.py", line 310, in connect
    return _ConnectionFairy._checkout(self)
  File "/opt/conda/lib/python3.8/site-packages/sqlalchemy/pool/base.py", line 868, in _checkout
    fairy = _ConnectionRecord.checkout(pool)
  File "/opt/conda/lib/python3.8/site-packages/sqlalchemy/pool/base.py", line 476, in checkout
    rec = pool._do_get()
  File "/opt/conda/lib/python3.8/site-packages/sqlalchemy/pool/impl.py", line 256, in _do_get
    return self._create_connection()
  File "/opt/conda/lib/python3.8/site-packages/sqlalchemy/pool/base.py", line 256, in _create_connection
    return _ConnectionRecord(self)
  File "/opt/conda/lib/python3.8/site-packages/sqlalchemy/pool/base.py", line 371, in __init__
    self.__connect()
  File "/opt/conda/lib/python3.8/site-packages/sqlalchemy/pool/base.py", line 666, in __connect
    pool.logger.debug("Error on connect(): %s", e)
  File "/opt/conda/lib/python3.8/site-packages/sqlalchemy/util/langhelpers.py", line 70, in __exit__
    compat.raise_(
  File "/opt/conda/lib/python3.8/site-packages/sqlalchemy/util/compat.py", line 208, in raise_
    raise exception
  File "/opt/conda/lib/python3.8/site-packages/sqlalchemy/pool/base.py", line 661, in __connect
    self.dbapi_connection = connection = pool._invoke_creator(self)
  File "/opt/conda/lib/python3.8/site-packages/sqlalchemy/engine/create.py", line 578, in connect
    return dialect.connect(*cargs, **cparams)
  File "/opt/conda/lib/python3.8/site-packages/sqlalchemy/engine/default.py", line 597, in connect
    return self.dbapi.connect(*cargs, **cparams)
sqlite3.OperationalError: unable to open database file

The above exception was the direct cause of the following exception:

Traceback (most recent call last):
  File "/opt/conda/lib/python3.8/site-packages/mlflow/store/db/utils.py", line 163, in create_sqlalchemy_engine_with_retry
    sqlalchemy.inspect(engine)
  File "/opt/conda/lib/python3.8/site-packages/sqlalchemy/inspection.py", line 64, in inspect
    ret = reg(subject)
  File "/opt/conda/lib/python3.8/site-packages/sqlalchemy/engine/reflection.py", line 182, in _engine_insp
    return Inspector._construct(Inspector._init_engine, bind)
  File "/opt/conda/lib/python3.8/site-packages/sqlalchemy/engine/reflection.py", line 117, in _construct
    init(self, bind)
  File "/opt/conda/lib/python3.8/site-packages/sqlalchemy/engine/reflection.py", line 128, in _init_engine
    engine.connect().close()
  File "/opt/conda/lib/python3.8/site-packages/sqlalchemy/engine/base.py", line 3315, in connect
    return self._connection_cls(self, close_with_result=close_with_result)
  File "/opt/conda/lib/python3.8/site-packages/sqlalchemy/engine/base.py", line 96, in __init__
    else engine.raw_connection()
  File "/opt/conda/lib/python3.8/site-packages/sqlalchemy/engine/base.py", line 3394, in raw_connection
    return self._wrap_pool_connect(self.pool.connect, _connection)
  File "/opt/conda/lib/python3.8/site-packages/sqlalchemy/engine/base.py", line 3364, in _wrap_pool_connect
    Connection._handle_dbapi_exception_noconnection(
  File "/opt/conda/lib/python3.8/site-packages/sqlalchemy/engine/base.py", line 2198, in _handle_dbapi_exception_noconnection
    util.raise_(
  File "/opt/conda/lib/python3.8/site-packages/sqlalchemy/util/compat.py", line 208, in raise_
    raise exception
  File "/opt/conda/lib/python3.8/site-packages/sqlalchemy/engine/base.py", line 3361, in _wrap_pool_connect
    return fn()
  File "/opt/conda/lib/python3.8/site-packages/sqlalchemy/pool/base.py", line 310, in connect
    return _ConnectionFairy._checkout(self)
  File "/opt/conda/lib/python3.8/site-packages/sqlalchemy/pool/base.py", line 868, in _checkout
    fairy = _ConnectionRecord.checkout(pool)
  File "/opt/conda/lib/python3.8/site-packages/sqlalchemy/pool/base.py", line 476, in checkout
    rec = pool._do_get()
  File "/opt/conda/lib/python3.8/site-packages/sqlalchemy/pool/impl.py", line 256, in _do_get
    return self._create_connection()
  File "/opt/conda/lib/python3.8/site-packages/sqlalchemy/pool/base.py", line 256, in _create_connection
    return _ConnectionRecord(self)
  File "/opt/conda/lib/python3.8/site-packages/sqlalchemy/pool/base.py", line 371, in __init__
    self.__connect()
  File "/opt/conda/lib/python3.8/site-packages/sqlalchemy/pool/base.py", line 666, in __connect
    pool.logger.debug("Error on connect(): %s", e)
  File "/opt/conda/lib/python3.8/site-packages/sqlalchemy/util/langhelpers.py", line 70, in __exit__
    compat.raise_(
  File "/opt/conda/lib/python3.8/site-packages/sqlalchemy/util/compat.py", line 208, in raise_
    raise exception
  File "/opt/conda/lib/python3.8/site-packages/sqlalchemy/pool/base.py", line 661, in __connect
    self.dbapi_connection = connection = pool._invoke_creator(self)
  File "/opt/conda/lib/python3.8/site-packages/sqlalchemy/engine/create.py", line 578, in connect
    return dialect.connect(*cargs, **cparams)
  File "/opt/conda/lib/python3.8/site-packages/sqlalchemy/engine/default.py", line 597, in connect
    return self.dbapi.connect(*cargs, **cparams)
sqlalchemy.exc.OperationalError: (sqlite3.OperationalError) unable to open database file
(Background on this error at: https://sqlalche.me/e/14/e3q8)

During handling of the above exception, another exception occurred:

Traceback (most recent call last):
  File "/opt/conda/lib/python3.8/site-packages/pycaret/internal/tabular.py", line 2332, in compare_models
    dashboard_logger.log_model(
  File "/opt/conda/lib/python3.8/site-packages/pycaret/loggers/__init__.py", line 63, in log_model
    self.init_loggers(exp_name_log, full_name)
  File "/opt/conda/lib/python3.8/site-packages/pycaret/loggers/__init__.py", line 20, in init_loggers
    logger.init_experiment(exp_name_log, full_name)
  File "/opt/conda/lib/python3.8/site-packages/pycaret/loggers/mlflow_logger.py", line 40, in init_experiment
    mlflow.set_experiment(exp_name_log)
  File "/opt/conda/lib/python3.8/site-packages/mlflow/tracking/fluent.py", line 108, in set_experiment
    client = MlflowClient()
  File "/opt/conda/lib/python3.8/site-packages/mlflow/tracking/client.py", line 70, in __init__
    self._tracking_client = TrackingServiceClient(final_tracking_uri)
  File "/opt/conda/lib/python3.8/site-packages/mlflow/tracking/_tracking_service/client.py", line 43, in __init__
    self.store
  File "/opt/conda/lib/python3.8/site-packages/mlflow/tracking/_tracking_service/client.py", line 47, in store
    return utils._get_store(self.tracking_uri)
  File "/opt/conda/lib/python3.8/site-packages/mlflow/tracking/_tracking_service/utils.py", line 165, in _get_store
    return _tracking_store_registry.get_store(store_uri, artifact_uri)
  File "/opt/conda/lib/python3.8/site-packages/mlflow/tracking/_tracking_service/registry.py", line 39, in get_store
    return self._get_store_with_resolved_uri(resolved_store_uri, artifact_uri)
  File "/opt/conda/lib/python3.8/site-packages/mlflow/tracking/_tracking_service/registry.py", line 49, in _get_store_with_resolved_uri
    return builder(store_uri=resolved_store_uri, artifact_uri=artifact_uri)
  File "/opt/conda/lib/python3.8/site-packages/mlflow/tracking/_tracking_service/utils.py", line 127, in _get_sqlalchemy_store
    return SqlAlchemyStore(store_uri, artifact_uri)
  File "/opt/conda/lib/python3.8/site-packages/mlflow/store/tracking/sqlalchemy_store.py", line 123, in __init__
    ] = mlflow.store.db.utils.create_sqlalchemy_engine_with_retry(db_uri)
  File "/opt/conda/lib/python3.8/site-packages/mlflow/store/db/utils.py", line 174, in create_sqlalchemy_engine_with_retry
    time.sleep(sleep_duration)
KeyboardInterrupt

2025-02-13 17:37:56,847:INFO:Creating Dashboard logs
2025-02-13 17:37:56,860:INFO:Model: Light Gradient Boosting Machine
2025-02-13 17:39:17,790:ERROR:dashboard_logger.log_model() for LGBMClassifier(boosting_type='gbdt', class_weight=None, colsample_bytree=1.0,
               importance_type='split', learning_rate=0.1, max_depth=-1,
               min_child_samples=20, min_child_weight=0.001, min_split_gain=0.0,
               n_estimators=100, n_jobs=-1, num_leaves=31, objective=None,
               random_state=42, reg_alpha=0.0, reg_lambda=0.0, silent='warn',
               subsample=1.0, subsample_for_bin=200000, subsample_freq=0) raised an exception:
2025-02-13 17:39:17,792:ERROR:Traceback (most recent call last):
  File "/opt/conda/lib/python3.8/site-packages/sqlalchemy/engine/base.py", line 3361, in _wrap_pool_connect
    return fn()
  File "/opt/conda/lib/python3.8/site-packages/sqlalchemy/pool/base.py", line 310, in connect
    return _ConnectionFairy._checkout(self)
  File "/opt/conda/lib/python3.8/site-packages/sqlalchemy/pool/base.py", line 868, in _checkout
    fairy = _ConnectionRecord.checkout(pool)
  File "/opt/conda/lib/python3.8/site-packages/sqlalchemy/pool/base.py", line 476, in checkout
    rec = pool._do_get()
  File "/opt/conda/lib/python3.8/site-packages/sqlalchemy/pool/impl.py", line 256, in _do_get
    return self._create_connection()
  File "/opt/conda/lib/python3.8/site-packages/sqlalchemy/pool/base.py", line 256, in _create_connection
    return _ConnectionRecord(self)
  File "/opt/conda/lib/python3.8/site-packages/sqlalchemy/pool/base.py", line 371, in __init__
    self.__connect()
  File "/opt/conda/lib/python3.8/site-packages/sqlalchemy/pool/base.py", line 666, in __connect
    pool.logger.debug("Error on connect(): %s", e)
  File "/opt/conda/lib/python3.8/site-packages/sqlalchemy/util/langhelpers.py", line 70, in __exit__
    compat.raise_(
  File "/opt/conda/lib/python3.8/site-packages/sqlalchemy/util/compat.py", line 208, in raise_
    raise exception
  File "/opt/conda/lib/python3.8/site-packages/sqlalchemy/pool/base.py", line 661, in __connect
    self.dbapi_connection = connection = pool._invoke_creator(self)
  File "/opt/conda/lib/python3.8/site-packages/sqlalchemy/engine/create.py", line 578, in connect
    return dialect.connect(*cargs, **cparams)
  File "/opt/conda/lib/python3.8/site-packages/sqlalchemy/engine/default.py", line 597, in connect
    return self.dbapi.connect(*cargs, **cparams)
sqlite3.OperationalError: unable to open database file

The above exception was the direct cause of the following exception:

Traceback (most recent call last):
  File "/opt/conda/lib/python3.8/site-packages/mlflow/store/db/utils.py", line 163, in create_sqlalchemy_engine_with_retry
    sqlalchemy.inspect(engine)
  File "/opt/conda/lib/python3.8/site-packages/sqlalchemy/inspection.py", line 64, in inspect
    ret = reg(subject)
  File "/opt/conda/lib/python3.8/site-packages/sqlalchemy/engine/reflection.py", line 182, in _engine_insp
    return Inspector._construct(Inspector._init_engine, bind)
  File "/opt/conda/lib/python3.8/site-packages/sqlalchemy/engine/reflection.py", line 117, in _construct
    init(self, bind)
  File "/opt/conda/lib/python3.8/site-packages/sqlalchemy/engine/reflection.py", line 128, in _init_engine
    engine.connect().close()
  File "/opt/conda/lib/python3.8/site-packages/sqlalchemy/engine/base.py", line 3315, in connect
    return self._connection_cls(self, close_with_result=close_with_result)
  File "/opt/conda/lib/python3.8/site-packages/sqlalchemy/engine/base.py", line 96, in __init__
    else engine.raw_connection()
  File "/opt/conda/lib/python3.8/site-packages/sqlalchemy/engine/base.py", line 3394, in raw_connection
    return self._wrap_pool_connect(self.pool.connect, _connection)
  File "/opt/conda/lib/python3.8/site-packages/sqlalchemy/engine/base.py", line 3364, in _wrap_pool_connect
    Connection._handle_dbapi_exception_noconnection(
  File "/opt/conda/lib/python3.8/site-packages/sqlalchemy/engine/base.py", line 2198, in _handle_dbapi_exception_noconnection
    util.raise_(
  File "/opt/conda/lib/python3.8/site-packages/sqlalchemy/util/compat.py", line 208, in raise_
    raise exception
  File "/opt/conda/lib/python3.8/site-packages/sqlalchemy/engine/base.py", line 3361, in _wrap_pool_connect
    return fn()
  File "/opt/conda/lib/python3.8/site-packages/sqlalchemy/pool/base.py", line 310, in connect
    return _ConnectionFairy._checkout(self)
  File "/opt/conda/lib/python3.8/site-packages/sqlalchemy/pool/base.py", line 868, in _checkout
    fairy = _ConnectionRecord.checkout(pool)
  File "/opt/conda/lib/python3.8/site-packages/sqlalchemy/pool/base.py", line 476, in checkout
    rec = pool._do_get()
  File "/opt/conda/lib/python3.8/site-packages/sqlalchemy/pool/impl.py", line 256, in _do_get
    return self._create_connection()
  File "/opt/conda/lib/python3.8/site-packages/sqlalchemy/pool/base.py", line 256, in _create_connection
    return _ConnectionRecord(self)
  File "/opt/conda/lib/python3.8/site-packages/sqlalchemy/pool/base.py", line 371, in __init__
    self.__connect()
  File "/opt/conda/lib/python3.8/site-packages/sqlalchemy/pool/base.py", line 666, in __connect
    pool.logger.debug("Error on connect(): %s", e)
  File "/opt/conda/lib/python3.8/site-packages/sqlalchemy/util/langhelpers.py", line 70, in __exit__
    compat.raise_(
  File "/opt/conda/lib/python3.8/site-packages/sqlalchemy/util/compat.py", line 208, in raise_
    raise exception
  File "/opt/conda/lib/python3.8/site-packages/sqlalchemy/pool/base.py", line 661, in __connect
    self.dbapi_connection = connection = pool._invoke_creator(self)
  File "/opt/conda/lib/python3.8/site-packages/sqlalchemy/engine/create.py", line 578, in connect
    return dialect.connect(*cargs, **cparams)
  File "/opt/conda/lib/python3.8/site-packages/sqlalchemy/engine/default.py", line 597, in connect
    return self.dbapi.connect(*cargs, **cparams)
sqlalchemy.exc.OperationalError: (sqlite3.OperationalError) unable to open database file
(Background on this error at: https://sqlalche.me/e/14/e3q8)

During handling of the above exception, another exception occurred:

Traceback (most recent call last):
  File "/opt/conda/lib/python3.8/site-packages/pycaret/internal/tabular.py", line 2332, in compare_models
    dashboard_logger.log_model(
  File "/opt/conda/lib/python3.8/site-packages/pycaret/loggers/__init__.py", line 63, in log_model
    self.init_loggers(exp_name_log, full_name)
  File "/opt/conda/lib/python3.8/site-packages/pycaret/loggers/__init__.py", line 20, in init_loggers
    logger.init_experiment(exp_name_log, full_name)
  File "/opt/conda/lib/python3.8/site-packages/pycaret/loggers/mlflow_logger.py", line 40, in init_experiment
    mlflow.set_experiment(exp_name_log)
  File "/opt/conda/lib/python3.8/site-packages/mlflow/tracking/fluent.py", line 108, in set_experiment
    client = MlflowClient()
  File "/opt/conda/lib/python3.8/site-packages/mlflow/tracking/client.py", line 70, in __init__
    self._tracking_client = TrackingServiceClient(final_tracking_uri)
  File "/opt/conda/lib/python3.8/site-packages/mlflow/tracking/_tracking_service/client.py", line 43, in __init__
    self.store
  File "/opt/conda/lib/python3.8/site-packages/mlflow/tracking/_tracking_service/client.py", line 47, in store
    return utils._get_store(self.tracking_uri)
  File "/opt/conda/lib/python3.8/site-packages/mlflow/tracking/_tracking_service/utils.py", line 165, in _get_store
    return _tracking_store_registry.get_store(store_uri, artifact_uri)
  File "/opt/conda/lib/python3.8/site-packages/mlflow/tracking/_tracking_service/registry.py", line 39, in get_store
    return self._get_store_with_resolved_uri(resolved_store_uri, artifact_uri)
  File "/opt/conda/lib/python3.8/site-packages/mlflow/tracking/_tracking_service/registry.py", line 49, in _get_store_with_resolved_uri
    return builder(store_uri=resolved_store_uri, artifact_uri=artifact_uri)
  File "/opt/conda/lib/python3.8/site-packages/mlflow/tracking/_tracking_service/utils.py", line 127, in _get_sqlalchemy_store
    return SqlAlchemyStore(store_uri, artifact_uri)
  File "/opt/conda/lib/python3.8/site-packages/mlflow/store/tracking/sqlalchemy_store.py", line 123, in __init__
    ] = mlflow.store.db.utils.create_sqlalchemy_engine_with_retry(db_uri)
  File "/opt/conda/lib/python3.8/site-packages/mlflow/store/db/utils.py", line 174, in create_sqlalchemy_engine_with_retry
    time.sleep(sleep_duration)
KeyboardInterrupt

2025-02-13 17:39:17,795:INFO:Creating Dashboard logs
2025-02-13 17:39:17,813:INFO:Model: Random Forest Classifier
2025-02-13 17:39:18,472:ERROR:dashboard_logger.log_model() for RandomForestClassifier(bootstrap=True, ccp_alpha=0.0, class_weight=None,
                       criterion='gini', max_depth=None, max_features='auto',
                       max_leaf_nodes=None, max_samples=None,
                       min_impurity_decrease=0.0, min_impurity_split=None,
                       min_samples_leaf=1, min_samples_split=2,
                       min_weight_fraction_leaf=0.0, n_estimators=100,
                       n_jobs=-1, oob_score=False, random_state=42, verbose=0,
                       warm_start=False) raised an exception:
2025-02-13 17:39:18,474:ERROR:Traceback (most recent call last):
  File "/opt/conda/lib/python3.8/site-packages/sqlalchemy/engine/base.py", line 3361, in _wrap_pool_connect
    return fn()
  File "/opt/conda/lib/python3.8/site-packages/sqlalchemy/pool/base.py", line 310, in connect
    return _ConnectionFairy._checkout(self)
  File "/opt/conda/lib/python3.8/site-packages/sqlalchemy/pool/base.py", line 868, in _checkout
    fairy = _ConnectionRecord.checkout(pool)
  File "/opt/conda/lib/python3.8/site-packages/sqlalchemy/pool/base.py", line 476, in checkout
    rec = pool._do_get()
  File "/opt/conda/lib/python3.8/site-packages/sqlalchemy/pool/impl.py", line 256, in _do_get
    return self._create_connection()
  File "/opt/conda/lib/python3.8/site-packages/sqlalchemy/pool/base.py", line 256, in _create_connection
    return _ConnectionRecord(self)
  File "/opt/conda/lib/python3.8/site-packages/sqlalchemy/pool/base.py", line 371, in __init__
    self.__connect()
  File "/opt/conda/lib/python3.8/site-packages/sqlalchemy/pool/base.py", line 666, in __connect
    pool.logger.debug("Error on connect(): %s", e)
  File "/opt/conda/lib/python3.8/site-packages/sqlalchemy/util/langhelpers.py", line 70, in __exit__
    compat.raise_(
  File "/opt/conda/lib/python3.8/site-packages/sqlalchemy/util/compat.py", line 208, in raise_
    raise exception
  File "/opt/conda/lib/python3.8/site-packages/sqlalchemy/pool/base.py", line 661, in __connect
    self.dbapi_connection = connection = pool._invoke_creator(self)
  File "/opt/conda/lib/python3.8/site-packages/sqlalchemy/engine/create.py", line 578, in connect
    return dialect.connect(*cargs, **cparams)
  File "/opt/conda/lib/python3.8/site-packages/sqlalchemy/engine/default.py", line 597, in connect
    return self.dbapi.connect(*cargs, **cparams)
sqlite3.OperationalError: unable to open database file

The above exception was the direct cause of the following exception:

Traceback (most recent call last):
  File "/opt/conda/lib/python3.8/site-packages/mlflow/store/db/utils.py", line 163, in create_sqlalchemy_engine_with_retry
    sqlalchemy.inspect(engine)
  File "/opt/conda/lib/python3.8/site-packages/sqlalchemy/inspection.py", line 64, in inspect
    ret = reg(subject)
  File "/opt/conda/lib/python3.8/site-packages/sqlalchemy/engine/reflection.py", line 182, in _engine_insp
    return Inspector._construct(Inspector._init_engine, bind)
  File "/opt/conda/lib/python3.8/site-packages/sqlalchemy/engine/reflection.py", line 117, in _construct
    init(self, bind)
  File "/opt/conda/lib/python3.8/site-packages/sqlalchemy/engine/reflection.py", line 128, in _init_engine
    engine.connect().close()
  File "/opt/conda/lib/python3.8/site-packages/sqlalchemy/engine/base.py", line 3315, in connect
    return self._connection_cls(self, close_with_result=close_with_result)
  File "/opt/conda/lib/python3.8/site-packages/sqlalchemy/engine/base.py", line 96, in __init__
    else engine.raw_connection()
  File "/opt/conda/lib/python3.8/site-packages/sqlalchemy/engine/base.py", line 3394, in raw_connection
    return self._wrap_pool_connect(self.pool.connect, _connection)
  File "/opt/conda/lib/python3.8/site-packages/sqlalchemy/engine/base.py", line 3364, in _wrap_pool_connect
    Connection._handle_dbapi_exception_noconnection(
  File "/opt/conda/lib/python3.8/site-packages/sqlalchemy/engine/base.py", line 2198, in _handle_dbapi_exception_noconnection
    util.raise_(
  File "/opt/conda/lib/python3.8/site-packages/sqlalchemy/util/compat.py", line 208, in raise_
    raise exception
  File "/opt/conda/lib/python3.8/site-packages/sqlalchemy/engine/base.py", line 3361, in _wrap_pool_connect
    return fn()
  File "/opt/conda/lib/python3.8/site-packages/sqlalchemy/pool/base.py", line 310, in connect
    return _ConnectionFairy._checkout(self)
  File "/opt/conda/lib/python3.8/site-packages/sqlalchemy/pool/base.py", line 868, in _checkout
    fairy = _ConnectionRecord.checkout(pool)
  File "/opt/conda/lib/python3.8/site-packages/sqlalchemy/pool/base.py", line 476, in checkout
    rec = pool._do_get()
  File "/opt/conda/lib/python3.8/site-packages/sqlalchemy/pool/impl.py", line 256, in _do_get
    return self._create_connection()
  File "/opt/conda/lib/python3.8/site-packages/sqlalchemy/pool/base.py", line 256, in _create_connection
    return _ConnectionRecord(self)
  File "/opt/conda/lib/python3.8/site-packages/sqlalchemy/pool/base.py", line 371, in __init__
    self.__connect()
  File "/opt/conda/lib/python3.8/site-packages/sqlalchemy/pool/base.py", line 666, in __connect
    pool.logger.debug("Error on connect(): %s", e)
  File "/opt/conda/lib/python3.8/site-packages/sqlalchemy/util/langhelpers.py", line 70, in __exit__
    compat.raise_(
  File "/opt/conda/lib/python3.8/site-packages/sqlalchemy/util/compat.py", line 208, in raise_
    raise exception
  File "/opt/conda/lib/python3.8/site-packages/sqlalchemy/pool/base.py", line 661, in __connect
    self.dbapi_connection = connection = pool._invoke_creator(self)
  File "/opt/conda/lib/python3.8/site-packages/sqlalchemy/engine/create.py", line 578, in connect
    return dialect.connect(*cargs, **cparams)
  File "/opt/conda/lib/python3.8/site-packages/sqlalchemy/engine/default.py", line 597, in connect
    return self.dbapi.connect(*cargs, **cparams)
sqlalchemy.exc.OperationalError: (sqlite3.OperationalError) unable to open database file
(Background on this error at: https://sqlalche.me/e/14/e3q8)

During handling of the above exception, another exception occurred:

Traceback (most recent call last):
  File "/opt/conda/lib/python3.8/site-packages/pycaret/internal/tabular.py", line 2332, in compare_models
    dashboard_logger.log_model(
  File "/opt/conda/lib/python3.8/site-packages/pycaret/loggers/__init__.py", line 63, in log_model
    self.init_loggers(exp_name_log, full_name)
  File "/opt/conda/lib/python3.8/site-packages/pycaret/loggers/__init__.py", line 20, in init_loggers
    logger.init_experiment(exp_name_log, full_name)
  File "/opt/conda/lib/python3.8/site-packages/pycaret/loggers/mlflow_logger.py", line 40, in init_experiment
    mlflow.set_experiment(exp_name_log)
  File "/opt/conda/lib/python3.8/site-packages/mlflow/tracking/fluent.py", line 108, in set_experiment
    client = MlflowClient()
  File "/opt/conda/lib/python3.8/site-packages/mlflow/tracking/client.py", line 70, in __init__
    self._tracking_client = TrackingServiceClient(final_tracking_uri)
  File "/opt/conda/lib/python3.8/site-packages/mlflow/tracking/_tracking_service/client.py", line 43, in __init__
    self.store
  File "/opt/conda/lib/python3.8/site-packages/mlflow/tracking/_tracking_service/client.py", line 47, in store
    return utils._get_store(self.tracking_uri)
  File "/opt/conda/lib/python3.8/site-packages/mlflow/tracking/_tracking_service/utils.py", line 165, in _get_store
    return _tracking_store_registry.get_store(store_uri, artifact_uri)
  File "/opt/conda/lib/python3.8/site-packages/mlflow/tracking/_tracking_service/registry.py", line 39, in get_store
    return self._get_store_with_resolved_uri(resolved_store_uri, artifact_uri)
  File "/opt/conda/lib/python3.8/site-packages/mlflow/tracking/_tracking_service/registry.py", line 49, in _get_store_with_resolved_uri
    return builder(store_uri=resolved_store_uri, artifact_uri=artifact_uri)
  File "/opt/conda/lib/python3.8/site-packages/mlflow/tracking/_tracking_service/utils.py", line 127, in _get_sqlalchemy_store
    return SqlAlchemyStore(store_uri, artifact_uri)
  File "/opt/conda/lib/python3.8/site-packages/mlflow/store/tracking/sqlalchemy_store.py", line 123, in __init__
    ] = mlflow.store.db.utils.create_sqlalchemy_engine_with_retry(db_uri)
  File "/opt/conda/lib/python3.8/site-packages/mlflow/store/db/utils.py", line 174, in create_sqlalchemy_engine_with_retry
    time.sleep(sleep_duration)
KeyboardInterrupt

2025-02-13 17:39:18,477:INFO:Creating Dashboard logs
2025-02-13 17:39:18,495:INFO:Model: Extra Trees Classifier
2025-02-13 17:39:18,663:ERROR:dashboard_logger.log_model() for ExtraTreesClassifier(bootstrap=False, ccp_alpha=0.0, class_weight=None,
                     criterion='gini', max_depth=None, max_features='auto',
                     max_leaf_nodes=None, max_samples=None,
                     min_impurity_decrease=0.0, min_impurity_split=None,
                     min_samples_leaf=1, min_samples_split=2,
                     min_weight_fraction_leaf=0.0, n_estimators=100, n_jobs=-1,
                     oob_score=False, random_state=42, verbose=0,
                     warm_start=False) raised an exception:
2025-02-13 17:39:18,665:ERROR:Traceback (most recent call last):
  File "/opt/conda/lib/python3.8/site-packages/sqlalchemy/engine/base.py", line 3361, in _wrap_pool_connect
    return fn()
  File "/opt/conda/lib/python3.8/site-packages/sqlalchemy/pool/base.py", line 310, in connect
    return _ConnectionFairy._checkout(self)
  File "/opt/conda/lib/python3.8/site-packages/sqlalchemy/pool/base.py", line 868, in _checkout
    fairy = _ConnectionRecord.checkout(pool)
  File "/opt/conda/lib/python3.8/site-packages/sqlalchemy/pool/base.py", line 476, in checkout
    rec = pool._do_get()
  File "/opt/conda/lib/python3.8/site-packages/sqlalchemy/pool/impl.py", line 256, in _do_get
    return self._create_connection()
  File "/opt/conda/lib/python3.8/site-packages/sqlalchemy/pool/base.py", line 256, in _create_connection
    return _ConnectionRecord(self)
  File "/opt/conda/lib/python3.8/site-packages/sqlalchemy/pool/base.py", line 371, in __init__
    self.__connect()
  File "/opt/conda/lib/python3.8/site-packages/sqlalchemy/pool/base.py", line 666, in __connect
    pool.logger.debug("Error on connect(): %s", e)
  File "/opt/conda/lib/python3.8/site-packages/sqlalchemy/util/langhelpers.py", line 70, in __exit__
    compat.raise_(
  File "/opt/conda/lib/python3.8/site-packages/sqlalchemy/util/compat.py", line 208, in raise_
    raise exception
  File "/opt/conda/lib/python3.8/site-packages/sqlalchemy/pool/base.py", line 661, in __connect
    self.dbapi_connection = connection = pool._invoke_creator(self)
  File "/opt/conda/lib/python3.8/site-packages/sqlalchemy/engine/create.py", line 578, in connect
    return dialect.connect(*cargs, **cparams)
  File "/opt/conda/lib/python3.8/site-packages/sqlalchemy/engine/default.py", line 597, in connect
    return self.dbapi.connect(*cargs, **cparams)
sqlite3.OperationalError: unable to open database file

The above exception was the direct cause of the following exception:

Traceback (most recent call last):
  File "/opt/conda/lib/python3.8/site-packages/mlflow/store/db/utils.py", line 163, in create_sqlalchemy_engine_with_retry
    sqlalchemy.inspect(engine)
  File "/opt/conda/lib/python3.8/site-packages/sqlalchemy/inspection.py", line 64, in inspect
    ret = reg(subject)
  File "/opt/conda/lib/python3.8/site-packages/sqlalchemy/engine/reflection.py", line 182, in _engine_insp
    return Inspector._construct(Inspector._init_engine, bind)
  File "/opt/conda/lib/python3.8/site-packages/sqlalchemy/engine/reflection.py", line 117, in _construct
    init(self, bind)
  File "/opt/conda/lib/python3.8/site-packages/sqlalchemy/engine/reflection.py", line 128, in _init_engine
    engine.connect().close()
  File "/opt/conda/lib/python3.8/site-packages/sqlalchemy/engine/base.py", line 3315, in connect
    return self._connection_cls(self, close_with_result=close_with_result)
  File "/opt/conda/lib/python3.8/site-packages/sqlalchemy/engine/base.py", line 96, in __init__
    else engine.raw_connection()
  File "/opt/conda/lib/python3.8/site-packages/sqlalchemy/engine/base.py", line 3394, in raw_connection
    return self._wrap_pool_connect(self.pool.connect, _connection)
  File "/opt/conda/lib/python3.8/site-packages/sqlalchemy/engine/base.py", line 3364, in _wrap_pool_connect
    Connection._handle_dbapi_exception_noconnection(
  File "/opt/conda/lib/python3.8/site-packages/sqlalchemy/engine/base.py", line 2198, in _handle_dbapi_exception_noconnection
    util.raise_(
  File "/opt/conda/lib/python3.8/site-packages/sqlalchemy/util/compat.py", line 208, in raise_
    raise exception
  File "/opt/conda/lib/python3.8/site-packages/sqlalchemy/engine/base.py", line 3361, in _wrap_pool_connect
    return fn()
  File "/opt/conda/lib/python3.8/site-packages/sqlalchemy/pool/base.py", line 310, in connect
    return _ConnectionFairy._checkout(self)
  File "/opt/conda/lib/python3.8/site-packages/sqlalchemy/pool/base.py", line 868, in _checkout
    fairy = _ConnectionRecord.checkout(pool)
  File "/opt/conda/lib/python3.8/site-packages/sqlalchemy/pool/base.py", line 476, in checkout
    rec = pool._do_get()
  File "/opt/conda/lib/python3.8/site-packages/sqlalchemy/pool/impl.py", line 256, in _do_get
    return self._create_connection()
  File "/opt/conda/lib/python3.8/site-packages/sqlalchemy/pool/base.py", line 256, in _create_connection
    return _ConnectionRecord(self)
  File "/opt/conda/lib/python3.8/site-packages/sqlalchemy/pool/base.py", line 371, in __init__
    self.__connect()
  File "/opt/conda/lib/python3.8/site-packages/sqlalchemy/pool/base.py", line 666, in __connect
    pool.logger.debug("Error on connect(): %s", e)
  File "/opt/conda/lib/python3.8/site-packages/sqlalchemy/util/langhelpers.py", line 70, in __exit__
    compat.raise_(
  File "/opt/conda/lib/python3.8/site-packages/sqlalchemy/util/compat.py", line 208, in raise_
    raise exception
  File "/opt/conda/lib/python3.8/site-packages/sqlalchemy/pool/base.py", line 661, in __connect
    self.dbapi_connection = connection = pool._invoke_creator(self)
  File "/opt/conda/lib/python3.8/site-packages/sqlalchemy/engine/create.py", line 578, in connect
    return dialect.connect(*cargs, **cparams)
  File "/opt/conda/lib/python3.8/site-packages/sqlalchemy/engine/default.py", line 597, in connect
    return self.dbapi.connect(*cargs, **cparams)
sqlalchemy.exc.OperationalError: (sqlite3.OperationalError) unable to open database file
(Background on this error at: https://sqlalche.me/e/14/e3q8)

During handling of the above exception, another exception occurred:

Traceback (most recent call last):
  File "/opt/conda/lib/python3.8/site-packages/pycaret/internal/tabular.py", line 2332, in compare_models
    dashboard_logger.log_model(
  File "/opt/conda/lib/python3.8/site-packages/pycaret/loggers/__init__.py", line 63, in log_model
    self.init_loggers(exp_name_log, full_name)
  File "/opt/conda/lib/python3.8/site-packages/pycaret/loggers/__init__.py", line 20, in init_loggers
    logger.init_experiment(exp_name_log, full_name)
  File "/opt/conda/lib/python3.8/site-packages/pycaret/loggers/mlflow_logger.py", line 40, in init_experiment
    mlflow.set_experiment(exp_name_log)
  File "/opt/conda/lib/python3.8/site-packages/mlflow/tracking/fluent.py", line 108, in set_experiment
    client = MlflowClient()
  File "/opt/conda/lib/python3.8/site-packages/mlflow/tracking/client.py", line 70, in __init__
    self._tracking_client = TrackingServiceClient(final_tracking_uri)
  File "/opt/conda/lib/python3.8/site-packages/mlflow/tracking/_tracking_service/client.py", line 43, in __init__
    self.store
  File "/opt/conda/lib/python3.8/site-packages/mlflow/tracking/_tracking_service/client.py", line 47, in store
    return utils._get_store(self.tracking_uri)
  File "/opt/conda/lib/python3.8/site-packages/mlflow/tracking/_tracking_service/utils.py", line 165, in _get_store
    return _tracking_store_registry.get_store(store_uri, artifact_uri)
  File "/opt/conda/lib/python3.8/site-packages/mlflow/tracking/_tracking_service/registry.py", line 39, in get_store
    return self._get_store_with_resolved_uri(resolved_store_uri, artifact_uri)
  File "/opt/conda/lib/python3.8/site-packages/mlflow/tracking/_tracking_service/registry.py", line 49, in _get_store_with_resolved_uri
    return builder(store_uri=resolved_store_uri, artifact_uri=artifact_uri)
  File "/opt/conda/lib/python3.8/site-packages/mlflow/tracking/_tracking_service/utils.py", line 127, in _get_sqlalchemy_store
    return SqlAlchemyStore(store_uri, artifact_uri)
  File "/opt/conda/lib/python3.8/site-packages/mlflow/store/tracking/sqlalchemy_store.py", line 123, in __init__
    ] = mlflow.store.db.utils.create_sqlalchemy_engine_with_retry(db_uri)
  File "/opt/conda/lib/python3.8/site-packages/mlflow/store/db/utils.py", line 174, in create_sqlalchemy_engine_with_retry
    time.sleep(sleep_duration)
KeyboardInterrupt

2025-02-13 17:39:18,668:INFO:Creating Dashboard logs
2025-02-13 17:39:18,686:INFO:Model: Decision Tree Classifier
2025-02-13 17:39:18,820:ERROR:dashboard_logger.log_model() for DecisionTreeClassifier(ccp_alpha=0.0, class_weight=None, criterion='gini',
                       max_depth=None, max_features=None, max_leaf_nodes=None,
                       min_impurity_decrease=0.0, min_impurity_split=None,
                       min_samples_leaf=1, min_samples_split=2,
                       min_weight_fraction_leaf=0.0, presort='deprecated',
                       random_state=42, splitter='best') raised an exception:
2025-02-13 17:39:18,821:ERROR:Traceback (most recent call last):
  File "/opt/conda/lib/python3.8/site-packages/sqlalchemy/engine/base.py", line 3361, in _wrap_pool_connect
    return fn()
  File "/opt/conda/lib/python3.8/site-packages/sqlalchemy/pool/base.py", line 310, in connect
    return _ConnectionFairy._checkout(self)
  File "/opt/conda/lib/python3.8/site-packages/sqlalchemy/pool/base.py", line 868, in _checkout
    fairy = _ConnectionRecord.checkout(pool)
  File "/opt/conda/lib/python3.8/site-packages/sqlalchemy/pool/base.py", line 476, in checkout
    rec = pool._do_get()
  File "/opt/conda/lib/python3.8/site-packages/sqlalchemy/pool/impl.py", line 256, in _do_get
    return self._create_connection()
  File "/opt/conda/lib/python3.8/site-packages/sqlalchemy/pool/base.py", line 256, in _create_connection
    return _ConnectionRecord(self)
  File "/opt/conda/lib/python3.8/site-packages/sqlalchemy/pool/base.py", line 371, in __init__
    self.__connect()
  File "/opt/conda/lib/python3.8/site-packages/sqlalchemy/pool/base.py", line 666, in __connect
    pool.logger.debug("Error on connect(): %s", e)
  File "/opt/conda/lib/python3.8/site-packages/sqlalchemy/util/langhelpers.py", line 70, in __exit__
    compat.raise_(
  File "/opt/conda/lib/python3.8/site-packages/sqlalchemy/util/compat.py", line 208, in raise_
    raise exception
  File "/opt/conda/lib/python3.8/site-packages/sqlalchemy/pool/base.py", line 661, in __connect
    self.dbapi_connection = connection = pool._invoke_creator(self)
  File "/opt/conda/lib/python3.8/site-packages/sqlalchemy/engine/create.py", line 578, in connect
    return dialect.connect(*cargs, **cparams)
  File "/opt/conda/lib/python3.8/site-packages/sqlalchemy/engine/default.py", line 597, in connect
    return self.dbapi.connect(*cargs, **cparams)
sqlite3.OperationalError: unable to open database file

The above exception was the direct cause of the following exception:

Traceback (most recent call last):
  File "/opt/conda/lib/python3.8/site-packages/mlflow/store/db/utils.py", line 163, in create_sqlalchemy_engine_with_retry
    sqlalchemy.inspect(engine)
  File "/opt/conda/lib/python3.8/site-packages/sqlalchemy/inspection.py", line 64, in inspect
    ret = reg(subject)
  File "/opt/conda/lib/python3.8/site-packages/sqlalchemy/engine/reflection.py", line 182, in _engine_insp
    return Inspector._construct(Inspector._init_engine, bind)
  File "/opt/conda/lib/python3.8/site-packages/sqlalchemy/engine/reflection.py", line 117, in _construct
    init(self, bind)
  File "/opt/conda/lib/python3.8/site-packages/sqlalchemy/engine/reflection.py", line 128, in _init_engine
    engine.connect().close()
  File "/opt/conda/lib/python3.8/site-packages/sqlalchemy/engine/base.py", line 3315, in connect
    return self._connection_cls(self, close_with_result=close_with_result)
  File "/opt/conda/lib/python3.8/site-packages/sqlalchemy/engine/base.py", line 96, in __init__
    else engine.raw_connection()
  File "/opt/conda/lib/python3.8/site-packages/sqlalchemy/engine/base.py", line 3394, in raw_connection
    return self._wrap_pool_connect(self.pool.connect, _connection)
  File "/opt/conda/lib/python3.8/site-packages/sqlalchemy/engine/base.py", line 3364, in _wrap_pool_connect
    Connection._handle_dbapi_exception_noconnection(
  File "/opt/conda/lib/python3.8/site-packages/sqlalchemy/engine/base.py", line 2198, in _handle_dbapi_exception_noconnection
    util.raise_(
  File "/opt/conda/lib/python3.8/site-packages/sqlalchemy/util/compat.py", line 208, in raise_
    raise exception
  File "/opt/conda/lib/python3.8/site-packages/sqlalchemy/engine/base.py", line 3361, in _wrap_pool_connect
    return fn()
  File "/opt/conda/lib/python3.8/site-packages/sqlalchemy/pool/base.py", line 310, in connect
    return _ConnectionFairy._checkout(self)
  File "/opt/conda/lib/python3.8/site-packages/sqlalchemy/pool/base.py", line 868, in _checkout
    fairy = _ConnectionRecord.checkout(pool)
  File "/opt/conda/lib/python3.8/site-packages/sqlalchemy/pool/base.py", line 476, in checkout
    rec = pool._do_get()
  File "/opt/conda/lib/python3.8/site-packages/sqlalchemy/pool/impl.py", line 256, in _do_get
    return self._create_connection()
  File "/opt/conda/lib/python3.8/site-packages/sqlalchemy/pool/base.py", line 256, in _create_connection
    return _ConnectionRecord(self)
  File "/opt/conda/lib/python3.8/site-packages/sqlalchemy/pool/base.py", line 371, in __init__
    self.__connect()
  File "/opt/conda/lib/python3.8/site-packages/sqlalchemy/pool/base.py", line 666, in __connect
    pool.logger.debug("Error on connect(): %s", e)
  File "/opt/conda/lib/python3.8/site-packages/sqlalchemy/util/langhelpers.py", line 70, in __exit__
    compat.raise_(
  File "/opt/conda/lib/python3.8/site-packages/sqlalchemy/util/compat.py", line 208, in raise_
    raise exception
  File "/opt/conda/lib/python3.8/site-packages/sqlalchemy/pool/base.py", line 661, in __connect
    self.dbapi_connection = connection = pool._invoke_creator(self)
  File "/opt/conda/lib/python3.8/site-packages/sqlalchemy/engine/create.py", line 578, in connect
    return dialect.connect(*cargs, **cparams)
  File "/opt/conda/lib/python3.8/site-packages/sqlalchemy/engine/default.py", line 597, in connect
    return self.dbapi.connect(*cargs, **cparams)
sqlalchemy.exc.OperationalError: (sqlite3.OperationalError) unable to open database file
(Background on this error at: https://sqlalche.me/e/14/e3q8)

During handling of the above exception, another exception occurred:

Traceback (most recent call last):
  File "/opt/conda/lib/python3.8/site-packages/pycaret/internal/tabular.py", line 2332, in compare_models
    dashboard_logger.log_model(
  File "/opt/conda/lib/python3.8/site-packages/pycaret/loggers/__init__.py", line 63, in log_model
    self.init_loggers(exp_name_log, full_name)
  File "/opt/conda/lib/python3.8/site-packages/pycaret/loggers/__init__.py", line 20, in init_loggers
    logger.init_experiment(exp_name_log, full_name)
  File "/opt/conda/lib/python3.8/site-packages/pycaret/loggers/mlflow_logger.py", line 40, in init_experiment
    mlflow.set_experiment(exp_name_log)
  File "/opt/conda/lib/python3.8/site-packages/mlflow/tracking/fluent.py", line 108, in set_experiment
    client = MlflowClient()
  File "/opt/conda/lib/python3.8/site-packages/mlflow/tracking/client.py", line 70, in __init__
    self._tracking_client = TrackingServiceClient(final_tracking_uri)
  File "/opt/conda/lib/python3.8/site-packages/mlflow/tracking/_tracking_service/client.py", line 43, in __init__
    self.store
  File "/opt/conda/lib/python3.8/site-packages/mlflow/tracking/_tracking_service/client.py", line 47, in store
    return utils._get_store(self.tracking_uri)
  File "/opt/conda/lib/python3.8/site-packages/mlflow/tracking/_tracking_service/utils.py", line 165, in _get_store
    return _tracking_store_registry.get_store(store_uri, artifact_uri)
  File "/opt/conda/lib/python3.8/site-packages/mlflow/tracking/_tracking_service/registry.py", line 39, in get_store
    return self._get_store_with_resolved_uri(resolved_store_uri, artifact_uri)
  File "/opt/conda/lib/python3.8/site-packages/mlflow/tracking/_tracking_service/registry.py", line 49, in _get_store_with_resolved_uri
    return builder(store_uri=resolved_store_uri, artifact_uri=artifact_uri)
  File "/opt/conda/lib/python3.8/site-packages/mlflow/tracking/_tracking_service/utils.py", line 127, in _get_sqlalchemy_store
    return SqlAlchemyStore(store_uri, artifact_uri)
  File "/opt/conda/lib/python3.8/site-packages/mlflow/store/tracking/sqlalchemy_store.py", line 123, in __init__
    ] = mlflow.store.db.utils.create_sqlalchemy_engine_with_retry(db_uri)
  File "/opt/conda/lib/python3.8/site-packages/mlflow/store/db/utils.py", line 174, in create_sqlalchemy_engine_with_retry
    time.sleep(sleep_duration)
KeyboardInterrupt

2025-02-13 17:39:18,825:INFO:Creating Dashboard logs
2025-02-13 17:39:18,845:INFO:Model: Logistic Regression
2025-02-13 17:39:24,606:ERROR:dashboard_logger.log_model() for LogisticRegression(C=1.0, class_weight=None, dual=False, fit_intercept=True,
                   intercept_scaling=1, l1_ratio=None, max_iter=1000,
                   multi_class='auto', n_jobs=None, penalty='l2',
                   random_state=42, solver='lbfgs', tol=0.0001, verbose=0,
                   warm_start=False) raised an exception:
2025-02-13 17:39:24,611:ERROR:Traceback (most recent call last):
  File "/opt/conda/lib/python3.8/site-packages/sqlalchemy/engine/base.py", line 3361, in _wrap_pool_connect
    return fn()
  File "/opt/conda/lib/python3.8/site-packages/sqlalchemy/pool/base.py", line 310, in connect
    return _ConnectionFairy._checkout(self)
  File "/opt/conda/lib/python3.8/site-packages/sqlalchemy/pool/base.py", line 868, in _checkout
    fairy = _ConnectionRecord.checkout(pool)
  File "/opt/conda/lib/python3.8/site-packages/sqlalchemy/pool/base.py", line 476, in checkout
    rec = pool._do_get()
  File "/opt/conda/lib/python3.8/site-packages/sqlalchemy/pool/impl.py", line 256, in _do_get
    return self._create_connection()
  File "/opt/conda/lib/python3.8/site-packages/sqlalchemy/pool/base.py", line 256, in _create_connection
    return _ConnectionRecord(self)
  File "/opt/conda/lib/python3.8/site-packages/sqlalchemy/pool/base.py", line 371, in __init__
    self.__connect()
  File "/opt/conda/lib/python3.8/site-packages/sqlalchemy/pool/base.py", line 666, in __connect
    pool.logger.debug("Error on connect(): %s", e)
  File "/opt/conda/lib/python3.8/site-packages/sqlalchemy/util/langhelpers.py", line 70, in __exit__
    compat.raise_(
  File "/opt/conda/lib/python3.8/site-packages/sqlalchemy/util/compat.py", line 208, in raise_
    raise exception
  File "/opt/conda/lib/python3.8/site-packages/sqlalchemy/pool/base.py", line 661, in __connect
    self.dbapi_connection = connection = pool._invoke_creator(self)
  File "/opt/conda/lib/python3.8/site-packages/sqlalchemy/engine/create.py", line 578, in connect
    return dialect.connect(*cargs, **cparams)
  File "/opt/conda/lib/python3.8/site-packages/sqlalchemy/engine/default.py", line 597, in connect
    return self.dbapi.connect(*cargs, **cparams)
sqlite3.OperationalError: unable to open database file

The above exception was the direct cause of the following exception:

Traceback (most recent call last):
  File "/opt/conda/lib/python3.8/site-packages/mlflow/store/db/utils.py", line 163, in create_sqlalchemy_engine_with_retry
    sqlalchemy.inspect(engine)
  File "/opt/conda/lib/python3.8/site-packages/sqlalchemy/inspection.py", line 64, in inspect
    ret = reg(subject)
  File "/opt/conda/lib/python3.8/site-packages/sqlalchemy/engine/reflection.py", line 182, in _engine_insp
    return Inspector._construct(Inspector._init_engine, bind)
  File "/opt/conda/lib/python3.8/site-packages/sqlalchemy/engine/reflection.py", line 117, in _construct
    init(self, bind)
  File "/opt/conda/lib/python3.8/site-packages/sqlalchemy/engine/reflection.py", line 128, in _init_engine
    engine.connect().close()
  File "/opt/conda/lib/python3.8/site-packages/sqlalchemy/engine/base.py", line 3315, in connect
    return self._connection_cls(self, close_with_result=close_with_result)
  File "/opt/conda/lib/python3.8/site-packages/sqlalchemy/engine/base.py", line 96, in __init__
    else engine.raw_connection()
  File "/opt/conda/lib/python3.8/site-packages/sqlalchemy/engine/base.py", line 3394, in raw_connection
    return self._wrap_pool_connect(self.pool.connect, _connection)
  File "/opt/conda/lib/python3.8/site-packages/sqlalchemy/engine/base.py", line 3364, in _wrap_pool_connect
    Connection._handle_dbapi_exception_noconnection(
  File "/opt/conda/lib/python3.8/site-packages/sqlalchemy/engine/base.py", line 2198, in _handle_dbapi_exception_noconnection
    util.raise_(
  File "/opt/conda/lib/python3.8/site-packages/sqlalchemy/util/compat.py", line 208, in raise_
    raise exception
  File "/opt/conda/lib/python3.8/site-packages/sqlalchemy/engine/base.py", line 3361, in _wrap_pool_connect
    return fn()
  File "/opt/conda/lib/python3.8/site-packages/sqlalchemy/pool/base.py", line 310, in connect
    return _ConnectionFairy._checkout(self)
  File "/opt/conda/lib/python3.8/site-packages/sqlalchemy/pool/base.py", line 868, in _checkout
    fairy = _ConnectionRecord.checkout(pool)
  File "/opt/conda/lib/python3.8/site-packages/sqlalchemy/pool/base.py", line 476, in checkout
    rec = pool._do_get()
  File "/opt/conda/lib/python3.8/site-packages/sqlalchemy/pool/impl.py", line 256, in _do_get
    return self._create_connection()
  File "/opt/conda/lib/python3.8/site-packages/sqlalchemy/pool/base.py", line 256, in _create_connection
    return _ConnectionRecord(self)
  File "/opt/conda/lib/python3.8/site-packages/sqlalchemy/pool/base.py", line 371, in __init__
    self.__connect()
  File "/opt/conda/lib/python3.8/site-packages/sqlalchemy/pool/base.py", line 666, in __connect
    pool.logger.debug("Error on connect(): %s", e)
  File "/opt/conda/lib/python3.8/site-packages/sqlalchemy/util/langhelpers.py", line 70, in __exit__
    compat.raise_(
  File "/opt/conda/lib/python3.8/site-packages/sqlalchemy/util/compat.py", line 208, in raise_
    raise exception
  File "/opt/conda/lib/python3.8/site-packages/sqlalchemy/pool/base.py", line 661, in __connect
    self.dbapi_connection = connection = pool._invoke_creator(self)
  File "/opt/conda/lib/python3.8/site-packages/sqlalchemy/engine/create.py", line 578, in connect
    return dialect.connect(*cargs, **cparams)
  File "/opt/conda/lib/python3.8/site-packages/sqlalchemy/engine/default.py", line 597, in connect
    return self.dbapi.connect(*cargs, **cparams)
sqlalchemy.exc.OperationalError: (sqlite3.OperationalError) unable to open database file
(Background on this error at: https://sqlalche.me/e/14/e3q8)

During handling of the above exception, another exception occurred:

Traceback (most recent call last):
  File "/opt/conda/lib/python3.8/site-packages/pycaret/internal/tabular.py", line 2332, in compare_models
    dashboard_logger.log_model(
  File "/opt/conda/lib/python3.8/site-packages/pycaret/loggers/__init__.py", line 63, in log_model
    self.init_loggers(exp_name_log, full_name)
  File "/opt/conda/lib/python3.8/site-packages/pycaret/loggers/__init__.py", line 20, in init_loggers
    logger.init_experiment(exp_name_log, full_name)
  File "/opt/conda/lib/python3.8/site-packages/pycaret/loggers/mlflow_logger.py", line 40, in init_experiment
    mlflow.set_experiment(exp_name_log)
  File "/opt/conda/lib/python3.8/site-packages/mlflow/tracking/fluent.py", line 108, in set_experiment
    client = MlflowClient()
  File "/opt/conda/lib/python3.8/site-packages/mlflow/tracking/client.py", line 70, in __init__
    self._tracking_client = TrackingServiceClient(final_tracking_uri)
  File "/opt/conda/lib/python3.8/site-packages/mlflow/tracking/_tracking_service/client.py", line 43, in __init__
    self.store
  File "/opt/conda/lib/python3.8/site-packages/mlflow/tracking/_tracking_service/client.py", line 47, in store
    return utils._get_store(self.tracking_uri)
  File "/opt/conda/lib/python3.8/site-packages/mlflow/tracking/_tracking_service/utils.py", line 165, in _get_store
    return _tracking_store_registry.get_store(store_uri, artifact_uri)
  File "/opt/conda/lib/python3.8/site-packages/mlflow/tracking/_tracking_service/registry.py", line 39, in get_store
    return self._get_store_with_resolved_uri(resolved_store_uri, artifact_uri)
  File "/opt/conda/lib/python3.8/site-packages/mlflow/tracking/_tracking_service/registry.py", line 49, in _get_store_with_resolved_uri
    return builder(store_uri=resolved_store_uri, artifact_uri=artifact_uri)
  File "/opt/conda/lib/python3.8/site-packages/mlflow/tracking/_tracking_service/utils.py", line 127, in _get_sqlalchemy_store
    return SqlAlchemyStore(store_uri, artifact_uri)
  File "/opt/conda/lib/python3.8/site-packages/mlflow/store/tracking/sqlalchemy_store.py", line 123, in __init__
    ] = mlflow.store.db.utils.create_sqlalchemy_engine_with_retry(db_uri)
  File "/opt/conda/lib/python3.8/site-packages/mlflow/store/db/utils.py", line 174, in create_sqlalchemy_engine_with_retry
    time.sleep(sleep_duration)
KeyboardInterrupt

2025-02-13 17:39:24,615:INFO:Creating Dashboard logs
2025-02-13 17:39:24,633:INFO:Model: Linear Discriminant Analysis
2025-02-13 17:42:47,453:INFO:PyCaret Supervised Module
2025-02-13 17:42:47,454:INFO:ML Usecase: classification
2025-02-13 17:42:47,454:INFO:version 2.3.8
2025-02-13 17:42:47,455:INFO:Initializing setup()
2025-02-13 17:42:47,455:INFO:setup(target=app_complete_flag, ml_usecase=classification, available_plots={'parameter': 'Hyperparameters', 'auc': 'AUC', 'confusion_matrix': 'Confusion Matrix', 'threshold': 'Threshold', 'pr': 'Precision Recall', 'error': 'Prediction Error', 'class_report': 'Class Report', 'rfe': 'Feature Selection', 'learning': 'Learning Curve', 'manifold': 'Manifold Learning', 'calibration': 'Calibration Curve', 'vc': 'Validation Curve', 'dimension': 'Dimensions', 'feature': 'Feature Importance', 'feature_all': 'Feature Importance (All)', 'boundary': 'Decision Boundary', 'lift': 'Lift Chart', 'gain': 'Gain Chart', 'tree': 'Decision Tree', 'ks': 'KS Statistic Plot'}, train_size=0.7, test_data=None, preprocess=True, imputation_type=simple, iterative_imputation_iters=5, categorical_features=None, categorical_imputation=constant, categorical_iterative_imputer=lightgbm, ordinal_features=None, high_cardinality_features=None, high_cardinality_method=frequency, numeric_features=None, numeric_imputation=mean, numeric_iterative_imputer=lightgbm, date_features=None, ignore_features=None, normalize=True, normalize_method=zscore, transformation=True, transformation_method=yeo-johnson, handle_unknown_categorical=True, unknown_categorical_method=least_frequent, pca=False, pca_method=linear, pca_components=None, ignore_low_variance=False, combine_rare_levels=False, rare_level_threshold=0.1, bin_numeric_features=None, remove_outliers=False, outliers_threshold=0.05, remove_multicollinearity=True, multicollinearity_threshold=0.95, remove_perfect_collinearity=True, create_clusters=False, cluster_iter=20, polynomial_features=False, polynomial_degree=2, trigonometry_features=False, polynomial_threshold=0.1, group_features=None, group_names=None, feature_selection=False, feature_selection_threshold=0.8, feature_selection_method=classic, feature_interaction=False, feature_ratio=False, interaction_threshold=0.01, fix_imbalance=False, fix_imbalance_method=None, transform_target=False, transform_target_method=box-cox, data_split_shuffle=True, data_split_stratify=False, fold_strategy=stratifiedkfold, fold=10, fold_shuffle=True, fold_groups=None, n_jobs=-1, use_gpu=False, custom_pipeline=None, html=True, session_id=42, log_experiment=True, experiment_name=TK_Lead_Scoring_Model_Experimentation, experiment_custom_tags=None, log_plots=['auc', 'confusion_matrix', 'feature'], log_profile=False, log_data=True, silent=True, verbose=True, profile=False, profile_kwargs=None, display=None)
2025-02-13 17:42:47,455:INFO:Checking environment
2025-02-13 17:42:47,455:INFO:python_version: 3.8.12
2025-02-13 17:42:47,455:INFO:python_build: ('default', 'Oct 12 2021 21:59:51')
2025-02-13 17:42:47,455:INFO:machine: x86_64
2025-02-13 17:42:47,455:INFO:platform: Linux-6.2.0-39-generic-x86_64-with-glibc2.10
2025-02-13 17:42:47,456:INFO:Memory: svmem(total=270067613696, available=178527027200, percent=33.9, used=72022917120, free=55782064128, active=106426548224, inactive=93633175552, buffers=43333251072, cached=98929381376, shared=17417662464, slab=7072063488)
2025-02-13 17:42:47,464:INFO:Physical Core: 32
2025-02-13 17:42:47,464:INFO:Logical Core: 64
2025-02-13 17:42:47,464:INFO:Checking libraries
2025-02-13 17:42:47,465:INFO:pd==1.4.3
2025-02-13 17:42:47,465:INFO:numpy==1.22.2
2025-02-13 17:42:47,465:INFO:sklearn==0.23.2
2025-02-13 17:42:47,465:INFO:lightgbm==3.3.2
2025-02-13 17:42:47,466:WARNING:catboost not found
2025-02-13 17:42:47,510:INFO:xgboost==1.5.0
2025-02-13 17:42:47,510:INFO:mlflow==1.26.1
2025-02-13 17:42:47,510:INFO:Checking Exceptions
2025-02-13 17:42:47,510:INFO:Declaring global variables
2025-02-13 17:42:47,510:INFO:USI: 1fa1
2025-02-13 17:42:47,510:INFO:pycaret_globals: {'y_train', '_available_plots', '_all_models_internal', 'USI', '_all_metrics', '_gpu_n_jobs_param', 'fold_groups_param', 'y_test', 'imputation_regressor', 'master_model_container', 'experiment__', 'gpu_param', 'fix_imbalance_method_param', 'dashboard_logger', 'seed', 'exp_name_log', '_all_models', 'transform_target_method_param', 'y', 'logging_param', 'fold_generator', 'imputation_classifier', 'X_test', 'display_container', 'html_param', 'fold_param', 'n_jobs_param', 'stratify_param', 'fold_groups_param_full', 'prep_pipe', 'fix_imbalance_param', 'transform_target_param', 'create_model_container', 'pycaret_globals', 'log_plots_param', '_internal_pipeline', 'iterative_imputation_iters_param', 'X_train', '_ml_usecase', 'X', 'target_param', 'data_before_preprocess', 'fold_shuffle_param'}
2025-02-13 17:42:47,510:INFO:Preparing display monitor
2025-02-13 17:42:47,510:INFO:Preparing display monitor
2025-02-13 17:42:47,529:INFO:Importing libraries
2025-02-13 17:42:47,530:INFO:Copying data for preprocessing
2025-02-13 17:42:47,552:INFO:Declaring preprocessing parameters
2025-02-13 17:42:47,584:INFO:Creating preprocessing pipeline
2025-02-13 17:42:47,943:INFO:Preprocessing pipeline created successfully
2025-02-13 17:42:47,943:ERROR:(Process Exit): setup has been interupted with user command 'quit'. setup must rerun.
2025-02-13 17:42:47,944:INFO:Creating global containers
2025-02-13 17:42:47,944:INFO:Install wandb to use WandbLogger
2025-02-13 17:42:47,945:INFO:Internal pipeline: Pipeline(memory=None, steps=[('empty_step', 'passthrough')], verbose=False)
2025-02-13 17:42:53,214:WARNING:Couldn't import catboost.CatBoostClassifier
2025-02-13 17:42:53,291:WARNING:Couldn't import catboost.CatBoostClassifier
2025-02-13 17:42:53,291:INFO:Creating grid variables
2025-02-13 17:42:53,398:INFO:Logging experiment in MLFlow
2025-02-13 17:43:50,513:INFO:PyCaret Supervised Module
2025-02-13 17:43:50,514:INFO:ML Usecase: classification
2025-02-13 17:43:50,514:INFO:version 2.3.8
2025-02-13 17:43:50,514:INFO:Initializing setup()
2025-02-13 17:43:50,514:INFO:setup(target=app_complete_flag, ml_usecase=classification, available_plots={'parameter': 'Hyperparameters', 'auc': 'AUC', 'confusion_matrix': 'Confusion Matrix', 'threshold': 'Threshold', 'pr': 'Precision Recall', 'error': 'Prediction Error', 'class_report': 'Class Report', 'rfe': 'Feature Selection', 'learning': 'Learning Curve', 'manifold': 'Manifold Learning', 'calibration': 'Calibration Curve', 'vc': 'Validation Curve', 'dimension': 'Dimensions', 'feature': 'Feature Importance', 'feature_all': 'Feature Importance (All)', 'boundary': 'Decision Boundary', 'lift': 'Lift Chart', 'gain': 'Gain Chart', 'tree': 'Decision Tree', 'ks': 'KS Statistic Plot'}, train_size=0.7, test_data=None, preprocess=True, imputation_type=simple, iterative_imputation_iters=5, categorical_features=None, categorical_imputation=constant, categorical_iterative_imputer=lightgbm, ordinal_features=None, high_cardinality_features=None, high_cardinality_method=frequency, numeric_features=None, numeric_imputation=mean, numeric_iterative_imputer=lightgbm, date_features=None, ignore_features=None, normalize=True, normalize_method=zscore, transformation=True, transformation_method=yeo-johnson, handle_unknown_categorical=True, unknown_categorical_method=least_frequent, pca=False, pca_method=linear, pca_components=None, ignore_low_variance=False, combine_rare_levels=False, rare_level_threshold=0.1, bin_numeric_features=None, remove_outliers=False, outliers_threshold=0.05, remove_multicollinearity=True, multicollinearity_threshold=0.95, remove_perfect_collinearity=True, create_clusters=False, cluster_iter=20, polynomial_features=False, polynomial_degree=2, trigonometry_features=False, polynomial_threshold=0.1, group_features=None, group_names=None, feature_selection=False, feature_selection_threshold=0.8, feature_selection_method=classic, feature_interaction=False, feature_ratio=False, interaction_threshold=0.01, fix_imbalance=False, fix_imbalance_method=None, transform_target=False, transform_target_method=box-cox, data_split_shuffle=True, data_split_stratify=False, fold_strategy=stratifiedkfold, fold=10, fold_shuffle=True, fold_groups=None, n_jobs=-1, use_gpu=False, custom_pipeline=None, html=True, session_id=42, log_experiment=True, experiment_name=TK_Lead_Scoring_Model_Experimentation, experiment_custom_tags=None, log_plots=['auc', 'confusion_matrix', 'feature'], log_profile=False, log_data=True, silent=True, verbose=True, profile=False, profile_kwargs=None, display=None)
2025-02-13 17:43:50,514:INFO:Checking environment
2025-02-13 17:43:50,514:INFO:python_version: 3.8.12
2025-02-13 17:43:50,514:INFO:python_build: ('default', 'Oct 12 2021 21:59:51')
2025-02-13 17:43:50,514:INFO:machine: x86_64
2025-02-13 17:43:50,514:INFO:platform: Linux-6.2.0-39-generic-x86_64-with-glibc2.10
2025-02-13 17:43:50,515:INFO:Memory: svmem(total=270067613696, available=178576572416, percent=33.9, used=71973371904, free=55790686208, active=106448773120, inactive=93595213824, buffers=43334586368, cached=98968969216, shared=17417662464, slab=7071678464)
2025-02-13 17:43:50,519:INFO:Physical Core: 32
2025-02-13 17:43:50,519:INFO:Logical Core: 64
2025-02-13 17:43:50,519:INFO:Checking libraries
2025-02-13 17:43:50,519:INFO:pd==1.4.3
2025-02-13 17:43:50,519:INFO:numpy==1.22.2
2025-02-13 17:43:50,519:INFO:sklearn==0.23.2
2025-02-13 17:43:50,519:INFO:lightgbm==3.3.2
2025-02-13 17:43:50,520:WARNING:catboost not found
2025-02-13 17:43:50,520:INFO:xgboost==1.5.0
2025-02-13 17:43:50,520:INFO:mlflow==1.26.1
2025-02-13 17:43:50,520:INFO:Checking Exceptions
2025-02-13 17:43:50,520:INFO:Declaring global variables
2025-02-13 17:43:50,520:INFO:USI: d9cb
2025-02-13 17:43:50,520:INFO:pycaret_globals: {'y_train', '_available_plots', '_all_models_internal', 'USI', '_all_metrics', '_gpu_n_jobs_param', 'fold_groups_param', 'y_test', 'imputation_regressor', 'master_model_container', 'experiment__', 'gpu_param', 'fix_imbalance_method_param', 'dashboard_logger', 'seed', 'exp_name_log', '_all_models', 'transform_target_method_param', 'y', 'logging_param', 'fold_generator', 'imputation_classifier', 'X_test', 'display_container', 'html_param', 'fold_param', 'n_jobs_param', 'stratify_param', 'fold_groups_param_full', 'prep_pipe', 'fix_imbalance_param', 'transform_target_param', 'create_model_container', 'pycaret_globals', 'log_plots_param', '_internal_pipeline', 'iterative_imputation_iters_param', 'X_train', '_ml_usecase', 'X', 'target_param', 'data_before_preprocess', 'fold_shuffle_param'}
2025-02-13 17:43:50,520:INFO:Preparing display monitor
2025-02-13 17:43:50,520:INFO:Preparing display monitor
2025-02-13 17:43:50,535:INFO:Importing libraries
2025-02-13 17:43:50,536:INFO:Copying data for preprocessing
2025-02-13 17:43:50,562:INFO:Declaring preprocessing parameters
2025-02-13 17:43:50,585:INFO:Creating preprocessing pipeline
2025-02-13 17:43:51,153:INFO:Preprocessing pipeline created successfully
2025-02-13 17:43:51,153:ERROR:(Process Exit): setup has been interupted with user command 'quit'. setup must rerun.
2025-02-13 17:43:51,153:INFO:Creating global containers
2025-02-13 17:43:51,154:INFO:Install wandb to use WandbLogger
2025-02-13 17:43:51,154:INFO:Internal pipeline: Pipeline(memory=None, steps=[('empty_step', 'passthrough')], verbose=False)
2025-02-13 17:44:00,201:WARNING:Couldn't import catboost.CatBoostClassifier
2025-02-13 17:44:00,350:WARNING:Couldn't import catboost.CatBoostClassifier
2025-02-13 17:44:00,351:INFO:Creating grid variables
2025-02-13 17:44:00,575:INFO:Logging experiment in MLFlow
2025-02-13 17:44:00,746:INFO:SubProcess save_model() called ==================================
2025-02-13 17:44:00,763:INFO:Initializing save_model()
2025-02-13 17:44:00,764:INFO:save_model(model=Pipeline(memory=None,
         steps=[('dtypes',
                 DataTypes_Auto_infer(categorical_features=[],
                                      display_types=False, features_todrop=[],
                                      id_columns=[],
                                      ml_usecase='classification',
                                      numerical_features=[],
                                      target='app_complete_flag',
                                      time_features=[])),
                ('imputer',
                 Simple_Imputer(categorical_strategy='not_available',
                                fill_value_categorical=None,
                                fill_value_numerical=None,
                                n...
                ('dummy', Dummify(target='app_complete_flag')),
                ('fix_perfect', Remove_100(target='app_complete_flag')),
                ('clean_names', Clean_Colum_Names()),
                ('feature_select', 'passthrough'),
                ('fix_multi',
                 Fix_multicollinearity(correlation_with_target_preference=None,
                                       correlation_with_target_threshold=0.0,
                                       target_variable='app_complete_flag',
                                       threshold=0.95)),
                ('dfs', 'passthrough'), ('pca', 'passthrough')],
         verbose=False), model_name=Transformation Pipeline, prep_pipe_=Pipeline(memory=None,
         steps=[('dtypes',
                 DataTypes_Auto_infer(categorical_features=[],
                                      display_types=False, features_todrop=[],
                                      id_columns=[],
                                      ml_usecase='classification',
                                      numerical_features=[],
                                      target='app_complete_flag',
                                      time_features=[])),
                ('imputer',
                 Simple_Imputer(categorical_strategy='not_available',
                                fill_value_categorical=None,
                                fill_value_numerical=None,
                                n...
                ('dummy', Dummify(target='app_complete_flag')),
                ('fix_perfect', Remove_100(target='app_complete_flag')),
                ('clean_names', Clean_Colum_Names()),
                ('feature_select', 'passthrough'),
                ('fix_multi',
                 Fix_multicollinearity(correlation_with_target_preference=None,
                                       correlation_with_target_threshold=0.0,
                                       target_variable='app_complete_flag',
                                       threshold=0.95)),
                ('dfs', 'passthrough'), ('pca', 'passthrough')],
         verbose=False), verbose=False, kwargs={})
2025-02-13 17:44:00,764:INFO:Adding model into prep_pipe
2025-02-13 17:44:00,770:WARNING:Only Model saved as it was a pipeline.
2025-02-13 17:44:00,794:INFO:Transformation Pipeline.pkl saved in current working directory
2025-02-13 17:44:00,802:INFO:Pipeline(memory=None,
         steps=[('dtypes',
                 DataTypes_Auto_infer(categorical_features=[],
                                      display_types=False, features_todrop=[],
                                      id_columns=[],
                                      ml_usecase='classification',
                                      numerical_features=[],
                                      target='app_complete_flag',
                                      time_features=[])),
                ('imputer',
                 Simple_Imputer(categorical_strategy='not_available',
                                fill_value_categorical=None,
                                fill_value_numerical=None,
                                n...
                ('dummy', Dummify(target='app_complete_flag')),
                ('fix_perfect', Remove_100(target='app_complete_flag')),
                ('clean_names', Clean_Colum_Names()),
                ('feature_select', 'passthrough'),
                ('fix_multi',
                 Fix_multicollinearity(correlation_with_target_preference=None,
                                       correlation_with_target_threshold=0.0,
                                       target_variable='app_complete_flag',
                                       threshold=0.95)),
                ('dfs', 'passthrough'), ('pca', 'passthrough')],
         verbose=False)
2025-02-13 17:44:00,802:INFO:save_model() successfully completed......................................
2025-02-13 17:44:01,082:INFO:SubProcess save_model() end ==================================
2025-02-13 17:44:10,756:INFO:create_model_container: 0
2025-02-13 17:44:10,757:INFO:master_model_container: 0
2025-02-13 17:44:10,757:INFO:display_container: 1
2025-02-13 17:44:10,765:INFO:Pipeline(memory=None,
         steps=[('dtypes',
                 DataTypes_Auto_infer(categorical_features=[],
                                      display_types=False, features_todrop=[],
                                      id_columns=[],
                                      ml_usecase='classification',
                                      numerical_features=[],
                                      target='app_complete_flag',
                                      time_features=[])),
                ('imputer',
                 Simple_Imputer(categorical_strategy='not_available',
                                fill_value_categorical=None,
                                fill_value_numerical=None,
                                n...
                ('dummy', Dummify(target='app_complete_flag')),
                ('fix_perfect', Remove_100(target='app_complete_flag')),
                ('clean_names', Clean_Colum_Names()),
                ('feature_select', 'passthrough'),
                ('fix_multi',
                 Fix_multicollinearity(correlation_with_target_preference=None,
                                       correlation_with_target_threshold=0.0,
                                       target_variable='app_complete_flag',
                                       threshold=0.95)),
                ('dfs', 'passthrough'), ('pca', 'passthrough')],
         verbose=False)
2025-02-13 17:44:10,765:INFO:setup() succesfully completed......................................
2025-02-13 17:48:03,270:INFO:Initializing compare_models()
2025-02-13 17:48:03,270:INFO:compare_models(include=None, fold=5, round=4, cross_validation=True, sort=Accuracy, n_select=1, budget_time=None, turbo=True, errors=ignore, fit_kwargs=None, groups=None, experiment_custom_tags=None, probability_threshold=None, verbose=True, display=None, exclude=['gbc', 'knn', 'qda', 'dummy', 'svm', 'ada'])
2025-02-13 17:48:03,270:INFO:Checking exceptions
2025-02-13 17:48:03,275:INFO:Preparing display monitor
2025-02-13 17:48:03,276:INFO:Preparing display monitor
2025-02-13 17:48:03,319:INFO:Initializing Logistic Regression
2025-02-13 17:48:03,319:INFO:Total runtime is 4.38690185546875e-06 minutes
2025-02-13 17:48:03,330:INFO:SubProcess create_model() called ==================================
2025-02-13 17:48:03,331:INFO:Initializing create_model()
2025-02-13 17:48:03,331:INFO:create_model(estimator=lr, fold=StratifiedKFold(n_splits=5, random_state=42, shuffle=True), round=4, cross_validation=True, predict=True, fit_kwargs={}, groups=None, refit=False, verbose=False, system=False, metrics=None, experiment_custom_tags=None, add_to_model_list=True, probability_threshold=None, display=<pycaret.internal.Display.Display object at 0x7f6b900edc70>, return_train_score=False, kwargs={})
2025-02-13 17:48:03,331:INFO:Checking exceptions
2025-02-13 17:48:03,331:INFO:Importing libraries
2025-02-13 17:48:03,331:INFO:Copying training dataset
2025-02-13 17:48:03,345:INFO:Defining folds
2025-02-13 17:48:03,345:INFO:Declaring metric variables
2025-02-13 17:48:03,354:INFO:Importing untrained model
2025-02-13 17:48:03,364:INFO:Logistic Regression Imported succesfully
2025-02-13 17:48:03,382:INFO:Starting cross validation
2025-02-13 17:48:03,383:INFO:Cross validating with StratifiedKFold(n_splits=5, random_state=42, shuffle=True), n_jobs=-1
2025-02-13 17:48:10,554:INFO:Calculating mean and std
2025-02-13 17:48:10,556:INFO:Creating metrics dataframe
2025-02-13 17:48:10,566:INFO:Uploading results into container
2025-02-13 17:48:10,566:INFO:Uploading model into container now
2025-02-13 17:48:10,566:INFO:create_model_container: 1
2025-02-13 17:48:10,566:INFO:master_model_container: 1
2025-02-13 17:48:10,566:INFO:display_container: 2
2025-02-13 17:48:10,567:INFO:LogisticRegression(C=1.0, class_weight=None, dual=False, fit_intercept=True,
                   intercept_scaling=1, l1_ratio=None, max_iter=1000,
                   multi_class='auto', n_jobs=None, penalty='l2',
                   random_state=42, solver='lbfgs', tol=0.0001, verbose=0,
                   warm_start=False)
2025-02-13 17:48:10,567:INFO:create_model() succesfully completed......................................
2025-02-13 17:48:10,819:INFO:SubProcess create_model() end ==================================
2025-02-13 17:48:10,819:INFO:Creating metrics dataframe
2025-02-13 17:48:10,834:INFO:Initializing Naive Bayes
2025-02-13 17:48:10,834:INFO:Total runtime is 0.12525787353515624 minutes
2025-02-13 17:48:10,844:INFO:SubProcess create_model() called ==================================
2025-02-13 17:48:10,844:INFO:Initializing create_model()
2025-02-13 17:48:10,844:INFO:create_model(estimator=nb, fold=StratifiedKFold(n_splits=5, random_state=42, shuffle=True), round=4, cross_validation=True, predict=True, fit_kwargs={}, groups=None, refit=False, verbose=False, system=False, metrics=None, experiment_custom_tags=None, add_to_model_list=True, probability_threshold=None, display=<pycaret.internal.Display.Display object at 0x7f6b900edc70>, return_train_score=False, kwargs={})
2025-02-13 17:48:10,844:INFO:Checking exceptions
2025-02-13 17:48:10,844:INFO:Importing libraries
2025-02-13 17:48:10,844:INFO:Copying training dataset
2025-02-13 17:48:10,854:INFO:Defining folds
2025-02-13 17:48:10,854:INFO:Declaring metric variables
2025-02-13 17:48:10,863:INFO:Importing untrained model
2025-02-13 17:48:10,872:INFO:Naive Bayes Imported succesfully
2025-02-13 17:48:10,890:INFO:Starting cross validation
2025-02-13 17:48:10,890:INFO:Cross validating with StratifiedKFold(n_splits=5, random_state=42, shuffle=True), n_jobs=-1
2025-02-13 17:48:14,231:INFO:Calculating mean and std
2025-02-13 17:48:14,232:INFO:Creating metrics dataframe
2025-02-13 17:48:14,241:INFO:Uploading results into container
2025-02-13 17:48:14,241:INFO:Uploading model into container now
2025-02-13 17:48:14,241:INFO:create_model_container: 2
2025-02-13 17:48:14,241:INFO:master_model_container: 2
2025-02-13 17:48:14,241:INFO:display_container: 2
2025-02-13 17:48:14,241:INFO:GaussianNB(priors=None, var_smoothing=1e-09)
2025-02-13 17:48:14,241:INFO:create_model() succesfully completed......................................
2025-02-13 17:48:14,466:INFO:SubProcess create_model() end ==================================
2025-02-13 17:48:14,466:INFO:Creating metrics dataframe
2025-02-13 17:48:14,482:INFO:Initializing Decision Tree Classifier
2025-02-13 17:48:14,483:INFO:Total runtime is 0.18606685002644857 minutes
2025-02-13 17:48:14,492:INFO:SubProcess create_model() called ==================================
2025-02-13 17:48:14,492:INFO:Initializing create_model()
2025-02-13 17:48:14,493:INFO:create_model(estimator=dt, fold=StratifiedKFold(n_splits=5, random_state=42, shuffle=True), round=4, cross_validation=True, predict=True, fit_kwargs={}, groups=None, refit=False, verbose=False, system=False, metrics=None, experiment_custom_tags=None, add_to_model_list=True, probability_threshold=None, display=<pycaret.internal.Display.Display object at 0x7f6b900edc70>, return_train_score=False, kwargs={})
2025-02-13 17:48:14,493:INFO:Checking exceptions
2025-02-13 17:48:14,493:INFO:Importing libraries
2025-02-13 17:48:14,493:INFO:Copying training dataset
2025-02-13 17:48:14,499:INFO:Defining folds
2025-02-13 17:48:14,500:INFO:Declaring metric variables
2025-02-13 17:48:14,511:INFO:Importing untrained model
2025-02-13 17:48:14,524:INFO:Decision Tree Classifier Imported succesfully
2025-02-13 17:48:14,543:INFO:Starting cross validation
2025-02-13 17:48:14,544:INFO:Cross validating with StratifiedKFold(n_splits=5, random_state=42, shuffle=True), n_jobs=-1
2025-02-13 17:48:15,706:INFO:Calculating mean and std
2025-02-13 17:48:15,708:INFO:Creating metrics dataframe
2025-02-13 17:48:15,716:INFO:Uploading results into container
2025-02-13 17:48:15,716:INFO:Uploading model into container now
2025-02-13 17:48:15,716:INFO:create_model_container: 3
2025-02-13 17:48:15,716:INFO:master_model_container: 3
2025-02-13 17:48:15,716:INFO:display_container: 2
2025-02-13 17:48:15,717:INFO:DecisionTreeClassifier(ccp_alpha=0.0, class_weight=None, criterion='gini',
                       max_depth=None, max_features=None, max_leaf_nodes=None,
                       min_impurity_decrease=0.0, min_impurity_split=None,
                       min_samples_leaf=1, min_samples_split=2,
                       min_weight_fraction_leaf=0.0, presort='deprecated',
                       random_state=42, splitter='best')
2025-02-13 17:48:15,717:INFO:create_model() succesfully completed......................................
2025-02-13 17:48:15,939:INFO:SubProcess create_model() end ==================================
2025-02-13 17:48:15,939:INFO:Creating metrics dataframe
2025-02-13 17:48:15,955:INFO:Initializing Ridge Classifier
2025-02-13 17:48:15,956:INFO:Total runtime is 0.21061900059382122 minutes
2025-02-13 17:48:15,965:INFO:SubProcess create_model() called ==================================
2025-02-13 17:48:15,966:INFO:Initializing create_model()
2025-02-13 17:48:15,966:INFO:create_model(estimator=ridge, fold=StratifiedKFold(n_splits=5, random_state=42, shuffle=True), round=4, cross_validation=True, predict=True, fit_kwargs={}, groups=None, refit=False, verbose=False, system=False, metrics=None, experiment_custom_tags=None, add_to_model_list=True, probability_threshold=None, display=<pycaret.internal.Display.Display object at 0x7f6b900edc70>, return_train_score=False, kwargs={})
2025-02-13 17:48:15,966:INFO:Checking exceptions
2025-02-13 17:48:15,966:INFO:Importing libraries
2025-02-13 17:48:15,966:INFO:Copying training dataset
2025-02-13 17:48:15,972:INFO:Defining folds
2025-02-13 17:48:15,973:INFO:Declaring metric variables
2025-02-13 17:48:15,981:INFO:Importing untrained model
2025-02-13 17:48:15,991:INFO:Ridge Classifier Imported succesfully
2025-02-13 17:48:16,008:INFO:Starting cross validation
2025-02-13 17:48:16,009:INFO:Cross validating with StratifiedKFold(n_splits=5, random_state=42, shuffle=True), n_jobs=-1
2025-02-13 17:48:16,637:INFO:Calculating mean and std
2025-02-13 17:48:16,638:INFO:Creating metrics dataframe
2025-02-13 17:48:16,644:INFO:Uploading results into container
2025-02-13 17:48:16,644:INFO:Uploading model into container now
2025-02-13 17:48:16,644:INFO:create_model_container: 4
2025-02-13 17:48:16,644:INFO:master_model_container: 4
2025-02-13 17:48:16,644:INFO:display_container: 2
2025-02-13 17:48:16,645:INFO:RidgeClassifier(alpha=1.0, class_weight=None, copy_X=True, fit_intercept=True,
                max_iter=None, normalize=False, random_state=42, solver='auto',
                tol=0.001)
2025-02-13 17:48:16,645:INFO:create_model() succesfully completed......................................
2025-02-13 17:48:16,821:INFO:SubProcess create_model() end ==================================
2025-02-13 17:48:16,821:INFO:Creating metrics dataframe
2025-02-13 17:48:16,832:INFO:Initializing Random Forest Classifier
2025-02-13 17:48:16,833:INFO:Total runtime is 0.2252333720525106 minutes
2025-02-13 17:48:16,838:INFO:SubProcess create_model() called ==================================
2025-02-13 17:48:16,839:INFO:Initializing create_model()
2025-02-13 17:48:16,839:INFO:create_model(estimator=rf, fold=StratifiedKFold(n_splits=5, random_state=42, shuffle=True), round=4, cross_validation=True, predict=True, fit_kwargs={}, groups=None, refit=False, verbose=False, system=False, metrics=None, experiment_custom_tags=None, add_to_model_list=True, probability_threshold=None, display=<pycaret.internal.Display.Display object at 0x7f6b900edc70>, return_train_score=False, kwargs={})
2025-02-13 17:48:16,839:INFO:Checking exceptions
2025-02-13 17:48:16,839:INFO:Importing libraries
2025-02-13 17:48:16,839:INFO:Copying training dataset
2025-02-13 17:48:16,845:INFO:Defining folds
2025-02-13 17:48:16,846:INFO:Declaring metric variables
2025-02-13 17:48:16,851:INFO:Importing untrained model
2025-02-13 17:48:16,857:INFO:Random Forest Classifier Imported succesfully
2025-02-13 17:48:16,867:INFO:Starting cross validation
2025-02-13 17:48:16,868:INFO:Cross validating with StratifiedKFold(n_splits=5, random_state=42, shuffle=True), n_jobs=-1
2025-02-13 17:48:27,705:INFO:Calculating mean and std
2025-02-13 17:48:27,706:INFO:Creating metrics dataframe
2025-02-13 17:48:27,713:INFO:Uploading results into container
2025-02-13 17:48:27,713:INFO:Uploading model into container now
2025-02-13 17:48:27,713:INFO:create_model_container: 5
2025-02-13 17:48:27,714:INFO:master_model_container: 5
2025-02-13 17:48:27,714:INFO:display_container: 2
2025-02-13 17:48:27,714:INFO:RandomForestClassifier(bootstrap=True, ccp_alpha=0.0, class_weight=None,
                       criterion='gini', max_depth=None, max_features='auto',
                       max_leaf_nodes=None, max_samples=None,
                       min_impurity_decrease=0.0, min_impurity_split=None,
                       min_samples_leaf=1, min_samples_split=2,
                       min_weight_fraction_leaf=0.0, n_estimators=100,
                       n_jobs=-1, oob_score=False, random_state=42, verbose=0,
                       warm_start=False)
2025-02-13 17:48:27,714:INFO:create_model() succesfully completed......................................
2025-02-13 17:48:27,896:INFO:SubProcess create_model() end ==================================
2025-02-13 17:48:27,896:INFO:Creating metrics dataframe
2025-02-13 17:48:27,908:INFO:Initializing Linear Discriminant Analysis
2025-02-13 17:48:27,908:INFO:Total runtime is 0.40983036359151204 minutes
2025-02-13 17:48:27,915:INFO:SubProcess create_model() called ==================================
2025-02-13 17:48:27,915:INFO:Initializing create_model()
2025-02-13 17:48:27,916:INFO:create_model(estimator=lda, fold=StratifiedKFold(n_splits=5, random_state=42, shuffle=True), round=4, cross_validation=True, predict=True, fit_kwargs={}, groups=None, refit=False, verbose=False, system=False, metrics=None, experiment_custom_tags=None, add_to_model_list=True, probability_threshold=None, display=<pycaret.internal.Display.Display object at 0x7f6b900edc70>, return_train_score=False, kwargs={})
2025-02-13 17:48:27,916:INFO:Checking exceptions
2025-02-13 17:48:27,916:INFO:Importing libraries
2025-02-13 17:48:27,916:INFO:Copying training dataset
2025-02-13 17:48:27,922:INFO:Defining folds
2025-02-13 17:48:27,923:INFO:Declaring metric variables
2025-02-13 17:48:27,929:INFO:Importing untrained model
2025-02-13 17:48:27,936:INFO:Linear Discriminant Analysis Imported succesfully
2025-02-13 17:48:27,949:INFO:Starting cross validation
2025-02-13 17:48:27,949:INFO:Cross validating with StratifiedKFold(n_splits=5, random_state=42, shuffle=True), n_jobs=-1
2025-02-13 17:48:30,209:INFO:Calculating mean and std
2025-02-13 17:48:30,210:INFO:Creating metrics dataframe
2025-02-13 17:48:30,218:INFO:Uploading results into container
2025-02-13 17:48:30,218:INFO:Uploading model into container now
2025-02-13 17:48:30,218:INFO:create_model_container: 6
2025-02-13 17:48:30,218:INFO:master_model_container: 6
2025-02-13 17:48:30,218:INFO:display_container: 2
2025-02-13 17:48:30,218:INFO:LinearDiscriminantAnalysis(n_components=None, priors=None, shrinkage=None,
                           solver='svd', store_covariance=False, tol=0.0001)
2025-02-13 17:48:30,218:INFO:create_model() succesfully completed......................................
2025-02-13 17:48:30,405:INFO:SubProcess create_model() end ==================================
2025-02-13 17:48:30,405:INFO:Creating metrics dataframe
2025-02-13 17:48:30,417:INFO:Initializing Extra Trees Classifier
2025-02-13 17:48:30,417:INFO:Total runtime is 0.45164496103922525 minutes
2025-02-13 17:48:30,424:INFO:SubProcess create_model() called ==================================
2025-02-13 17:48:30,425:INFO:Initializing create_model()
2025-02-13 17:48:30,425:INFO:create_model(estimator=et, fold=StratifiedKFold(n_splits=5, random_state=42, shuffle=True), round=4, cross_validation=True, predict=True, fit_kwargs={}, groups=None, refit=False, verbose=False, system=False, metrics=None, experiment_custom_tags=None, add_to_model_list=True, probability_threshold=None, display=<pycaret.internal.Display.Display object at 0x7f6b900edc70>, return_train_score=False, kwargs={})
2025-02-13 17:48:30,425:INFO:Checking exceptions
2025-02-13 17:48:30,425:INFO:Importing libraries
2025-02-13 17:48:30,425:INFO:Copying training dataset
2025-02-13 17:48:30,431:INFO:Defining folds
2025-02-13 17:48:30,432:INFO:Declaring metric variables
2025-02-13 17:48:30,437:INFO:Importing untrained model
2025-02-13 17:48:30,444:INFO:Extra Trees Classifier Imported succesfully
2025-02-13 17:48:30,456:INFO:Starting cross validation
2025-02-13 17:48:30,457:INFO:Cross validating with StratifiedKFold(n_splits=5, random_state=42, shuffle=True), n_jobs=-1
2025-02-13 17:48:42,037:INFO:Calculating mean and std
2025-02-13 17:48:42,038:INFO:Creating metrics dataframe
2025-02-13 17:48:42,046:INFO:Uploading results into container
2025-02-13 17:48:42,046:INFO:Uploading model into container now
2025-02-13 17:48:42,046:INFO:create_model_container: 7
2025-02-13 17:48:42,046:INFO:master_model_container: 7
2025-02-13 17:48:42,046:INFO:display_container: 2
2025-02-13 17:48:42,047:INFO:ExtraTreesClassifier(bootstrap=False, ccp_alpha=0.0, class_weight=None,
                     criterion='gini', max_depth=None, max_features='auto',
                     max_leaf_nodes=None, max_samples=None,
                     min_impurity_decrease=0.0, min_impurity_split=None,
                     min_samples_leaf=1, min_samples_split=2,
                     min_weight_fraction_leaf=0.0, n_estimators=100, n_jobs=-1,
                     oob_score=False, random_state=42, verbose=0,
                     warm_start=False)
2025-02-13 17:48:42,047:INFO:create_model() succesfully completed......................................
2025-02-13 17:48:42,234:INFO:SubProcess create_model() end ==================================
2025-02-13 17:48:42,234:INFO:Creating metrics dataframe
2025-02-13 17:48:42,247:INFO:Initializing Extreme Gradient Boosting
2025-02-13 17:48:42,248:INFO:Total runtime is 0.6488174438476563 minutes
2025-02-13 17:48:42,254:INFO:SubProcess create_model() called ==================================
2025-02-13 17:48:42,255:INFO:Initializing create_model()
2025-02-13 17:48:42,255:INFO:create_model(estimator=xgboost, fold=StratifiedKFold(n_splits=5, random_state=42, shuffle=True), round=4, cross_validation=True, predict=True, fit_kwargs={}, groups=None, refit=False, verbose=False, system=False, metrics=None, experiment_custom_tags=None, add_to_model_list=True, probability_threshold=None, display=<pycaret.internal.Display.Display object at 0x7f6b900edc70>, return_train_score=False, kwargs={})
2025-02-13 17:48:42,255:INFO:Checking exceptions
2025-02-13 17:48:42,255:INFO:Importing libraries
2025-02-13 17:48:42,255:INFO:Copying training dataset
2025-02-13 17:48:42,262:INFO:Defining folds
2025-02-13 17:48:42,262:INFO:Declaring metric variables
2025-02-13 17:48:42,268:INFO:Importing untrained model
2025-02-13 17:48:42,276:INFO:Extreme Gradient Boosting Imported succesfully
2025-02-13 17:48:42,288:INFO:Starting cross validation
2025-02-13 17:48:42,289:INFO:Cross validating with StratifiedKFold(n_splits=5, random_state=42, shuffle=True), n_jobs=-1
2025-02-13 17:49:09,686:WARNING:create_model() for xgboost raised an exception or returned all 0.0, trying without fit_kwargs:
2025-02-13 17:49:09,688:WARNING:Traceback (most recent call last):
  File "/opt/conda/lib/python3.8/site-packages/pycaret/internal/tabular.py", line 2171, in compare_models
    model, model_fit_time = create_model_supervised(**create_model_args)
  File "/opt/conda/lib/python3.8/site-packages/pycaret/internal/tabular.py", line 3167, in create_model_supervised
    scores = cross_validate(
  File "/opt/conda/lib/python3.8/site-packages/sklearn/utils/validation.py", line 72, in inner_f
    return f(**kwargs)
  File "/opt/conda/lib/python3.8/site-packages/sklearn/model_selection/_validation.py", line 242, in cross_validate
    scores = parallel(
  File "/opt/conda/lib/python3.8/site-packages/joblib/parallel.py", line 1056, in __call__
    self.retrieve()
  File "/opt/conda/lib/python3.8/site-packages/joblib/parallel.py", line 935, in retrieve
    self._output.extend(job.get(timeout=self.timeout))
  File "/opt/conda/lib/python3.8/site-packages/joblib/_parallel_backends.py", line 542, in wrap_future_result
    return future.result(timeout=timeout)
  File "/opt/conda/lib/python3.8/concurrent/futures/_base.py", line 439, in result
    self._condition.wait(timeout)
  File "/opt/conda/lib/python3.8/threading.py", line 302, in wait
    waiter.acquire()
KeyboardInterrupt

2025-02-13 17:49:09,689:INFO:Initializing create_model()
2025-02-13 17:49:09,689:INFO:create_model(estimator=xgboost, fold=StratifiedKFold(n_splits=5, random_state=42, shuffle=True), round=4, cross_validation=True, predict=True, fit_kwargs={}, groups=None, refit=False, verbose=False, system=False, metrics=None, experiment_custom_tags=None, add_to_model_list=True, probability_threshold=None, display=<pycaret.internal.Display.Display object at 0x7f6b900edc70>, return_train_score=False, kwargs={})
2025-02-13 17:49:09,689:INFO:Checking exceptions
2025-02-13 17:49:09,689:INFO:Importing libraries
2025-02-13 17:49:09,689:INFO:Copying training dataset
2025-02-13 17:49:09,703:INFO:Defining folds
2025-02-13 17:49:09,703:INFO:Declaring metric variables
2025-02-13 17:49:09,710:INFO:Importing untrained model
2025-02-13 17:49:09,716:INFO:Extreme Gradient Boosting Imported succesfully
2025-02-13 17:49:09,727:INFO:Starting cross validation
2025-02-13 17:49:09,728:INFO:Cross validating with StratifiedKFold(n_splits=5, random_state=42, shuffle=True), n_jobs=-1
2025-02-13 17:49:11,580:ERROR:create_model() for xgboost raised an exception or returned all 0.0:
2025-02-13 17:49:11,581:ERROR:Traceback (most recent call last):
  File "/opt/conda/lib/python3.8/site-packages/pycaret/internal/tabular.py", line 2171, in compare_models
    model, model_fit_time = create_model_supervised(**create_model_args)
  File "/opt/conda/lib/python3.8/site-packages/pycaret/internal/tabular.py", line 3167, in create_model_supervised
    scores = cross_validate(
  File "/opt/conda/lib/python3.8/site-packages/sklearn/utils/validation.py", line 72, in inner_f
    return f(**kwargs)
  File "/opt/conda/lib/python3.8/site-packages/sklearn/model_selection/_validation.py", line 242, in cross_validate
    scores = parallel(
  File "/opt/conda/lib/python3.8/site-packages/joblib/parallel.py", line 1056, in __call__
    self.retrieve()
  File "/opt/conda/lib/python3.8/site-packages/joblib/parallel.py", line 935, in retrieve
    self._output.extend(job.get(timeout=self.timeout))
  File "/opt/conda/lib/python3.8/site-packages/joblib/_parallel_backends.py", line 542, in wrap_future_result
    return future.result(timeout=timeout)
  File "/opt/conda/lib/python3.8/concurrent/futures/_base.py", line 439, in result
    self._condition.wait(timeout)
  File "/opt/conda/lib/python3.8/threading.py", line 302, in wait
    waiter.acquire()
KeyboardInterrupt

During handling of the above exception, another exception occurred:

Traceback (most recent call last):
  File "/opt/conda/lib/python3.8/site-packages/pycaret/internal/tabular.py", line 2180, in compare_models
    model, model_fit_time = create_model_supervised(**create_model_args)
  File "/opt/conda/lib/python3.8/site-packages/pycaret/internal/tabular.py", line 3167, in create_model_supervised
    scores = cross_validate(
  File "/opt/conda/lib/python3.8/site-packages/sklearn/utils/validation.py", line 72, in inner_f
    return f(**kwargs)
  File "/opt/conda/lib/python3.8/site-packages/sklearn/model_selection/_validation.py", line 242, in cross_validate
    scores = parallel(
  File "/opt/conda/lib/python3.8/site-packages/joblib/parallel.py", line 1056, in __call__
    self.retrieve()
  File "/opt/conda/lib/python3.8/site-packages/joblib/parallel.py", line 935, in retrieve
    self._output.extend(job.get(timeout=self.timeout))
  File "/opt/conda/lib/python3.8/site-packages/joblib/_parallel_backends.py", line 542, in wrap_future_result
    return future.result(timeout=timeout)
  File "/opt/conda/lib/python3.8/concurrent/futures/_base.py", line 439, in result
    self._condition.wait(timeout)
  File "/opt/conda/lib/python3.8/threading.py", line 302, in wait
    waiter.acquire()
KeyboardInterrupt

2025-02-13 17:49:11,581:INFO:Initializing Light Gradient Boosting Machine
2025-02-13 17:49:11,581:INFO:Total runtime is 1.137704845269521 minutes
2025-02-13 17:49:11,589:INFO:SubProcess create_model() called ==================================
2025-02-13 17:49:11,589:INFO:Initializing create_model()
2025-02-13 17:49:11,589:INFO:create_model(estimator=lightgbm, fold=StratifiedKFold(n_splits=5, random_state=42, shuffle=True), round=4, cross_validation=True, predict=True, fit_kwargs={}, groups=None, refit=False, verbose=False, system=False, metrics=None, experiment_custom_tags=None, add_to_model_list=True, probability_threshold=None, display=<pycaret.internal.Display.Display object at 0x7f6b900edc70>, return_train_score=False, kwargs={})
2025-02-13 17:49:11,589:INFO:Checking exceptions
2025-02-13 17:49:11,589:INFO:Importing libraries
2025-02-13 17:49:11,590:INFO:Copying training dataset
2025-02-13 17:49:11,598:INFO:Defining folds
2025-02-13 17:49:11,599:INFO:Declaring metric variables
2025-02-13 17:49:11,605:INFO:Importing untrained model
2025-02-13 17:49:11,612:INFO:Light Gradient Boosting Machine Imported succesfully
2025-02-13 17:49:11,625:INFO:Starting cross validation
2025-02-13 17:49:11,626:INFO:Cross validating with StratifiedKFold(n_splits=5, random_state=42, shuffle=True), n_jobs=-1
2025-02-13 17:49:12,151:WARNING:create_model() for lightgbm raised an exception or returned all 0.0, trying without fit_kwargs:
2025-02-13 17:49:12,151:WARNING:Traceback (most recent call last):
  File "/opt/conda/lib/python3.8/site-packages/pycaret/internal/tabular.py", line 2171, in compare_models
    model, model_fit_time = create_model_supervised(**create_model_args)
  File "/opt/conda/lib/python3.8/site-packages/pycaret/internal/tabular.py", line 3167, in create_model_supervised
    scores = cross_validate(
  File "/opt/conda/lib/python3.8/site-packages/sklearn/utils/validation.py", line 72, in inner_f
    return f(**kwargs)
  File "/opt/conda/lib/python3.8/site-packages/sklearn/model_selection/_validation.py", line 242, in cross_validate
    scores = parallel(
  File "/opt/conda/lib/python3.8/site-packages/joblib/parallel.py", line 1056, in __call__
    self.retrieve()
  File "/opt/conda/lib/python3.8/site-packages/joblib/parallel.py", line 935, in retrieve
    self._output.extend(job.get(timeout=self.timeout))
  File "/opt/conda/lib/python3.8/site-packages/joblib/_parallel_backends.py", line 542, in wrap_future_result
    return future.result(timeout=timeout)
  File "/opt/conda/lib/python3.8/concurrent/futures/_base.py", line 439, in result
    self._condition.wait(timeout)
  File "/opt/conda/lib/python3.8/threading.py", line 302, in wait
    waiter.acquire()
KeyboardInterrupt

2025-02-13 17:49:12,152:INFO:Initializing create_model()
2025-02-13 17:49:12,152:INFO:create_model(estimator=lightgbm, fold=StratifiedKFold(n_splits=5, random_state=42, shuffle=True), round=4, cross_validation=True, predict=True, fit_kwargs={}, groups=None, refit=False, verbose=False, system=False, metrics=None, experiment_custom_tags=None, add_to_model_list=True, probability_threshold=None, display=<pycaret.internal.Display.Display object at 0x7f6b900edc70>, return_train_score=False, kwargs={})
2025-02-13 17:49:12,152:INFO:Checking exceptions
2025-02-13 17:49:12,152:INFO:Importing libraries
2025-02-13 17:49:12,152:INFO:Copying training dataset
2025-02-13 17:49:12,170:INFO:Defining folds
2025-02-13 17:49:12,170:INFO:Declaring metric variables
2025-02-13 17:49:12,177:INFO:Importing untrained model
2025-02-13 17:49:12,183:INFO:Light Gradient Boosting Machine Imported succesfully
2025-02-13 17:49:12,194:INFO:Starting cross validation
2025-02-13 17:49:12,195:INFO:Cross validating with StratifiedKFold(n_splits=5, random_state=42, shuffle=True), n_jobs=-1
2025-02-13 17:49:12,446:ERROR:create_model() for lightgbm raised an exception or returned all 0.0:
2025-02-13 17:49:12,447:ERROR:Traceback (most recent call last):
  File "/opt/conda/lib/python3.8/site-packages/pycaret/internal/tabular.py", line 2171, in compare_models
    model, model_fit_time = create_model_supervised(**create_model_args)
  File "/opt/conda/lib/python3.8/site-packages/pycaret/internal/tabular.py", line 3167, in create_model_supervised
    scores = cross_validate(
  File "/opt/conda/lib/python3.8/site-packages/sklearn/utils/validation.py", line 72, in inner_f
    return f(**kwargs)
  File "/opt/conda/lib/python3.8/site-packages/sklearn/model_selection/_validation.py", line 242, in cross_validate
    scores = parallel(
  File "/opt/conda/lib/python3.8/site-packages/joblib/parallel.py", line 1056, in __call__
    self.retrieve()
  File "/opt/conda/lib/python3.8/site-packages/joblib/parallel.py", line 935, in retrieve
    self._output.extend(job.get(timeout=self.timeout))
  File "/opt/conda/lib/python3.8/site-packages/joblib/_parallel_backends.py", line 542, in wrap_future_result
    return future.result(timeout=timeout)
  File "/opt/conda/lib/python3.8/concurrent/futures/_base.py", line 439, in result
    self._condition.wait(timeout)
  File "/opt/conda/lib/python3.8/threading.py", line 302, in wait
    waiter.acquire()
KeyboardInterrupt

During handling of the above exception, another exception occurred:

Traceback (most recent call last):
  File "/opt/conda/lib/python3.8/site-packages/pycaret/internal/tabular.py", line 2180, in compare_models
    model, model_fit_time = create_model_supervised(**create_model_args)
  File "/opt/conda/lib/python3.8/site-packages/pycaret/internal/tabular.py", line 3167, in create_model_supervised
    scores = cross_validate(
  File "/opt/conda/lib/python3.8/site-packages/sklearn/utils/validation.py", line 72, in inner_f
    return f(**kwargs)
  File "/opt/conda/lib/python3.8/site-packages/sklearn/model_selection/_validation.py", line 242, in cross_validate
    scores = parallel(
  File "/opt/conda/lib/python3.8/site-packages/joblib/parallel.py", line 1056, in __call__
    self.retrieve()
  File "/opt/conda/lib/python3.8/site-packages/joblib/parallel.py", line 935, in retrieve
    self._output.extend(job.get(timeout=self.timeout))
  File "/opt/conda/lib/python3.8/site-packages/joblib/_parallel_backends.py", line 542, in wrap_future_result
    return future.result(timeout=timeout)
  File "/opt/conda/lib/python3.8/concurrent/futures/_base.py", line 444, in result
    return self.__get_result()
  File "/opt/conda/lib/python3.8/concurrent/futures/_base.py", line 389, in __get_result
    raise self._exception
joblib.externals.loky.process_executor.TerminatedWorkerError: A worker process managed by the executor was unexpectedly terminated. This could be caused by a segmentation fault while calling the function or by an excessive memory usage causing the Operating System to kill the worker.

The exit codes of the workers are {SIGINT(-2), SIGINT(-2), SIGINT(-2), SIGINT(-2), SIGINT(-2)}

2025-02-13 17:49:12,465:INFO:Initializing create_model()
2025-02-13 17:49:12,465:INFO:create_model(estimator=RandomForestClassifier(bootstrap=True, ccp_alpha=0.0, class_weight=None,
                       criterion='gini', max_depth=None, max_features='auto',
                       max_leaf_nodes=None, max_samples=None,
                       min_impurity_decrease=0.0, min_impurity_split=None,
                       min_samples_leaf=1, min_samples_split=2,
                       min_weight_fraction_leaf=0.0, n_estimators=100,
                       n_jobs=-1, oob_score=False, random_state=42, verbose=0,
                       warm_start=False), fold=StratifiedKFold(n_splits=5, random_state=42, shuffle=True), round=4, cross_validation=False, predict=False, fit_kwargs={}, groups=None, refit=True, verbose=False, system=False, metrics=None, experiment_custom_tags=None, add_to_model_list=True, probability_threshold=None, display=None, return_train_score=False, kwargs={})
2025-02-13 17:49:12,465:INFO:Checking exceptions
2025-02-13 17:49:12,465:INFO:Importing libraries
2025-02-13 17:49:12,465:INFO:Copying training dataset
2025-02-13 17:49:12,473:INFO:Defining folds
2025-02-13 17:49:12,473:INFO:Declaring metric variables
2025-02-13 17:49:12,473:INFO:Importing untrained model
2025-02-13 17:49:12,473:INFO:Declaring custom model
2025-02-13 17:49:12,474:INFO:Random Forest Classifier Imported succesfully
2025-02-13 17:49:12,474:INFO:Cross validation set to False
2025-02-13 17:49:12,474:INFO:Fitting Model
2025-02-13 17:58:41,128:INFO:PyCaret Supervised Module
2025-02-13 17:58:41,129:INFO:ML Usecase: classification
2025-02-13 17:58:41,129:INFO:version 2.3.8
2025-02-13 17:58:41,129:INFO:Initializing setup()
2025-02-13 17:58:41,130:INFO:setup(target=app_complete_flag, ml_usecase=classification, available_plots={'parameter': 'Hyperparameters', 'auc': 'AUC', 'confusion_matrix': 'Confusion Matrix', 'threshold': 'Threshold', 'pr': 'Precision Recall', 'error': 'Prediction Error', 'class_report': 'Class Report', 'rfe': 'Feature Selection', 'learning': 'Learning Curve', 'manifold': 'Manifold Learning', 'calibration': 'Calibration Curve', 'vc': 'Validation Curve', 'dimension': 'Dimensions', 'feature': 'Feature Importance', 'feature_all': 'Feature Importance (All)', 'boundary': 'Decision Boundary', 'lift': 'Lift Chart', 'gain': 'Gain Chart', 'tree': 'Decision Tree', 'ks': 'KS Statistic Plot'}, train_size=0.7, test_data=None, preprocess=True, imputation_type=simple, iterative_imputation_iters=5, categorical_features=None, categorical_imputation=constant, categorical_iterative_imputer=lightgbm, ordinal_features=None, high_cardinality_features=None, high_cardinality_method=frequency, numeric_features=None, numeric_imputation=mean, numeric_iterative_imputer=lightgbm, date_features=None, ignore_features=None, normalize=True, normalize_method=zscore, transformation=True, transformation_method=yeo-johnson, handle_unknown_categorical=True, unknown_categorical_method=least_frequent, pca=False, pca_method=linear, pca_components=None, ignore_low_variance=False, combine_rare_levels=False, rare_level_threshold=0.1, bin_numeric_features=None, remove_outliers=False, outliers_threshold=0.05, remove_multicollinearity=True, multicollinearity_threshold=0.95, remove_perfect_collinearity=True, create_clusters=False, cluster_iter=20, polynomial_features=False, polynomial_degree=2, trigonometry_features=False, polynomial_threshold=0.1, group_features=None, group_names=None, feature_selection=False, feature_selection_threshold=0.8, feature_selection_method=classic, feature_interaction=False, feature_ratio=False, interaction_threshold=0.01, fix_imbalance=False, fix_imbalance_method=None, transform_target=False, transform_target_method=box-cox, data_split_shuffle=True, data_split_stratify=False, fold_strategy=stratifiedkfold, fold=10, fold_shuffle=True, fold_groups=None, n_jobs=-1, use_gpu=False, custom_pipeline=None, html=True, session_id=42, log_experiment=True, experiment_name=TK_Lead_Scoring_Model_Experimentation, experiment_custom_tags=None, log_plots=['auc', 'confusion_matrix', 'feature'], log_profile=False, log_data=True, silent=True, verbose=True, profile=False, profile_kwargs=None, display=None)
2025-02-13 17:58:41,130:INFO:Checking environment
2025-02-13 17:58:41,130:INFO:python_version: 3.8.12
2025-02-13 17:58:41,130:INFO:python_build: ('default', 'Oct 12 2021 21:59:51')
2025-02-13 17:58:41,130:INFO:machine: x86_64
2025-02-13 17:58:41,130:INFO:platform: Linux-6.2.0-39-generic-x86_64-with-glibc2.10
2025-02-13 17:58:41,131:INFO:Memory: svmem(total=270067613696, available=177453957120, percent=34.3, used=73156837376, free=55306858496, active=107663855616, inactive=92943052800, buffers=42961989632, cached=98641928192, shared=17358954496, slab=7063351296)
2025-02-13 17:58:41,139:INFO:Physical Core: 32
2025-02-13 17:58:41,139:INFO:Logical Core: 64
2025-02-13 17:58:41,139:INFO:Checking libraries
2025-02-13 17:58:41,139:INFO:pd==1.4.3
2025-02-13 17:58:41,140:INFO:numpy==1.22.2
2025-02-13 17:58:41,140:INFO:sklearn==0.23.2
2025-02-13 17:58:41,140:INFO:lightgbm==3.3.2
2025-02-13 17:58:41,141:WARNING:catboost not found
2025-02-13 17:58:41,189:INFO:xgboost==1.5.0
2025-02-13 17:58:41,190:INFO:mlflow==1.26.1
2025-02-13 17:58:41,190:INFO:Checking Exceptions
2025-02-13 17:58:41,190:INFO:Declaring global variables
2025-02-13 17:58:41,190:INFO:USI: 6c37
2025-02-13 17:58:41,191:INFO:pycaret_globals: {'y_test', 'fold_generator', 'X_train', 'display_container', 'master_model_container', 'y', 'fold_groups_param', 'experiment__', 'exp_name_log', '_internal_pipeline', 'gpu_param', 'X_test', 'transform_target_method_param', 'logging_param', '_all_models', 'n_jobs_param', 'USI', 'data_before_preprocess', 'stratify_param', 'prep_pipe', 'pycaret_globals', 'html_param', '_all_models_internal', 'y_train', 'fold_shuffle_param', 'seed', 'dashboard_logger', 'iterative_imputation_iters_param', 'X', 'create_model_container', '_all_metrics', 'fix_imbalance_param', '_gpu_n_jobs_param', 'fold_param', '_ml_usecase', 'log_plots_param', 'imputation_regressor', 'fix_imbalance_method_param', '_available_plots', 'target_param', 'fold_groups_param_full', 'transform_target_param', 'imputation_classifier'}
2025-02-13 17:58:41,191:INFO:Preparing display monitor
2025-02-13 17:58:41,191:INFO:Preparing display monitor
2025-02-13 17:58:41,213:INFO:Importing libraries
2025-02-13 17:58:41,213:INFO:Copying data for preprocessing
2025-02-13 17:58:41,239:INFO:Declaring preprocessing parameters
2025-02-13 17:58:41,270:INFO:Creating preprocessing pipeline
2025-02-13 17:58:41,635:INFO:Preprocessing pipeline created successfully
2025-02-13 17:58:41,636:ERROR:(Process Exit): setup has been interupted with user command 'quit'. setup must rerun.
2025-02-13 17:58:41,636:INFO:Creating global containers
2025-02-13 17:58:41,636:INFO:Install wandb to use WandbLogger
2025-02-13 17:58:41,637:INFO:Internal pipeline: Pipeline(memory=None, steps=[('empty_step', 'passthrough')], verbose=False)
2025-02-13 17:58:46,903:WARNING:Couldn't import catboost.CatBoostClassifier
2025-02-13 17:58:46,980:WARNING:Couldn't import catboost.CatBoostClassifier
2025-02-13 17:58:46,980:INFO:Creating grid variables
2025-02-13 17:58:47,087:INFO:Logging experiment in MLFlow
2025-02-13 17:58:47,330:INFO:SubProcess save_model() called ==================================
2025-02-13 17:58:47,343:INFO:Initializing save_model()
2025-02-13 17:58:47,343:INFO:save_model(model=Pipeline(memory=None,
         steps=[('dtypes',
                 DataTypes_Auto_infer(categorical_features=[],
                                      display_types=False, features_todrop=[],
                                      id_columns=[],
                                      ml_usecase='classification',
                                      numerical_features=[],
                                      target='app_complete_flag',
                                      time_features=[])),
                ('imputer',
                 Simple_Imputer(categorical_strategy='not_available',
                                fill_value_categorical=None,
                                fill_value_numerical=None,
                                n...
                ('dummy', Dummify(target='app_complete_flag')),
                ('fix_perfect', Remove_100(target='app_complete_flag')),
                ('clean_names', Clean_Colum_Names()),
                ('feature_select', 'passthrough'),
                ('fix_multi',
                 Fix_multicollinearity(correlation_with_target_preference=None,
                                       correlation_with_target_threshold=0.0,
                                       target_variable='app_complete_flag',
                                       threshold=0.95)),
                ('dfs', 'passthrough'), ('pca', 'passthrough')],
         verbose=False), model_name=Transformation Pipeline, prep_pipe_=Pipeline(memory=None,
         steps=[('dtypes',
                 DataTypes_Auto_infer(categorical_features=[],
                                      display_types=False, features_todrop=[],
                                      id_columns=[],
                                      ml_usecase='classification',
                                      numerical_features=[],
                                      target='app_complete_flag',
                                      time_features=[])),
                ('imputer',
                 Simple_Imputer(categorical_strategy='not_available',
                                fill_value_categorical=None,
                                fill_value_numerical=None,
                                n...
                ('dummy', Dummify(target='app_complete_flag')),
                ('fix_perfect', Remove_100(target='app_complete_flag')),
                ('clean_names', Clean_Colum_Names()),
                ('feature_select', 'passthrough'),
                ('fix_multi',
                 Fix_multicollinearity(correlation_with_target_preference=None,
                                       correlation_with_target_threshold=0.0,
                                       target_variable='app_complete_flag',
                                       threshold=0.95)),
                ('dfs', 'passthrough'), ('pca', 'passthrough')],
         verbose=False), verbose=False, kwargs={})
2025-02-13 17:58:47,343:INFO:Adding model into prep_pipe
2025-02-13 17:58:47,347:WARNING:Only Model saved as it was a pipeline.
2025-02-13 17:58:47,364:INFO:Transformation Pipeline.pkl saved in current working directory
2025-02-13 17:58:47,370:INFO:Pipeline(memory=None,
         steps=[('dtypes',
                 DataTypes_Auto_infer(categorical_features=[],
                                      display_types=False, features_todrop=[],
                                      id_columns=[],
                                      ml_usecase='classification',
                                      numerical_features=[],
                                      target='app_complete_flag',
                                      time_features=[])),
                ('imputer',
                 Simple_Imputer(categorical_strategy='not_available',
                                fill_value_categorical=None,
                                fill_value_numerical=None,
                                n...
                ('dummy', Dummify(target='app_complete_flag')),
                ('fix_perfect', Remove_100(target='app_complete_flag')),
                ('clean_names', Clean_Colum_Names()),
                ('feature_select', 'passthrough'),
                ('fix_multi',
                 Fix_multicollinearity(correlation_with_target_preference=None,
                                       correlation_with_target_threshold=0.0,
                                       target_variable='app_complete_flag',
                                       threshold=0.95)),
                ('dfs', 'passthrough'), ('pca', 'passthrough')],
         verbose=False)
2025-02-13 17:58:47,370:INFO:save_model() successfully completed......................................
2025-02-13 17:58:47,550:INFO:SubProcess save_model() end ==================================
2025-02-13 17:58:52,690:INFO:create_model_container: 0
2025-02-13 17:58:52,690:INFO:master_model_container: 0
2025-02-13 17:58:52,690:INFO:display_container: 1
2025-02-13 17:58:52,695:INFO:Pipeline(memory=None,
         steps=[('dtypes',
                 DataTypes_Auto_infer(categorical_features=[],
                                      display_types=False, features_todrop=[],
                                      id_columns=[],
                                      ml_usecase='classification',
                                      numerical_features=[],
                                      target='app_complete_flag',
                                      time_features=[])),
                ('imputer',
                 Simple_Imputer(categorical_strategy='not_available',
                                fill_value_categorical=None,
                                fill_value_numerical=None,
                                n...
                ('dummy', Dummify(target='app_complete_flag')),
                ('fix_perfect', Remove_100(target='app_complete_flag')),
                ('clean_names', Clean_Colum_Names()),
                ('feature_select', 'passthrough'),
                ('fix_multi',
                 Fix_multicollinearity(correlation_with_target_preference=None,
                                       correlation_with_target_threshold=0.0,
                                       target_variable='app_complete_flag',
                                       threshold=0.95)),
                ('dfs', 'passthrough'), ('pca', 'passthrough')],
         verbose=False)
2025-02-13 17:58:52,696:INFO:setup() succesfully completed......................................
2025-02-13 17:58:55,463:INFO:Initializing compare_models()
2025-02-13 17:58:55,464:INFO:compare_models(include=None, fold=5, round=4, cross_validation=True, sort=Accuracy, n_select=1, budget_time=None, turbo=True, errors=ignore, fit_kwargs=None, groups=None, experiment_custom_tags=None, probability_threshold=None, verbose=True, display=None, exclude=['gbc', 'knn', 'qda', 'dummy', 'svm', 'ada'])
2025-02-13 17:58:55,464:INFO:Checking exceptions
2025-02-13 17:58:55,466:INFO:Preparing display monitor
2025-02-13 17:58:55,466:INFO:Preparing display monitor
2025-02-13 17:58:55,503:INFO:Initializing Logistic Regression
2025-02-13 17:58:55,504:INFO:Total runtime is 4.454453786214193e-06 minutes
2025-02-13 17:58:55,516:INFO:SubProcess create_model() called ==================================
2025-02-13 17:58:55,517:INFO:Initializing create_model()
2025-02-13 17:58:55,517:INFO:create_model(estimator=lr, fold=StratifiedKFold(n_splits=5, random_state=42, shuffle=True), round=4, cross_validation=True, predict=True, fit_kwargs={}, groups=None, refit=False, verbose=False, system=False, metrics=None, experiment_custom_tags=None, add_to_model_list=True, probability_threshold=None, display=<pycaret.internal.Display.Display object at 0x7ff2f73753a0>, return_train_score=False, kwargs={})
2025-02-13 17:58:55,517:INFO:Checking exceptions
2025-02-13 17:58:55,517:INFO:Importing libraries
2025-02-13 17:58:55,517:INFO:Copying training dataset
2025-02-13 17:58:55,528:INFO:Defining folds
2025-02-13 17:58:55,528:INFO:Declaring metric variables
2025-02-13 17:58:55,539:INFO:Importing untrained model
2025-02-13 17:58:55,550:INFO:Logistic Regression Imported succesfully
2025-02-13 17:58:55,572:INFO:Starting cross validation
2025-02-13 17:58:55,572:INFO:Cross validating with StratifiedKFold(n_splits=5, random_state=42, shuffle=True), n_jobs=-1
2025-02-13 17:59:01,467:INFO:Calculating mean and std
2025-02-13 17:59:01,469:INFO:Creating metrics dataframe
2025-02-13 17:59:01,477:INFO:Uploading results into container
2025-02-13 17:59:01,477:INFO:Uploading model into container now
2025-02-13 17:59:01,477:INFO:create_model_container: 1
2025-02-13 17:59:01,477:INFO:master_model_container: 1
2025-02-13 17:59:01,477:INFO:display_container: 2
2025-02-13 17:59:01,477:INFO:LogisticRegression(C=1.0, class_weight=None, dual=False, fit_intercept=True,
                   intercept_scaling=1, l1_ratio=None, max_iter=1000,
                   multi_class='auto', n_jobs=None, penalty='l2',
                   random_state=42, solver='lbfgs', tol=0.0001, verbose=0,
                   warm_start=False)
2025-02-13 17:59:01,477:INFO:create_model() succesfully completed......................................
2025-02-13 17:59:01,646:INFO:SubProcess create_model() end ==================================
2025-02-13 17:59:01,646:INFO:Creating metrics dataframe
2025-02-13 17:59:01,657:INFO:Initializing Naive Bayes
2025-02-13 17:59:01,657:INFO:Total runtime is 0.102567191918691 minutes
2025-02-13 17:59:01,664:INFO:SubProcess create_model() called ==================================
2025-02-13 17:59:01,665:INFO:Initializing create_model()
2025-02-13 17:59:01,665:INFO:create_model(estimator=nb, fold=StratifiedKFold(n_splits=5, random_state=42, shuffle=True), round=4, cross_validation=True, predict=True, fit_kwargs={}, groups=None, refit=False, verbose=False, system=False, metrics=None, experiment_custom_tags=None, add_to_model_list=True, probability_threshold=None, display=<pycaret.internal.Display.Display object at 0x7ff2f73753a0>, return_train_score=False, kwargs={})
2025-02-13 17:59:01,665:INFO:Checking exceptions
2025-02-13 17:59:01,665:INFO:Importing libraries
2025-02-13 17:59:01,665:INFO:Copying training dataset
2025-02-13 17:59:01,674:INFO:Defining folds
2025-02-13 17:59:01,674:INFO:Declaring metric variables
2025-02-13 17:59:01,681:INFO:Importing untrained model
2025-02-13 17:59:01,688:INFO:Naive Bayes Imported succesfully
2025-02-13 17:59:01,701:INFO:Starting cross validation
2025-02-13 17:59:01,702:INFO:Cross validating with StratifiedKFold(n_splits=5, random_state=42, shuffle=True), n_jobs=-1
2025-02-13 17:59:04,003:INFO:Calculating mean and std
2025-02-13 17:59:04,004:INFO:Creating metrics dataframe
2025-02-13 17:59:04,012:INFO:Uploading results into container
2025-02-13 17:59:04,012:INFO:Uploading model into container now
2025-02-13 17:59:04,012:INFO:create_model_container: 2
2025-02-13 17:59:04,012:INFO:master_model_container: 2
2025-02-13 17:59:04,012:INFO:display_container: 2
2025-02-13 17:59:04,012:INFO:GaussianNB(priors=None, var_smoothing=1e-09)
2025-02-13 17:59:04,012:INFO:create_model() succesfully completed......................................
2025-02-13 17:59:04,160:INFO:SubProcess create_model() end ==================================
2025-02-13 17:59:04,160:INFO:Creating metrics dataframe
2025-02-13 17:59:04,172:INFO:Initializing Decision Tree Classifier
2025-02-13 17:59:04,172:INFO:Total runtime is 0.14447972774505616 minutes
2025-02-13 17:59:04,179:INFO:SubProcess create_model() called ==================================
2025-02-13 17:59:04,179:INFO:Initializing create_model()
2025-02-13 17:59:04,179:INFO:create_model(estimator=dt, fold=StratifiedKFold(n_splits=5, random_state=42, shuffle=True), round=4, cross_validation=True, predict=True, fit_kwargs={}, groups=None, refit=False, verbose=False, system=False, metrics=None, experiment_custom_tags=None, add_to_model_list=True, probability_threshold=None, display=<pycaret.internal.Display.Display object at 0x7ff2f73753a0>, return_train_score=False, kwargs={})
2025-02-13 17:59:04,180:INFO:Checking exceptions
2025-02-13 17:59:04,180:INFO:Importing libraries
2025-02-13 17:59:04,180:INFO:Copying training dataset
2025-02-13 17:59:04,186:INFO:Defining folds
2025-02-13 17:59:04,187:INFO:Declaring metric variables
2025-02-13 17:59:04,193:INFO:Importing untrained model
2025-02-13 17:59:04,200:INFO:Decision Tree Classifier Imported succesfully
2025-02-13 17:59:04,214:INFO:Starting cross validation
2025-02-13 17:59:04,215:INFO:Cross validating with StratifiedKFold(n_splits=5, random_state=42, shuffle=True), n_jobs=-1
2025-02-13 17:59:05,091:INFO:Calculating mean and std
2025-02-13 17:59:05,092:INFO:Creating metrics dataframe
2025-02-13 17:59:05,098:INFO:Uploading results into container
2025-02-13 17:59:05,098:INFO:Uploading model into container now
2025-02-13 17:59:05,099:INFO:create_model_container: 3
2025-02-13 17:59:05,099:INFO:master_model_container: 3
2025-02-13 17:59:05,099:INFO:display_container: 2
2025-02-13 17:59:05,099:INFO:DecisionTreeClassifier(ccp_alpha=0.0, class_weight=None, criterion='gini',
                       max_depth=None, max_features=None, max_leaf_nodes=None,
                       min_impurity_decrease=0.0, min_impurity_split=None,
                       min_samples_leaf=1, min_samples_split=2,
                       min_weight_fraction_leaf=0.0, presort='deprecated',
                       random_state=42, splitter='best')
2025-02-13 17:59:05,099:INFO:create_model() succesfully completed......................................
2025-02-13 17:59:05,241:INFO:SubProcess create_model() end ==================================
2025-02-13 17:59:05,241:INFO:Creating metrics dataframe
2025-02-13 17:59:05,253:INFO:Initializing Ridge Classifier
2025-02-13 17:59:05,253:INFO:Total runtime is 0.16249940395355225 minutes
2025-02-13 17:59:05,260:INFO:SubProcess create_model() called ==================================
2025-02-13 17:59:05,261:INFO:Initializing create_model()
2025-02-13 17:59:05,261:INFO:create_model(estimator=ridge, fold=StratifiedKFold(n_splits=5, random_state=42, shuffle=True), round=4, cross_validation=True, predict=True, fit_kwargs={}, groups=None, refit=False, verbose=False, system=False, metrics=None, experiment_custom_tags=None, add_to_model_list=True, probability_threshold=None, display=<pycaret.internal.Display.Display object at 0x7ff2f73753a0>, return_train_score=False, kwargs={})
2025-02-13 17:59:05,261:INFO:Checking exceptions
2025-02-13 17:59:05,261:INFO:Importing libraries
2025-02-13 17:59:05,261:INFO:Copying training dataset
2025-02-13 17:59:05,268:INFO:Defining folds
2025-02-13 17:59:05,268:INFO:Declaring metric variables
2025-02-13 17:59:05,275:INFO:Importing untrained model
2025-02-13 17:59:05,282:INFO:Ridge Classifier Imported succesfully
2025-02-13 17:59:05,298:INFO:Starting cross validation
2025-02-13 17:59:05,299:INFO:Cross validating with StratifiedKFold(n_splits=5, random_state=42, shuffle=True), n_jobs=-1
2025-02-13 17:59:05,760:INFO:Calculating mean and std
2025-02-13 17:59:05,761:INFO:Creating metrics dataframe
2025-02-13 17:59:05,767:INFO:Uploading results into container
2025-02-13 17:59:05,767:INFO:Uploading model into container now
2025-02-13 17:59:05,767:INFO:create_model_container: 4
2025-02-13 17:59:05,767:INFO:master_model_container: 4
2025-02-13 17:59:05,767:INFO:display_container: 2
2025-02-13 17:59:05,767:INFO:RidgeClassifier(alpha=1.0, class_weight=None, copy_X=True, fit_intercept=True,
                max_iter=None, normalize=False, random_state=42, solver='auto',
                tol=0.001)
2025-02-13 17:59:05,767:INFO:create_model() succesfully completed......................................
2025-02-13 17:59:05,906:INFO:SubProcess create_model() end ==================================
2025-02-13 17:59:05,906:INFO:Creating metrics dataframe
2025-02-13 17:59:05,918:INFO:Initializing Random Forest Classifier
2025-02-13 17:59:05,918:INFO:Total runtime is 0.17358638842900595 minutes
2025-02-13 17:59:05,926:INFO:SubProcess create_model() called ==================================
2025-02-13 17:59:05,926:INFO:Initializing create_model()
2025-02-13 17:59:05,926:INFO:create_model(estimator=rf, fold=StratifiedKFold(n_splits=5, random_state=42, shuffle=True), round=4, cross_validation=True, predict=True, fit_kwargs={}, groups=None, refit=False, verbose=False, system=False, metrics=None, experiment_custom_tags=None, add_to_model_list=True, probability_threshold=None, display=<pycaret.internal.Display.Display object at 0x7ff2f73753a0>, return_train_score=False, kwargs={})
2025-02-13 17:59:05,926:INFO:Checking exceptions
2025-02-13 17:59:05,926:INFO:Importing libraries
2025-02-13 17:59:05,926:INFO:Copying training dataset
2025-02-13 17:59:05,933:INFO:Defining folds
2025-02-13 17:59:05,933:INFO:Declaring metric variables
2025-02-13 17:59:05,940:INFO:Importing untrained model
2025-02-13 17:59:05,947:INFO:Random Forest Classifier Imported succesfully
2025-02-13 17:59:05,960:INFO:Starting cross validation
2025-02-13 17:59:05,961:INFO:Cross validating with StratifiedKFold(n_splits=5, random_state=42, shuffle=True), n_jobs=-1
2025-02-13 17:59:15,914:INFO:Calculating mean and std
2025-02-13 17:59:15,915:INFO:Creating metrics dataframe
2025-02-13 17:59:15,921:INFO:Uploading results into container
2025-02-13 17:59:15,922:INFO:Uploading model into container now
2025-02-13 17:59:15,922:INFO:create_model_container: 5
2025-02-13 17:59:15,922:INFO:master_model_container: 5
2025-02-13 17:59:15,922:INFO:display_container: 2
2025-02-13 17:59:15,922:INFO:RandomForestClassifier(bootstrap=True, ccp_alpha=0.0, class_weight=None,
                       criterion='gini', max_depth=None, max_features='auto',
                       max_leaf_nodes=None, max_samples=None,
                       min_impurity_decrease=0.0, min_impurity_split=None,
                       min_samples_leaf=1, min_samples_split=2,
                       min_weight_fraction_leaf=0.0, n_estimators=100,
                       n_jobs=-1, oob_score=False, random_state=42, verbose=0,
                       warm_start=False)
2025-02-13 17:59:15,922:INFO:create_model() succesfully completed......................................
2025-02-13 17:59:16,066:INFO:SubProcess create_model() end ==================================
2025-02-13 17:59:16,066:INFO:Creating metrics dataframe
2025-02-13 17:59:16,078:INFO:Initializing Linear Discriminant Analysis
2025-02-13 17:59:16,078:INFO:Total runtime is 0.3429199496905009 minutes
2025-02-13 17:59:16,085:INFO:SubProcess create_model() called ==================================
2025-02-13 17:59:16,086:INFO:Initializing create_model()
2025-02-13 17:59:16,086:INFO:create_model(estimator=lda, fold=StratifiedKFold(n_splits=5, random_state=42, shuffle=True), round=4, cross_validation=True, predict=True, fit_kwargs={}, groups=None, refit=False, verbose=False, system=False, metrics=None, experiment_custom_tags=None, add_to_model_list=True, probability_threshold=None, display=<pycaret.internal.Display.Display object at 0x7ff2f73753a0>, return_train_score=False, kwargs={})
2025-02-13 17:59:16,086:INFO:Checking exceptions
2025-02-13 17:59:16,086:INFO:Importing libraries
2025-02-13 17:59:16,086:INFO:Copying training dataset
2025-02-13 17:59:16,093:INFO:Defining folds
2025-02-13 17:59:16,093:INFO:Declaring metric variables
2025-02-13 17:59:16,099:INFO:Importing untrained model
2025-02-13 17:59:16,106:INFO:Linear Discriminant Analysis Imported succesfully
2025-02-13 17:59:16,119:INFO:Starting cross validation
2025-02-13 17:59:16,120:INFO:Cross validating with StratifiedKFold(n_splits=5, random_state=42, shuffle=True), n_jobs=-1
2025-02-13 17:59:18,406:INFO:Calculating mean and std
2025-02-13 17:59:18,408:INFO:Creating metrics dataframe
2025-02-13 17:59:18,417:INFO:Uploading results into container
2025-02-13 17:59:18,417:INFO:Uploading model into container now
2025-02-13 17:59:18,417:INFO:create_model_container: 6
2025-02-13 17:59:18,417:INFO:master_model_container: 6
2025-02-13 17:59:18,417:INFO:display_container: 2
2025-02-13 17:59:18,418:INFO:LinearDiscriminantAnalysis(n_components=None, priors=None, shrinkage=None,
                           solver='svd', store_covariance=False, tol=0.0001)
2025-02-13 17:59:18,418:INFO:create_model() succesfully completed......................................
2025-02-13 17:59:18,578:INFO:SubProcess create_model() end ==================================
2025-02-13 17:59:18,578:INFO:Creating metrics dataframe
2025-02-13 17:59:18,594:INFO:Initializing Extra Trees Classifier
2025-02-13 17:59:18,594:INFO:Total runtime is 0.38484709660212196 minutes
2025-02-13 17:59:18,604:INFO:SubProcess create_model() called ==================================
2025-02-13 17:59:18,605:INFO:Initializing create_model()
2025-02-13 17:59:18,605:INFO:create_model(estimator=et, fold=StratifiedKFold(n_splits=5, random_state=42, shuffle=True), round=4, cross_validation=True, predict=True, fit_kwargs={}, groups=None, refit=False, verbose=False, system=False, metrics=None, experiment_custom_tags=None, add_to_model_list=True, probability_threshold=None, display=<pycaret.internal.Display.Display object at 0x7ff2f73753a0>, return_train_score=False, kwargs={})
2025-02-13 17:59:18,605:INFO:Checking exceptions
2025-02-13 17:59:18,605:INFO:Importing libraries
2025-02-13 17:59:18,605:INFO:Copying training dataset
2025-02-13 17:59:18,612:INFO:Defining folds
2025-02-13 17:59:18,613:INFO:Declaring metric variables
2025-02-13 17:59:18,622:INFO:Importing untrained model
2025-02-13 17:59:18,630:INFO:Extra Trees Classifier Imported succesfully
2025-02-13 17:59:18,648:INFO:Starting cross validation
2025-02-13 17:59:18,648:INFO:Cross validating with StratifiedKFold(n_splits=5, random_state=42, shuffle=True), n_jobs=-1
2025-02-13 17:59:30,275:INFO:Calculating mean and std
2025-02-13 17:59:30,277:INFO:Creating metrics dataframe
2025-02-13 17:59:30,286:INFO:Uploading results into container
2025-02-13 17:59:30,286:INFO:Uploading model into container now
2025-02-13 17:59:30,286:INFO:create_model_container: 7
2025-02-13 17:59:30,286:INFO:master_model_container: 7
2025-02-13 17:59:30,286:INFO:display_container: 2
2025-02-13 17:59:30,287:INFO:ExtraTreesClassifier(bootstrap=False, ccp_alpha=0.0, class_weight=None,
                     criterion='gini', max_depth=None, max_features='auto',
                     max_leaf_nodes=None, max_samples=None,
                     min_impurity_decrease=0.0, min_impurity_split=None,
                     min_samples_leaf=1, min_samples_split=2,
                     min_weight_fraction_leaf=0.0, n_estimators=100, n_jobs=-1,
                     oob_score=False, random_state=42, verbose=0,
                     warm_start=False)
2025-02-13 17:59:30,287:INFO:create_model() succesfully completed......................................
2025-02-13 17:59:30,438:INFO:SubProcess create_model() end ==================================
2025-02-13 17:59:30,438:INFO:Creating metrics dataframe
2025-02-13 17:59:30,450:INFO:Initializing Extreme Gradient Boosting
2025-02-13 17:59:30,450:INFO:Total runtime is 0.5824532508850098 minutes
2025-02-13 17:59:30,458:INFO:SubProcess create_model() called ==================================
2025-02-13 17:59:30,458:INFO:Initializing create_model()
2025-02-13 17:59:30,458:INFO:create_model(estimator=xgboost, fold=StratifiedKFold(n_splits=5, random_state=42, shuffle=True), round=4, cross_validation=True, predict=True, fit_kwargs={}, groups=None, refit=False, verbose=False, system=False, metrics=None, experiment_custom_tags=None, add_to_model_list=True, probability_threshold=None, display=<pycaret.internal.Display.Display object at 0x7ff2f73753a0>, return_train_score=False, kwargs={})
2025-02-13 17:59:30,458:INFO:Checking exceptions
2025-02-13 17:59:30,458:INFO:Importing libraries
2025-02-13 17:59:30,458:INFO:Copying training dataset
2025-02-13 17:59:30,465:INFO:Defining folds
2025-02-13 17:59:30,465:INFO:Declaring metric variables
2025-02-13 17:59:30,472:INFO:Importing untrained model
2025-02-13 17:59:30,479:INFO:Extreme Gradient Boosting Imported succesfully
2025-02-13 17:59:30,493:INFO:Starting cross validation
2025-02-13 17:59:30,495:INFO:Cross validating with StratifiedKFold(n_splits=5, random_state=42, shuffle=True), n_jobs=-1
2025-02-13 18:00:26,209:INFO:Calculating mean and std
2025-02-13 18:00:26,210:INFO:Creating metrics dataframe
2025-02-13 18:00:26,219:INFO:Uploading results into container
2025-02-13 18:00:26,219:INFO:Uploading model into container now
2025-02-13 18:00:26,219:INFO:create_model_container: 8
2025-02-13 18:00:26,219:INFO:master_model_container: 8
2025-02-13 18:00:26,219:INFO:display_container: 2
2025-02-13 18:00:26,220:INFO:XGBClassifier(base_score=None, booster='gbtree', colsample_bylevel=None,
              colsample_bynode=None, colsample_bytree=None,
              enable_categorical=False, gamma=None, gpu_id=None,
              importance_type=None, interaction_constraints=None,
              learning_rate=None, max_delta_step=None, max_depth=None,
              min_child_weight=None, missing=nan, monotone_constraints=None,
              n_estimators=100, n_jobs=-1, num_parallel_tree=None,
              objective='binary:logistic', predictor=None, random_state=42,
              reg_alpha=None, reg_lambda=None, scale_pos_weight=None,
              subsample=None, tree_method='auto', use_label_encoder=True,
              validate_parameters=None, verbosity=0)
2025-02-13 18:00:26,220:INFO:create_model() succesfully completed......................................
2025-02-13 18:00:26,409:INFO:SubProcess create_model() end ==================================
2025-02-13 18:00:26,410:INFO:Creating metrics dataframe
2025-02-13 18:00:26,428:INFO:Initializing Light Gradient Boosting Machine
2025-02-13 18:00:26,429:INFO:Total runtime is 1.5154225707054139 minutes
2025-02-13 18:00:26,438:INFO:SubProcess create_model() called ==================================
2025-02-13 18:00:26,439:INFO:Initializing create_model()
2025-02-13 18:00:26,439:INFO:create_model(estimator=lightgbm, fold=StratifiedKFold(n_splits=5, random_state=42, shuffle=True), round=4, cross_validation=True, predict=True, fit_kwargs={}, groups=None, refit=False, verbose=False, system=False, metrics=None, experiment_custom_tags=None, add_to_model_list=True, probability_threshold=None, display=<pycaret.internal.Display.Display object at 0x7ff2f73753a0>, return_train_score=False, kwargs={})
2025-02-13 18:00:26,439:INFO:Checking exceptions
2025-02-13 18:00:26,439:INFO:Importing libraries
2025-02-13 18:00:26,439:INFO:Copying training dataset
2025-02-13 18:00:26,446:INFO:Defining folds
2025-02-13 18:00:26,446:INFO:Declaring metric variables
2025-02-13 18:00:26,456:INFO:Importing untrained model
2025-02-13 18:00:26,465:INFO:Light Gradient Boosting Machine Imported succesfully
2025-02-13 18:00:26,483:INFO:Starting cross validation
2025-02-13 18:00:26,484:INFO:Cross validating with StratifiedKFold(n_splits=5, random_state=42, shuffle=True), n_jobs=-1
2025-02-13 18:00:32,675:INFO:Calculating mean and std
2025-02-13 18:00:32,676:INFO:Creating metrics dataframe
2025-02-13 18:00:32,686:INFO:Uploading results into container
2025-02-13 18:00:32,686:INFO:Uploading model into container now
2025-02-13 18:00:32,686:INFO:create_model_container: 9
2025-02-13 18:00:32,686:INFO:master_model_container: 9
2025-02-13 18:00:32,686:INFO:display_container: 2
2025-02-13 18:00:32,687:INFO:LGBMClassifier(boosting_type='gbdt', class_weight=None, colsample_bytree=1.0,
               importance_type='split', learning_rate=0.1, max_depth=-1,
               min_child_samples=20, min_child_weight=0.001, min_split_gain=0.0,
               n_estimators=100, n_jobs=-1, num_leaves=31, objective=None,
               random_state=42, reg_alpha=0.0, reg_lambda=0.0, silent='warn',
               subsample=1.0, subsample_for_bin=200000, subsample_freq=0)
2025-02-13 18:00:32,687:INFO:create_model() succesfully completed......................................
2025-02-13 18:00:32,895:INFO:SubProcess create_model() end ==================================
2025-02-13 18:00:32,895:INFO:Creating metrics dataframe
2025-02-13 18:00:32,936:INFO:Initializing create_model()
2025-02-13 18:00:32,936:INFO:create_model(estimator=XGBClassifier(base_score=None, booster='gbtree', colsample_bylevel=None,
              colsample_bynode=None, colsample_bytree=None,
              enable_categorical=False, gamma=None, gpu_id=None,
              importance_type=None, interaction_constraints=None,
              learning_rate=None, max_delta_step=None, max_depth=None,
              min_child_weight=None, missing=nan, monotone_constraints=None,
              n_estimators=100, n_jobs=-1, num_parallel_tree=None,
              objective='binary:logistic', predictor=None, random_state=42,
              reg_alpha=None, reg_lambda=None, scale_pos_weight=None,
              subsample=None, tree_method='auto', use_label_encoder=True,
              validate_parameters=None, verbosity=0), fold=StratifiedKFold(n_splits=5, random_state=42, shuffle=True), round=4, cross_validation=False, predict=False, fit_kwargs={}, groups=None, refit=True, verbose=False, system=False, metrics=None, experiment_custom_tags=None, add_to_model_list=True, probability_threshold=None, display=None, return_train_score=False, kwargs={})
2025-02-13 18:00:32,937:INFO:Checking exceptions
2025-02-13 18:00:32,937:INFO:Importing libraries
2025-02-13 18:00:32,937:INFO:Copying training dataset
2025-02-13 18:00:32,946:INFO:Defining folds
2025-02-13 18:00:32,946:INFO:Declaring metric variables
2025-02-13 18:00:32,946:INFO:Importing untrained model
2025-02-13 18:00:32,946:INFO:Declaring custom model
2025-02-13 18:00:32,948:INFO:Extreme Gradient Boosting Imported succesfully
2025-02-13 18:00:32,950:INFO:Cross validation set to False
2025-02-13 18:00:32,950:INFO:Fitting Model
2025-02-13 18:00:41,178:INFO:XGBClassifier(base_score=0.5, booster='gbtree', colsample_bylevel=1,
              colsample_bynode=1, colsample_bytree=1, enable_categorical=False,
              gamma=0, gpu_id=-1, importance_type=None,
              interaction_constraints='', learning_rate=0.300000012,
              max_delta_step=0, max_depth=6, min_child_weight=1, missing=nan,
              monotone_constraints='()', n_estimators=100, n_jobs=-1,
              num_parallel_tree=1, objective='binary:logistic',
              predictor='auto', random_state=42, reg_alpha=0, reg_lambda=1,
              scale_pos_weight=1, subsample=1, tree_method='auto',
              use_label_encoder=True, validate_parameters=1, verbosity=0)
2025-02-13 18:00:41,178:INFO:create_models() succesfully completed......................................
2025-02-13 18:00:41,419:INFO:Creating Dashboard logs
2025-02-13 18:00:41,430:INFO:Model: Extreme Gradient Boosting
2025-02-13 18:00:41,472:INFO:logged params: {'objective': 'binary:logistic', 'use_label_encoder': True, 'base_score': 0.5, 'booster': 'gbtree', 'colsample_bylevel': 1, 'colsample_bynode': 1, 'colsample_bytree': 1, 'enable_categorical': False, 'gamma': 0, 'gpu_id': -1, 'importance_type': None, 'interaction_constraints': '', 'learning_rate': 0.300000012, 'max_delta_step': 0, 'max_depth': 6, 'min_child_weight': 1, 'missing': nan, 'monotone_constraints': '()', 'n_estimators': 100, 'n_jobs': -1, 'num_parallel_tree': 1, 'predictor': 'auto', 'random_state': 42, 'reg_alpha': 0, 'reg_lambda': 1, 'scale_pos_weight': 1, 'subsample': 1, 'tree_method': 'auto', 'validate_parameters': 1, 'verbosity': 0}
2025-02-13 18:00:41,480:ERROR:dashboard_logger.log_model() for XGBClassifier(base_score=0.5, booster='gbtree', colsample_bylevel=1,
              colsample_bynode=1, colsample_bytree=1, enable_categorical=False,
              gamma=0, gpu_id=-1, importance_type=None,
              interaction_constraints='', learning_rate=0.300000012,
              max_delta_step=0, max_depth=6, min_child_weight=1, missing=nan,
              monotone_constraints='()', n_estimators=100, n_jobs=-1,
              num_parallel_tree=1, objective='binary:logistic',
              predictor='auto', random_state=42, reg_alpha=0, reg_lambda=1,
              scale_pos_weight=1, subsample=1, tree_method='auto',
              use_label_encoder=True, validate_parameters=1, verbosity=0) raised an exception:
2025-02-13 18:00:41,482:ERROR:Traceback (most recent call last):
  File "/opt/conda/lib/python3.8/site-packages/pycaret/internal/tabular.py", line 2332, in compare_models
    dashboard_logger.log_model(
  File "/opt/conda/lib/python3.8/site-packages/pycaret/loggers/__init__.py", line 93, in log_model
    logger.log_params(params, model_name=full_name)
  File "/opt/conda/lib/python3.8/site-packages/pycaret/loggers/mlflow_logger.py", line 46, in log_params
    mlflow.log_params(params)
  File "/opt/conda/lib/python3.8/site-packages/mlflow/tracking/fluent.py", line 639, in log_params
    MlflowClient().log_batch(run_id=run_id, metrics=[], params=params_arr, tags=[])
  File "/opt/conda/lib/python3.8/site-packages/mlflow/tracking/client.py", line 918, in log_batch
    self._tracking_client.log_batch(run_id, metrics, params, tags)
  File "/opt/conda/lib/python3.8/site-packages/mlflow/tracking/_tracking_service/client.py", line 292, in log_batch
    self.store.log_batch(run_id=run_id, metrics=metrics, params=params, tags=tags)
  File "/opt/conda/lib/python3.8/site-packages/mlflow/store/tracking/rest_store.py", line 309, in log_batch
    self._call_endpoint(LogBatch, req_body)
  File "/opt/conda/lib/python3.8/site-packages/mlflow/store/tracking/rest_store.py", line 56, in _call_endpoint
    return call_endpoint(self.get_host_creds(), endpoint, method, json_body, response_proto)
  File "/opt/conda/lib/python3.8/site-packages/mlflow/utils/rest_utils.py", line 256, in call_endpoint
    response = verify_rest_response(response, endpoint)
  File "/opt/conda/lib/python3.8/site-packages/mlflow/utils/rest_utils.py", line 185, in verify_rest_response
    raise RestException(json.loads(response.text))
mlflow.exceptions.RestException: INVALID_PARAMETER_VALUE: Invalid value [{'key': 'objective', 'value': 'binary:logistic'}, {'key': 'use_label_encoder', 'value': 'True'}, {'key': 'base_score', 'value': '0.5'}, {'key': 'booster', 'value': 'gbtree'}, {'key': 'colsample_bylevel', 'value': '1'}, {'key': 'colsample_bynode', 'value': '1'}, {'key': 'colsample_bytree', 'value': '1'}, {'key': 'enable_categorical', 'value': 'False'}, {'key': 'gamma', 'value': '0'}, {'key': 'gpu_id', 'value': '-1'}, {'key': 'importance_type', 'value': 'None'}, {'key': 'interaction_constraints', 'value': ''}, {'key': 'learning_rate', 'value': '0.300000012'}, {'key': 'max_delta_step', 'value': '0'}, {'key': 'max_depth', 'value': '6'}, {'key': 'min_child_weight', 'value': '1'}, {'key': 'missing', 'value': 'nan'}, {'key': 'monotone_constraints', 'value': '()'}, {'key': 'n_estimators', 'value': '100'}, {'key': 'n_jobs', 'value': '-1'}, {'key': 'num_parallel_tree', 'value': '1'}, {'key': 'predictor', 'value': 'auto'}, {'key': 'random_state', 'value': '42'}, {'key': 'reg_alpha', 'value': '0'}, {'key': 'reg_lambda', 'value': '1'}, {'key': 'scale_pos_weight', 'value': '1'}, {'key': 'subsample', 'value': '1'}, {'key': 'tree_method', 'value': 'auto'}, {'key': 'validate_parameters', 'value': '1'}, {'key': 'verbosity', 'value': '0'}] for parameter 'params' supplied. Hint: Value was of type 'list'. See the API docs for more information about request parameters.

2025-02-13 18:00:41,483:INFO:Creating Dashboard logs
2025-02-13 18:00:41,490:INFO:Model: Light Gradient Boosting Machine
2025-02-13 18:00:41,524:INFO:logged params: {'boosting_type': 'gbdt', 'class_weight': None, 'colsample_bytree': 1.0, 'importance_type': 'split', 'learning_rate': 0.1, 'max_depth': -1, 'min_child_samples': 20, 'min_child_weight': 0.001, 'min_split_gain': 0.0, 'n_estimators': 100, 'n_jobs': -1, 'num_leaves': 31, 'objective': None, 'random_state': 42, 'reg_alpha': 0.0, 'reg_lambda': 0.0, 'silent': 'warn', 'subsample': 1.0, 'subsample_for_bin': 200000, 'subsample_freq': 0}
2025-02-13 18:00:41,940:INFO:Creating Dashboard logs
2025-02-13 18:00:41,947:INFO:Model: Random Forest Classifier
2025-02-13 18:00:41,986:INFO:logged params: {'bootstrap': True, 'ccp_alpha': 0.0, 'class_weight': None, 'criterion': 'gini', 'max_depth': None, 'max_features': 'auto', 'max_leaf_nodes': None, 'max_samples': None, 'min_impurity_decrease': 0.0, 'min_impurity_split': None, 'min_samples_leaf': 1, 'min_samples_split': 2, 'min_weight_fraction_leaf': 0.0, 'n_estimators': 100, 'n_jobs': -1, 'oob_score': False, 'random_state': 42, 'verbose': 0, 'warm_start': False}
2025-02-13 18:00:42,418:INFO:Creating Dashboard logs
2025-02-13 18:00:42,425:INFO:Model: Extra Trees Classifier
2025-02-13 18:00:42,463:INFO:logged params: {'bootstrap': False, 'ccp_alpha': 0.0, 'class_weight': None, 'criterion': 'gini', 'max_depth': None, 'max_features': 'auto', 'max_leaf_nodes': None, 'max_samples': None, 'min_impurity_decrease': 0.0, 'min_impurity_split': None, 'min_samples_leaf': 1, 'min_samples_split': 2, 'min_weight_fraction_leaf': 0.0, 'n_estimators': 100, 'n_jobs': -1, 'oob_score': False, 'random_state': 42, 'verbose': 0, 'warm_start': False}
2025-02-13 18:00:42,838:INFO:Creating Dashboard logs
2025-02-13 18:00:42,846:INFO:Model: Decision Tree Classifier
2025-02-13 18:00:42,882:INFO:logged params: {'ccp_alpha': 0.0, 'class_weight': None, 'criterion': 'gini', 'max_depth': None, 'max_features': None, 'max_leaf_nodes': None, 'min_impurity_decrease': 0.0, 'min_impurity_split': None, 'min_samples_leaf': 1, 'min_samples_split': 2, 'min_weight_fraction_leaf': 0.0, 'presort': 'deprecated', 'random_state': 42, 'splitter': 'best'}
2025-02-13 18:00:43,250:INFO:Creating Dashboard logs
2025-02-13 18:00:43,257:INFO:Model: Logistic Regression
2025-02-13 18:00:43,294:INFO:logged params: {'C': 1.0, 'class_weight': None, 'dual': False, 'fit_intercept': True, 'intercept_scaling': 1, 'l1_ratio': None, 'max_iter': 1000, 'multi_class': 'auto', 'n_jobs': None, 'penalty': 'l2', 'random_state': 42, 'solver': 'lbfgs', 'tol': 0.0001, 'verbose': 0, 'warm_start': False}
2025-02-13 18:00:43,705:INFO:Creating Dashboard logs
2025-02-13 18:00:43,712:INFO:Model: Linear Discriminant Analysis
2025-02-13 18:00:43,781:INFO:logged params: {'n_components': None, 'priors': None, 'shrinkage': None, 'solver': 'svd', 'store_covariance': False, 'tol': 0.0001}
2025-02-13 18:00:44,238:INFO:Creating Dashboard logs
2025-02-13 18:00:44,246:INFO:Model: Ridge Classifier
2025-02-13 18:00:44,286:INFO:logged params: {'alpha': 1.0, 'class_weight': None, 'copy_X': True, 'fit_intercept': True, 'max_iter': None, 'normalize': False, 'random_state': 42, 'solver': 'auto', 'tol': 0.001}
2025-02-13 18:00:44,657:INFO:Creating Dashboard logs
2025-02-13 18:00:44,664:INFO:Model: Naive Bayes
2025-02-13 18:00:44,700:INFO:logged params: {'priors': None, 'var_smoothing': 1e-09}
2025-02-13 18:00:45,094:INFO:create_model_container: 9
2025-02-13 18:00:45,095:INFO:master_model_container: 9
2025-02-13 18:00:45,095:INFO:display_container: 2
2025-02-13 18:00:45,097:INFO:XGBClassifier(base_score=0.5, booster='gbtree', colsample_bylevel=1,
              colsample_bynode=1, colsample_bytree=1, enable_categorical=False,
              gamma=0, gpu_id=-1, importance_type=None,
              interaction_constraints='', learning_rate=0.300000012,
              max_delta_step=0, max_depth=6, min_child_weight=1, missing=nan,
              monotone_constraints='()', n_estimators=100, n_jobs=-1,
              num_parallel_tree=1, objective='binary:logistic',
              predictor='auto', random_state=42, reg_alpha=0, reg_lambda=1,
              scale_pos_weight=1, subsample=1, tree_method='auto',
              use_label_encoder=True, validate_parameters=1, verbosity=0)
2025-02-13 18:00:45,097:INFO:compare_models() succesfully completed......................................
2025-02-13 18:09:51,828:INFO:Initializing create_model()
2025-02-13 18:09:51,828:INFO:create_model(estimator=lightgbm, fold=None, round=4, cross_validation=True, predict=True, fit_kwargs=None, groups=None, refit=True, verbose=True, system=True, metrics=None, experiment_custom_tags=None, add_to_model_list=True, probability_threshold=None, display=None, return_train_score=False, kwargs={})
2025-02-13 18:09:51,829:INFO:Checking exceptions
2025-02-13 18:09:51,829:INFO:Preparing display monitor
2025-02-13 18:09:51,874:INFO:Importing libraries
2025-02-13 18:09:51,875:INFO:Copying training dataset
2025-02-13 18:09:51,895:INFO:Defining folds
2025-02-13 18:09:51,895:INFO:Declaring metric variables
2025-02-13 18:09:51,910:INFO:Importing untrained model
2025-02-13 18:09:51,924:INFO:Light Gradient Boosting Machine Imported succesfully
2025-02-13 18:09:51,952:INFO:Starting cross validation
2025-02-13 18:09:51,953:INFO:Cross validating with StratifiedKFold(n_splits=10, random_state=42, shuffle=True), n_jobs=-1
2025-02-13 18:09:58,659:INFO:Calculating mean and std
2025-02-13 18:09:58,662:INFO:Creating metrics dataframe
2025-02-13 18:09:58,683:INFO:Finalizing model
2025-02-13 18:09:59,257:INFO:Initializing predict_model()
2025-02-13 18:09:59,257:INFO:predict_model(estimator=Pipeline(memory=None,
         steps=[('empty_step', 'passthrough'),
                ('actual_estimator',
                 LGBMClassifier(boosting_type='gbdt', class_weight=None,
                                colsample_bytree=1.0, importance_type='split',
                                learning_rate=0.1, max_depth=-1,
                                min_child_samples=20, min_child_weight=0.001,
                                min_split_gain=0.0, n_estimators=100, n_jobs=-1,
                                num_leaves=31, objective=None, random_state=42,
                                reg_alpha=0.0, reg_lambda=0.0, silent='warn',
                                subsample=1.0, subsample_for_bin=200000,
                                subsample_freq=0))],
         verbose=False), probability_threshold=None, encoded_labels=False, drift_report=False, raw_score=False, round=4, verbose=True, ml_usecase=None, display=None, drift_kwargs=None)
2025-02-13 18:09:59,257:INFO:Checking exceptions
2025-02-13 18:09:59,257:INFO:Preloading libraries
2025-02-13 18:09:59,258:INFO:Preparing display monitor
2025-02-13 18:10:00,541:INFO:Creating Dashboard logs
2025-02-13 18:10:00,548:INFO:Model: Light Gradient Boosting Machine
2025-02-13 18:10:00,644:INFO:logged params: {'boosting_type': 'gbdt', 'class_weight': None, 'colsample_bytree': 1.0, 'importance_type': 'split', 'learning_rate': 0.1, 'max_depth': -1, 'min_child_samples': 20, 'min_child_weight': 0.001, 'min_split_gain': 0.0, 'n_estimators': 100, 'n_jobs': -1, 'num_leaves': 31, 'objective': None, 'random_state': 42, 'reg_alpha': 0.0, 'reg_lambda': 0.0, 'silent': 'warn', 'subsample': 1.0, 'subsample_for_bin': 200000, 'subsample_freq': 0}
2025-02-13 18:10:01,121:INFO:Initializing predict_model()
2025-02-13 18:10:01,121:INFO:predict_model(estimator=LGBMClassifier(boosting_type='gbdt', class_weight=None, colsample_bytree=1.0,
               importance_type='split', learning_rate=0.1, max_depth=-1,
               min_child_samples=20, min_child_weight=0.001, min_split_gain=0.0,
               n_estimators=100, n_jobs=-1, num_leaves=31, objective=None,
               random_state=42, reg_alpha=0.0, reg_lambda=0.0, silent='warn',
               subsample=1.0, subsample_for_bin=200000, subsample_freq=0), probability_threshold=None, encoded_labels=False, drift_report=False, raw_score=False, round=4, verbose=False, ml_usecase=None, display=None, drift_kwargs=None)
2025-02-13 18:10:01,121:INFO:Checking exceptions
2025-02-13 18:10:01,121:INFO:Preloading libraries
2025-02-13 18:10:01,756:INFO:SubProcess plot_model() called ==================================
2025-02-13 18:10:01,756:INFO:Initializing plot_model()
2025-02-13 18:10:01,756:INFO:plot_model(fold=None, use_train_data=False, verbose=False, is_in_evaluate=False, display=None, display_format=None, estimator=LGBMClassifier(boosting_type='gbdt', class_weight=None, colsample_bytree=1.0,
               importance_type='split', learning_rate=0.1, max_depth=-1,
               min_child_samples=20, min_child_weight=0.001, min_split_gain=0.0,
               n_estimators=100, n_jobs=-1, num_leaves=31, objective=None,
               random_state=42, reg_alpha=0.0, reg_lambda=0.0, silent='warn',
               subsample=1.0, subsample_for_bin=200000, subsample_freq=0), feature_name=None, fit_kwargs=None, groups=None, label=False, plot=auc, plot_kwargs=None, save=True, scale=1, system=False)
2025-02-13 18:10:01,756:INFO:Checking exceptions
2025-02-13 18:10:01,758:INFO:Preloading libraries
2025-02-13 18:10:01,762:INFO:Copying training dataset
2025-02-13 18:10:01,768:INFO:Copying test dataset
2025-02-13 18:10:01,771:INFO:Plot type: auc
2025-02-13 18:10:01,772:INFO:Initializing get_config()
2025-02-13 18:10:01,772:INFO:get_config(variable=prep_pipe)
2025-02-13 18:10:01,777:INFO:Global variable: prep_pipe returned as Pipeline(memory=None,
         steps=[('dtypes',
                 DataTypes_Auto_infer(categorical_features=[],
                                      display_types=False, features_todrop=[],
                                      id_columns=[],
                                      ml_usecase='classification',
                                      numerical_features=[],
                                      target='app_complete_flag',
                                      time_features=[])),
                ('imputer',
                 Simple_Imputer(categorical_strategy='not_available',
                                fill_value_categorical=None,
                                fill_value_numerical=None,
                                n...
                ('dummy', Dummify(target='app_complete_flag')),
                ('fix_perfect', Remove_100(target='app_complete_flag')),
                ('clean_names', Clean_Colum_Names()),
                ('feature_select', 'passthrough'),
                ('fix_multi',
                 Fix_multicollinearity(correlation_with_target_preference=None,
                                       correlation_with_target_threshold=0.0,
                                       target_variable='app_complete_flag',
                                       threshold=0.95)),
                ('dfs', 'passthrough'), ('pca', 'passthrough')],
         verbose=False)
2025-02-13 18:10:01,777:INFO:get_config() succesfully completed......................................
2025-02-13 18:10:01,778:INFO:Fitting Model
2025-02-13 18:10:01,785:INFO:Scoring test/hold-out set
2025-02-13 18:10:02,065:INFO:Saving 'AUC.png'
2025-02-13 18:10:02,218:INFO:Visual Rendered Successfully
2025-02-13 18:10:02,361:INFO:plot_model() succesfully completed......................................
2025-02-13 18:10:02,362:INFO:Initializing plot_model()
2025-02-13 18:10:02,362:INFO:plot_model(fold=None, use_train_data=False, verbose=False, is_in_evaluate=False, display=None, display_format=None, estimator=LGBMClassifier(boosting_type='gbdt', class_weight=None, colsample_bytree=1.0,
               importance_type='split', learning_rate=0.1, max_depth=-1,
               min_child_samples=20, min_child_weight=0.001, min_split_gain=0.0,
               n_estimators=100, n_jobs=-1, num_leaves=31, objective=None,
               random_state=42, reg_alpha=0.0, reg_lambda=0.0, silent='warn',
               subsample=1.0, subsample_for_bin=200000, subsample_freq=0), feature_name=None, fit_kwargs=None, groups=None, label=False, plot=confusion_matrix, plot_kwargs=None, save=True, scale=1, system=False)
2025-02-13 18:10:02,362:INFO:Checking exceptions
2025-02-13 18:10:02,364:INFO:Preloading libraries
2025-02-13 18:10:02,368:INFO:Copying training dataset
2025-02-13 18:10:02,374:INFO:Copying test dataset
2025-02-13 18:10:02,377:INFO:Plot type: confusion_matrix
2025-02-13 18:10:02,378:INFO:Initializing get_config()
2025-02-13 18:10:02,378:INFO:get_config(variable=prep_pipe)
2025-02-13 18:10:02,383:INFO:Global variable: prep_pipe returned as Pipeline(memory=None,
         steps=[('dtypes',
                 DataTypes_Auto_infer(categorical_features=[],
                                      display_types=False, features_todrop=[],
                                      id_columns=[],
                                      ml_usecase='classification',
                                      numerical_features=[],
                                      target='app_complete_flag',
                                      time_features=[])),
                ('imputer',
                 Simple_Imputer(categorical_strategy='not_available',
                                fill_value_categorical=None,
                                fill_value_numerical=None,
                                n...
                ('dummy', Dummify(target='app_complete_flag')),
                ('fix_perfect', Remove_100(target='app_complete_flag')),
                ('clean_names', Clean_Colum_Names()),
                ('feature_select', 'passthrough'),
                ('fix_multi',
                 Fix_multicollinearity(correlation_with_target_preference=None,
                                       correlation_with_target_threshold=0.0,
                                       target_variable='app_complete_flag',
                                       threshold=0.95)),
                ('dfs', 'passthrough'), ('pca', 'passthrough')],
         verbose=False)
2025-02-13 18:10:02,383:INFO:get_config() succesfully completed......................................
2025-02-13 18:10:02,384:INFO:Fitting Model
2025-02-13 18:10:02,387:INFO:Scoring test/hold-out set
2025-02-13 18:10:02,671:INFO:Saving 'Confusion Matrix.png'
2025-02-13 18:10:02,722:INFO:Visual Rendered Successfully
2025-02-13 18:10:02,863:INFO:plot_model() succesfully completed......................................
2025-02-13 18:10:02,864:INFO:Initializing plot_model()
2025-02-13 18:10:02,864:INFO:plot_model(fold=None, use_train_data=False, verbose=False, is_in_evaluate=False, display=None, display_format=None, estimator=LGBMClassifier(boosting_type='gbdt', class_weight=None, colsample_bytree=1.0,
               importance_type='split', learning_rate=0.1, max_depth=-1,
               min_child_samples=20, min_child_weight=0.001, min_split_gain=0.0,
               n_estimators=100, n_jobs=-1, num_leaves=31, objective=None,
               random_state=42, reg_alpha=0.0, reg_lambda=0.0, silent='warn',
               subsample=1.0, subsample_for_bin=200000, subsample_freq=0), feature_name=None, fit_kwargs=None, groups=None, label=False, plot=feature, plot_kwargs=None, save=True, scale=1, system=False)
2025-02-13 18:10:02,864:INFO:Checking exceptions
2025-02-13 18:10:02,866:INFO:Preloading libraries
2025-02-13 18:10:02,871:INFO:Copying training dataset
2025-02-13 18:10:02,878:INFO:Copying test dataset
2025-02-13 18:10:02,880:INFO:Plot type: feature
2025-02-13 18:10:02,881:WARNING:No coef_ found. Trying feature_importances_
2025-02-13 18:10:02,914:INFO:Saving 'Feature Importance.png'
2025-02-13 18:10:03,057:INFO:Visual Rendered Successfully
2025-02-13 18:10:03,210:INFO:plot_model() succesfully completed......................................
2025-02-13 18:10:03,211:INFO:SubProcess plot_model() end ==================================
2025-02-13 18:10:03,469:INFO:Uploading results into container
2025-02-13 18:10:03,469:INFO:Uploading model into container now
2025-02-13 18:10:03,478:INFO:create_model_container: 10
2025-02-13 18:10:03,478:INFO:master_model_container: 10
2025-02-13 18:10:03,478:INFO:display_container: 3
2025-02-13 18:10:03,478:INFO:LGBMClassifier(boosting_type='gbdt', class_weight=None, colsample_bytree=1.0,
               importance_type='split', learning_rate=0.1, max_depth=-1,
               min_child_samples=20, min_child_weight=0.001, min_split_gain=0.0,
               n_estimators=100, n_jobs=-1, num_leaves=31, objective=None,
               random_state=42, reg_alpha=0.0, reg_lambda=0.0, silent='warn',
               subsample=1.0, subsample_for_bin=200000, subsample_freq=0)
2025-02-13 18:10:03,478:INFO:create_model() succesfully completed......................................
2025-02-13 18:10:03,634:INFO:Initializing plot_model()
2025-02-13 18:10:03,634:INFO:plot_model(fold=None, use_train_data=False, verbose=True, is_in_evaluate=False, display=None, display_format=None, estimator=LGBMClassifier(boosting_type='gbdt', class_weight=None, colsample_bytree=1.0,
               importance_type='split', learning_rate=0.1, max_depth=-1,
               min_child_samples=20, min_child_weight=0.001, min_split_gain=0.0,
               n_estimators=100, n_jobs=-1, num_leaves=31, objective=None,
               random_state=42, reg_alpha=0.0, reg_lambda=0.0, silent='warn',
               subsample=1.0, subsample_for_bin=200000, subsample_freq=0), feature_name=None, fit_kwargs=None, groups=None, label=False, plot=feature, plot_kwargs=None, save=False, scale=1, system=True)
2025-02-13 18:10:03,634:INFO:Checking exceptions
2025-02-13 18:10:03,636:INFO:Preparing display monitor
2025-02-13 18:10:03,643:INFO:Preloading libraries
2025-02-13 18:10:03,651:INFO:Copying training dataset
2025-02-13 18:10:03,661:INFO:Copying test dataset
2025-02-13 18:10:03,663:INFO:Plot type: feature
2025-02-13 18:10:03,665:WARNING:No coef_ found. Trying feature_importances_
2025-02-13 18:10:03,808:INFO:Visual Rendered Successfully
2025-02-13 18:10:03,957:INFO:plot_model() succesfully completed......................................
2025-02-13 18:10:14,408:INFO:PyCaret Supervised Module
2025-02-13 18:10:14,408:INFO:ML Usecase: classification
2025-02-13 18:10:14,408:INFO:version 2.3.8
2025-02-13 18:10:14,408:INFO:Initializing setup()
2025-02-13 18:10:14,408:INFO:setup(target=app_complete_flag, ml_usecase=classification, available_plots={'parameter': 'Hyperparameters', 'auc': 'AUC', 'confusion_matrix': 'Confusion Matrix', 'threshold': 'Threshold', 'pr': 'Precision Recall', 'error': 'Prediction Error', 'class_report': 'Class Report', 'rfe': 'Feature Selection', 'learning': 'Learning Curve', 'manifold': 'Manifold Learning', 'calibration': 'Calibration Curve', 'vc': 'Validation Curve', 'dimension': 'Dimensions', 'feature': 'Feature Importance', 'feature_all': 'Feature Importance (All)', 'boundary': 'Decision Boundary', 'lift': 'Lift Chart', 'gain': 'Gain Chart', 'tree': 'Decision Tree', 'ks': 'KS Statistic Plot'}, train_size=0.7, test_data=None, preprocess=True, imputation_type=simple, iterative_imputation_iters=5, categorical_features=['city_tier', 'first_platform_c', 'first_utm_medium_c', 'first_utm_source_c'], categorical_imputation=constant, categorical_iterative_imputer=lightgbm, ordinal_features=None, high_cardinality_features=None, high_cardinality_method=frequency, numeric_features=None, numeric_imputation=mean, numeric_iterative_imputer=lightgbm, date_features=None, ignore_features=None, normalize=False, normalize_method=zscore, transformation=False, transformation_method=yeo-johnson, handle_unknown_categorical=True, unknown_categorical_method=least_frequent, pca=False, pca_method=linear, pca_components=None, ignore_low_variance=False, combine_rare_levels=False, rare_level_threshold=0.1, bin_numeric_features=None, remove_outliers=False, outliers_threshold=0.05, remove_multicollinearity=True, multicollinearity_threshold=0.95, remove_perfect_collinearity=True, create_clusters=False, cluster_iter=20, polynomial_features=False, polynomial_degree=2, trigonometry_features=False, polynomial_threshold=0.1, group_features=None, group_names=None, feature_selection=False, feature_selection_threshold=0.8, feature_selection_method=classic, feature_interaction=False, feature_ratio=False, interaction_threshold=0.01, fix_imbalance=False, fix_imbalance_method=None, transform_target=False, transform_target_method=box-cox, data_split_shuffle=True, data_split_stratify=False, fold_strategy=stratifiedkfold, fold=10, fold_shuffle=True, fold_groups=None, n_jobs=-1, use_gpu=False, custom_pipeline=None, html=True, session_id=42, log_experiment=True, experiment_name=TK_Lead_Scoring_Model_Experimentation_After_Dropping_Features, experiment_custom_tags=None, log_plots=['auc', 'confusion_matrix', 'feature'], log_profile=False, log_data=True, silent=True, verbose=True, profile=False, profile_kwargs=None, display=None)
2025-02-13 18:10:14,408:INFO:Checking environment
2025-02-13 18:10:14,408:INFO:python_version: 3.8.12
2025-02-13 18:10:14,409:INFO:python_build: ('default', 'Oct 12 2021 21:59:51')
2025-02-13 18:10:14,409:INFO:machine: x86_64
2025-02-13 18:10:14,409:INFO:platform: Linux-6.2.0-39-generic-x86_64-with-glibc2.10
2025-02-13 18:10:14,409:INFO:Memory: svmem(total=270067613696, available=175141679104, percent=35.1, used=75452256256, free=53467545600, active=107823054848, inactive=94496915456, buffers=42552434688, cached=98595377152, shared=17373720576, slab=7071870976)
2025-02-13 18:10:14,413:INFO:Physical Core: 32
2025-02-13 18:10:14,413:INFO:Logical Core: 64
2025-02-13 18:10:14,413:INFO:Checking libraries
2025-02-13 18:10:14,413:INFO:pd==1.4.3
2025-02-13 18:10:14,413:INFO:numpy==1.22.2
2025-02-13 18:10:14,413:INFO:sklearn==0.23.2
2025-02-13 18:10:14,413:INFO:lightgbm==3.3.2
2025-02-13 18:10:14,414:WARNING:catboost not found
2025-02-13 18:10:14,414:INFO:xgboost==1.5.0
2025-02-13 18:10:14,414:INFO:mlflow==1.26.1
2025-02-13 18:10:14,414:INFO:Checking Exceptions
2025-02-13 18:10:14,414:INFO:Declaring global variables
2025-02-13 18:10:14,414:INFO:USI: 92bc
2025-02-13 18:10:14,414:INFO:pycaret_globals: {'y_test', 'fold_generator', 'X_train', 'display_container', 'master_model_container', 'y', 'fold_groups_param', 'experiment__', 'exp_name_log', '_internal_pipeline', 'gpu_param', 'X_test', 'transform_target_method_param', 'logging_param', '_all_models', 'n_jobs_param', 'USI', 'data_before_preprocess', 'stratify_param', 'prep_pipe', 'pycaret_globals', 'html_param', '_all_models_internal', 'y_train', 'fold_shuffle_param', 'seed', 'dashboard_logger', 'iterative_imputation_iters_param', 'X', 'create_model_container', '_all_metrics', 'fix_imbalance_param', '_gpu_n_jobs_param', 'fold_param', '_ml_usecase', 'log_plots_param', 'imputation_regressor', 'fix_imbalance_method_param', '_available_plots', 'target_param', 'fold_groups_param_full', 'transform_target_param', 'imputation_classifier'}
2025-02-13 18:10:14,414:INFO:Preparing display monitor
2025-02-13 18:10:14,414:INFO:Preparing display monitor
2025-02-13 18:10:14,430:INFO:Importing libraries
2025-02-13 18:10:14,430:INFO:Copying data for preprocessing
2025-02-13 18:10:14,443:INFO:Declaring preprocessing parameters
2025-02-13 18:10:14,453:INFO:Creating preprocessing pipeline
2025-02-13 18:10:14,789:INFO:Preprocessing pipeline created successfully
2025-02-13 18:10:14,790:ERROR:(Process Exit): setup has been interupted with user command 'quit'. setup must rerun.
2025-02-13 18:10:14,790:INFO:Creating global containers
2025-02-13 18:10:14,790:INFO:Install wandb to use WandbLogger
2025-02-13 18:10:14,791:INFO:Internal pipeline: Pipeline(memory=None, steps=[('empty_step', 'passthrough')], verbose=False)
2025-02-13 18:10:22,576:WARNING:Couldn't import catboost.CatBoostClassifier
2025-02-13 18:10:22,719:WARNING:Couldn't import catboost.CatBoostClassifier
2025-02-13 18:10:22,720:INFO:Creating grid variables
2025-02-13 18:10:22,943:INFO:Logging experiment in MLFlow
2025-02-13 18:10:23,718:INFO:SubProcess save_model() called ==================================
2025-02-13 18:10:23,732:INFO:Initializing save_model()
2025-02-13 18:10:23,732:INFO:save_model(model=Pipeline(memory=None,
         steps=[('dtypes',
                 DataTypes_Auto_infer(categorical_features=['city_tier',
                                                            'first_platform_c',
                                                            'first_utm_medium_c',
                                                            'first_utm_source_c'],
                                      display_types=False, features_todrop=[],
                                      id_columns=[],
                                      ml_usecase='classification',
                                      numerical_features=[],
                                      target='app_complete_flag',
                                      time_features=[])),
                ('imputer',
                 Simple_Imputer(categorical_strategy...
                ('dummy', Dummify(target='app_complete_flag')),
                ('fix_perfect', Remove_100(target='app_complete_flag')),
                ('clean_names', Clean_Colum_Names()),
                ('feature_select', 'passthrough'),
                ('fix_multi',
                 Fix_multicollinearity(correlation_with_target_preference=None,
                                       correlation_with_target_threshold=0.0,
                                       target_variable='app_complete_flag',
                                       threshold=0.95)),
                ('dfs', 'passthrough'), ('pca', 'passthrough')],
         verbose=False), model_name=Transformation Pipeline, prep_pipe_=Pipeline(memory=None,
         steps=[('dtypes',
                 DataTypes_Auto_infer(categorical_features=['city_tier',
                                                            'first_platform_c',
                                                            'first_utm_medium_c',
                                                            'first_utm_source_c'],
                                      display_types=False, features_todrop=[],
                                      id_columns=[],
                                      ml_usecase='classification',
                                      numerical_features=[],
                                      target='app_complete_flag',
                                      time_features=[])),
                ('imputer',
                 Simple_Imputer(categorical_strategy...
                ('dummy', Dummify(target='app_complete_flag')),
                ('fix_perfect', Remove_100(target='app_complete_flag')),
                ('clean_names', Clean_Colum_Names()),
                ('feature_select', 'passthrough'),
                ('fix_multi',
                 Fix_multicollinearity(correlation_with_target_preference=None,
                                       correlation_with_target_threshold=0.0,
                                       target_variable='app_complete_flag',
                                       threshold=0.95)),
                ('dfs', 'passthrough'), ('pca', 'passthrough')],
         verbose=False), verbose=False, kwargs={})
2025-02-13 18:10:23,732:INFO:Adding model into prep_pipe
2025-02-13 18:10:23,733:WARNING:Only Model saved as it was a pipeline.
2025-02-13 18:10:23,741:INFO:Transformation Pipeline.pkl saved in current working directory
2025-02-13 18:10:23,748:INFO:Pipeline(memory=None,
         steps=[('dtypes',
                 DataTypes_Auto_infer(categorical_features=['city_tier',
                                                            'first_platform_c',
                                                            'first_utm_medium_c',
                                                            'first_utm_source_c'],
                                      display_types=False, features_todrop=[],
                                      id_columns=[],
                                      ml_usecase='classification',
                                      numerical_features=[],
                                      target='app_complete_flag',
                                      time_features=[])),
                ('imputer',
                 Simple_Imputer(categorical_strategy...
                ('dummy', Dummify(target='app_complete_flag')),
                ('fix_perfect', Remove_100(target='app_complete_flag')),
                ('clean_names', Clean_Colum_Names()),
                ('feature_select', 'passthrough'),
                ('fix_multi',
                 Fix_multicollinearity(correlation_with_target_preference=None,
                                       correlation_with_target_threshold=0.0,
                                       target_variable='app_complete_flag',
                                       threshold=0.95)),
                ('dfs', 'passthrough'), ('pca', 'passthrough')],
         verbose=False)
2025-02-13 18:10:23,748:INFO:save_model() successfully completed......................................
2025-02-13 18:10:23,984:INFO:SubProcess save_model() end ==================================
2025-02-13 18:10:28,950:INFO:create_model_container: 0
2025-02-13 18:10:28,950:INFO:master_model_container: 0
2025-02-13 18:10:28,950:INFO:display_container: 1
2025-02-13 18:10:28,955:INFO:Pipeline(memory=None,
         steps=[('dtypes',
                 DataTypes_Auto_infer(categorical_features=['city_tier',
                                                            'first_platform_c',
                                                            'first_utm_medium_c',
                                                            'first_utm_source_c'],
                                      display_types=False, features_todrop=[],
                                      id_columns=[],
                                      ml_usecase='classification',
                                      numerical_features=[],
                                      target='app_complete_flag',
                                      time_features=[])),
                ('imputer',
                 Simple_Imputer(categorical_strategy...
                ('dummy', Dummify(target='app_complete_flag')),
                ('fix_perfect', Remove_100(target='app_complete_flag')),
                ('clean_names', Clean_Colum_Names()),
                ('feature_select', 'passthrough'),
                ('fix_multi',
                 Fix_multicollinearity(correlation_with_target_preference=None,
                                       correlation_with_target_threshold=0.0,
                                       target_variable='app_complete_flag',
                                       threshold=0.95)),
                ('dfs', 'passthrough'), ('pca', 'passthrough')],
         verbose=False)
2025-02-13 18:10:28,955:INFO:setup() succesfully completed......................................
2025-02-13 18:10:29,670:INFO:Initializing compare_models()
2025-02-13 18:10:29,670:INFO:compare_models(include=None, fold=10, round=4, cross_validation=True, sort=Accuracy, n_select=1, budget_time=None, turbo=True, errors=ignore, fit_kwargs=None, groups=None, experiment_custom_tags=None, probability_threshold=None, verbose=True, display=None, exclude=['gbc', 'knn', 'qda', 'dummy', 'svm', 'ada'])
2025-02-13 18:10:29,670:INFO:Checking exceptions
2025-02-13 18:10:29,672:INFO:Preparing display monitor
2025-02-13 18:10:29,672:INFO:Preparing display monitor
2025-02-13 18:10:29,709:INFO:Initializing Logistic Regression
2025-02-13 18:10:29,709:INFO:Total runtime is 3.846486409505208e-06 minutes
2025-02-13 18:10:29,718:INFO:SubProcess create_model() called ==================================
2025-02-13 18:10:29,718:INFO:Initializing create_model()
2025-02-13 18:10:29,718:INFO:create_model(estimator=lr, fold=StratifiedKFold(n_splits=10, random_state=42, shuffle=True), round=4, cross_validation=True, predict=True, fit_kwargs={}, groups=None, refit=False, verbose=False, system=False, metrics=None, experiment_custom_tags=None, add_to_model_list=True, probability_threshold=None, display=<pycaret.internal.Display.Display object at 0x7ff1bdd6cf10>, return_train_score=False, kwargs={})
2025-02-13 18:10:29,719:INFO:Checking exceptions
2025-02-13 18:10:29,719:INFO:Importing libraries
2025-02-13 18:10:29,719:INFO:Copying training dataset
2025-02-13 18:10:29,737:INFO:Defining folds
2025-02-13 18:10:29,737:INFO:Declaring metric variables
2025-02-13 18:10:29,746:INFO:Importing untrained model
2025-02-13 18:10:29,754:INFO:Logistic Regression Imported succesfully
2025-02-13 18:10:29,772:INFO:Starting cross validation
2025-02-13 18:10:29,772:INFO:Cross validating with StratifiedKFold(n_splits=10, random_state=42, shuffle=True), n_jobs=-1
2025-02-13 18:10:34,458:INFO:Calculating mean and std
2025-02-13 18:10:34,460:INFO:Creating metrics dataframe
2025-02-13 18:10:34,468:INFO:Uploading results into container
2025-02-13 18:10:34,468:INFO:Uploading model into container now
2025-02-13 18:10:34,468:INFO:create_model_container: 1
2025-02-13 18:10:34,468:INFO:master_model_container: 1
2025-02-13 18:10:34,468:INFO:display_container: 2
2025-02-13 18:10:34,469:INFO:LogisticRegression(C=1.0, class_weight=None, dual=False, fit_intercept=True,
                   intercept_scaling=1, l1_ratio=None, max_iter=1000,
                   multi_class='auto', n_jobs=None, penalty='l2',
                   random_state=42, solver='lbfgs', tol=0.0001, verbose=0,
                   warm_start=False)
2025-02-13 18:10:34,469:INFO:create_model() succesfully completed......................................
2025-02-13 18:10:34,646:INFO:SubProcess create_model() end ==================================
2025-02-13 18:10:34,646:INFO:Creating metrics dataframe
2025-02-13 18:10:34,660:INFO:Initializing Naive Bayes
2025-02-13 18:10:34,660:INFO:Total runtime is 0.08252528508504232 minutes
2025-02-13 18:10:34,669:INFO:SubProcess create_model() called ==================================
2025-02-13 18:10:34,670:INFO:Initializing create_model()
2025-02-13 18:10:34,670:INFO:create_model(estimator=nb, fold=StratifiedKFold(n_splits=10, random_state=42, shuffle=True), round=4, cross_validation=True, predict=True, fit_kwargs={}, groups=None, refit=False, verbose=False, system=False, metrics=None, experiment_custom_tags=None, add_to_model_list=True, probability_threshold=None, display=<pycaret.internal.Display.Display object at 0x7ff1bdd6cf10>, return_train_score=False, kwargs={})
2025-02-13 18:10:34,670:INFO:Checking exceptions
2025-02-13 18:10:34,670:INFO:Importing libraries
2025-02-13 18:10:34,670:INFO:Copying training dataset
2025-02-13 18:10:34,676:INFO:Defining folds
2025-02-13 18:10:34,676:INFO:Declaring metric variables
2025-02-13 18:10:34,685:INFO:Importing untrained model
2025-02-13 18:10:34,693:INFO:Naive Bayes Imported succesfully
2025-02-13 18:10:34,711:INFO:Starting cross validation
2025-02-13 18:10:34,711:INFO:Cross validating with StratifiedKFold(n_splits=10, random_state=42, shuffle=True), n_jobs=-1
2025-02-13 18:10:35,325:INFO:Calculating mean and std
2025-02-13 18:10:35,326:INFO:Creating metrics dataframe
2025-02-13 18:10:35,334:INFO:Uploading results into container
2025-02-13 18:10:35,334:INFO:Uploading model into container now
2025-02-13 18:10:35,334:INFO:create_model_container: 2
2025-02-13 18:10:35,335:INFO:master_model_container: 2
2025-02-13 18:10:35,335:INFO:display_container: 2
2025-02-13 18:10:35,335:INFO:GaussianNB(priors=None, var_smoothing=1e-09)
2025-02-13 18:10:35,335:INFO:create_model() succesfully completed......................................
2025-02-13 18:10:35,513:INFO:SubProcess create_model() end ==================================
2025-02-13 18:10:35,513:INFO:Creating metrics dataframe
2025-02-13 18:10:35,527:INFO:Initializing Decision Tree Classifier
2025-02-13 18:10:35,528:INFO:Total runtime is 0.09698323806126913 minutes
2025-02-13 18:10:35,537:INFO:SubProcess create_model() called ==================================
2025-02-13 18:10:35,537:INFO:Initializing create_model()
2025-02-13 18:10:35,537:INFO:create_model(estimator=dt, fold=StratifiedKFold(n_splits=10, random_state=42, shuffle=True), round=4, cross_validation=True, predict=True, fit_kwargs={}, groups=None, refit=False, verbose=False, system=False, metrics=None, experiment_custom_tags=None, add_to_model_list=True, probability_threshold=None, display=<pycaret.internal.Display.Display object at 0x7ff1bdd6cf10>, return_train_score=False, kwargs={})
2025-02-13 18:10:35,537:INFO:Checking exceptions
2025-02-13 18:10:35,537:INFO:Importing libraries
2025-02-13 18:10:35,537:INFO:Copying training dataset
2025-02-13 18:10:35,546:INFO:Defining folds
2025-02-13 18:10:35,546:INFO:Declaring metric variables
2025-02-13 18:10:35,554:INFO:Importing untrained model
2025-02-13 18:10:35,563:INFO:Decision Tree Classifier Imported succesfully
2025-02-13 18:10:35,584:INFO:Starting cross validation
2025-02-13 18:10:35,585:INFO:Cross validating with StratifiedKFold(n_splits=10, random_state=42, shuffle=True), n_jobs=-1
2025-02-13 18:10:36,984:INFO:Calculating mean and std
2025-02-13 18:10:36,986:INFO:Creating metrics dataframe
2025-02-13 18:10:36,993:INFO:Uploading results into container
2025-02-13 18:10:36,994:INFO:Uploading model into container now
2025-02-13 18:10:36,994:INFO:create_model_container: 3
2025-02-13 18:10:36,994:INFO:master_model_container: 3
2025-02-13 18:10:36,994:INFO:display_container: 2
2025-02-13 18:10:36,994:INFO:DecisionTreeClassifier(ccp_alpha=0.0, class_weight=None, criterion='gini',
                       max_depth=None, max_features=None, max_leaf_nodes=None,
                       min_impurity_decrease=0.0, min_impurity_split=None,
                       min_samples_leaf=1, min_samples_split=2,
                       min_weight_fraction_leaf=0.0, presort='deprecated',
                       random_state=42, splitter='best')
2025-02-13 18:10:36,995:INFO:create_model() succesfully completed......................................
2025-02-13 18:10:37,172:INFO:SubProcess create_model() end ==================================
2025-02-13 18:10:37,172:INFO:Creating metrics dataframe
2025-02-13 18:10:37,187:INFO:Initializing Ridge Classifier
2025-02-13 18:10:37,187:INFO:Total runtime is 0.1246432900428772 minutes
2025-02-13 18:10:37,196:INFO:SubProcess create_model() called ==================================
2025-02-13 18:10:37,196:INFO:Initializing create_model()
2025-02-13 18:10:37,196:INFO:create_model(estimator=ridge, fold=StratifiedKFold(n_splits=10, random_state=42, shuffle=True), round=4, cross_validation=True, predict=True, fit_kwargs={}, groups=None, refit=False, verbose=False, system=False, metrics=None, experiment_custom_tags=None, add_to_model_list=True, probability_threshold=None, display=<pycaret.internal.Display.Display object at 0x7ff1bdd6cf10>, return_train_score=False, kwargs={})
2025-02-13 18:10:37,196:INFO:Checking exceptions
2025-02-13 18:10:37,196:INFO:Importing libraries
2025-02-13 18:10:37,196:INFO:Copying training dataset
2025-02-13 18:10:37,202:INFO:Defining folds
2025-02-13 18:10:37,203:INFO:Declaring metric variables
2025-02-13 18:10:37,211:INFO:Importing untrained model
2025-02-13 18:10:37,219:INFO:Ridge Classifier Imported succesfully
2025-02-13 18:10:37,235:INFO:Starting cross validation
2025-02-13 18:10:37,236:INFO:Cross validating with StratifiedKFold(n_splits=10, random_state=42, shuffle=True), n_jobs=-1
2025-02-13 18:10:37,912:INFO:Calculating mean and std
2025-02-13 18:10:37,914:INFO:Creating metrics dataframe
2025-02-13 18:10:37,922:INFO:Uploading results into container
2025-02-13 18:10:37,922:INFO:Uploading model into container now
2025-02-13 18:10:37,922:INFO:create_model_container: 4
2025-02-13 18:10:37,922:INFO:master_model_container: 4
2025-02-13 18:10:37,922:INFO:display_container: 2
2025-02-13 18:10:37,923:INFO:RidgeClassifier(alpha=1.0, class_weight=None, copy_X=True, fit_intercept=True,
                max_iter=None, normalize=False, random_state=42, solver='auto',
                tol=0.001)
2025-02-13 18:10:37,923:INFO:create_model() succesfully completed......................................
2025-02-13 18:10:38,102:INFO:SubProcess create_model() end ==================================
2025-02-13 18:10:38,102:INFO:Creating metrics dataframe
2025-02-13 18:10:38,117:INFO:Initializing Random Forest Classifier
2025-02-13 18:10:38,118:INFO:Total runtime is 0.14015033245086672 minutes
2025-02-13 18:10:38,127:INFO:SubProcess create_model() called ==================================
2025-02-13 18:10:38,127:INFO:Initializing create_model()
2025-02-13 18:10:38,127:INFO:create_model(estimator=rf, fold=StratifiedKFold(n_splits=10, random_state=42, shuffle=True), round=4, cross_validation=True, predict=True, fit_kwargs={}, groups=None, refit=False, verbose=False, system=False, metrics=None, experiment_custom_tags=None, add_to_model_list=True, probability_threshold=None, display=<pycaret.internal.Display.Display object at 0x7ff1bdd6cf10>, return_train_score=False, kwargs={})
2025-02-13 18:10:38,127:INFO:Checking exceptions
2025-02-13 18:10:38,127:INFO:Importing libraries
2025-02-13 18:10:38,127:INFO:Copying training dataset
2025-02-13 18:10:38,134:INFO:Defining folds
2025-02-13 18:10:38,134:INFO:Declaring metric variables
2025-02-13 18:10:38,142:INFO:Importing untrained model
2025-02-13 18:10:38,151:INFO:Random Forest Classifier Imported succesfully
2025-02-13 18:10:38,168:INFO:Starting cross validation
2025-02-13 18:10:38,169:INFO:Cross validating with StratifiedKFold(n_splits=10, random_state=42, shuffle=True), n_jobs=-1
2025-02-13 18:11:02,286:INFO:Calculating mean and std
2025-02-13 18:11:02,288:INFO:Creating metrics dataframe
2025-02-13 18:11:02,296:INFO:Uploading results into container
2025-02-13 18:11:02,296:INFO:Uploading model into container now
2025-02-13 18:11:02,296:INFO:create_model_container: 5
2025-02-13 18:11:02,296:INFO:master_model_container: 5
2025-02-13 18:11:02,296:INFO:display_container: 2
2025-02-13 18:11:02,297:INFO:RandomForestClassifier(bootstrap=True, ccp_alpha=0.0, class_weight=None,
                       criterion='gini', max_depth=None, max_features='auto',
                       max_leaf_nodes=None, max_samples=None,
                       min_impurity_decrease=0.0, min_impurity_split=None,
                       min_samples_leaf=1, min_samples_split=2,
                       min_weight_fraction_leaf=0.0, n_estimators=100,
                       n_jobs=-1, oob_score=False, random_state=42, verbose=0,
                       warm_start=False)
2025-02-13 18:11:02,297:INFO:create_model() succesfully completed......................................
2025-02-13 18:11:02,472:INFO:SubProcess create_model() end ==================================
2025-02-13 18:11:02,472:INFO:Creating metrics dataframe
2025-02-13 18:11:02,488:INFO:Initializing Linear Discriminant Analysis
2025-02-13 18:11:02,489:INFO:Total runtime is 0.5463325421015421 minutes
2025-02-13 18:11:02,498:INFO:SubProcess create_model() called ==================================
2025-02-13 18:11:02,498:INFO:Initializing create_model()
2025-02-13 18:11:02,498:INFO:create_model(estimator=lda, fold=StratifiedKFold(n_splits=10, random_state=42, shuffle=True), round=4, cross_validation=True, predict=True, fit_kwargs={}, groups=None, refit=False, verbose=False, system=False, metrics=None, experiment_custom_tags=None, add_to_model_list=True, probability_threshold=None, display=<pycaret.internal.Display.Display object at 0x7ff1bdd6cf10>, return_train_score=False, kwargs={})
2025-02-13 18:11:02,498:INFO:Checking exceptions
2025-02-13 18:11:02,498:INFO:Importing libraries
2025-02-13 18:11:02,498:INFO:Copying training dataset
2025-02-13 18:11:02,505:INFO:Defining folds
2025-02-13 18:11:02,505:INFO:Declaring metric variables
2025-02-13 18:11:02,513:INFO:Importing untrained model
2025-02-13 18:11:02,522:INFO:Linear Discriminant Analysis Imported succesfully
2025-02-13 18:11:02,539:INFO:Starting cross validation
2025-02-13 18:11:02,540:INFO:Cross validating with StratifiedKFold(n_splits=10, random_state=42, shuffle=True), n_jobs=-1
2025-02-13 18:11:07,139:INFO:Calculating mean and std
2025-02-13 18:11:07,141:INFO:Creating metrics dataframe
2025-02-13 18:11:07,149:INFO:Uploading results into container
2025-02-13 18:11:07,149:INFO:Uploading model into container now
2025-02-13 18:11:07,149:INFO:create_model_container: 6
2025-02-13 18:11:07,149:INFO:master_model_container: 6
2025-02-13 18:11:07,149:INFO:display_container: 2
2025-02-13 18:11:07,149:INFO:LinearDiscriminantAnalysis(n_components=None, priors=None, shrinkage=None,
                           solver='svd', store_covariance=False, tol=0.0001)
2025-02-13 18:11:07,149:INFO:create_model() succesfully completed......................................
2025-02-13 18:11:07,344:INFO:SubProcess create_model() end ==================================
2025-02-13 18:11:07,344:INFO:Creating metrics dataframe
2025-02-13 18:11:07,362:INFO:Initializing Extra Trees Classifier
2025-02-13 18:11:07,362:INFO:Total runtime is 0.6275540113449096 minutes
2025-02-13 18:11:07,371:INFO:SubProcess create_model() called ==================================
2025-02-13 18:11:07,372:INFO:Initializing create_model()
2025-02-13 18:11:07,372:INFO:create_model(estimator=et, fold=StratifiedKFold(n_splits=10, random_state=42, shuffle=True), round=4, cross_validation=True, predict=True, fit_kwargs={}, groups=None, refit=False, verbose=False, system=False, metrics=None, experiment_custom_tags=None, add_to_model_list=True, probability_threshold=None, display=<pycaret.internal.Display.Display object at 0x7ff1bdd6cf10>, return_train_score=False, kwargs={})
2025-02-13 18:11:07,372:INFO:Checking exceptions
2025-02-13 18:11:07,372:INFO:Importing libraries
2025-02-13 18:11:07,372:INFO:Copying training dataset
2025-02-13 18:11:07,378:INFO:Defining folds
2025-02-13 18:11:07,391:INFO:Declaring metric variables
2025-02-13 18:11:07,400:INFO:Importing untrained model
2025-02-13 18:11:07,408:INFO:Extra Trees Classifier Imported succesfully
2025-02-13 18:11:07,426:INFO:Starting cross validation
2025-02-13 18:11:07,427:INFO:Cross validating with StratifiedKFold(n_splits=10, random_state=42, shuffle=True), n_jobs=-1
2025-02-13 18:11:35,319:INFO:Calculating mean and std
2025-02-13 18:11:35,322:INFO:Creating metrics dataframe
2025-02-13 18:11:35,335:INFO:Uploading results into container
2025-02-13 18:11:35,335:INFO:Uploading model into container now
2025-02-13 18:11:35,335:INFO:create_model_container: 7
2025-02-13 18:11:35,335:INFO:master_model_container: 7
2025-02-13 18:11:35,335:INFO:display_container: 2
2025-02-13 18:11:35,336:INFO:ExtraTreesClassifier(bootstrap=False, ccp_alpha=0.0, class_weight=None,
                     criterion='gini', max_depth=None, max_features='auto',
                     max_leaf_nodes=None, max_samples=None,
                     min_impurity_decrease=0.0, min_impurity_split=None,
                     min_samples_leaf=1, min_samples_split=2,
                     min_weight_fraction_leaf=0.0, n_estimators=100, n_jobs=-1,
                     oob_score=False, random_state=42, verbose=0,
                     warm_start=False)
2025-02-13 18:11:35,336:INFO:create_model() succesfully completed......................................
2025-02-13 18:11:35,511:INFO:SubProcess create_model() end ==================================
2025-02-13 18:11:35,511:INFO:Creating metrics dataframe
2025-02-13 18:11:35,524:INFO:Initializing Extreme Gradient Boosting
2025-02-13 18:11:35,524:INFO:Total runtime is 1.0969176530838012 minutes
2025-02-13 18:11:35,531:INFO:SubProcess create_model() called ==================================
2025-02-13 18:11:35,531:INFO:Initializing create_model()
2025-02-13 18:11:35,531:INFO:create_model(estimator=xgboost, fold=StratifiedKFold(n_splits=10, random_state=42, shuffle=True), round=4, cross_validation=True, predict=True, fit_kwargs={}, groups=None, refit=False, verbose=False, system=False, metrics=None, experiment_custom_tags=None, add_to_model_list=True, probability_threshold=None, display=<pycaret.internal.Display.Display object at 0x7ff1bdd6cf10>, return_train_score=False, kwargs={})
2025-02-13 18:11:35,531:INFO:Checking exceptions
2025-02-13 18:11:35,531:INFO:Importing libraries
2025-02-13 18:11:35,531:INFO:Copying training dataset
2025-02-13 18:11:35,538:INFO:Defining folds
2025-02-13 18:11:35,538:INFO:Declaring metric variables
2025-02-13 18:11:35,544:INFO:Importing untrained model
2025-02-13 18:11:35,551:INFO:Extreme Gradient Boosting Imported succesfully
2025-02-13 18:11:35,565:INFO:Starting cross validation
2025-02-13 18:11:35,566:INFO:Cross validating with StratifiedKFold(n_splits=10, random_state=42, shuffle=True), n_jobs=-1
2025-02-13 18:13:22,997:INFO:Calculating mean and std
2025-02-13 18:13:23,012:INFO:Creating metrics dataframe
2025-02-13 18:13:23,033:INFO:Uploading results into container
2025-02-13 18:13:23,033:INFO:Uploading model into container now
2025-02-13 18:13:23,033:INFO:create_model_container: 8
2025-02-13 18:13:23,033:INFO:master_model_container: 8
2025-02-13 18:13:23,033:INFO:display_container: 2
2025-02-13 18:13:23,035:INFO:XGBClassifier(base_score=None, booster='gbtree', colsample_bylevel=None,
              colsample_bynode=None, colsample_bytree=None,
              enable_categorical=False, gamma=None, gpu_id=None,
              importance_type=None, interaction_constraints=None,
              learning_rate=None, max_delta_step=None, max_depth=None,
              min_child_weight=None, missing=nan, monotone_constraints=None,
              n_estimators=100, n_jobs=-1, num_parallel_tree=None,
              objective='binary:logistic', predictor=None, random_state=42,
              reg_alpha=None, reg_lambda=None, scale_pos_weight=None,
              subsample=None, tree_method='auto', use_label_encoder=True,
              validate_parameters=None, verbosity=0)
2025-02-13 18:13:23,035:INFO:create_model() succesfully completed......................................
2025-02-13 18:13:23,218:INFO:SubProcess create_model() end ==================================
2025-02-13 18:13:23,218:INFO:Creating metrics dataframe
2025-02-13 18:13:23,231:INFO:Initializing Light Gradient Boosting Machine
2025-02-13 18:13:23,231:INFO:Total runtime is 2.892034860452016 minutes
2025-02-13 18:13:23,238:INFO:SubProcess create_model() called ==================================
2025-02-13 18:13:23,238:INFO:Initializing create_model()
2025-02-13 18:13:23,239:INFO:create_model(estimator=lightgbm, fold=StratifiedKFold(n_splits=10, random_state=42, shuffle=True), round=4, cross_validation=True, predict=True, fit_kwargs={}, groups=None, refit=False, verbose=False, system=False, metrics=None, experiment_custom_tags=None, add_to_model_list=True, probability_threshold=None, display=<pycaret.internal.Display.Display object at 0x7ff1bdd6cf10>, return_train_score=False, kwargs={})
2025-02-13 18:13:23,239:INFO:Checking exceptions
2025-02-13 18:13:23,239:INFO:Importing libraries
2025-02-13 18:13:23,239:INFO:Copying training dataset
2025-02-13 18:13:23,249:INFO:Defining folds
2025-02-13 18:13:23,249:INFO:Declaring metric variables
2025-02-13 18:13:23,256:INFO:Importing untrained model
2025-02-13 18:13:23,263:INFO:Light Gradient Boosting Machine Imported succesfully
2025-02-13 18:13:23,276:INFO:Starting cross validation
2025-02-13 18:13:23,277:INFO:Cross validating with StratifiedKFold(n_splits=10, random_state=42, shuffle=True), n_jobs=-1
2025-02-13 18:13:36,178:INFO:Calculating mean and std
2025-02-13 18:13:36,182:INFO:Creating metrics dataframe
2025-02-13 18:13:36,204:INFO:Uploading results into container
2025-02-13 18:13:36,205:INFO:Uploading model into container now
2025-02-13 18:13:36,205:INFO:create_model_container: 9
2025-02-13 18:13:36,205:INFO:master_model_container: 9
2025-02-13 18:13:36,205:INFO:display_container: 2
2025-02-13 18:13:36,207:INFO:LGBMClassifier(boosting_type='gbdt', class_weight=None, colsample_bytree=1.0,
               importance_type='split', learning_rate=0.1, max_depth=-1,
               min_child_samples=20, min_child_weight=0.001, min_split_gain=0.0,
               n_estimators=100, n_jobs=-1, num_leaves=31, objective=None,
               random_state=42, reg_alpha=0.0, reg_lambda=0.0, silent='warn',
               subsample=1.0, subsample_for_bin=200000, subsample_freq=0)
2025-02-13 18:13:36,207:INFO:create_model() succesfully completed......................................
2025-02-13 18:13:36,421:INFO:SubProcess create_model() end ==================================
2025-02-13 18:13:36,421:INFO:Creating metrics dataframe
2025-02-13 18:13:36,459:INFO:Initializing create_model()
2025-02-13 18:13:36,459:INFO:create_model(estimator=LGBMClassifier(boosting_type='gbdt', class_weight=None, colsample_bytree=1.0,
               importance_type='split', learning_rate=0.1, max_depth=-1,
               min_child_samples=20, min_child_weight=0.001, min_split_gain=0.0,
               n_estimators=100, n_jobs=-1, num_leaves=31, objective=None,
               random_state=42, reg_alpha=0.0, reg_lambda=0.0, silent='warn',
               subsample=1.0, subsample_for_bin=200000, subsample_freq=0), fold=StratifiedKFold(n_splits=10, random_state=42, shuffle=True), round=4, cross_validation=False, predict=False, fit_kwargs={}, groups=None, refit=True, verbose=False, system=False, metrics=None, experiment_custom_tags=None, add_to_model_list=True, probability_threshold=None, display=None, return_train_score=False, kwargs={})
2025-02-13 18:13:36,459:INFO:Checking exceptions
2025-02-13 18:13:36,459:INFO:Importing libraries
2025-02-13 18:13:36,459:INFO:Copying training dataset
2025-02-13 18:13:36,476:INFO:Defining folds
2025-02-13 18:13:36,476:INFO:Declaring metric variables
2025-02-13 18:13:36,476:INFO:Importing untrained model
2025-02-13 18:13:36,476:INFO:Declaring custom model
2025-02-13 18:13:36,477:INFO:Light Gradient Boosting Machine Imported succesfully
2025-02-13 18:13:36,478:INFO:Cross validation set to False
2025-02-13 18:13:36,478:INFO:Fitting Model
2025-02-13 18:13:36,945:INFO:LGBMClassifier(boosting_type='gbdt', class_weight=None, colsample_bytree=1.0,
               importance_type='split', learning_rate=0.1, max_depth=-1,
               min_child_samples=20, min_child_weight=0.001, min_split_gain=0.0,
               n_estimators=100, n_jobs=-1, num_leaves=31, objective=None,
               random_state=42, reg_alpha=0.0, reg_lambda=0.0, silent='warn',
               subsample=1.0, subsample_for_bin=200000, subsample_freq=0)
2025-02-13 18:13:36,945:INFO:create_models() succesfully completed......................................
2025-02-13 18:13:37,088:INFO:Creating Dashboard logs
2025-02-13 18:13:37,095:INFO:Model: Light Gradient Boosting Machine
2025-02-13 18:13:37,264:INFO:logged params: {'boosting_type': 'gbdt', 'class_weight': None, 'colsample_bytree': 1.0, 'importance_type': 'split', 'learning_rate': 0.1, 'max_depth': -1, 'min_child_samples': 20, 'min_child_weight': 0.001, 'min_split_gain': 0.0, 'n_estimators': 100, 'n_jobs': -1, 'num_leaves': 31, 'objective': None, 'random_state': 42, 'reg_alpha': 0.0, 'reg_lambda': 0.0, 'silent': 'warn', 'subsample': 1.0, 'subsample_for_bin': 200000, 'subsample_freq': 0}
2025-02-13 18:13:37,890:INFO:Initializing predict_model()
2025-02-13 18:13:37,890:INFO:predict_model(estimator=LGBMClassifier(boosting_type='gbdt', class_weight=None, colsample_bytree=1.0,
               importance_type='split', learning_rate=0.1, max_depth=-1,
               min_child_samples=20, min_child_weight=0.001, min_split_gain=0.0,
               n_estimators=100, n_jobs=-1, num_leaves=31, objective=None,
               random_state=42, reg_alpha=0.0, reg_lambda=0.0, silent='warn',
               subsample=1.0, subsample_for_bin=200000, subsample_freq=0), probability_threshold=None, encoded_labels=False, drift_report=False, raw_score=False, round=4, verbose=False, ml_usecase=None, display=None, drift_kwargs=None)
2025-02-13 18:13:37,890:INFO:Checking exceptions
2025-02-13 18:13:37,891:INFO:Preloading libraries
2025-02-13 18:13:38,665:INFO:SubProcess plot_model() called ==================================
2025-02-13 18:13:38,665:INFO:Initializing plot_model()
2025-02-13 18:13:38,665:INFO:plot_model(fold=None, use_train_data=False, verbose=False, is_in_evaluate=False, display=None, display_format=None, estimator=LGBMClassifier(boosting_type='gbdt', class_weight=None, colsample_bytree=1.0,
               importance_type='split', learning_rate=0.1, max_depth=-1,
               min_child_samples=20, min_child_weight=0.001, min_split_gain=0.0,
               n_estimators=100, n_jobs=-1, num_leaves=31, objective=None,
               random_state=42, reg_alpha=0.0, reg_lambda=0.0, silent='warn',
               subsample=1.0, subsample_for_bin=200000, subsample_freq=0), feature_name=None, fit_kwargs=None, groups=None, label=False, plot=auc, plot_kwargs=None, save=True, scale=1, system=False)
2025-02-13 18:13:38,665:INFO:Checking exceptions
2025-02-13 18:13:38,667:INFO:Preloading libraries
2025-02-13 18:13:38,673:INFO:Copying training dataset
2025-02-13 18:13:38,678:INFO:Copying test dataset
2025-02-13 18:13:38,681:INFO:Plot type: auc
2025-02-13 18:13:38,682:INFO:Initializing get_config()
2025-02-13 18:13:38,682:INFO:get_config(variable=prep_pipe)
2025-02-13 18:13:38,686:INFO:Global variable: prep_pipe returned as Pipeline(memory=None,
         steps=[('dtypes',
                 DataTypes_Auto_infer(categorical_features=['city_tier',
                                                            'first_platform_c',
                                                            'first_utm_medium_c',
                                                            'first_utm_source_c'],
                                      display_types=False, features_todrop=[],
                                      id_columns=[],
                                      ml_usecase='classification',
                                      numerical_features=[],
                                      target='app_complete_flag',
                                      time_features=[])),
                ('imputer',
                 Simple_Imputer(categorical_strategy...
                ('dummy', Dummify(target='app_complete_flag')),
                ('fix_perfect', Remove_100(target='app_complete_flag')),
                ('clean_names', Clean_Colum_Names()),
                ('feature_select', 'passthrough'),
                ('fix_multi',
                 Fix_multicollinearity(correlation_with_target_preference=None,
                                       correlation_with_target_threshold=0.0,
                                       target_variable='app_complete_flag',
                                       threshold=0.95)),
                ('dfs', 'passthrough'), ('pca', 'passthrough')],
         verbose=False)
2025-02-13 18:13:38,686:INFO:get_config() succesfully completed......................................
2025-02-13 18:13:38,687:INFO:Fitting Model
2025-02-13 18:13:38,694:INFO:Scoring test/hold-out set
2025-02-13 18:13:38,929:INFO:Saving 'AUC.png'
2025-02-13 18:13:39,054:INFO:Visual Rendered Successfully
2025-02-13 18:13:39,197:INFO:plot_model() succesfully completed......................................
2025-02-13 18:13:39,199:INFO:Initializing plot_model()
2025-02-13 18:13:39,199:INFO:plot_model(fold=None, use_train_data=False, verbose=False, is_in_evaluate=False, display=None, display_format=None, estimator=LGBMClassifier(boosting_type='gbdt', class_weight=None, colsample_bytree=1.0,
               importance_type='split', learning_rate=0.1, max_depth=-1,
               min_child_samples=20, min_child_weight=0.001, min_split_gain=0.0,
               n_estimators=100, n_jobs=-1, num_leaves=31, objective=None,
               random_state=42, reg_alpha=0.0, reg_lambda=0.0, silent='warn',
               subsample=1.0, subsample_for_bin=200000, subsample_freq=0), feature_name=None, fit_kwargs=None, groups=None, label=False, plot=confusion_matrix, plot_kwargs=None, save=True, scale=1, system=False)
2025-02-13 18:13:39,199:INFO:Checking exceptions
2025-02-13 18:13:39,200:INFO:Preloading libraries
2025-02-13 18:13:39,204:INFO:Copying training dataset
2025-02-13 18:13:39,209:INFO:Copying test dataset
2025-02-13 18:13:39,212:INFO:Plot type: confusion_matrix
2025-02-13 18:13:39,213:INFO:Initializing get_config()
2025-02-13 18:13:39,213:INFO:get_config(variable=prep_pipe)
2025-02-13 18:13:39,218:INFO:Global variable: prep_pipe returned as Pipeline(memory=None,
         steps=[('dtypes',
                 DataTypes_Auto_infer(categorical_features=['city_tier',
                                                            'first_platform_c',
                                                            'first_utm_medium_c',
                                                            'first_utm_source_c'],
                                      display_types=False, features_todrop=[],
                                      id_columns=[],
                                      ml_usecase='classification',
                                      numerical_features=[],
                                      target='app_complete_flag',
                                      time_features=[])),
                ('imputer',
                 Simple_Imputer(categorical_strategy...
                ('dummy', Dummify(target='app_complete_flag')),
                ('fix_perfect', Remove_100(target='app_complete_flag')),
                ('clean_names', Clean_Colum_Names()),
                ('feature_select', 'passthrough'),
                ('fix_multi',
                 Fix_multicollinearity(correlation_with_target_preference=None,
                                       correlation_with_target_threshold=0.0,
                                       target_variable='app_complete_flag',
                                       threshold=0.95)),
                ('dfs', 'passthrough'), ('pca', 'passthrough')],
         verbose=False)
2025-02-13 18:13:39,218:INFO:get_config() succesfully completed......................................
2025-02-13 18:13:39,218:INFO:Fitting Model
2025-02-13 18:13:39,222:INFO:Scoring test/hold-out set
2025-02-13 18:13:39,449:INFO:Saving 'Confusion Matrix.png'
2025-02-13 18:13:39,493:INFO:Visual Rendered Successfully
2025-02-13 18:13:39,639:INFO:plot_model() succesfully completed......................................
2025-02-13 18:13:39,640:INFO:Initializing plot_model()
2025-02-13 18:13:39,640:INFO:plot_model(fold=None, use_train_data=False, verbose=False, is_in_evaluate=False, display=None, display_format=None, estimator=LGBMClassifier(boosting_type='gbdt', class_weight=None, colsample_bytree=1.0,
               importance_type='split', learning_rate=0.1, max_depth=-1,
               min_child_samples=20, min_child_weight=0.001, min_split_gain=0.0,
               n_estimators=100, n_jobs=-1, num_leaves=31, objective=None,
               random_state=42, reg_alpha=0.0, reg_lambda=0.0, silent='warn',
               subsample=1.0, subsample_for_bin=200000, subsample_freq=0), feature_name=None, fit_kwargs=None, groups=None, label=False, plot=feature, plot_kwargs=None, save=True, scale=1, system=False)
2025-02-13 18:13:39,640:INFO:Checking exceptions
2025-02-13 18:13:39,642:INFO:Preloading libraries
2025-02-13 18:13:39,645:INFO:Copying training dataset
2025-02-13 18:13:39,651:INFO:Copying test dataset
2025-02-13 18:13:39,654:INFO:Plot type: feature
2025-02-13 18:13:39,655:WARNING:No coef_ found. Trying feature_importances_
2025-02-13 18:13:39,688:INFO:Saving 'Feature Importance.png'
2025-02-13 18:13:39,825:INFO:Visual Rendered Successfully
2025-02-13 18:13:39,971:INFO:plot_model() succesfully completed......................................
2025-02-13 18:13:39,971:INFO:SubProcess plot_model() end ==================================
2025-02-13 18:13:40,217:INFO:Creating Dashboard logs
2025-02-13 18:13:40,224:INFO:Model: Extreme Gradient Boosting
2025-02-13 18:13:40,324:INFO:logged params: {'objective': 'binary:logistic', 'use_label_encoder': True, 'base_score': None, 'booster': 'gbtree', 'colsample_bylevel': None, 'colsample_bynode': None, 'colsample_bytree': None, 'enable_categorical': False, 'gamma': None, 'gpu_id': None, 'importance_type': None, 'interaction_constraints': None, 'learning_rate': None, 'max_delta_step': None, 'max_depth': None, 'min_child_weight': None, 'missing': nan, 'monotone_constraints': None, 'n_estimators': 100, 'n_jobs': -1, 'num_parallel_tree': None, 'predictor': None, 'random_state': 42, 'reg_alpha': None, 'reg_lambda': None, 'scale_pos_weight': None, 'subsample': None, 'tree_method': 'auto', 'validate_parameters': None, 'verbosity': 0}
2025-02-13 18:13:41,399:INFO:Creating Dashboard logs
2025-02-13 18:13:41,408:INFO:Model: Random Forest Classifier
2025-02-13 18:13:41,566:INFO:logged params: {'bootstrap': True, 'ccp_alpha': 0.0, 'class_weight': None, 'criterion': 'gini', 'max_depth': None, 'max_features': 'auto', 'max_leaf_nodes': None, 'max_samples': None, 'min_impurity_decrease': 0.0, 'min_impurity_split': None, 'min_samples_leaf': 1, 'min_samples_split': 2, 'min_weight_fraction_leaf': 0.0, 'n_estimators': 100, 'n_jobs': -1, 'oob_score': False, 'random_state': 42, 'verbose': 0, 'warm_start': False}
2025-02-13 18:13:42,457:INFO:Creating Dashboard logs
2025-02-13 18:13:42,466:INFO:Model: Extra Trees Classifier
2025-02-13 18:13:42,614:INFO:logged params: {'bootstrap': False, 'ccp_alpha': 0.0, 'class_weight': None, 'criterion': 'gini', 'max_depth': None, 'max_features': 'auto', 'max_leaf_nodes': None, 'max_samples': None, 'min_impurity_decrease': 0.0, 'min_impurity_split': None, 'min_samples_leaf': 1, 'min_samples_split': 2, 'min_weight_fraction_leaf': 0.0, 'n_estimators': 100, 'n_jobs': -1, 'oob_score': False, 'random_state': 42, 'verbose': 0, 'warm_start': False}
2025-02-13 18:13:43,541:INFO:Creating Dashboard logs
2025-02-13 18:13:43,550:INFO:Model: Decision Tree Classifier
2025-02-13 18:13:43,659:INFO:logged params: {'ccp_alpha': 0.0, 'class_weight': None, 'criterion': 'gini', 'max_depth': None, 'max_features': None, 'max_leaf_nodes': None, 'min_impurity_decrease': 0.0, 'min_impurity_split': None, 'min_samples_leaf': 1, 'min_samples_split': 2, 'min_weight_fraction_leaf': 0.0, 'presort': 'deprecated', 'random_state': 42, 'splitter': 'best'}
2025-02-13 18:13:44,536:INFO:Creating Dashboard logs
2025-02-13 18:13:44,545:INFO:Model: Logistic Regression
2025-02-13 18:13:44,701:INFO:logged params: {'C': 1.0, 'class_weight': None, 'dual': False, 'fit_intercept': True, 'intercept_scaling': 1, 'l1_ratio': None, 'max_iter': 1000, 'multi_class': 'auto', 'n_jobs': None, 'penalty': 'l2', 'random_state': 42, 'solver': 'lbfgs', 'tol': 0.0001, 'verbose': 0, 'warm_start': False}
2025-02-13 18:13:45,452:INFO:Creating Dashboard logs
2025-02-13 18:13:45,461:INFO:Model: Ridge Classifier
2025-02-13 18:13:45,548:INFO:logged params: {'alpha': 1.0, 'class_weight': None, 'copy_X': True, 'fit_intercept': True, 'max_iter': None, 'normalize': False, 'random_state': 42, 'solver': 'auto', 'tol': 0.001}
2025-02-13 18:13:46,325:INFO:Creating Dashboard logs
2025-02-13 18:13:46,334:INFO:Model: Linear Discriminant Analysis
2025-02-13 18:13:46,402:INFO:logged params: {'n_components': None, 'priors': None, 'shrinkage': None, 'solver': 'svd', 'store_covariance': False, 'tol': 0.0001}
2025-02-13 18:13:47,247:INFO:Creating Dashboard logs
2025-02-13 18:13:47,256:INFO:Model: Naive Bayes
2025-02-13 18:13:47,336:INFO:logged params: {'priors': None, 'var_smoothing': 1e-09}
2025-02-13 18:13:48,135:INFO:create_model_container: 9
2025-02-13 18:13:48,135:INFO:master_model_container: 9
2025-02-13 18:13:48,135:INFO:display_container: 2
2025-02-13 18:13:48,136:INFO:LGBMClassifier(boosting_type='gbdt', class_weight=None, colsample_bytree=1.0,
               importance_type='split', learning_rate=0.1, max_depth=-1,
               min_child_samples=20, min_child_weight=0.001, min_split_gain=0.0,
               n_estimators=100, n_jobs=-1, num_leaves=31, objective=None,
               random_state=42, reg_alpha=0.0, reg_lambda=0.0, silent='warn',
               subsample=1.0, subsample_for_bin=200000, subsample_freq=0)
2025-02-13 18:13:48,136:INFO:compare_models() succesfully completed......................................
2025-02-13 18:14:26,260:INFO:Initializing create_model()
2025-02-13 18:14:26,261:INFO:create_model(estimator=lightgbm, fold=None, round=4, cross_validation=True, predict=True, fit_kwargs=None, groups=None, refit=True, verbose=True, system=True, metrics=None, experiment_custom_tags=None, add_to_model_list=True, probability_threshold=None, display=None, return_train_score=False, kwargs={})
2025-02-13 18:14:26,261:INFO:Checking exceptions
2025-02-13 18:14:26,261:INFO:Preparing display monitor
2025-02-13 18:14:26,301:INFO:Importing libraries
2025-02-13 18:14:26,302:INFO:Copying training dataset
2025-02-13 18:14:26,312:INFO:Defining folds
2025-02-13 18:14:26,312:INFO:Declaring metric variables
2025-02-13 18:14:26,329:INFO:Importing untrained model
2025-02-13 18:14:26,345:INFO:Light Gradient Boosting Machine Imported succesfully
2025-02-13 18:14:26,373:INFO:Starting cross validation
2025-02-13 18:14:26,375:INFO:Cross validating with StratifiedKFold(n_splits=10, random_state=42, shuffle=True), n_jobs=-1
2025-02-13 18:14:30,705:INFO:Calculating mean and std
2025-02-13 18:14:30,709:INFO:Creating metrics dataframe
2025-02-13 18:14:30,741:INFO:Finalizing model
2025-02-13 18:14:31,248:INFO:Initializing predict_model()
2025-02-13 18:14:31,248:INFO:predict_model(estimator=Pipeline(memory=None,
         steps=[('empty_step', 'passthrough'),
                ('actual_estimator',
                 LGBMClassifier(boosting_type='gbdt', class_weight=None,
                                colsample_bytree=1.0, importance_type='split',
                                learning_rate=0.1, max_depth=-1,
                                min_child_samples=20, min_child_weight=0.001,
                                min_split_gain=0.0, n_estimators=100, n_jobs=-1,
                                num_leaves=31, objective=None, random_state=42,
                                reg_alpha=0.0, reg_lambda=0.0, silent='warn',
                                subsample=1.0, subsample_for_bin=200000,
                                subsample_freq=0))],
         verbose=False), probability_threshold=None, encoded_labels=False, drift_report=False, raw_score=False, round=4, verbose=True, ml_usecase=None, display=None, drift_kwargs=None)
2025-02-13 18:14:31,249:INFO:Checking exceptions
2025-02-13 18:14:31,249:INFO:Preloading libraries
2025-02-13 18:14:31,249:INFO:Preparing display monitor
2025-02-13 18:14:32,444:INFO:Creating Dashboard logs
2025-02-13 18:14:32,451:INFO:Model: Light Gradient Boosting Machine
2025-02-13 18:14:32,538:INFO:logged params: {'boosting_type': 'gbdt', 'class_weight': None, 'colsample_bytree': 1.0, 'importance_type': 'split', 'learning_rate': 0.1, 'max_depth': -1, 'min_child_samples': 20, 'min_child_weight': 0.001, 'min_split_gain': 0.0, 'n_estimators': 100, 'n_jobs': -1, 'num_leaves': 31, 'objective': None, 'random_state': 42, 'reg_alpha': 0.0, 'reg_lambda': 0.0, 'silent': 'warn', 'subsample': 1.0, 'subsample_for_bin': 200000, 'subsample_freq': 0}
2025-02-13 18:14:32,953:INFO:Initializing predict_model()
2025-02-13 18:14:32,953:INFO:predict_model(estimator=LGBMClassifier(boosting_type='gbdt', class_weight=None, colsample_bytree=1.0,
               importance_type='split', learning_rate=0.1, max_depth=-1,
               min_child_samples=20, min_child_weight=0.001, min_split_gain=0.0,
               n_estimators=100, n_jobs=-1, num_leaves=31, objective=None,
               random_state=42, reg_alpha=0.0, reg_lambda=0.0, silent='warn',
               subsample=1.0, subsample_for_bin=200000, subsample_freq=0), probability_threshold=None, encoded_labels=False, drift_report=False, raw_score=False, round=4, verbose=False, ml_usecase=None, display=None, drift_kwargs=None)
2025-02-13 18:14:32,953:INFO:Checking exceptions
2025-02-13 18:14:32,953:INFO:Preloading libraries
2025-02-13 18:14:33,617:INFO:SubProcess plot_model() called ==================================
2025-02-13 18:14:33,618:INFO:Initializing plot_model()
2025-02-13 18:14:33,618:INFO:plot_model(fold=None, use_train_data=False, verbose=False, is_in_evaluate=False, display=None, display_format=None, estimator=LGBMClassifier(boosting_type='gbdt', class_weight=None, colsample_bytree=1.0,
               importance_type='split', learning_rate=0.1, max_depth=-1,
               min_child_samples=20, min_child_weight=0.001, min_split_gain=0.0,
               n_estimators=100, n_jobs=-1, num_leaves=31, objective=None,
               random_state=42, reg_alpha=0.0, reg_lambda=0.0, silent='warn',
               subsample=1.0, subsample_for_bin=200000, subsample_freq=0), feature_name=None, fit_kwargs=None, groups=None, label=False, plot=auc, plot_kwargs=None, save=True, scale=1, system=False)
2025-02-13 18:14:33,618:INFO:Checking exceptions
2025-02-13 18:14:33,620:INFO:Preloading libraries
2025-02-13 18:14:33,623:INFO:Copying training dataset
2025-02-13 18:14:33,630:INFO:Copying test dataset
2025-02-13 18:14:33,633:INFO:Plot type: auc
2025-02-13 18:14:33,634:INFO:Initializing get_config()
2025-02-13 18:14:33,634:INFO:get_config(variable=prep_pipe)
2025-02-13 18:14:33,638:INFO:Global variable: prep_pipe returned as Pipeline(memory=None,
         steps=[('dtypes',
                 DataTypes_Auto_infer(categorical_features=['city_tier',
                                                            'first_platform_c',
                                                            'first_utm_medium_c',
                                                            'first_utm_source_c'],
                                      display_types=False, features_todrop=[],
                                      id_columns=[],
                                      ml_usecase='classification',
                                      numerical_features=[],
                                      target='app_complete_flag',
                                      time_features=[])),
                ('imputer',
                 Simple_Imputer(categorical_strategy...
                ('dummy', Dummify(target='app_complete_flag')),
                ('fix_perfect', Remove_100(target='app_complete_flag')),
                ('clean_names', Clean_Colum_Names()),
                ('feature_select', 'passthrough'),
                ('fix_multi',
                 Fix_multicollinearity(correlation_with_target_preference=None,
                                       correlation_with_target_threshold=0.0,
                                       target_variable='app_complete_flag',
                                       threshold=0.95)),
                ('dfs', 'passthrough'), ('pca', 'passthrough')],
         verbose=False)
2025-02-13 18:14:33,638:INFO:get_config() succesfully completed......................................
2025-02-13 18:14:33,639:INFO:Fitting Model
2025-02-13 18:14:33,646:INFO:Scoring test/hold-out set
2025-02-13 18:14:33,869:INFO:Saving 'AUC.png'
2025-02-13 18:14:34,065:INFO:Visual Rendered Successfully
2025-02-13 18:14:34,379:INFO:plot_model() succesfully completed......................................
2025-02-13 18:14:34,384:INFO:Initializing plot_model()
2025-02-13 18:14:34,384:INFO:plot_model(fold=None, use_train_data=False, verbose=False, is_in_evaluate=False, display=None, display_format=None, estimator=LGBMClassifier(boosting_type='gbdt', class_weight=None, colsample_bytree=1.0,
               importance_type='split', learning_rate=0.1, max_depth=-1,
               min_child_samples=20, min_child_weight=0.001, min_split_gain=0.0,
               n_estimators=100, n_jobs=-1, num_leaves=31, objective=None,
               random_state=42, reg_alpha=0.0, reg_lambda=0.0, silent='warn',
               subsample=1.0, subsample_for_bin=200000, subsample_freq=0), feature_name=None, fit_kwargs=None, groups=None, label=False, plot=confusion_matrix, plot_kwargs=None, save=True, scale=1, system=False)
2025-02-13 18:14:34,384:INFO:Checking exceptions
2025-02-13 18:14:34,388:INFO:Preloading libraries
2025-02-13 18:14:34,404:INFO:Copying training dataset
2025-02-13 18:14:34,452:INFO:Copying test dataset
2025-02-13 18:14:34,470:INFO:Plot type: confusion_matrix
2025-02-13 18:14:34,471:INFO:Initializing get_config()
2025-02-13 18:14:34,471:INFO:get_config(variable=prep_pipe)
2025-02-13 18:14:34,485:INFO:Global variable: prep_pipe returned as Pipeline(memory=None,
         steps=[('dtypes',
                 DataTypes_Auto_infer(categorical_features=['city_tier',
                                                            'first_platform_c',
                                                            'first_utm_medium_c',
                                                            'first_utm_source_c'],
                                      display_types=False, features_todrop=[],
                                      id_columns=[],
                                      ml_usecase='classification',
                                      numerical_features=[],
                                      target='app_complete_flag',
                                      time_features=[])),
                ('imputer',
                 Simple_Imputer(categorical_strategy...
                ('dummy', Dummify(target='app_complete_flag')),
                ('fix_perfect', Remove_100(target='app_complete_flag')),
                ('clean_names', Clean_Colum_Names()),
                ('feature_select', 'passthrough'),
                ('fix_multi',
                 Fix_multicollinearity(correlation_with_target_preference=None,
                                       correlation_with_target_threshold=0.0,
                                       target_variable='app_complete_flag',
                                       threshold=0.95)),
                ('dfs', 'passthrough'), ('pca', 'passthrough')],
         verbose=False)
2025-02-13 18:14:34,485:INFO:get_config() succesfully completed......................................
2025-02-13 18:14:34,486:INFO:Fitting Model
2025-02-13 18:14:34,490:INFO:Scoring test/hold-out set
2025-02-13 18:14:34,847:INFO:Saving 'Confusion Matrix.png'
2025-02-13 18:14:34,922:INFO:Visual Rendered Successfully
2025-02-13 18:14:35,127:INFO:plot_model() succesfully completed......................................
2025-02-13 18:14:35,129:INFO:Initializing plot_model()
2025-02-13 18:14:35,129:INFO:plot_model(fold=None, use_train_data=False, verbose=False, is_in_evaluate=False, display=None, display_format=None, estimator=LGBMClassifier(boosting_type='gbdt', class_weight=None, colsample_bytree=1.0,
               importance_type='split', learning_rate=0.1, max_depth=-1,
               min_child_samples=20, min_child_weight=0.001, min_split_gain=0.0,
               n_estimators=100, n_jobs=-1, num_leaves=31, objective=None,
               random_state=42, reg_alpha=0.0, reg_lambda=0.0, silent='warn',
               subsample=1.0, subsample_for_bin=200000, subsample_freq=0), feature_name=None, fit_kwargs=None, groups=None, label=False, plot=feature, plot_kwargs=None, save=True, scale=1, system=False)
2025-02-13 18:14:35,129:INFO:Checking exceptions
2025-02-13 18:14:35,131:INFO:Preloading libraries
2025-02-13 18:14:35,135:INFO:Copying training dataset
2025-02-13 18:14:35,145:INFO:Copying test dataset
2025-02-13 18:14:35,150:INFO:Plot type: feature
2025-02-13 18:14:35,151:WARNING:No coef_ found. Trying feature_importances_
2025-02-13 18:14:35,183:INFO:Saving 'Feature Importance.png'
2025-02-13 18:14:35,321:INFO:Visual Rendered Successfully
2025-02-13 18:14:35,508:INFO:plot_model() succesfully completed......................................
2025-02-13 18:14:35,509:INFO:SubProcess plot_model() end ==================================
2025-02-13 18:14:35,770:INFO:Uploading results into container
2025-02-13 18:14:35,796:INFO:Uploading model into container now
2025-02-13 18:14:35,807:INFO:create_model_container: 10
2025-02-13 18:14:35,808:INFO:master_model_container: 10
2025-02-13 18:14:35,808:INFO:display_container: 3
2025-02-13 18:14:35,808:INFO:LGBMClassifier(boosting_type='gbdt', class_weight=None, colsample_bytree=1.0,
               importance_type='split', learning_rate=0.1, max_depth=-1,
               min_child_samples=20, min_child_weight=0.001, min_split_gain=0.0,
               n_estimators=100, n_jobs=-1, num_leaves=31, objective=None,
               random_state=42, reg_alpha=0.0, reg_lambda=0.0, silent='warn',
               subsample=1.0, subsample_for_bin=200000, subsample_freq=0)
2025-02-13 18:14:35,808:INFO:create_model() succesfully completed......................................
2025-02-13 18:14:48,966:INFO:Initializing tune_model()
2025-02-13 18:14:48,966:INFO:tune_model(estimator=LGBMClassifier(boosting_type='gbdt', class_weight=None, colsample_bytree=1.0,
               importance_type='split', learning_rate=0.1, max_depth=-1,
               min_child_samples=20, min_child_weight=0.001, min_split_gain=0.0,
               n_estimators=100, n_jobs=-1, num_leaves=31, objective=None,
               random_state=42, reg_alpha=0.0, reg_lambda=0.0, silent='warn',
               subsample=1.0, subsample_for_bin=200000, subsample_freq=0), fold=10, round=4, n_iter=10, custom_grid=None, optimize=auc, custom_scorer=None, search_library=scikit-optimize, search_algorithm=None, early_stopping=False, early_stopping_max_iters=10, choose_better=True, fit_kwargs=None, groups=None, return_tuner=True, verbose=True, tuner_verbose=True, display=None, return_train_score=False, kwargs={})
2025-02-13 18:14:48,966:INFO:Checking exceptions
2025-02-13 18:14:48,991:INFO:Preparing display monitor
2025-02-13 18:14:49,021:INFO:Copying training dataset
2025-02-13 18:14:49,044:INFO:Checking base model
2025-02-13 18:14:49,045:INFO:Base model : Light Gradient Boosting Machine
2025-02-13 18:14:49,056:INFO:Declaring metric variables
2025-02-13 18:14:49,067:INFO:Defining Hyperparameters
2025-02-13 18:14:49,274:INFO:Tuning with n_jobs=-1
2025-02-13 18:14:49,283:INFO:Initializing skopt.BayesSearchCV
2025-02-13 18:15:48,974:INFO:best_params: OrderedDict([('actual_estimator__bagging_fraction', 0.887437593014418), ('actual_estimator__bagging_freq', 1), ('actual_estimator__feature_fraction', 0.7588282465072769), ('actual_estimator__learning_rate', 0.037577891518562063), ('actual_estimator__min_child_samples', 53), ('actual_estimator__min_split_gain', 0.09545503921499346), ('actual_estimator__n_estimators', 229), ('actual_estimator__num_leaves', 224), ('actual_estimator__reg_alpha', 1.074527356155175), ('actual_estimator__reg_lambda', 1.7978270329637185e-06)])
2025-02-13 18:15:48,976:INFO:Hyperparameter search completed
2025-02-13 18:15:48,977:INFO:SubProcess create_model() called ==================================
2025-02-13 18:15:48,978:INFO:Initializing create_model()
2025-02-13 18:15:48,978:INFO:create_model(estimator=LGBMClassifier(boosting_type='gbdt', class_weight=None, colsample_bytree=1.0,
               importance_type='split', learning_rate=0.1, max_depth=-1,
               min_child_samples=20, min_child_weight=0.001, min_split_gain=0.0,
               n_estimators=100, n_jobs=-1, num_leaves=31, objective=None,
               random_state=42, reg_alpha=0.0, reg_lambda=0.0, silent='warn',
               subsample=1.0, subsample_for_bin=200000, subsample_freq=0), fold=StratifiedKFold(n_splits=10, random_state=42, shuffle=True), round=4, cross_validation=True, predict=True, fit_kwargs={}, groups=None, refit=True, verbose=True, system=False, metrics=None, experiment_custom_tags=None, add_to_model_list=True, probability_threshold=None, display=<pycaret.internal.Display.Display object at 0x7ff3559801f0>, return_train_score=False, kwargs={'bagging_fraction': 0.887437593014418, 'bagging_freq': 1, 'feature_fraction': 0.7588282465072769, 'learning_rate': 0.037577891518562063, 'min_child_samples': 53, 'min_split_gain': 0.09545503921499346, 'n_estimators': 229, 'num_leaves': 224, 'reg_alpha': 1.074527356155175, 'reg_lambda': 1.7978270329637185e-06})
2025-02-13 18:15:48,978:INFO:Checking exceptions
2025-02-13 18:15:48,978:INFO:Importing libraries
2025-02-13 18:15:48,978:INFO:Copying training dataset
2025-02-13 18:15:49,005:INFO:Defining folds
2025-02-13 18:15:49,005:INFO:Declaring metric variables
2025-02-13 18:15:49,019:INFO:Importing untrained model
2025-02-13 18:15:49,019:INFO:Declaring custom model
2025-02-13 18:15:49,030:INFO:Light Gradient Boosting Machine Imported succesfully
2025-02-13 18:15:49,049:INFO:Starting cross validation
2025-02-13 18:15:49,050:INFO:Cross validating with StratifiedKFold(n_splits=10, random_state=42, shuffle=True), n_jobs=-1
2025-02-13 18:15:57,589:INFO:Calculating mean and std
2025-02-13 18:15:57,592:INFO:Creating metrics dataframe
2025-02-13 18:15:57,625:INFO:Finalizing model
2025-02-13 18:15:58,841:INFO:Initializing predict_model()
2025-02-13 18:15:58,841:INFO:predict_model(estimator=Pipeline(memory=None,
         steps=[('empty_step', 'passthrough'),
                ('actual_estimator',
                 LGBMClassifier(bagging_fraction=0.887437593014418,
                                bagging_freq=1, boosting_type='gbdt',
                                class_weight=None, colsample_bytree=1.0,
                                feature_fraction=0.7588282465072769,
                                importance_type='split',
                                learning_rate=0.037577891518562063,
                                max_depth=-1, min_child_samples=53,
                                min_child_weight=0.001,
                                min_split_gain=0.09545503921499346,
                                n_estimators=229, n_jobs=-1, num_leaves=224,
                                objective=None, random_state=42,
                                reg_alpha=1.074527356155175,
                                reg_lambda=1.7978270329637185e-06,
                                silent='warn', subsample=1.0,
                                subsample_for_bin=200000, subsample_freq=0))],
         verbose=False), probability_threshold=None, encoded_labels=False, drift_report=False, raw_score=False, round=4, verbose=True, ml_usecase=None, display=None, drift_kwargs=None)
2025-02-13 18:15:58,841:INFO:Checking exceptions
2025-02-13 18:15:58,841:INFO:Preloading libraries
2025-02-13 18:15:58,842:INFO:Preparing display monitor
2025-02-13 18:16:00,786:INFO:Uploading results into container
2025-02-13 18:16:00,786:INFO:Uploading model into container now
2025-02-13 18:16:00,786:INFO:create_model_container: 11
2025-02-13 18:16:00,786:INFO:master_model_container: 11
2025-02-13 18:16:00,786:INFO:display_container: 4
2025-02-13 18:16:00,787:INFO:LGBMClassifier(bagging_fraction=0.887437593014418, bagging_freq=1,
               boosting_type='gbdt', class_weight=None, colsample_bytree=1.0,
               feature_fraction=0.7588282465072769, importance_type='split',
               learning_rate=0.037577891518562063, max_depth=-1,
               min_child_samples=53, min_child_weight=0.001,
               min_split_gain=0.09545503921499346, n_estimators=229, n_jobs=-1,
               num_leaves=224, objective=None, random_state=42,
               reg_alpha=1.074527356155175, reg_lambda=1.7978270329637185e-06,
               silent='warn', subsample=1.0, subsample_for_bin=200000,
               subsample_freq=0)
2025-02-13 18:16:00,787:INFO:create_model() succesfully completed......................................
2025-02-13 18:16:00,933:INFO:SubProcess create_model() end ==================================
2025-02-13 18:16:00,933:INFO:choose_better activated
2025-02-13 18:16:00,940:INFO:SubProcess create_model() called ==================================
2025-02-13 18:16:00,941:INFO:Initializing create_model()
2025-02-13 18:16:00,941:INFO:create_model(estimator=LGBMClassifier(boosting_type='gbdt', class_weight=None, colsample_bytree=1.0,
               importance_type='split', learning_rate=0.1, max_depth=-1,
               min_child_samples=20, min_child_weight=0.001, min_split_gain=0.0,
               n_estimators=100, n_jobs=-1, num_leaves=31, objective=None,
               random_state=42, reg_alpha=0.0, reg_lambda=0.0, silent='warn',
               subsample=1.0, subsample_for_bin=200000, subsample_freq=0), fold=StratifiedKFold(n_splits=10, random_state=42, shuffle=True), round=4, cross_validation=True, predict=True, fit_kwargs={}, groups=None, refit=True, verbose=False, system=False, metrics=None, experiment_custom_tags=None, add_to_model_list=True, probability_threshold=None, display=None, return_train_score=False, kwargs={})
2025-02-13 18:16:00,941:INFO:Checking exceptions
2025-02-13 18:16:00,941:INFO:Importing libraries
2025-02-13 18:16:00,941:INFO:Copying training dataset
2025-02-13 18:16:00,948:INFO:Defining folds
2025-02-13 18:16:00,948:INFO:Declaring metric variables
2025-02-13 18:16:00,948:INFO:Importing untrained model
2025-02-13 18:16:00,948:INFO:Declaring custom model
2025-02-13 18:16:00,949:INFO:Light Gradient Boosting Machine Imported succesfully
2025-02-13 18:16:00,949:INFO:Starting cross validation
2025-02-13 18:16:00,949:INFO:Cross validating with StratifiedKFold(n_splits=10, random_state=42, shuffle=True), n_jobs=-1
2025-02-13 18:16:03,919:INFO:Calculating mean and std
2025-02-13 18:16:03,920:INFO:Creating metrics dataframe
2025-02-13 18:16:03,925:INFO:Finalizing model
2025-02-13 18:16:04,631:INFO:Initializing predict_model()
2025-02-13 18:16:04,631:INFO:predict_model(estimator=Pipeline(memory=None,
         steps=[('empty_step', 'passthrough'),
                ('actual_estimator',
                 LGBMClassifier(boosting_type='gbdt', class_weight=None,
                                colsample_bytree=1.0, importance_type='split',
                                learning_rate=0.1, max_depth=-1,
                                min_child_samples=20, min_child_weight=0.001,
                                min_split_gain=0.0, n_estimators=100, n_jobs=-1,
                                num_leaves=31, objective=None, random_state=42,
                                reg_alpha=0.0, reg_lambda=0.0, silent='warn',
                                subsample=1.0, subsample_for_bin=200000,
                                subsample_freq=0))],
         verbose=False), probability_threshold=None, encoded_labels=False, drift_report=False, raw_score=False, round=4, verbose=True, ml_usecase=None, display=None, drift_kwargs=None)
2025-02-13 18:16:04,631:INFO:Checking exceptions
2025-02-13 18:16:04,631:INFO:Preloading libraries
2025-02-13 18:16:04,631:INFO:Preparing display monitor
2025-02-13 18:16:05,775:INFO:Uploading results into container
2025-02-13 18:16:05,775:INFO:Uploading model into container now
2025-02-13 18:16:05,775:INFO:create_model_container: 12
2025-02-13 18:16:05,775:INFO:master_model_container: 12
2025-02-13 18:16:05,775:INFO:display_container: 5
2025-02-13 18:16:05,776:INFO:LGBMClassifier(boosting_type='gbdt', class_weight=None, colsample_bytree=1.0,
               importance_type='split', learning_rate=0.1, max_depth=-1,
               min_child_samples=20, min_child_weight=0.001, min_split_gain=0.0,
               n_estimators=100, n_jobs=-1, num_leaves=31, objective=None,
               random_state=42, reg_alpha=0.0, reg_lambda=0.0, silent='warn',
               subsample=1.0, subsample_for_bin=200000, subsample_freq=0)
2025-02-13 18:16:05,776:INFO:create_model() succesfully completed......................................
2025-02-13 18:16:05,921:INFO:SubProcess create_model() end ==================================
2025-02-13 18:16:05,936:INFO:LGBMClassifier(boosting_type='gbdt', class_weight=None, colsample_bytree=1.0,
               importance_type='split', learning_rate=0.1, max_depth=-1,
               min_child_samples=20, min_child_weight=0.001, min_split_gain=0.0,
               n_estimators=100, n_jobs=-1, num_leaves=31, objective=None,
               random_state=42, reg_alpha=0.0, reg_lambda=0.0, silent='warn',
               subsample=1.0, subsample_for_bin=200000, subsample_freq=0) result for AUC is 0.8211
2025-02-13 18:16:05,937:INFO:LGBMClassifier(bagging_fraction=0.887437593014418, bagging_freq=1,
               boosting_type='gbdt', class_weight=None, colsample_bytree=1.0,
               feature_fraction=0.7588282465072769, importance_type='split',
               learning_rate=0.037577891518562063, max_depth=-1,
               min_child_samples=53, min_child_weight=0.001,
               min_split_gain=0.09545503921499346, n_estimators=229, n_jobs=-1,
               num_leaves=224, objective=None, random_state=42,
               reg_alpha=1.074527356155175, reg_lambda=1.7978270329637185e-06,
               silent='warn', subsample=1.0, subsample_for_bin=200000,
               subsample_freq=0) result for AUC is 0.8212
2025-02-13 18:16:05,937:INFO:LGBMClassifier(bagging_fraction=0.887437593014418, bagging_freq=1,
               boosting_type='gbdt', class_weight=None, colsample_bytree=1.0,
               feature_fraction=0.7588282465072769, importance_type='split',
               learning_rate=0.037577891518562063, max_depth=-1,
               min_child_samples=53, min_child_weight=0.001,
               min_split_gain=0.09545503921499346, n_estimators=229, n_jobs=-1,
               num_leaves=224, objective=None, random_state=42,
               reg_alpha=1.074527356155175, reg_lambda=1.7978270329637185e-06,
               silent='warn', subsample=1.0, subsample_for_bin=200000,
               subsample_freq=0) is best model
2025-02-13 18:16:05,937:INFO:choose_better completed
2025-02-13 18:16:05,937:INFO:Creating Dashboard logs
2025-02-13 18:16:05,945:INFO:Model: Light Gradient Boosting Machine
2025-02-13 18:16:06,034:INFO:logged params: {'boosting_type': 'gbdt', 'class_weight': None, 'colsample_bytree': 1.0, 'importance_type': 'split', 'learning_rate': 0.037577891518562063, 'max_depth': -1, 'min_child_samples': 53, 'min_child_weight': 0.001, 'min_split_gain': 0.09545503921499346, 'n_estimators': 229, 'n_jobs': -1, 'num_leaves': 224, 'objective': None, 'random_state': 42, 'reg_alpha': 1.074527356155175, 'reg_lambda': 1.7978270329637185e-06, 'silent': 'warn', 'subsample': 1.0, 'subsample_for_bin': 200000, 'subsample_freq': 0, 'bagging_fraction': 0.887437593014418, 'bagging_freq': 1, 'feature_fraction': 0.7588282465072769}
2025-02-13 18:16:06,542:INFO:Initializing predict_model()
2025-02-13 18:16:06,542:INFO:predict_model(estimator=LGBMClassifier(bagging_fraction=0.887437593014418, bagging_freq=1,
               boosting_type='gbdt', class_weight=None, colsample_bytree=1.0,
               feature_fraction=0.7588282465072769, importance_type='split',
               learning_rate=0.037577891518562063, max_depth=-1,
               min_child_samples=53, min_child_weight=0.001,
               min_split_gain=0.09545503921499346, n_estimators=229, n_jobs=-1,
               num_leaves=224, objective=None, random_state=42,
               reg_alpha=1.074527356155175, reg_lambda=1.7978270329637185e-06,
               silent='warn', subsample=1.0, subsample_for_bin=200000,
               subsample_freq=0), probability_threshold=None, encoded_labels=False, drift_report=False, raw_score=False, round=4, verbose=False, ml_usecase=None, display=None, drift_kwargs=None)
2025-02-13 18:16:06,542:INFO:Checking exceptions
2025-02-13 18:16:06,542:INFO:Preloading libraries
2025-02-13 18:16:07,637:INFO:SubProcess plot_model() called ==================================
2025-02-13 18:16:07,637:INFO:Initializing plot_model()
2025-02-13 18:16:07,637:INFO:plot_model(fold=None, use_train_data=False, verbose=False, is_in_evaluate=False, display=None, display_format=None, estimator=LGBMClassifier(bagging_fraction=0.887437593014418, bagging_freq=1,
               boosting_type='gbdt', class_weight=None, colsample_bytree=1.0,
               feature_fraction=0.7588282465072769, importance_type='split',
               learning_rate=0.037577891518562063, max_depth=-1,
               min_child_samples=53, min_child_weight=0.001,
               min_split_gain=0.09545503921499346, n_estimators=229, n_jobs=-1,
               num_leaves=224, objective=None, random_state=42,
               reg_alpha=1.074527356155175, reg_lambda=1.7978270329637185e-06,
               silent='warn', subsample=1.0, subsample_for_bin=200000,
               subsample_freq=0), feature_name=None, fit_kwargs=None, groups=None, label=False, plot=auc, plot_kwargs=None, save=True, scale=1, system=False)
2025-02-13 18:16:07,637:INFO:Checking exceptions
2025-02-13 18:16:07,639:INFO:Preloading libraries
2025-02-13 18:16:07,661:INFO:Copying training dataset
2025-02-13 18:16:07,668:INFO:Copying test dataset
2025-02-13 18:16:07,671:INFO:Plot type: auc
2025-02-13 18:16:07,673:INFO:Initializing get_config()
2025-02-13 18:16:07,673:INFO:get_config(variable=prep_pipe)
2025-02-13 18:16:07,677:INFO:Global variable: prep_pipe returned as Pipeline(memory=None,
         steps=[('dtypes',
                 DataTypes_Auto_infer(categorical_features=['city_tier',
                                                            'first_platform_c',
                                                            'first_utm_medium_c',
                                                            'first_utm_source_c'],
                                      display_types=False, features_todrop=[],
                                      id_columns=[],
                                      ml_usecase='classification',
                                      numerical_features=[],
                                      target='app_complete_flag',
                                      time_features=[])),
                ('imputer',
                 Simple_Imputer(categorical_strategy...
                ('dummy', Dummify(target='app_complete_flag')),
                ('fix_perfect', Remove_100(target='app_complete_flag')),
                ('clean_names', Clean_Colum_Names()),
                ('feature_select', 'passthrough'),
                ('fix_multi',
                 Fix_multicollinearity(correlation_with_target_preference=None,
                                       correlation_with_target_threshold=0.0,
                                       target_variable='app_complete_flag',
                                       threshold=0.95)),
                ('dfs', 'passthrough'), ('pca', 'passthrough')],
         verbose=False)
2025-02-13 18:16:07,677:INFO:get_config() succesfully completed......................................
2025-02-13 18:16:07,678:INFO:Fitting Model
2025-02-13 18:16:07,685:INFO:Scoring test/hold-out set
2025-02-13 18:16:08,216:INFO:Saving 'AUC.png'
2025-02-13 18:16:08,333:INFO:Visual Rendered Successfully
2025-02-13 18:16:08,482:INFO:plot_model() succesfully completed......................................
2025-02-13 18:16:08,483:INFO:Initializing plot_model()
2025-02-13 18:16:08,483:INFO:plot_model(fold=None, use_train_data=False, verbose=False, is_in_evaluate=False, display=None, display_format=None, estimator=LGBMClassifier(bagging_fraction=0.887437593014418, bagging_freq=1,
               boosting_type='gbdt', class_weight=None, colsample_bytree=1.0,
               feature_fraction=0.7588282465072769, importance_type='split',
               learning_rate=0.037577891518562063, max_depth=-1,
               min_child_samples=53, min_child_weight=0.001,
               min_split_gain=0.09545503921499346, n_estimators=229, n_jobs=-1,
               num_leaves=224, objective=None, random_state=42,
               reg_alpha=1.074527356155175, reg_lambda=1.7978270329637185e-06,
               silent='warn', subsample=1.0, subsample_for_bin=200000,
               subsample_freq=0), feature_name=None, fit_kwargs=None, groups=None, label=False, plot=confusion_matrix, plot_kwargs=None, save=True, scale=1, system=False)
2025-02-13 18:16:08,483:INFO:Checking exceptions
2025-02-13 18:16:08,485:INFO:Preloading libraries
2025-02-13 18:16:08,506:INFO:Copying training dataset
2025-02-13 18:16:08,513:INFO:Copying test dataset
2025-02-13 18:16:08,516:INFO:Plot type: confusion_matrix
2025-02-13 18:16:08,518:INFO:Initializing get_config()
2025-02-13 18:16:08,518:INFO:get_config(variable=prep_pipe)
2025-02-13 18:16:08,522:INFO:Global variable: prep_pipe returned as Pipeline(memory=None,
         steps=[('dtypes',
                 DataTypes_Auto_infer(categorical_features=['city_tier',
                                                            'first_platform_c',
                                                            'first_utm_medium_c',
                                                            'first_utm_source_c'],
                                      display_types=False, features_todrop=[],
                                      id_columns=[],
                                      ml_usecase='classification',
                                      numerical_features=[],
                                      target='app_complete_flag',
                                      time_features=[])),
                ('imputer',
                 Simple_Imputer(categorical_strategy...
                ('dummy', Dummify(target='app_complete_flag')),
                ('fix_perfect', Remove_100(target='app_complete_flag')),
                ('clean_names', Clean_Colum_Names()),
                ('feature_select', 'passthrough'),
                ('fix_multi',
                 Fix_multicollinearity(correlation_with_target_preference=None,
                                       correlation_with_target_threshold=0.0,
                                       target_variable='app_complete_flag',
                                       threshold=0.95)),
                ('dfs', 'passthrough'), ('pca', 'passthrough')],
         verbose=False)
2025-02-13 18:16:08,522:INFO:get_config() succesfully completed......................................
2025-02-13 18:16:08,523:INFO:Fitting Model
2025-02-13 18:16:08,526:INFO:Scoring test/hold-out set
2025-02-13 18:16:09,048:INFO:Saving 'Confusion Matrix.png'
2025-02-13 18:16:09,093:INFO:Visual Rendered Successfully
2025-02-13 18:16:09,245:INFO:plot_model() succesfully completed......................................
2025-02-13 18:16:09,246:INFO:Initializing plot_model()
2025-02-13 18:16:09,246:INFO:plot_model(fold=None, use_train_data=False, verbose=False, is_in_evaluate=False, display=None, display_format=None, estimator=LGBMClassifier(bagging_fraction=0.887437593014418, bagging_freq=1,
               boosting_type='gbdt', class_weight=None, colsample_bytree=1.0,
               feature_fraction=0.7588282465072769, importance_type='split',
               learning_rate=0.037577891518562063, max_depth=-1,
               min_child_samples=53, min_child_weight=0.001,
               min_split_gain=0.09545503921499346, n_estimators=229, n_jobs=-1,
               num_leaves=224, objective=None, random_state=42,
               reg_alpha=1.074527356155175, reg_lambda=1.7978270329637185e-06,
               silent='warn', subsample=1.0, subsample_for_bin=200000,
               subsample_freq=0), feature_name=None, fit_kwargs=None, groups=None, label=False, plot=feature, plot_kwargs=None, save=True, scale=1, system=False)
2025-02-13 18:16:09,246:INFO:Checking exceptions
2025-02-13 18:16:09,248:INFO:Preloading libraries
2025-02-13 18:16:09,269:INFO:Copying training dataset
2025-02-13 18:16:09,276:INFO:Copying test dataset
2025-02-13 18:16:09,280:INFO:Plot type: feature
2025-02-13 18:16:09,281:WARNING:No coef_ found. Trying feature_importances_
2025-02-13 18:16:09,314:INFO:Saving 'Feature Importance.png'
2025-02-13 18:16:09,454:INFO:Visual Rendered Successfully
2025-02-13 18:16:09,608:INFO:plot_model() succesfully completed......................................
2025-02-13 18:16:09,609:INFO:SubProcess plot_model() end ==================================
2025-02-13 18:16:09,863:INFO:create_model_container: 12
2025-02-13 18:16:09,863:INFO:master_model_container: 12
2025-02-13 18:16:09,863:INFO:display_container: 4
2025-02-13 18:16:09,863:INFO:LGBMClassifier(bagging_fraction=0.887437593014418, bagging_freq=1,
               boosting_type='gbdt', class_weight=None, colsample_bytree=1.0,
               feature_fraction=0.7588282465072769, importance_type='split',
               learning_rate=0.037577891518562063, max_depth=-1,
               min_child_samples=53, min_child_weight=0.001,
               min_split_gain=0.09545503921499346, n_estimators=229, n_jobs=-1,
               num_leaves=224, objective=None, random_state=42,
               reg_alpha=1.074527356155175, reg_lambda=1.7978270329637185e-06,
               silent='warn', subsample=1.0, subsample_for_bin=200000,
               subsample_freq=0)
2025-02-13 18:16:09,863:INFO:tune_model() succesfully completed......................................
